# Resource object code (Python 3)
# Created by: object code
# Created by: The Resource Compiler for Qt version 6.10.1
# WARNING! All changes made in this file will be lost!

from PySide6 import QtCore

qt_resource_data = b"\
\x00\x00\xf6/\
\x89\
PNG\x0d\x0a\x1a\x0a\x00\x00\x00\x0dIHDR\x00\
\x00\x04\x00\x00\x00\x04\x00\x08\x06\x00\x00\x00\x7f\x1d+\x83\
\x00\x00\x00\x01sRGB\x00\xae\xce\x1c\xe9\x00\x00\x00\
\xc6eXIfMM\x00*\x00\x00\x00\x08\x00\x06\x01\
\x12\x00\x03\x00\x00\x00\x01\x00\x01\x00\x00\x01\x1a\x00\x05\x00\
\x00\x00\x01\x00\x00\x00V\x01\x1b\x00\x05\x00\x00\x00\x01\x00\
\x00\x00^\x01(\x00\x03\x00\x00\x00\x01\x00\x02\x00\x00\x01\
1\x00\x02\x00\x00\x00\x15\x00\x00\x00f\x87i\x00\x04\x00\
\x00\x00\x01\x00\x00\x00|\x00\x00\x00\x00\x00\x00\x00\xc8\x00\
\x00\x00\x01\x00\x00\x00\xc8\x00\x00\x00\x01Pixel\
mator Pro 3.7.1\x00\
\x00\x00\x04\x90\x04\x00\x02\x00\x00\x00\x14\x00\x00\x00\xb2\xa0\
\x01\x00\x03\x00\x00\x00\x01\x00\x01\x00\x00\xa0\x02\x00\x04\x00\
\x00\x00\x01\x00\x00\x04\x00\xa0\x03\x00\x04\x00\x00\x00\x01\x00\
\x00\x04\x00\x00\x00\x00\x002024:03:0\
5 13:05:51\x00[\x9c\x03\x85\x00\
\x00\x00\x09pHYs\x00\x00\x1e\xc2\x00\x00\x1e\xc2\x01\
n\xd0u>\x00\x00\x03\xdeiTXtXML:\
com.adobe.xmp\x00\x00\x00\
\x00\x00<x:xmpmeta xml\
ns:x=\x22adobe:ns:m\
eta/\x22 x:xmptk=\x22X\
MP Core 6.0.0\x22>\x0a\
   <rdf:RDF xmln\
s:rdf=\x22http://ww\
w.w3.org/1999/02\
/22-rdf-syntax-n\
s#\x22>\x0a      <rdf:\
Description rdf:\
about=\x22\x22\x0a       \
     xmlns:exif=\
\x22http://ns.adobe\
.com/exif/1.0/\x22\x0a\
            xmln\
s:tiff=\x22http://n\
s.adobe.com/tiff\
/1.0/\x22\x0a         \
   xmlns:xmp=\x22ht\
tp://ns.adobe.co\
m/xap/1.0/\x22>\x0a   \
      <exif:Pixe\
lYDimension>1024\
</exif:PixelYDim\
ension>\x0a        \
 <exif:PixelXDim\
ension>1024</exi\
f:PixelXDimensio\
n>\x0a         <exi\
f:ColorSpace>1</\
exif:ColorSpace>\
\x0a         <tiff:\
XResolution>2000\
000/10000</tiff:\
XResolution>\x0a   \
      <tiff:Reso\
lutionUnit>2</ti\
ff:ResolutionUni\
t>\x0a         <tif\
f:YResolution>20\
00000/10000</tif\
f:YResolution>\x0a \
        <tiff:Or\
ientation>1</tif\
f:Orientation>\x0a \
        <xmp:Cre\
atorTool>Pixelma\
tor Pro 3.7.1</x\
mp:CreatorTool>\x0a\
         <xmp:Cr\
eateDate>2024-03\
-05T13:05:51</xm\
p:CreateDate>\x0a  \
       <xmp:Meta\
dataDate>2026-03\
-19T17:02:44+01:\
00</xmp:Metadata\
Date>\x0a      </rd\
f:Description>\x0a \
  </rdf:RDF>\x0a</x\
:xmpmeta>\x0a\xb9dFd\x00\x00\
@\x00IDATx\x01\xec\xdd\x07\x9c\x15\xd5\xf9\xf0\
\xf1g+\xb0\xf4\x22H[va)\x02R\x04\xc5\x8a\
 JQ\x0c\xc4\x1a$\x8a5\x96h4\xcd\xdec\xf2\
\x0f\x82\xa2&\x1a\x8d\xfa*j4j\xec\x88\x1a{\x89\
\x0d\x91\xa2\x08\xd2;H\x93\xde\x96\xf2\x9eg\xb2\xbb\xa1\
l\xb9e\xca\x99\x99\xdf|>\xd7\xbd{\xef\xcc9\xcf\
\xf9\x9e\xbbr\xcf3g\xced\x08\x1b\x02\x08\xf8*\xd0\
\xa3G\x8f\xbcU\xabV5\xc9\xc9\xc9i\xb2s\xe7\xce\
\x03\xb2\xb2\xb2\xea\xed\xde\xbd\xbb\xbey\xd43\x818\x8f\
]\xbbv\xd53\x8f<\xf3{\xe9\xa3\xc6\x1e\xcfs\xcc\
\xf3\xac}\x1e\xd9\xe6\xf7\x0c\xf3`C\x00\x01\x04\x10@\
\x00\x01\x04\xbc\x10\xd8m\x0a\xdda\x1e;\xf7y\x14\x9b\
\xdf7\x97<\xb6\x94>\xcf\xcc\xcc\xdcl\x1ek\xcd\xef\
\xce###c\xady\xfch\xbe\xfb\xac5\xdf}V\
\x16\x17\x17\xff\xd0\xa8Q\xa3\x1f&N\x9c\xa8\xc7\xb2!\
\x80\x80O\x02\x0c\x18|\x82\xa6\x9aX\x08d\xb4j\xd5\
\xea@\xf3\x8f]K\xf3\x0f\x5cK\xd3\xe2|3\x88o\
i\x06\xf6\xfahn~ob\x1e\x8d\xcd\xa3\x96y\xb0\
!\x80\x00\x02\x08 \x80\x00\x02\x08\x88l4\x08+\xcc\
\xe3\x07\xf3\xfdi\x89y,2\xdf\xa5\x16\x99\xdf\x17\x9a\
\xefO\x8b\xccw\xa9E\x0b\x16,Xn~\xd7\x04\x04\
\x1b\x02\x08\xa4)@\x02 M@\x0e\x8f\x9f@\xeb\xd6\
\xad\xf3\xcd?H\xed\xcd?PE\xe6g\x1b\x93\xc9.\
2\x0a\xfahm\x1ez\xa6\x9e\x0d\x01\x04\x10@\x00\x01\
\x04\x10@\xc0=\x01\x9dY0\xd7<f\x9b\xd9\x03\xb3\
\xcdw\xb09\xe6;\x98\xfe\xfc~\xee\xdc\xb9\x0b\xdd\xab\
\x86\x92\x10\x88\xbe\x00\x09\x80\xe8\xf71-LQ\xa0\xa8\
\xa8\xa8\x85\xc9:w1\xff\xc0t4?;\x9a\x9f\x9d\
LQ\x07\x99G\xed\x14\x8b\xe40\x04\x10@\x00\x01\x04\
\x10@\x00\x01w\x056\x98\xe2\xa6\x9bd\xc043s\
\xe0;\xf3\xf3;\xf3s\xea\xec\xd9\xb3\x17\xbb[\x0d\xa5\
!\x10\x0d\x01\x12\x00\xd1\xe8GZ\x91\x9e@Faa\
a;\xf3\x8fEw3\xc8\xefn\x06\xfb\xce\xc3\x14\xd9\
(\xbdb9\x1a\x01\x04\x10@\x00\x01\x04\x10@  \
\x81U\xe6\xbb\xdd$}\x98\xa4\xc0$\xf3\xfdn\xd2\xbc\
y\xf3f\x9aX\xb8\x94 \xa0\x0e\xa1Z;\x04H\x00\
\xd8\xd1\x0fD\xe1\xa3@\xbbv\xed\x1a\xed\xd8\xb1\xa3\x97\
\x19\xec\x1fn\x1e\xbd\xcc?\x08\x87\x99\xea\xeb\xfa\x18\x02\
U!\x80\x00\x02\x08 \x80\x00\x02\x08\xf8/\xb0\xce$\
\x04\xbe4\x09\x81/\xcc\xe3\xf3\xec\xec\xec/f\xce\x9c\
\xb9\xca\xff0\xa8\x11\x81\xe0\x04H\x00\x04gO\xcd>\
\x09\x98\xa9\xfcm\xcc \xbf\xb7\x19\xf4\xf76U\x1ec\
\x1em|\xaa\x9aj\x10@\x00\x01\x04\x10@\x00\x01\x04\
\xec\x16\x98c\xc2\xfb\xd8$\x03>2\xc9\x81\x8f\xcc\xa5\
\x03\xfa;\x1b\x02\x91\x15 \x01\x10\xd9\xae\x8do\xc3\xda\
\xb4i\xa3\x0b\xf2\xf53\x03\xfec\xcd\x19~\x1d\xf4\xeb\
\x0a\xfcl\x08 \x80\x00\x02\x08 \x80\x00\x02\x08T%\
\xa0w\x22\xf8\xc8$\x04>4;\xbe;g\xce\x9c\xd9\
U\x1d\xc0\xfb\x08\x84I\x80\x04@\x98z\x8bX\xcb\x15\
\xc8\xcf\xcf\xafoV\x84\xedg\x06\xfb'\x983\xfd'\
\x98\x9d\x0a\xcb\xdd\x91\x17\x11@\x00\x01\x04\x10@\x00\x01\
\x04\x10HN`\x9e\x99\x19\xf0\xb6I\x0a\xbcm\xee\xfc\
\xf4\xee\xc2\x85\x0b\x7fL\xeep\xf6F\xc0.\x01\x12\x00\
v\xf5\x07\xd1$(`\xa6\xf5w/..\x1elv\
?\xc9\x0c\xfc\x0f5?3\x13<\x94\xdd\x10@\x00\x01\
\x04\x10@\x00\x01\x04\x10HE`\x97I\x04L0\x07\
\xbe\x9e\x93\x933\xce\x5c.0)\x95B8\x06\x81 \
\x05H\x00\x04\xa9O\xdd\x09\x0b\xb4h\xd1\xa2\x86\xf9\x1f\
\xed\xf1f\xb0?\xd8\x9c\xe5?\xc9\x1c\xc8\xb4\xfe\x84\xf5\
\xd8\x11\x01\x04\x10@\x00\x01\x04\x10@\xc0\x03\x81%f\
v\xc0\xeb&)0\xce\x9c\x98zg\xf1\xe2\xc5[<\
\xa8\x83\x22\x11pU\x80\x04\x80\xab\x9c\x14\xe6\xa6@\xfb\
\xf6\xedk\x9b\xeb\xf8O2\x8fS\xcd\xc0\xffDSv\
\x9e\x9b\xe5S\x16\x02\x08 \x80\x00\x02\x08 \x80\x00\x02\
.\x09l6\x89\x80\xf1f\xed\x80\x17\xcc\xe3\xf5\xef\xbf\
\xff~\x83K\xe5R\x0c\x02\xae\x0a\x90\x00p\x95\x93\xc2\
\xd2\x15h\xdd\xbau]\xf3?\xcf\xa1\xe6\x1a\xabS\xcd\
\x99\xfe\xfe\xa6\xbcj\xe9\x96\xc9\xf1\x08 \x80\x00\x02\x08\
 \x80\x00\x02\x08\xf8(\xb0\xcd\xcc\x0c\xf8\xb7Y\xa3\xea\
\x05s\x12\xeb\xe5\xb9s\xe7\xae\xf3\xb1n\xaaB\xa0R\
\x01\x12\x00\x95\xf2\xf0\xa6\x1f\x02\x05\x05\x05\xd5\xcd\xa0_\
\xa7\xf6\x9fUr\xa6\x9fA\xbf\x1f\xf0\xd4\x81\x00\x02\x08\
 \x80\x00\x02\x08 \xe0\xb5\xc06\x9d\x19`\x12\x02O\
\x9b\xef\xb9\xe3\xe6\xcf\x9f\xbf\xd5\xeb\x0a)\x1f\x81\xca\x04\
H\x00T\xa6\xc3{^\x0ad\x16\x16\x16\xea\xca\xfd\xc3\
\xcd\xc0\xff\xa7\xa6\xa2:^VF\xd9\x08 \x80\x00\x02\
\x08 \x80\x00\x02\x08\x04,\xb0\xde$\x02^2\x09\x81\
\x7f\xcc\x9b7\xef]\x13\xcb\xae\x80\xe3\xa1\xfa\x18\x0a\x90\
\x00\x88a\xa7\x07\xd9d\xb3z\x7f\x1b\xb3H\xca\xb9f\
\xe0?\xc2\xc4\xd12\xc8X\xa8\x1b\x01\x04\x10@\x00\x01\
\x04\x10@\x00\x81\x80\x04\x16\x99D\xc0X\xb3\xc8\xf5\xe3\
\xe6n\x02s\x02\x8a\x81jc(@\x02 \x86\x9d\xee\
w\x93{\xf4\xe8\x91\xb7z\xf5\xea\xd3\xcd\xa0\xff<\xf3\
\xe8m\xea\xe7s\xe7w'P\x1f\x02\x08 \x80\x00\x02\
\x08 \x80\x80\x8d\x02\xbbM\x22\xe0#\xf3x\xaca\xc3\
\x86\xcfO\x9c8q\xb3\x8dA\x12St\x04\x18\x88E\
\xa7/\xadk\x899\xdb\xdf\xd1\x9c\xed\xbf\xc4\x0c\xfa\xcf\
1\xc1\xd5\xb5.@\x02B\x00\x01\x04\x10@\x00\x01\x04\
\x10@\xc0\x1e\x81u&\x11\xf0\x84\x99\x15\xf0\xa0\x99\x15\
\xf0\x9d=a\x11I\x94\x04H\x00D\xa97-hK\
\xa7N\x9dr7m\xdat\x8a\xb9\xae\xffR\x13\x8e\x9e\
\xedgC\x00\x01\x04\x10@\x00\x01\x04\x10@\x00\x81\xe4\
\x04>2\xeb\x05\xfc\xadf\xcd\x9a/N\x9b6m{\
r\x87\xb27\x02\x15\x0b\x90\x00\xa8\xd8\x86w\x92\x100\
\x0b\xfa51g\xfa/-\x19\xf87N\xe2PvE\
\x00\x01\x04\x10@\x00\x01\x04\x10@\x00\x81\xf2\x05Vh\
\x22\xc0\xcc\x0c\xf8\x9bY8\xf0\x87\xf2w\xe1U\x04\x12\
\x17 \x01\x90\xb8\x15{\x96#`\xa6\xf9w\xdf\xbe}\
\xfb\x95\xe6\xada\xe6\x91[\xce.\xbc\x84\x00\x02\x08 \
\x80\x00\x02\x08 \x80\x00\x02\xe9\x09\xe8,\x80grs\
s\xef5\x97\x07LJ\xaf(\x8e\x8e\xb3\x00\x09\x808\
\xf7~\xeam\xcf0g\xfc\x07\xef\xdc\xb9\xf3w\xa6\x08\
\xa6\xf9\xa7\xee\xc8\x91\x08 \x80\x00\x02\x08 \x80\x00\x02\
\x08$+\xf0QVV\xd6h3#`\x9c9pw\
\xb2\x07\xb3\x7f\xbc\x05H\x00\xc4\xbb\xff\x93j}\x9f>\
}\xb2\x17,Xp\x96\x19\xf8_m\x0e\xec\x94\xd4\xc1\
\xec\x8c\x00\x02\x08 \x80\x00\x02\x08 \x80\x00\x02n\x0a\
L3\x89\x80;[\xb5j\xf5\xf4\x07\x1f|\xb0\xc3\xcd\
\x82)+\xba\x02$\x00\xa2\xdb\xb7\xae\xb5\xacK\x97.\
5\xd7\xaf_\x7f\xa1\x19\xf8\xff\xc6\x5c\x7f\x94\xefZ\xc1\
\x14\x84\x00\x02\x08 \x80\x00\x02\x08 \x80\x00\x02i\x09\
\x98u\xb8\x16\x9aD\xc0\xddu\xea\xd4yd\xea\xd4\xa9\
\x9b\xd2*\x8c\x83#/@\x02 \xf2]\x9cz\x03\xcd\
\x8a\xfe\xb5\xcc\x8a\xfe\xbf4\x0b\xfb\xe9T\xffF\xa9\x97\
\xc4\x91\x08 \x80\x00\x02\x08 \x80\x00\x02\x08 \xe0\xb1\
\xc0*\xb3`\xe0hs\xe7\x80\xfb\xcd\x9d\x036z\x5c\
\x17\xc5\x87T\x80\x04@H;\xce\xcb\xb0K\x06\xfe\x97\
\x9b\x81\xffoM=\x0c\xfc\xbd\xc4\xa6l\x04\x10@\x00\
\x01\x04\x10@\x00\x01\x04\xdc\x15\xd0D\xc0]&\x11\xf0\
W\x12\x01\xee\xc2F\xa14\x12\x00Q\xe8E\x97\xdaP\
2\xd5\xffW%\x03\xff\x86.\x15K1\x08 \x80\x00\
\x02\x08 \x80\x00\x02\x08 \xe0\xbf\xc0jM\x04\x98K\
\x03\xee\xe3\xd2\x00\xff\xf1m\xad\x91\x04\x80\xad=\xe3c\
\x5c\xe6\x8c\x7f\xee\xe6\xcd\x9b/6\xd7\xf8\xdf`\xaam\
\xe2c\xd5T\x85\x00\x02\x08 \x80\x00\x02\x08 \x80\x00\
\x02\xde\x0a\xfc`\xd6\x08\xf8c^^\xdeCfF\x80\
\xdeN\x90-\xc6\x02$\x00b\xdc\xf9\xa6\xe9\x99\x05\x05\
\x05g\x9b3\xfe\xb7\x9a\xe7\x05\xe6\xc1\x86\x00\x02\x08 \
\x80\x00\x02\x08 \x80\x00\x02\xd1\x14\x98of\x04\xdc:\
\x7f\xfe\xfc'M\xf3vE\xb3\x89\xb4\xaa*\x01\x12\x00\
U\x09E\xf4\xfd\xd6\xad[\x9f\xb4c\xc7\x8e;M\xf3\
:F\xb4\x894\x0b\x01\x04\x10@\x00\x01\x04\x10@\x00\
\x01\x04\xf6\x17\xf8.;;\xfb\xea\xb9s\xe7\xbe\xbe\xff\
[\xbc\x12u\x01\x12\x00Q\xef\xe1}\xda\xd7\xae]\xbb\
\xae\xdb\xb6m\xbb\xcb\xdc.\xa4\xdf>o\xf1+\x02\x08\
 \x80\x00\x02\x08 \x80\x00\x02\x08\xc4D\xc0\xdc\xde\xfb\
\xddj\xd5\xaa\xfdv\xe6\xcc\x99Sb\xd2d\x9ai\x04\
H\x00\xc4\xe4c\xd0\xbe}\xfbff\xe0\x7f\x87\x99\xee\
?\xc2493&\xcd\xa6\x99\x08 \x80\x00\x02\x08 \
\x80\x00\x02\x08 P\xb1\xc0.sY\xc0X\x93\x08\xb8\
\xf1\xfb\xef\xbf_Z\xf1n\xbc\x13\x15\x01\x12\x00Q\xe9\
\xc9\x0a\xdaQTTT\xcd,\xee\xf7;\xf3\xb8\xce\xec\
R\xb3\x82\xddx\x19\x01\x04\x10@\x00\x01\x04\x10@\x00\
\x01\x04\xe2+\xb0\xc9,\x14\xf8\x7f\xe61z\xf6\xec\xd9\
\xdb\xe2\xcb\x10\xfd\x96\x93\x00\x88p\x1f\x9b\xeb\xfc\x07\x9b\
\xeb\xfc\xef1Ml\x13\xe1f\xd24\x04\x10@\x00\x01\
\x04\x10@\x00\x01\x04\x10pG`\x8eY\x1f\xe0*\xb3\
>\xc08w\x8a\xa3\x14\xdb\x04H\x00\xd8\xd6#.\xc4\
c\x06\xfem\xcd\x19\xff{\xccu\xfe'\xbaP\x1cE\
 \x80\x00\x02\x08 \x80\x00\x02\x08 \x80@\x8c\x04\xcc\
\xfa\x00\xe3\xcdl\x00M\x04\xcc\x8aQ\xb3c\xd1T\x12\
\x00\x11\xeafsK\xbf\xeaf\xd0\x7f\xbdy\x5cc\x9a\
\x95\x1b\xa1\xa6\xd1\x14\x04\x10@\x00\x01\x04\x10@\x00\x01\
\x04\x10\xf0W`\xbbI\x04\x8c4\x8f?\x99[\x07n\
\xf5\xb7jj\xf3J\x80\x04\x80W\xb2>\x97k\xce\xfa\
\xf73\xd3\xfd\xfff\xaam\xebs\xd5T\x87\x00\x02\x08\
 \x80\x00\x02\x08 \x80\x00\x02\xd1\x15\x98e.\x0b\xb8\
\xd4\xcc\x06x7\xbaM\x8cO\xcbH\x00\x84\xbc\xaf\xcd\
\x22\x7f\x07\x14\x17\x17\xdfm\xce\xfa\xff<\xe4M!|\
\x04\x10@\x00\x01\x04\x10@\x00\x01\x04\x10\xb0T\xc0\xcc\
\x04x*''\xe77f\x91\xc0\x95\x96\x86HX\x09\
\x08\x90\x00H\x00\xc9\xd6]\xcc\x94\xff\x11\xe6\xb6~w\
\x9b\xf8\x1a\xd8\x1a#q!\x80\x00\x02\x08 \x80\x00\x02\
\x08 \x80@d\x04\xd6\x98\xdb\x06\xfe\xc6\x5c\x1206\
2-\x8aYCH\x00\x84\xb0\xc3\xcdY\xff\x16\xe6\xac\
\xff\xdf\xcdY\xffA!\x0c\x9f\x90\x11@\x00\x01\x04\x10\
@\x00\x01\x04\x10@ \xc4\x02f6\xc0\x1bf6\xc0\
/\xccl\x80\xc5!nF,C\xcf\x8ae\xabC\xdc\
\xe8\xc2\xc2\xc2\x8b\xcc\xb5\xfe\xaf\x98&t\x0eq3\x08\
\x1d\x01\x04\x10@\x00\x01\x04\x10@\x00\x01\x04\xc2+\xa0\
w\x1d\xbb\xb0A\x83\x06\xab\xd7\xae]\xfbux\x9b\x11\
\xbf\xc8\x99\x01\x10\x92>7\x8b\xfc\xe5\x9b?\xb2\xffg\
\xce\xfa\xf7\x0bI\xc8\x84\x89\x00\x02\x08 \x80\x00\x02\x08\
 \x80\x00\x02\x11\x170\xb3\x01\xde5\xb7\x0c<\xdf,\
\x12\xb80\xe2M\x8dD\xf3\x98\x01\x10\x82n4g\xfd\
\xcf6\x83\xff\xd7L\xa8\x07\x85 \x5cBD\x00\x01\x04\
\x10@\x00\x01\x04\x10@\x00\x81\xf8\x08\xb46\xeb\x92\x9d\
of\x03,1\xb3\x01\xa6\xc6\xa7\xd9\xe1l)3\x00\
,\xee\xb7\x0e\x1d:4\xdc\xb2e\xcb\x83\xe6\xac\xffi\
\x16\x87Ih\x08 \x80\x00\x02\x08 \x80\x00\x02\x08 \
\x80\x80\x98\xd9\x00\xff\xaaQ\xa3\xc6%3f\xccX\x0d\
\x87\x9d\x02$\x00\xec\xec\x17i\xd3\xa6\xcd \xb3\xd0\xdf\
\xff3\xe1\x1dhi\x88\x84\x85\x00\x02\x08 \x80\x00\x02\
\x08 \x80\x00\x02\x08\xec+\xb0\xcc,\x10x\xc1\x9c9\
s\xde\xd8\xf7\x0d~\x0f^\x80K\x00\x82\xef\x83\xbd\x22\
\xe8\xd4\xa9Sn\xcd\x9a5G\x9b)\xff\x7f1o\xd4\
\xda\xebM~A\x00\x01\x04\x10@\x00\x01\x04\x10@\x00\
\x01\x04\xec\x16\xa8m.\x09\x18^\xbf~\xfdz\xcd\x9b\
7\x7f\x7f\xe5\xca\x95;\xed\x0e7^\xd11\x03\xc0\xa2\
\xfe6\x0b\xfd\xb53+\xfc\xff\xd3\x84\xd4\xdd\xa2\xb0\x08\
\x05\x01\x04\x10@\x00\x01\x04\x10@\x00\x01\x04\x10HE\
`Rvv\xf6\xcf\xcc\x02\x813S9\x98c\xdc\x17\
\xc8t\xbfHJLE\xa0\xa0\xa0`\x84\x19\xfc\xeb-\
4\x18\xfc\xa7\x02\xc81\x08 \x80\x00\x02\x08 \x80\x00\
\x02\x08 `\x9b@w\x1d\xe3\xe8X\xc7\xb6\xc0\xe2\x1a\
\x0f3\x00\x02\xee\xf9.]\xba\xd4\x5c\xb7n\x9d.\xf4\
\xf7\xf3\x80C\xa1z\x04\x10@\x00\x01\x04\x10@\x00\x01\
\x04\x10@\xc0\x13\x01\xb3@\xe0Su\xeb\xd6\xbdd\xea\
\xd4\xa9\x9b<\xa9\x80B\x13\x12 \x01\x90\x10\x937;\
\x99LX\x07s}\xcc\xbfL\xe9\x9d\xbc\xa9\x81R\x11\
@\x00\x01\x04\x10@\x00\x01\x04\x10@\x00\x01k\x04\xa6\
eff\x9e6\x7f\xfe\xfc\x19\xd6D\x14\xb3@\xb8\x04\
 \xa0\x0e7\x83\xff3\xcd\xe0\x7f\x82\xa9\x9e\xc1\x7f@\
}@\xb5\x08 \x80\x00\x02\x08 \x80\x00\x02\x08 \xe0\
\xab@'\x1d\x03\xe9X\xc8\xd7Z\xa9\xacL\x80\xbb\x00\
\x94Q\xf8\xf3\xa4G\x8f\x1e9\xb9\xb9\xb9\xf7\x98)\xff\
\xa3L\x8d\xb9\xfe\xd4J-\x08 \x80\x00\x02\x08 \x80\
\x00\x02\x08 \x80\x80\x15\x02\xb9f,tZ\xbdz\xf5\
\x1a\x16\x15\x15\xbd\xb3l\xd9\xb2]VD\x15\x93 \xb8\
\x04\xc0\xc7\x8e.,,lbn\xef\xf7\x82\xa9\xf2(\
\x1f\xab\xa5*\x04\x10@\x00\x01\x04\x10@\x00\x01\x04\x10\
@\xc0F\x81\xffdee\x9d:o\xde\xbc\x1fl\x0c\
.\x8a1q\x09\x80O\xbdjn\xf1w\xa8\x19\xfcO\
4\xd51\xf8\xf7\xc9\x9cj\x10@\x00\x01\x04\x10@\x00\
\x01\x04\x10@\xc0j\x81\xa3t\x8c\xa4c%\xab\xa3\x8c\
Pp$\x00|\xe8L\xbd\xed\x85\xb9\xfd\xc5G\xa6\xaa\
\xe6>TG\x15\x08 \x80\x00\x02\x08 \x80\x00\x02\x08\
 \x80@X\x04\x9a\xebXI\xc7La\x098\xccq\
\xb2\x06\x80\xb7\xbd\x97e>\xc8c\xccB\x17\x7f6\xd5\
d{[\x15\xa5#\x80\x00\x02\x08 \x80\x00\x02\x08 \
\x80\x00\x02\xa1\x14\xc86\xeb\x02\x0c\xado\xb6\xb5k\xd7\
\xbemZ\xb0;\x94\xad\x08A\xd0\xac\x01\xe0Q'\xb5\
o\xdf\xbe\xf6\xd6\xad[\x9f5\x1f\xe4A\x1eUA\xb1\
\x08 \x80\x00\x02\x08 \x80\x00\x02\x08 \x80@\xa4\x04\
222\xde\xa8^\xbd\xfa\x99\xdf\x7f\xff\xfd\x86H5\
\xcc\x92\xc6\x90\x00\xf0\xa0#\xccb\x7f\xad\xcc\xb5,\xe3\
L\xd1\x9d=(\x9e\x22\x11@\x00\x01\x04\x10@\x00\x01\
\x04\x10@\x00\x81(\x0b|k\x16\x07\x1cl\x16\x07\x5c\
\x10\xe5F\x06\xd16\x12\x00.\xab\x9b)\xff\x87\x9b)\
\xff\xaf\x98b\x1b\xbb\x5c4\xc5!\x80\x00\x02\x08 \x80\
\x00\x02\x08 \x80\x00\x02q\x11X\x91\x99\x999d\xfe\
\xfc\xf9\x9f\xc7\xa5\xc1~\xb4\x93E\x00]T6g\xfe\
O3\x83\xff\xf7M\x91\x0c\xfe]t\xa5(\x04\x10@\
\x00\x01\x04\x10@\x00\x01\x04\x10\x88\x9d@c\x1d[\xe9\
\x18+v-\xf7\xb0\xc1,\x02\xe8\x12\xae9\xf3\x7f\xa5\
\xf9\x80>b\x8a\xcbq\xa9H\x8aA\x00\x01\x04\x10@\
\x00\x01\x04\x10@\x00\x01\x04\xe2,\xa0\x8b\x03\x9ef\xd6\
\x06\x5cg\x16\x07\xfc\x22\xce\x10n\xb5\x9d\x04@\xfa\x92\
\x19&+5\xda\x0c\xfeo7EqIE\xfa\x9e\x94\
\x80\x00\x02\x08 \x80\x00\x02\x08 \x80\x00\x02\x08\x94\x0a\
d\x98$\xc0\xc0\x06\x0d\x1a\xd4.\xb9C@\xe9\xeb\xfc\
LA\x80\x01k\x0ah\xa5\x87t\xea\xd4)w\xd3\xa6\
Mc\xcd\xe0\xffg\xa5\xaf\xf1\x13\x01\x04\x10@\x00\x01\
\x04\x10@\x00\x01\x04\x10@\xc0}\x01\xb3&\xc0?k\
\xd6\xac9b\xda\xb4i\xdb\xdd/=\x1e%\x92\x00H\
\xb1\x9f\xcd\xe0\xbf\xd6\xc6\x8d\x1b_1\xd9\xa8\xe3R,\
\x82\xc3\x10@\x00\x01\x04\x10@\x00\x01\x04\x10@\x00\x01\
\x04\x92\x100\xb7\x09|\xafV\xadZCL\x12`c\
\x12\x87\xb1k\x89\x00\x09\x80\x14>\x0a\x1d:th\xb8\
y\xf3\xe6\xf1\xe6\xd0\xc3R8\x9cC\x10@\x00\x01\x04\
\x10@\x00\x01\x04\x10@\x00\x01\x04R\x17\xf8\xd2\xcc\xc2\
\x1e\xb4x\xf1\xe25\xa9\x17\x11\xcf#I\x00$\xd9\xef\
-[\xb6lf\xb2No\x9b\xc3:&y(\xbb#\
`\xbd@\xf5\xea\xd5\xa5v\xed\xda\xce\xa3N\x9d:b\
\xa6X\x89\xf9\xbc[\x1fw\x22\x01\x9a\xd9:R\x5c\x5c\
,\xdb\xb7ow~\xeas}l\xdb\xb6\xad\xecw}\
o\xcb\x96-\xa2\xfb\xb2!\xb0\xa7@NNN\xd9\xdf\
\x85\xfe\x8d\x983\x0fb\xeeO\xbc\xe7.\xb1y\xae\x7f\
\x1f;v\xec\x90\x9d;w:?\xf5y\xe9\xef\xfa\xf7\
c.\x8d\x133C\xce\xf9\xbb\x8a\x0dJ\xcc\x1a\xaa\x7f\
\x03\xe6Z\x5c\xe7\xa1\xffN\xb0\xd9)`\x06G\xce\xdf\
\xe2\x86\x0d\x1bd\xfd\xfa\xf5\xceC\xff\xddc\x0bF@\
\xff\x1d\xa9[\xb7\xae4m\xdaT\xf4;\x96~\xbfZ\
\xb3f\x8d\xcc\x9a5\x8b\xff_\xa6\xde%\xdf\x99\x7f\x93\
NX\xb4h\xd1\xd2\xd4\x8b\x88\xdf\x91\xd1\xf8f\xefS\
\xbf\x15\x15\x15\xb51\x03\x84wLu\x05>UI5\
\x08x\x22`VR\x95\xae]\xbbJ\xb7n\xdd\x9c\x9f\
\xe6\x92\x16\xd1\xd7\xb2\xb3\xb3=\xa9/L\x85\xea\x17\xa6\
u\xeb\xd6\xc9\x8f?\xfe\xe8\xfc\xc3\xac\xff8\x97>\xd7\
\x9f\xfaX\xb2d\x89\x98{\xd2\xca\xf2\xe5\xcbI\x16\x84\
\xa9s\x13\x88U\x93`\x9d;w.\xfb\xdb\xe8\xd2\xa5\
\x8b4i\xd2D\xaaU\xab\x96\xc0\xd1\xec\xb2\xa7\x80&\
\x05t\xe0\xa1\x09\x01\xfd\x9bZ\xb9r\xa5\xacX\xb1B\
V\xadZ\xe5<\xf4ws\xe6\xc6\xf9[2\x8b:\xed\
y(\xcf-\x10\xd0\x01J\x9f>}\xa4w\xef\xde\xce\
\x80\xa5t\xc0\xaf?\xf9\xb7\xc2\x82\x0eJ1\x04\xfd\x9b\
\x9b2e\x8a|\xf3\xcd7\xf2\xf5\xd7_\xcb\x84\x09\x13\
R,\x89\xc3R\x15\xd0\xa4\x99\xfem\x9d}\xf6\xd9\xf2\
\xc4\x13O\xc8\xf8\xf1:\xa9\x98-\x0d\x81\xf9\xb9\xb9\xb9\
\xc7\xcf\x9e={N\x1ae\xc4\xeaP\x12\x00\x09vw\
\xabV\xad\x0e2\x19\xa6\xf7\xcc\xee\x07&x\x08\xbb!\
`\x95\x80\x9e\xb19\xf3\xcc3e\xd8\xb0a\xd2\xbau\
k\xabb\x0bk0:c`\xc1\x82\x05\xce\x00F\x13\
\x02\x0b\x17.t\x9e\xcf\x981\xc3\x19\xe0\x84\xb5]q\
\x8b[\xcf\xe4\xf7\xef\xdf_\xce9\xe7\x1c9\xf4\xd0C\
c{f?\xc8~\xd7\xb3\x93\xfa7\xa4\x0f\xfd\xfb\xf9\
\xf4\xd3O\x9d\x01\x8a&\xe4\xd8\xfc\x130w5\x92~\
\xfd\xfa9\x8f\x9e={2\xd0\xf7\x8f>\xb0\x9a\xf4\xdf\
\xb0\xa7\x9f~Z\x9e\x7f\xfey'\xc1\x1dX 1\xac\
X\xbf\x97m\xdd\xba\x95\xb3\xff\xee\xf4\xfd23\xa3\xa2\
\x9f\xf9<Ow\xa7\xb8h\x97B\x02 \x81\xfe5\x83\
\xa5\x83\xcd\x99\x0c=\xf3\xdf8\x81\xdd\xd9\x05\x01\xab\x04\
\xcc\xcc\x159\xf7\xdcs\xe5\x94SN\x91\x1a5jX\
\x15[\x94\x83Y\xbat\xa9L\x9a4I&O\x9e\xec\
\xfc\xfc\xf6\xdbo\x9d\xcb\x0d\xa2\xdc\xe6\xb0\xb5M\xa7b\
\x0e\x1f>\x5c~\xfe\xf3\x9f;g8\xc3\x16\x7f\xd4\xe3\
\xd5\xd9\x03\x9f\x7f\xfe\xb9\x93\x0c\xd0\x84\xc0\xcc\x993\xa3\
\xde\xe4\xc0\xdaw\xf0\xc1\x07\xcb\x9f\xff\xfcg\xe9\xd8\x91\
\xab\x1b\x03\xeb\x84\x80+\xd6\x81\xa8~\x06\xc6\x8e\x1d\x1b\
p$T\x8f@\xca\x02+\xcc\xec\xa4\xe3\xe7\xce\x9d\xfb\
M\xca%\xc4\xe4@\x12\x00UttAAA7s\
\x06B\x07\xff\x0d\xab\xd8\x95\xb7\x11\xb0N\xe0\x97\xbf\xfc\
\xa5\xfc\xfa\xd7\xbf\xe6\x8c\xa6\x05=\xa3\xd3\xa1\xa7O\x9f\
.\x13'N\x94\xb7\xdf~[\xbe\xf8\xe2\x0b\xe7\x1aj\
\x0bB\x8be\x08\xbdz\xf5\x92\xfb\xee\xbbO\x1a7&\
\xaf\x1b\x96\x0f\x80^:\xf0\x9f\xff\xfcG>\xfb\xec3\
\xf9\xe4\x93O\x9cKq\xc2\x12\xbb\xadq\xea\xec\x97+\
\xae\xb8B\xf4\xdf\x0a\xa6\xf5\xdb\xdaK\xfe\xc6\xf5\xc1\x07\
\x1f\xc8\xef~\xf7;Y\xbdz\xb5\xbf\x15S\x1b\x02\xee\
\x08\xac6\xb7\x09<\xde\xcc&\x9b\xecNq\xd1,\x85\
\x04@%\xfdj\xce\xfc\xf74_\xda\xffmv\xa9_\
\xc9n\xbc\x85\x80u\x02\xf5\xea\xd5\x931c\xc68\xd7\
\x98Y\x17\x1c\x019\x02\xba\x96\x80&\x02\xdex\xe3\x0d\
g0\xa3\x09\x026\x7f\x04H\x8c\xf9\xe3\xecu-\x1f\
~\xf8\xa1<\xf0\xc0\x03\xf2\xe5\x97_z]U$\xcb\
o\xdb\xb6\xad\xdc}\xf7\xdd\xce\x9a\x17\x91l \x8dJ\
Y\xc0\x5cK-\xa7\x9ez\xaa\xb3h`\xca\x85p \
\x02\xc1\x09\xfch\x12\x9a\xfd\xcdL\x80\xaf\x82\x0b\xc1\xee\
\x9aI\x00T\xd0?%\x83\x7f=\xf3_\xb7\x82]x\
\x19\x01+\x05\x9a5k\xe6\x5c\xcb\xa7?\xd9\xc2!\xa0\
+\xa6\xbf\xfb\xee\xbb\xf2\xdak\xaf\xc9{\xef\xbd\xc7\xc2\
\x82\x1ev\x9b\x9e\xf5?\xf9\xe4\x93=\xac\x81\xa2\xfd\x16\
\xd0E\xcc\xee\xbf\xff~\xd1\x84\x00[b\x02}\xfb\xf6\
\x95\x07\x1f|P\xcc\xc2Y\x89\x1d\xc0^\xb1\x13\xd0\xbf\
+\xbd<J\xd7\xbaaC \x84\x02\xebJ.\x07 \
\x09PN\xe7\xc5\xf3\x1eF\xe5@\xec\xf9\x92N\xfb7\
\xb77\xd2\xc1\x7f\xbd=_\xe79\x02\xb6\x0b\xe8\x14\xce\
\xc7\x1f\x7f\x5c\xf4\xcc\x0e[x\x04\xf4Kx\x87\x0e\x1d\
\xe4'?\xf9\x8938\xd5/\x5c\xdf\x7f\xff\xbd\xb0\x00\
\x9a\xbb}x\xe1\x85\x17\x8a>\xd8\xa2%\xd0\xbcys\
\x19:t\xa8\xb3\x90\xa3\xdeM@\xcf^\xb2U,\xa0\
\xab\xf8?\xf9\xe4\x93\xcem-+\xde\x8bw\xe2.\xa0\
\x7fW\xban\xd0\xc7\x1f\x7f\x1cw\x0a\xda\x1fN\x81\xea\
\xe6;\xd4\xe9\xe6\x0eWo\x99\x7f\x17\x96\x87\xb3\x09\xde\
E\xcd\x0c\x80}lK\x16\xfc{\xdf\xbc\xcc5\xff\xfb\
\xd8\xf0\xab\xfd\x027\xdf|\xb3\x9cw\xdey\xf6\x07J\
\x84U\x0a\xe8-\xd2\x1e{\xec1y\xea\xa9\xa7\x9c[\
\xa9Uy\x00;T*\xa0\xb7\xbc\xd4U\xae\xb9\xce\xb9\
R\xa6H\xbci\xa6}:g\xb7_|\xf1E\xd6\xd9\
(\xa7G\x1f~\xf8a9\xfe\xf8\xe3\xcby\x87\x97\x10\
\xd8[\xa0\xb8\xb8\xd8\xf9\xac\xe8\x1dn\xd8\x10\x08\xa9\xc0\
j\xf3\xef~_\x16\x06\xdc\xbb\xf7\x98\x01\xb0\x87\x87\xde\
\xea\xcfd\x8b\xf4V\x7f\x07\xec\xf12O\x11\x08\x85\xc0\
\x09'\x9c \x9a\x00`\x8b\x86\x80\xde'\xf8\xa8\xa3\x8e\
rnM\xa7k:L\x9b6M\xb6l\xd9\x12\x8d\xc6\
\xf9\xdc\x0a=\x8b\xf5\xec\xb3\xcf\x8a\xae\xfa\xcf\x16}\x01\
s\xc6G\xf4\xff\x87\x83\x06\x0dr\xeeq\xae\x8b\x07\xb2\
\xfdW@o\x05\xfb\x8b_\xfc\x02\x0e\x04\x12\x12\xd0E\
\x22\x1b6l(o\xbe\xf9fB\xfb\xb3\x13\x02\x16\x0a\
\xe4\x99\xb1\xdd\xa9\xe6{\xd4\xeb\xeb\xd6\xad\xe3\x1f\x83\x92\
\x0e\xca\xb4\xb0\xa3\x02\x09\xc9\xdc*\xad\xcd\xee\xdd\xbbu\
\xf0\xcf\x92\xd0\x81\xf4\x00\x95\xa6+p\xd5UW\xa5[\
\x04\xc7[(\xa0\x89\x80\x8b.\xbaH\xde\x7f\xff}\xe7\
zLs\x9f[\x0b\xa3\xb4;\xa4\x9f\xfe\xf4\xa7\xc2\x9a\
\x18v\xf7\x91\x17\xd1\xe9\xa5P\xaf\xbc\xf2\x8a\x9c\x7f\xfe\
\xf9^\x14\x1f\xba2\xf3\xf3\xf3\xe5\xa6\x9bn\x0a]\xdc\
\x04\x1c\xac\xc0\x80\x01\x03\xb8\x85p\xb0]@\xed\xe9\x0b\
4\xd61\x9e\x8e\xf5\xd2/*\x1a%\x90\x000\xfd\xd8\
\xb2e\xcbf\xe6\x9a[\xbd\xe6\xff\xc0ht+\xad\x88\
\x9b@\xcf\x9e=\xb9\x7fs\xc4;\xbdN\x9d:\xf2\x87\
?\xfcA^z\xe9%\xe9\xd4\xa9S\xc4[\xebn\xf3\
\xce9\xe7\x1cw\x0b\xa4\xb4\xd0\x08\xe8\xfa\x1a:\xe8\xd5\
\xcbi\xf4Lf\x9c7\xbd<L\x13\x8al\x08$#\
P\xadZ5g6Z2\xc7\xb0/\x02\x16\x0a\x1c\xa8\
c=\x1d\xf3Y\x18\x9b\xef!\xc5>\x01`\x16\xdej\
h\xce\xa8\xbdm\xe4\x0b|\xd7\xa7B\x04\x5c\x12\x181\
b\x84K%Q\x8c\xed\x02]\xbbvu\xcej\xder\
\xcb-|\x99O\xa0\xb3z\xf5\xea%\xed\xdb\xb7O`\
Ov\x89\xb2@\x9f>}\xe4\xad\xb7\xde\x8a\xf5\xadQ\
\xf5\xb2\x086\x04R\x118\xe6\x98cR9\x8cc\x10\
\xb0M\xa0@\xc7|:\xf6\xb3-0\xbf\xe3\x89u\x02\
\xc0\x9cE\xab\xb5y\xf3\xe6\xf1\x06\xbd\xa3\xdf\xf0\xd4\x87\
\x80[\x02\x8d\x1b7\x96\x81\x03\x07\xbaU\x1c\xe5\x84@\
@\xaf\xcb<\xf7\xdcs\x9d[\x06\xf6\xef\xdf?\x04\x11\
\x07\x17\xa2\xde\xc6\x8a\x0d\x01\x15\xd0\x19\x00:\x13@\xd7\
J\xc9\xcc\x8c\xd7\xd7\x1f\xbd\xcb\x88\xae\xea\xce\x86@*\
\x02-Z\xb4H\xe50\x8eA\xc0F\x81\x8e:\xf6\xd3\
1\xa0\x8d\xc1\xf9\x15S\xbc\xfe\x05\xdcC\xd5t|\xae\
\xb9\xf7\xf6+\xe6\xa5\xc3\xf6x\x99\xa7\x08\x84N@3\
\xf3\xacl\x1e\xbans%`M\xfe<\xf4\xd0Cr\
\xed\xb5\xd7\xc6n@\x93(\xe0\xd1G\x1f\x9d\xe8\xae\xec\
\x17\x13\x01\x9d\x0a\x7f\xf7\xddw\xc7\xeao\x86DaL\
>\xdc\x1e53\xee\x97\xcfx\xc4J\xb1\xc1\x09\x1c\xa6\
c@\x1d\x0b\x06\x17B\xb05\xc75\x01\x90\xb1i\xd3\
\xa6\xb1fA\x88\xe3\x82\xe5\xa7v\x04\xd2\x17\xe8\xd2\xa5\
K\xfa\x85PB\xa8\x05.\xbe\xf8b\xe7v\x81z\x7f\
o\xb6\xff\x09\xe8\xa2gz\x07\x056\x04\xf6\x15\x182\
d\x88\x8c\x1e=Z\xe2\xb2\xa8&\xd3\xff\xf7\xfd\x04\xf0\
{2\x02\x8d\x1a5Jfw\xf6E\xc0z\x01\x1d\x03\
\xeaX\xd0\x04\x1a\xcb\x95\x95c\x99\x00(,,\x1ce\
n\x09\xf13\xeb?\x9d\x04\x88@\x02\x02z\x7fs6\
\x04\x8e8\xe2\x08\x197n\x9c\xf0y\xf8\xdfgA\xd7\
K`C\xa0\x22\x01\xbd;\xc4\xa8Q\xa3\x22\x9f\x048\
\xf0\xc0\x03\xa5s\xe7\xce\x151\xf0:\x02U\x0ap\x0b\
\xda*\x89\xd8!\x84\x02:\x16\xd41a\x08CO;\
\xe4\xd8%\x00\x0a\x0a\x0a\xae\xdc\xb9s\xe7o\xd3\x96\xa3\
\x00\x04,\x10\xc8\xc9\xc9a\xf5\x7f\x0b\xfa\xc1\x96\x10\x9a\
6m*\xcf=\xf7\x9c\x0c\x1f>\xdc\x96\x90\x02\x8d\xe3\
\xe0\x83\x0f\x0e\xb4~*\xb7_\xe0\xd4SO\x95\x91#\
GF:\x09\xc0,1\xfb?\x87\xb6G\xb8j\x15\xb7\
O\xb7\xbd\x8f\x88/5\x01\x1d\x13\xea\xd80\xb5\xa3\xc3\
{T\xac\x12\x00&\xcbs\x9a\xc9\xf6\xdc\x1d\xde\xee\x22\
r\x04\xf6\x160\xd7/q\xfd\xff\xde$\xb1\xffM\x93\
Bw\xdcq\x87\xdc~\xfb\xed\xb1\xb7`\x06@\xec?\
\x02\x09\x01\x9c~\xfa\xe9\xf2\xe7?\xff9\xa1}\xc3\xb8\
\x13\x97\x06\x85\xb1\xd7\xec\x8ay\xf5\xea\xd5v\x05D4\
\x08\xb8(\xa0cC\x1d#\xbaX\xa4\xf5E\xc5&\x01\
`\xb2;\x87\x9b,\xcf\x93\xa6Gb\xd3f\xeb?}\
\x04\x98\xb6\x80\x9e\xf1eC\xa0<\x81\xb3\xcf>;\xf2\
g6\xcbk\xf7\x9e\xaf5i\xd2d\xcf_y\x8e@\
\x85\x02g\x9cq\x86\xdcx\xe3\x8d\x15\xbe\x1f\xe67X\
\xc0-\xcc\xbdgG\xec\xd3\xa7O\xb7#\x10\xa2@\xc0\
\x1b\x81L\x1d#\xeaX\xd1\x9b\xe2\xed+5\x16\x83a\
\x93\xd5ie\xb2;\xba\xe2\x7fu\xfb\xba\x80\x88\x10H\
]\xa0v\xed\xda\xa9\x1f\xcc\x91\x91\x17\xd0AM\xdcV\
;\xdf\xb3S\xf9\xfb\xd8S\x83\xe7U\x09\x5cp\xc1\x05\
\xd2\xa7O\x9f\xaav\x0b\xdd\xfb\xf5\xeb\xd7\x0f]\xcc\x04\
l\x97\xc0\xbb\xef\xbekW@D\x83\x80\xfb\x02\xd5u\
\xac\xa8cF\xf7\x8b\xb6\xaf\xc4\xc8'\x00\xda\xb7o_\
\xdbdu\xc6\x19\xfa\xc6\xf6\xf1\x13\x11\x02\xe9\x09\xd4\xa9\
S'\xbd\x028:\xf2\x02C\x87\x0e\x95\xfb\xee\xbbO\
\xb2\xb2\xb2\x22\xdf\xd6}\x1b\xc8\xdf\xc7\xbe\x22\xfc^\x95\
\x80.\x0a\x18\xb5)\xf3\xcc\x00\xa8\xaa\xd7y\xbf2\x81\
\xe5\xcb\x97\xcb\x8c\x193*\xdb\x85\xf7\x10\x88\x8a@c\
\x1d3\xea\xd81*\x0d\xaa\xa8\x1dQO\x00dm\xdd\
\xba\xf5Y\xd3x\x96\xbf\xad\xe8\x13\xc0\xeb\xa1\x16\xe0\x0c\
g\xa8\xbb\xcf\xb7\xe0O:\xe9$y\xe0\x81\x07b\xb5\
^D\xf5\xea\xd5c\xd5^\xdf>L\x11\xafHow\
\x16\xb5\xf5\x00\xa2\x96\xd0\x88\xf8G\xd0\xba\xe6=\xf6\xd8\
c\xd6\xc5D@\x08x(\xd0\xb9d\xec\x18\xe9\xb3&\
\x91N\x00\x98k9\xee2\xf7y\x1c\xe4\xe1\x87\x84\xa2\
\x11\x08T\x80\x04@\xa0\xfc\xa1\xaa\xbc\x7f\xff\xfe\xf2\xf7\
\xbf\xff]rssC\x15w\xaa\xc1\xf2\xb7\x91\xaa\x1c\
\xc7\x9dp\xc2\x092l\xd8\xb0\xc8@0\x03 2]\
\xe9{C\x96,Y\x22$\x00|g\xa7\xc2\x80\x05t\
\xec\xa8c\xc8\x80\xc3\xf0\xb4\xfa\xc8&\x00L\xc7\x8d0\
\xd7r\xc4\xee\xb6\x0e\x9e~Z(\xdc:\x01\x069\xd6\
u\x89\xd5\x01\xf5\xed\xdbW\x1e}\xf4Q\xd1\xb3\xe3Q\
\xdfj\xd5\xaa\x15\xf5&\xd2>\x0f\x05tA@s-\
\xa8\x875\xf8W4k\x00\xf8g\x1d\xb5\x9a\xfe\xf0\x87\
?Hqqq\xd4\x9aE{\x10\xa8R@\xc7\x90:\
\x96\xacr\xc7\x90\xee\x10\xc9\x04@\xeb\xd6\xad\x0f5\x1d\
\xf7`H\xfb\x84\xb0\x11HX ;;;\xe1}\xd9\
\x11\x01\x158\xfa\xe8\xa3\xe5\xfe\xfb\xef\x8f\xf4}\xcf\xb5\
\x9d\xfcm\xa8\x02[\xaa\x02yyy2f\xcc\x98H\
\xac\x9d\xa1\xb7\x06eC Y\x81\xd1\xa3G\xcb[o\
\xbd\x95\xeca\xec\x8f@d\x04t,\xa9c\xca\xc84\
h\x8f\x86D.\x01`2\xf6Mv\xec\xd8\xf1\x92i\
c\xf4Oq\xed\xd1\x91<E\x00\x01\x04\x12\x158\xee\
\xb8\xe3\xe4\xaa\xab\xaeJtw\xf6C \x96\x02]\xbb\
v\x95\xd3N\x8b\xd5\xad\xa1c\xd9\xcf4z\x7f\x81\xb1\
c\xc7:\x89\xe2\xfd\xdf\xe1\x15\x04b%P]\xc7\x94\
:\xb6\x8cZ\xab#\x95\x00\xe8\xd1\xa3G\x8eY\xbd\xf1\
\x05\xd3I\xcd\xa3\xd6Q\xb4\x07\x01\x04\x10pS\xe0\x8a\
+\xae\x10\xbd\xd6\x99\x0d\x01\x04*\x16\xf8\xc5/~\x11\
\xf9\xd92\x15\xb7\x9ew\xe2&\xb0q\xe3F\xf9\xedo\
\x7f+\xb7\xdezk\xdc\x9aN{\x11\xa8H\xa0\xb9\x8e\
-u\x8cY\xd1\x0ea|=R\x09\x80U\xabV\xdd\
m:\xe1\xa80v\x041#\x80\x00\x02~\x0add\
d\xc8\xddw\xdf\x1d\x99\xeb\x9c\xfd\xb4\xa3\xae\xf8\x08\x98\
\xe9\x9f2p\xe0\xc0\xf84\x98\x96\xc6R\xc0\x0cp\xe4\
\xdf\xff\xfe\xb7\x0c\x1a4H^|\xf1\xc5X\x1a\xd0h\
\x04*\x118\xaad\x8cY\xc9.\xe1z+2\x09\x00\
\xb3P\xc3\x99f\xd5\xc6\xcb\xc3\xc5O\xb4\x08 \x80@\
p\x02\xbaP\xde\xc3\x0f?,z\xbd3\x1b\x02\x08\x94\
/p\xc9%\x97\x94\xff\x06\xaf\x22\x10r\x81\xa5K\x97\
\xca_\xfe\xf2\x179\xe6\x98c\xe4\xe2\x8b/\x96\xc5\x8b\
\x17\x87\xbcE\x84\x8f\x807\x02:\xc6\xd4\xb1\xa67\xa5\
\xfb_j$V\x103\x1d\xd2\xc1,\xd4\xf0\x88\xff|\
\xd4\x88\x00\x02\x08\x84[\xa0M\x9b6\xceL\x00\x069\
\xfe\xf5\xa3\x9em;\xf6\xd8c\xfd\xab\xb0\x9c\x9a\xf4v\
\x90\xd5\xaaUsn\x0b\xa9?\xcb{\xaew\x8b\xd0{\
\xc8\x1fx\xe0\x81\xd2\xa4I\x13\xe7\xa1\xcf\xe3\xb6\xaa|\
\x97.]\xe4\xc8#\x8f\x94O?\xfd\xb4\x1cI^J\
G`\xc3\x86\x0d\xac2\x9f\x0e`\x15\xc7\x9a\xef\xc6\xa2\
\xd3\xfa\xd5Y\x1f\xeb\xd7\xaf\x97\xd9\xb3g\xcb7\xdf|\
#S\xa6L\x91\x1f~\xf8\xa1\x8a\x12x\x1b\x01\x04J\
\x05t\xaci\xc6\x9cS\xe6\xcf\x9f?\xa3\xf4\xb5\xb0\xfe\
\x0c}\x02\xc0\xfc\xc3\x5cs\xed\xda\xb5\xff2\x1d\xc0=\
\x9f\xc2\xfa)$\xeeH\x0a\x98\xffA\xca\xbcy\xf3<\
o\x9bNe\xdfs0\xa3\xcfK\x7f/\x1d\xd4\xd4\xac\
YS23#3\xe1\xc9u\xd3\x01\x03\x06\xc8\xe5\x97\
_.\x7f\xfd\xeb_]/\x9b\x02\xcb\x17\xd0\xfbk\x87\
u\xd3\xbf/M\x08h2\xa0y\xf3\xe6r\xf0\xc1\x07\
\x8b.\x98\xd7\xa9S\xa7\xc8\xdeb\xf2\xd2K/%\x01\
\xe0\xc1\x07\xf6\xa2\x8b.\x92/\xbe\xf8\xc2\x83\x92)\x12\
\x01\x04\x10p]\xa0\x96I\x02\xfc\xcb\x8c={M\x9d\
:u\x93\xeb\xa5\xfbX`\xe8\x13\x00\xeb\xd6\xad\xd3\xdb\
\xfdu\xf2\xd1\x8c\xaa\x10@ \x01\x81\xd7^{\xcd9\
\xb3\x9c\xc0\xae\x9e\xef\xa2I\x02=\x93y\xc0\x01\x078\
\x8fF\x8d\x1a\x89>\xf4w\xfd\x99\x9f\x9f/m\xdb\xb6\
\x95:u\xeax\x1e\x8b\xad\x15\xfc\xfa\xd7\xbfv\xce\x0a\
}\xf8\xe1\x87\xb6\x86H\x5c\x96\x08l\xdf\xbe]\x16-\
Z\xe4<&L\x98 /\xbf\xfc\xb2\x13YVV\x96\
\xf3w\xa4\xc9\x00=k\xde\xbd{w9\xe8\xa0\x83,\
\x89:\xbd0\xf4\xf6\x99\x9d;w\x96o\xbf\xfd6\xbd\
\x828\x1a\x01\x04\x10@ \xcc\x02\x9dJ\xc6\x9eg\x87\
\xb9\x11\xa1N\x00\x98i\x18#L&\xe6\xe7a\xee\x00\
bG\x00\x01\xef\x05\xcc\xb5[\xb2z\xf5j\xe71c\
F\xc53\xb7\x1a7n\xec\x0c`\xda\xb5k'EE\
E\xa2?;t\xe8 z\xad|\xd47\x9d!1r\
\xe4H\xd1[\x04n\xde\xbc9\xea\xcd\xa5}\x1e\x08\xe8\
\xa5\x0d\xfa\xf7\xa5\x8fg\x9f}\xd6\xa9\xa1U\xabV2\
t\xe8P\x192dH\xe8\x17\x9c\x1c>|\xb8\x5cw\
\xddu\x1e\xc8Q$\x02\x08 \x80@X\x04\xccw\xca\
\x9f\x9b1\xe8;f\xa6\xeb\xd8\xb0\xc4\xbco\x9c\xa1M\
\x00\x98\x95y\xdb\x99{3\xde\xbfo\x83\xf8\x1d\x01\x04\
\x10HU`\xc5\x8a\x15\xa2\x8f\xff\xfc\xe7?eE\xe8\
\xc0X\xcf\xfc\x1dq\xc4\x11\xce\xe3\xd0C\x0f\x8d\xec\xa2\
y:\xad[g\x02\xfc\xf1\x8f\x7f,k?O\x10H\
G`\xc1\x82\x05r\xef\xbd\xf7:\x0f\x9d\x19\xa0\xc9\x80\
\x93O>Y\x1a6l\x98N\xb1\x81\x1c\xdb\xbbw\xef\
@\xea\xa5R\x04\x10@\x00\x01\xbb\x04\xcc\x09\xe8\xfb\xcd\
X\xf4\xb3\xb9s\xe7\xce\xb4+\xb2\xc4\xa2\x09\xe5E\xb1\
\xe6:\xc3\x5c3\xf8\xff\xa7ib\xcd\xc4\x9a\xc9^\x08\
 \x80@j\x02\xe6\x7f\xf2b\xae\xf5\x92\x87\x1ezH\
\xce=\xf7\x5cgj\xf3i\xa7\x9d&w\xddu\x97\xcc\
\x9a5+\xb5B->J\xdb\xa8\xb3\x1e\xd8\x10p[\
@\x17\x1d\xbb\xed\xb6\xdbD\x07\xd2O<\xf1\x84\xe8\xcc\
\x9c0m\xcd\x9a5\x13s\xd6'L!\x13+\x02\x08\
 \x80\x807\x025u,\xaacRo\x8a\xf7\xb6\xd4\
P&\x006m\xda4\xd2\xb0t\xf7\x96\x86\xd2\x11@\
\x00\x81\xfd\x05t\x9a\xf3\xc4\x89\x13\x9d\x05\xf3\xfa\xf7\xef\
/:-X\xef\x9f\xac\x89\x82(l\xd9\xd9\xd9r\xfb\
\xed\xb7G\xa1)\xb4\xc1R\x01\xbd\xc4\xe4\x96[n\x91\
a\xc3\x86\xc9\xc2\x85\x0b-\x8d\xb2\xfc\xb0t-\x006\
\x04\x10@\x00\x01\x04\x8c@\xf7\x921i\xe80B\x97\
\x000\xb7\xac\x1ad\xbeh_\x15:i\x02F\x00\x81\
H\x0a\xe8\xad\xc1\xf4\xfe\xc9zV\xf3\xef\x7f\xff\xbb\x98\
\xc5aB\xdfN\xbd\xccAg9\xb0!\xe0\xa5\x80\xae\
\xfe>p\xe0@y\xfc\xf1\xc7C3\x1b\xe0\xa8\xa3\x8e\
\xf2\x92\x84\xb2\x11@\x00\x01\x04B$\xa0cR\x1d\x9b\
\x86(d'\xd4P%\x00\xcc\xb4\xd4\x86\xc5\xc5\xc5\xff\
/l\xc8\xc4\x8b\x00\x02\xd1\x17\xd0\xdb\xba\xfd\xdf\xff\xfd\
\x9f\x1c~\xf8\xe1\xf2\xc0\x03\x0f\x84~F\xc0\xb5\xd7^\
\x1b\xeb\xbb\x22D\xff\x13kG\x0b\xb7l\xd9\xe2\x5c\x16\
\xa0\xeb\x04\x84a;\xf2\xc8#\xb9\xa5h\x18:\x8a\x18\
\x11@\x00\x01\x9f\x04\xcc\xd8\xf4Q\x1d\xa3\xfaT\x9d+\
\xd5\x84*\x01`\xbe(\xe8-\xff\x0et\xa5\xe5\x14\x82\
\x00\x02\x08x \xb0u\xebV\x195j\x94\x9cy\xe6\
\x99\xcem\xd2<\xa8\xc2\x97\x22u\x91\xb6\xdf\xfd\xeew\
\xbe\xd4E%\x08\xdcw\xdf}\xf2\xd1G\x1fY\x0f\xa1\
\xb7\x0a=\xf8\xe0\x83\xad\x8f\x93\x00\x11@\x00\x01\x04|\
\x13hZ2F\xf5\xad\xc2t+\x0aM\x02\xa0\xb0\xb0\
\xf0l\xb3`\x10sR\xd3\xedq\x8eG\x00\x01_\x04\
\xbe\xfa\xea+gz\xf3s\xcf=\xe7K}^T\xa2\
\xeb\x1b0\xd8\xf1B\x962\xf7\x15\xd0\x05\x01\xaf\xba\xea\
*Y\xb6l\xd9\xbeoY\xf7;\xeb\x00X\xd7%\x04\
\x84\x00\x02\x08\x04*\xa0cT\x1d\xab\x06\x1aD\x12\x95\
\x87\x22\x01`n\xb3\x90o\x16\xde\xfaK\x12\xedbW\
\x04\x10@ p\x01]\xec\xec\x9ak\xaeq\xd6\x08X\
\xb3fM\xe0\xf1$\x1b\x80\xde\x02\xf1\xd6[oM\xf6\
0\xf6G %\x81\x1f\x7f\xfcQ.\xbb\xec21+\
+\xa7t\xbc_\x07\xb5o\xdf\xde\xaf\xaa\xa8\x07\x01\x04\
\x10@ $\x02:V\xd51k\x18\xc2\x0dE\x02\xc0\
\x80\xeau\xffu\xc3\x00J\x8c\x08 \x80\xc0\xbe\x02z\
\x97\x80\xc1\x83\x07\x8b\xae\x13\x10\xb6\xed\x90C\x0e\x11]\
\x14\x90\x0d\x01?\x04&O\x9e,c\xc7\x8e\xf5\xa3\xaa\
\x94\xebh\xd4\xa8Q\xca\xc7r \x02\x08 \x80@d\
\x05\xea\x96\x8cY\xado\xa0\xf5\x09\x003\x9d\xe2\x223\
\xad\xa2\x9f\xf5\x92\x04\x88\x00\x02\x08T\x22\xa0S\x9b\x7f\
\xf6\xb3\x9f\xc9\xd2\xa5K+\xd9\xcb\xce\xb7.\xba\xe8\x22\
;\x03#\xaaH\x0a\xbc\xf4\xd2KV\xb7\xabA\x83\x06\
V\xc7Gp\x08 \x80\x00\x02\xc1\x08\xe8\x98U\xc7\xae\
\xc1\xd4\x9ex\xadV'\x00\x8a\x8a\x8aZ\x98L\xca\xe8\
\xc4\x9b\xc3\x9e\x08 \x80\x80\xbd\x02\x8b\x17/\x96\xb3\xce\
:K~\xf8\xe1\x07{\x83,'\xb2\xe3\x8f?^\xcc\
?h\xe5\xbc\xc3K\x08\xb8/0m\xda4\x993g\
\x8e\xfb\x05\xbbT\x223\x00\x5c\x82\xa4\x18\x04\x10@ \
\x82\x02:v\xd51\xac\xcdM\xb3:\x01`n\xab\xf0\
w\x83W\xc7f@bC\x00\x01\x04\x92\x11X\xb0`\
\x81\x0c\x1b6LV\xae\x5c\x99\xcca\x81\xee\x9b\x91\x91\
!\x17\x5cpA\xa01Py\xbc\x04^~\xf9ek\
\x1b\x5c\xaf^=\xd1\xbf\x096\x04\x10@\x00\x01\x04\xca\
\x11\xa8S2\x86-\xe7-;^\xb26\x01PPP\
0\xc2L\xa3\x18d\x07\x13Q \x80\x00\x02\xee\x09\xcc\
\x9b7\xcf\x99\x09\xb0z\xf5j\xf7\x0a\xf5\xb8\xa4SO\
=U\x98\xfa\xec12\xc5\x97\x09\xd8\x9c\x00\xc8\xca\xca\
\x12M\x02\xb0!\x80\x00\x02\x08 P\x9e\x80\x8eau\
,[\xde{6\xbcfe\x02\xc0L\x9b8`\xd7\xae\
]w\xdb\x00D\x0c\x08 \x80\x80\x17\x02\xb3g\xcf\x96\
\x11#F\x88\xc9\x12{Q\xbc\xebeV\xaf^]\xce\
>;4w\xb8q\xbd\xfd\x14\xe8\xaf\x80^.3i\
\xd2$\x7f+M\xa26\x92aI`\xb1+\x02\x08 \
\x10C\x01\x1d\xcb\xea\x98\xd6\xc6\xa6[\x99\x000_\x88\
u\xf0\xcf*;6~b\x88\x09\x01\x04\x5c\x13\xd0k\
\x9dG\x8f\x0e\xcf2'\x9a\x00\xc8\xcd\xcdu\xad\xfd\x14\
\x84@e\x02\xac\x03P\x99\x0e\xef!\x80\x00\x02\x08X\
.\xd0\xa0dLk]\x98\xd6%\x00\xcc\xfd\x13\xfb\x99\
i\x13?\xb7N\x8a\x80\x10@\x00\x01\x0f\x04\x1e~\xf8\
a\xf9\xec\xb3\xcf<(\xd9\xfd\x22\x1b6l(z)\
\x00\x1b\x02~\x08\xacX\xb1\xc2\x8fjR\xaaCg\xc4\
\xb0!\x80\x00\x02\x08 P\x99\x80\x8eiul[\xd9\
>A\xbcgU\x02\xc0\x5c+Q}\xc7\x8e\x1d\x7f\x0b\
\x02\x82:\x11@\x00\x81 \x04\xcc?\x0e\xf2\xdb\xdf\xfe\
V\xd6\xaf_\x1fD\xf5I\xd7y\xe1\x85\x17&}\x0c\
\x07 \x90\x8a\x80\xcd\x0ben\xd8\xb0!\x95&q\x0c\
\x02\x08 \x80@\xcc\x04tl\xabc\x5c\x9b\x9amU\
\x02\xc0|\x11\xbe\xde\xe0\xb4\xb5\x09\x88X\x10@\x00\x01\
\xaf\x05\x96-[&7\xdcp\x83\xd7\xd5\xb8R\xbe\xc9\
dK\xb7n\xdd\x5c)\x8bB\x10\xa8L\xc0\xe6\x19\x00\
\xeb\xd6\xad\xab,t\xdeC\x00\x01\x04\x10@\xa0T\xa0\
m\xc9\x18\xb7\xf4\xf7\xc0\x7fZ\x93\x000_*\x15\xe7\
\x9a\xc0E\x08\x00\x01\x04\x10\x08@`\xdc\xb8q\xf2\xe2\
\x8b/\x06Ps\xf2U\x0e\x1c80\xf9\x838\x02\x81\
$\x05lN\x00\x84e\xc6N\x92\xe4\xec\x8e\x00\x02\x08\
 \xe0\x81\x80\x8equ\xac\xebA\xd1)\x15iM\x02\
`\xe7\xce\x9d\xf7\x98\x16\xb0\xbaTJ\xdd\xc8A\x08 \
\x10\x05\x81\x9bo\xbeY\x96.]j}SH\x00X\
\xdfE\x91\x08\xd0\xe6K\x00\x98\x01\x10\x89\x8f\x18\x8d@\
\x00\x01\x04\xfc\x12\xc8-\x19\xeb\xfaU_\xa5\xf5X\x91\
\x00(,,<\xd9dFN\xac4R\xdeD\x00\x01\
\x04\x22.\xb0i\xd3&\xb9\xf3\xce;\xadoe\xabV\
\xad\xa4C\x87\x0e\xd6\xc7I\x80\xe1\x16X\xbbv\xad\x95\
\x0d\xd8\xbe}\xbb\xe8\x83\x0d\x01\x04\x10@\x00\x81D\x05\
t\xackf\x01\x0cNt\x7f/\xf7\x0b<\x01`\xee\
\x8fX\xcddD\xc6x\xd9H\xcaF\x00\x01\x04\xc2\x22\
\xf0\xca+\xaf\xc8\xf4\xe9\xd3\xad\x0f\x97Y\x00\xd6wQ\
\xe8\x03\xacY\xb3\xa6\x95m\xe0\xec\xbf\x95\xddBP\x08\
 \x80\x80\xf5\x02fA\xc0{t\xec\x1bt\xa0\x81'\
\x00\xcc\xe0\xffw\x06\xa1M\xd0\x10\xd4\x8f\x00\x02\x08\xd8\
\x220r\xe4H[B\xa90\x8eA\x83\x06U\xf8\x1e\
o \xe0\x86@\x9d:u\xdc(\xc6\xf52\x96/_\
\xeez\x99\x14\x88\x00\x02\x08 \x10\x0b\x816%c\xdf\
@\x1b\x1bh\x02\xa0}\xfb\xf6\xcd\x0c\x82\xae\xfc\xcf\x86\
\x00\x02\x08 P\x22\xf0\xe1\x87\x1f\xcaW_}e\xb5\
G\xbbv\xed\xc4\x5c\xbeeu\x8c\x04\x17n\x81\xbau\
\xebZ\xd9\x80\xa9S\xa7Z\x19\x17A!\x80\x00\x02\x08\
\xd8/`\xc6\xbe\xd7\xe9\x188\xc8H\x03M\x00l\xdb\
\xb6\xed\x0e\xd3\xf8\xbc \x01\xa8\x1b\x01\x04\x10\xb0Q\xe0\
\xf1\xc7\x1f\xb71\xac\xbdbb\x16\xc0^\x1c\xfc\xe2\xb2\
@\xdb\xb6\xd6,\x98\xbcW\xcbH\x00\xec\xc5\xc1/\x08\
 \x80\x00\x02\xc9\x09\xd4,\x19\x03'w\x94\x8b{\x07\
\x96\x000g\x8f\xba\xee\xda\xb5k\x84\x8bm\xa1(\x04\
\x10@ 2\x02o\xbe\xf9\xa6\xd8|\x1b4\x85\x1e0\
`@d\xbci\x88}\x02\x1d;v\xb4/(\x13\xd1\
\x94)S\xac\x8c\x8b\xa0\x10@\x00\x01\x04\xc2!\xa0c\
`\x1d\x0b\x07\x15m`\x09\x00\x93\xf9\xb8\xcb4:\xb0\
\xfa\x83\x02\xa7^\x04\x10@ \x11\x013EL\x9ey\
\xe6\x99Dv\x0dl\x9f.]\xbaH\xb3f\x81\xceb\
\x0b\xac\xedT\xec\xbd@\xe7\xce\x9d\xbd\xaf$\xc9\x1a6\
o\xde,\xb3f\xcdJ\xf2(vG\x00\x01\x04\x10@\
`/\x81\xcc\x92\xb1\xf0^/\xfa\xf5K \x03ps\
\x0b\x84\x93\xcc\xad\x10\xfa\xf9\xd5H\xeaA\x00\x01\x04\xc2\
(\xa0\x09\x00M\x04\xd8\xbc\xf5\xee\xdd\xdb\xe6\xf0\x88-\
\xa4\x02\x0d\x1b6\x14\x1bg\x00L\x9b6M\xcc\x99\x9b\
\x90\xaa\x126\x02\x08 \x80\x80-\x02:\x16\xd61q\
\x10\xf1\x04\x91\x00\xc84\xb7@\xb0\xffF\xd7A\xf4\x06\
u\x22\x80\x00\x02{\x08\xfc\xf0\xc3\x0f2a\xc2\x84=\
^\xb1\xefi\xd7\xae\x81\xcd`\xb3\x0f\x83\x88\x5c\x138\
\xf1\xc4\x13%++\xcb\xb5\xf2\xdc*h\xf2\xe4\xc9n\
\x15E9\x08 \x80\x00\x021\x17(\x19\x13\xfb>\x1e\
\xf7\xbd\xc2\x82\x82\x82\xb3M_\xdbya_\xcc?\x84\
4\x1f\x01\x04\xec\x13\xf8\xf7\xbf\xffm_P{DD\
\x02`\x0f\x0c\x9e\xba&p\xf2\xc9'\xbbV\x96\x9b\x05\
\xbd\xf1\xc6\x1bn\x16GY\x08 \x80\x00\x02\xf1\x16\xe8\
X26\xf6U\xc1\xd7\x04@\xa7N\x9dr\xcd\xd4\xb9\
[}m!\x95!\x80\x00\x02!\x16x\xeb\xad\xb7\xac\
\x8e^o\x07X\xa3F\x0d\xabc$\xb8p\x09\xe8\xb5\
\xff\x87\x1ez\xa8uA\xcf\x9d;W&M\x9ad]\
\x5c\x04\x84\x00\x02\x08 \x10^\x01\x1d\x1b\xeb\x18\xd9\xcf\
\x16\xf8\x9a\x000\x8b\xe7\x5cl\x1aW\xe0g\x03\xa9\x0b\
\x01\x04\x10\x08\xb3\xc0\xd2\xa5K\xe5\xdbo\xbf\xb5\xb6\x09\
:M\xfb\xe0\x83\x0f\xb66>\x02\x0b\x9f\xc0\xaf\x7f\xfd\
k+\x83~\xe1\x85\x17\xac\x8c\x8b\xa0\x10@\x00\x01\x04\
B-PP2F\xf6\xad\x11\xbe%\x00\xccj\xd15\
\xcdbV7\xf8\xd62*B\x00\x01\x04\x22\x22\xf0\xce\
;\xefX\xdd\x92n\xdd\xbaY\x1d\x1f\xc1\x85G@?\
K\xc7\x1dw\x9cu\x01\xeb\xc2\x7f$\x00\xac\xeb\x16\x02\
B\x00\x01\x04\x22!\xa0cd\x1d+\xfb\xd5\x18\xdf\x12\
\x00\xeb\xd6\xad\xbb\xd24\xaa\x89_\x0d\xa3\x1e\x04\x10@\
 *\x02\x9f\x7f\xfe\xb9\xd5Ma\x1d\x00\xab\xbb'4\
\xc1\xe9l\x92;\xee\xb8\xc3\xcax?\xf9\xe4\x13\xd1E\
9\xd9\x10@\x00\x01\x04\x10\xf0@\xa0I\xc9X\xd9\x83\
\xa2\xf7/\xd2\x97\x04\x80\xb9\xae\xa1\x96\xb9\xd5\xc1o\xf6\
\xaf\x9eW\x10@\x00\x01\x04\xaa\x12\xd0\x95\xc7\xcdJ\xb1\
U\xed\x16\xd8\xfb\xcc\x00\x08\x8c>R\x15_r\xc9%\
b\xbe/X\xd9\xa6\xe7\x9f\x7f\xde\xca\xb8\x08\x0a\x01\x04\
\x10@ \x1a\x02:V\xd61\xb3\x1f\xad\xf1%\x01\xb0\
i\xd3\xa6+Lc\x1a\xfa\xd1 \xea@\x00\x01\x04\xa2\
&\xb0m\xdb6\xf9\xe6\x9bo\xacmV\xb3f\xcd\xa4\
Q\xa3F\xd6\xc6G`\xf6\x0b\xb4i\xd3F~\xf5\xab\
_Y\x19\xe8\x8c\x193d\xfc\xf8\xf1V\xc6FP\x08\
 \x80\x00\x02\x91\x11hX2f\xf6\xbcA\x9e'\x00\
4\x93a\xae\x9d\xe3\xec\xbf\xe7]I\x05\x08 \x10e\
\x81\x09\x13&X\xdd\xbc\xee\xdd\xbb[\x1d\x1f\xc1\xd9+\
\x90\x97\x97'\xf7\xdcs\x8f\xe4\xe6\xfa\xba\x08r\xc2 \
\x7f\xf8\xc3\x1fD\xd7\x00`C\x00\x01\x04\x10@\xc0K\
\x01\x1d3\xfb1\x0b\xc0\xf3\x04\x80\xc9d\xfc\xd2@q\
j\xc8\xcbO\x0be#\x80@\xe4\x05&N\x9chu\
\x1b\xcd\xe25V\xc7Gpv\x0aT\xabVM\x1e}\
\xf4Q\xd1[\xff\xd9\xb8\xbd\xfd\xf6\xdb\xf2\xe9\xa7\x9f\xda\
\x18\x1a1!\x80\x00\x02\x08DO\xa0Q\xc9\xd8\xd9\xd3\
\x96y\x9a\x00\xd0\xd5\x0cM&\xe3w\x9e\xb6\x80\xc2\x11\
@\x00\x81\x18\x08L\x9f>\xdd\xeaV\x1et\xd0AV\
\xc7Gp\xf6\x09dgg\xcb\x83\x0f>(\x87\x1f~\
\xb8}\xc1\x99\x88\x8a\x8b\x8b\xe5O\x7f\xfa\x93\x95\xb1\x11\
\x14\x02\x08 \x80@4\x05t\xec\xec\xf5\x1d\x01<M\
\x00\xac_\xbf\xfeB\xd35\x9c\xfd\x8f\xe6\xe7\x93V!\
\x80\x80\x8f\x02\x8b\x16-\x92-[\xb6\xf8XcrU\
5o\xde<\xb9\x03\xd8;\xd6\x02\x0d\x1a4\x90G\x1e\
yD\xfa\xf4\xe9c\xad\xc3\xe3\x8f?.\xf3\xe7\xcf\xb7\
6>\x02C\x00\x01\x04\x10\x88\xa4@\xa3\x921\xb4g\
\x8d\xf3,\x01\xd0\xa3G\x8f\x1csOC\xae\xfd\xf7\xac\
\xeb(\x18\x01\x04\xe2&0k\xd6,k\x9bL\x02\xc0\
\xda\xae\xb1.0\x1d\xf4\xbf\xf5\xd6[r\xec\xb1\xc7Z\
\x17[i@\x9ap\xbb\xef\xbe\xfbJ\x7f\xe5'\x02\x08\
 \x80\x00\x02\xbe\x09\xe8\x18Z\xc7\xd2^U\xe8Y\x02\
`\xcd\x9a5\xc3222\xf2\xbd\x0a\x9cr\x11@\x00\
\x81\xb8\x09\xcc\x9c9\xd3\xda&\xd7\xae][j\xd5\xf2\
\xe5\xee5\xd6\x1a\x10X\xe5\x02z\xd6\xff\xb6\xdbn\x93\
\xc7\x1e{\xcc\xea\xbbFl\xde\xbcY~\xf1\x8b_\xc8\
\xc6\x8d\x1b+o\x10\xef\x22\x80\x00\x02\x08 \xe0\x81\x80\
\x8e\xa1u,\xedA\xd1N\x91\xd9\x1e\x15\x9ca2\x17\
W{T6\xc5\x22\x80\x00\x02\xb1\x14\xb0y\x06\x80v\
\x88\xce\x02\xf8\xfe\xfb\xefc\xd974\xbab\x81\xc2\xc2\
B\xb9\xf0\xc2\x0b\xe5\xd4SO\x15]\xf4\xcf\xf6\xed\xea\
\xab\xaf\x16\xbd\xf5\x1f\x1b\x02\x08 \x80\x00\x02A\x09\x94\
\x8c\xa5\x9f4\xf5\xefv;\x06O\x12\x00\xe6\x1f\xfb\xc1\
&\xe8Nn\x07Ky\x08 \x80@\x9c\x05\xe6\xcd\x9b\
gu\xf3\x9b5kF\x02\xc0\xea\x1e\xf2/\xb8\xfc\xfc\
|\xe9\xdd\xbb\xb7\xf4\xeb\xd7\xcf\x99\xeao\xcef\xf8W\
y\x1a5=\xf0\xc0\x03\xf2\xfa\xeb\xaf\xa7Q\x02\x87\x22\
\x80\x00\x02\x08 \xe0\x8a@'\x1dS\x9b\xef~\xaf\xb9\
R\xda\x1e\x85x\x92\x000\x83\x7fV\xfe\xdf\x03\x99\xa7\
\x08 \x80\x80\x1b\x02K\x97.u\xa3\x18\xcf\xcah\xd1\
\xa2\x85geS\xb0\xbd\x02yyyRTT$m\
\xdb\xb6\x95\xae]\xbb:\x03\xffV\xadZ\xd9\x1bp\x05\
\x91}\xf0\xc1\x072z\xf4\xe8\x0a\xde\xe5e/\x04.\
\xb9\xe4\x129\xe5\x94S\xbc(:6e\xee\xde\xbd[\
6l\xd8\xe0\x5c\xb2\xa2?\xd7\xae]\xeb\xcc`\xd1\xd9\
X\xe6\xfbxl\x1ch(\x02Q\x14(\x19S\xdb\x9f\
\x000_\x02\xbao\xdf\xbe\xbdw\x14;\x816!\x80\
\x00\x02A\x0a,[\xb6,\xc8\xea\xab\xac\xbbi\xd3\xa6\
U\xee\xc3\x0e\xe1\x10\xc8\xca\xcar\xa6\xeb\xe7\xe6\xe6J\
\xdd\xbau\xa5a\xc3\x86\xceu\xfb\xfa\xb3\xf4QPP\
\xe0\x0c\xfau\xe6GX\xce\xf0W\xa4?m\xda4\xf9\
\xd5\xaf~%:\x98b\xf3O\xc0\xe6\xbb@\xf8\xa7\xe0\
MM\xdb\xb6m\x93\xef\xbe\xfbN>\xf9\xe4\x13y\xf6\
\xd9ge\xc9\x92%\xdeTD\xa9\x08 \xe0\xa5@o\
\x1d[\xcf\x9e={\x92\x9b\x95\xb8>\x03\xc0\x0c\xfe\xaf\
r3@\xcaB\x00\x01\x04\x10\xf8\xaf\x80Y\x10F\xcc\
\xffcE\x07e6n:\x10d\xabZ@\x07\xd7\x13\
&L\xa8zG\x1f\xf7\xd0\x98\xf4s\x95\x93\x93\xe3<\
\xc2>\xa0O\x86\xee\xf3\xcf?w\xd6(\xd8\xb4iS\
2\x87\xb1/\x02V\x0b\xe8z\x1b\xdd\xbbww\x1e\xbf\
\xfc\xe5/\xe5\x033\xc3\xe5\xc1\x07\x1f\xb4\xee\xff=V\
#\x12\x1c\x02\x16\x08\x94\x8c\xadG\xb8\x19\x8a\xab\x09\x00\
s\x9dB\x133U\xe1gn\x06HY\x08 \x80\x00\
\x02\xff\x13\xd0Y\x00\xb6N\xaf\xe6\x12\x80\xff\xf5SU\
\xcf\x1a5jT\xd5.\xbc\xef\x83\x80\xde\x8eP\xcf\xfc\
kb\x8d\x0d\x81\xa8\x0adff\xcaq\xc7\x1d'}\
\xfb\xf6\x95\x87\x1f~XF\x8d\x1a%;v\xec\x88j\
si\x17\x02Q\x13\xf8\x99\x19c_m\xd6\x02\xf8\xc1\
\xad\x86\xb9z\x1b@3u\xee2\x13\x98\x9d\xa7\xa6\xdc\
\x12\xa3\x1c\x04\x10@ @\x01\x9b/\x03`\x06@\x80\
\x1f\x0c\xaaNZ\xe0\xb9\xe7\x9e\x93\xcb.\xbb\x8c\xc1\x7f\
\xd2r\x1c\x10V\x01\x9d\xd9\xa3\xb7\xb8|\xf9\xe5\x97\xa5\
~\xfd\xfaam\x06q#\x107\x81\xdc\x921\xb6k\
\xedv-\x01\xd0\xa9S\xa7\xdc]\xbbv]\xe2Zd\
\x14\x84\x00\x02\x08 \xb0\x9f\xc0\x8a\x15+\xf6{\xcd\x96\
\x17\x9a4i\x22:\x95\x9c\x0d\x01\xdb\x05t*\xf45\
\xd7\x5c#\xe6{\x8b\xed\xa1\x12\x1f\x02\xae\x0b\x98\xef\xec\
\xf2\xe8\xa3\x8fJ\xf5\xea\xd5]/\x9b\x02\x11@\xc0}\
\x01\x1dc\xebX\xdb\xad\x92]K\x00\x98k\xe7N5\
A5v+0\xcaA\x00\x01\x04\x10\xd8_`\xfd\xfa\
\xf5\xfb\xbfh\xc9+:\xcd\xb4^\xbdz\x96DC\x18\
\x08\xec/\xb0n\xdd:\xb9\xe2\x8a+d\xe4\xc8\x91\xfb\
\xbf\xc9+\x08\xc4H@\xd7\x07\x183fL\x8cZL\
S\x11\x08\xb5@\xe3\x92\xb1\xb6+\x8dp-\x01\xc0\xd9\
\x7fW\xfa\x83B\x10@\x00\x81J\x05lN\x00h\xe0\
5j\xd4\xa84~\xdeD (\x81\x8f?\xfeX\x06\
\x0c\x18 \xe3\xc6\x8d\x0b*\x04\xeaE\xc0*\x81\x81\x03\
\x07\xca\xb1\xc7\x1ekUL\x04\x83\x00\x02\xe5\x0b\xb89\
\xd6v%\x01`nO\xd0\xd1\x84\xca\xad\xff\xca\xef/\
^E\x00\x01\x04\x5c\x13\xd0\xfb<\xdb\xbc1\xa5\xd4\xe6\
\xde\x89gl[\xb7n\x95[n\xb9E\xce9\xe7\x1c\
\xf9\xe1\x07\xd7\xd6P\x8a'&\xad\x8e\x9c\xc0u\xd7]\
':{\x8b\x0d\x01\x04\xac\x17\xd0[\x02\xea\x98;\xed\
\xcd\x95\xbf\xf8\xe2\xe2b\xae\xfdO\xbb+(\x00\x01\x04\
\x10\xa8Z\xc0\xf6\x19\x00$\x00\xaa\xeeC\xf6\xf0O`\
\xea\xd4\xa9r\xd2I'\xc9\x13O<\xe1_\xa5\xd4\x84\
@\x88\x04\xda\xb7o/G\x1f}t\x88\x22&T\x04\
\xe2+\xe0\xd6\x98;\xed\x04@\x8f\x1e=\xf2\xcc\xca\x84\
\xe7\xc4\xb7+h9\x02\x08 \xe0\x9f\x80\xed\x09\x00.\
\x01\xf0\xef\xb3@M\x15\x0b\xe8b\x997\xdex\xa3\x9c\
r\xca)2w\xee\xdc\x8aw\xe4\x1d\x04\x10pn\x11\
\x08\x03\x02\x08\xd8/\xa0cn\x1d{\xa7\x1bi\xda\x09\
\x80\xd5\xabW\x9fn\x82\xa8\x9bn \x1c\x8f\x00\x02\x08\
 P\xb5\x00\x97\x00Tm\xc4\x1e\xf1\x15\xd0\x04\xd9\x9d\
w\xde\xe9\x5c\xd7\xfc\x8f\x7f\xfcCv\xee\xdc\x19_\x0c\
Z\x8e@\x82\x02\xc7\x1dw\x5c\x82{\xb2\x1b\x02\x08\x04\
,P\xb7d\xec\x9dV\x18\xd9i\x1dm\x0e6\x0b\x12\
\x9c\x9fn\x19\x1c\x8f\x00\x02\x08 \x90\x98\x80^\xcfl\
\xf3\xc6\x0c\x00\x9b{'\xba\xb1m\xd9\xb2E\x1e{\xec\
1y\xe8\xa1\x87\xc4\xf6Y2\xd1\xed\x05Z\x16V\x81\
\x96-[J\xb5j\xd5d\xdb\xb6mam\x02q#\
\x10\x1b\x013\x0b\xe0<\xd3\xd8\xb1\xe948\xad\x19\x00\
f!\x826\xa6\xf2c\xd2\x09\x80c\x11@\x00\x01\x04\
\x12\x17\xd8\xb1cG\xe2;\x07\xb0'k\x00\x04\x80\x1e\
\xf3*'M\x9a$}\xfa\xf4\x91Q\xa3F1\xf8\x8f\
\xf9g\x81\xe6\xa7.\xd0\xb0a\xc3\xd4\x0f\xe6H\x04\x10\
\xf0M\xc0$\x00t1@\x1d\x83\xa7\xbc\xa5\x95\x000\
\x0b\x11\x9ckj\xceH\xb9v\x0eD\x00\x01\x04\x10H\
J\x80\x04@R\x5c\xec\x1c\x03\x01\xbd\x9f\xf93\xcf<\
#\x97^z\xa94n\xdc8\x06-\xa6\x89\x08\xb8/\
p\xc0\x01\x07\xb8_(%\x22\x80\x80\x17\x02\x19%c\
\xf0\x94\xcbN'\x01\x90i2\x10#R\xae\x99\x03\x11\
@\x00\x01\x04\x92\x160\xff\xd3O\xfa\x18?\x0f`\x06\
\x80\x9f\xda\xd4U*\xd0\xbauk\xb9\xfa\xea\xab\xe5\xd3\
O?u.\x05\x184h\x90dg\xa7}\x95ci\
\xf1\xfcD \xf2\x02\x19\x19\x9c\xcf\x8b|'\xd3\xc0\xc8\
\x08\x94\x8c\xc1S\x1e\xc7\xa7|`aaa?\xa3\xd8\
22\x924\x04\x01\x04\x10\x08\x81\x80\xed3\x00X\x03\
 \x04\x1f\xa2\x08\x87\x98\x95\x95\xe5\x5c\x0e\xf0\xc0\x03\x0f\
\xc8\x97_~)\xb7\xdcr\x8bt\xec\xe8\xcam\x93#\
\xacF\xd3\x10\x10Y\xb9r%\x0c\x08 \x10\x1e\x81\x96\
%c\xf1\x94\x22N9\x01`2\x0f\xc3S\xaa\x91\x83\
\x10@\x00\x01\x04R\x16\xb0=\x01\xc0\x0c\x80\x94\xbb\x96\
\x03]\x16\xa8_\xbf\xbe\x9c{\xee\xb9\xf2\xfa\xeb\xaf\xcb\
\xf3\xcf?/\x87\x1dv\x98\xcb5P\x1c\x02\xd1\x110\
+\x8bG\xa71\xb4\x04\x81\x18\x08\xa43\x16O)\x01\
PPPP\xdd\xac\xfe\xff\xd3\x18\xd8\xd2D\x04\x10@\
\xc0*\x01\xdbok\xa6+I\xb3!`\x9b@\xcf\x9e\
=\xe5\xd9g\x9fu.\x0f8\xe8\xa0\x83l\x0b\x8fx\
\x10\x08T`\xe9\xd2\xa5b\xfb\x1df\x02\x05\xa2r\x04\
,\x14\xd0\xb1\xb8\x8e\xc9S\x09-\xa5\x04\x80\xb9Nh\
\xb0\xa9\xacN*\x15r\x0c\x02\x08 \x80@\xea\x029\
99\xa9\x1f\xec\xc3\x91\xb6\xcfP\xf0\x81\x80*,\x16\
\xd0\xbb\x05\xe8\x8c\x80{\xee\xb9G\xf2\xf3\xf3-\x8e\x94\
\xd0\x10\xf0O\xe0\x83\x0f>\xf0\xaf2jB\x00\x01\xb7\
\x04\xea\x94\x8c\xc9\x93./\xa5\x04\x80\xc98\x9c\x95t\
M\x1c\x80\x00\x02\x08 \x90\xb6\x80\xedg\xd8\xf5~\xec\
l\x08\xd8,\xa0\x8b\x9d\x0d\x192D\xde}\xf7]\xb9\
\xfd\xf6\xdb\x85\xd5\xcfm\xee-b\xf3C\x80\x04\x80\x1f\
\xca\xd4\x81\x80\xfb\x02\xa9\x8e\xc9\x93N\x00t\xeb\xd6\xad\
\x9e\xb9\xe6\xe0D\xf7\x9b@\x89\x08 \x80\x00\x02U\x09\
\xd8\x9e\x00\xd8\xb4iSUM\xe0}\x04\xac\x10\xd0\xbb\
\x04\x9c}\xf6\xd9\xf2\xe1\x87\x1f:?\xad\x08\x8a \x10\
\xf0Y`\xf1\xe2\xc5\xf2\xfe\xfb\xef\xfb\x5c+\xd5!\x80\
\x80\x1b\x02:&\xd7\xb1y\xb2e%\x9d\x00\xd8\xb0a\
\xc3PS\x09\x17y&+\xcd\xfe\x08 \x80\x80\x0b\x02\
\xb6'\x00\x98\x01\xe0B'S\x84\xaf\x02z\xe7\x0a\x9d\
\x09\xf0\xe0\x83\x0fJ\x9d:\x5c\xdd\xe8+>\x95\x05.\
p\xd7]w\x09\x97n\x05\xde\x0d\x04\x80@\xaa\x02\xd5\
\xcc\xd8|H\xb2\x07'\x9d\x000\xff\x9385\xd9J\
\xd8\x1f\x01\x04\x10@\xc0\x1d\x01\xdb\x13\x00\xcc\x00p\xa7\
\x9f)\xc5\x7f\x81\x01\x03\x06\xc8\xf8\xf1\xe3\xa5{\xf7\xee\
\xfeWN\x8d\x08\x04 0i\xd2$y\xe5\x95W\x02\
\xa8\x99*\x11@\xc0-\x0136?-\xd9\xb2\x92J\
\x00\xb4o\xdf\xbe\xb6\x99jpB\xb2\x95\xb0?\x02\x08\
 \x80\x80;\x02\xb6'\x006o\xde\xecNC)\x05\
\x81\x00\x04\x9a7o.\xcf=\xf7\x9c\x5cz\xe9\xa5\x01\
\xd4N\x95\x08\xf8'\xa0+\xff_|\xf1\xc5b\xbe\xd7\
\xfbW)5!\x80\x80\xeb\x02:6\xd71z2\x05\
'\x95\x00(..\xd6\xd5\xff\x99\xfe\x9f\x8c0\xfbz\
.\xa0\x0b:\xb1!\x10\x17\x01\x12\x00q\xe9i\xda\x19\
\x94\x80\xae\x0dp\xf5\xd5W\xcb\x13O<!\x0d\x1b6\
\x0c*\x0c\xeaE\xc03\x81u\xeb\xd6\xc9\x05\x17\x5c \
+W\xae\xf4\xac\x0e\x0aF\x00\x01\xdf\x04\xaa\x95\x8c\xd1\
\x13\xae0\xa9\x04\x80\xb9\xff4\xd3\xff\x13\xa6eG\xbf\
\x04\xf4\x8c\x0d\x1b\x02q\x11\xb0=\x01\xc0%\x00q\xf9\
$F\xbf\x9d\xc7\x1cs\x8c\xbc\xfc\xf2\xcb\xd2\xb4i\xd3\
\xe87\x96\x16\xc6F\xe0\xeb\xaf\xbf\x96\x13O<Qf\
\xcc\x98\x11\x9b6\xd3P\x04\xa2.\x90\xec\x18=\xe1\x04\
@\x8b\x16-j\x98)\x06\x83\xa2\x0eH\xfb\xc2'p\
\xd8a\x87\x85/h\x22F E\x81\xea\xd5\xab\xa7x\
\xa4?\x87q\x09\x80?\xce\xd4\xe2\x8f\x80\xf9\xee#O\
?\xfd4\xb7\x0a\xf4\x87\x9bZ<\x14\xd0\xb3\xfe\xf7\xdc\
s\x8f\x9cq\xc6\x19\xa2\xd3\xff\xd9\x10@ :\x02:\
F\xd7\xb1z\xa2-J8\x01\x90\x93\x93s\xbc)4\
/\xd1\x82\xd9\x0f\x01\xbf\x04V\xadZ\xe5WU\xd4\x83\
@\xe0\x02yyv\xffo\x98\x04@\xe0\x1f\x11\x02p\
Y\xa0\xa0\xa0\xc0I\x024h\xd0\xc0\xe5\x92)\x0e\x01\
o\x05\xf4\xfa\xfeo\xbf\xfdV\xae\xbd\xf6Z9\xfc\xf0\
\xc3\xe5\xde{\xef\x15s\xa6\xd0\xdbJ)\x1d\x01\x04\x82\
\x10\xc8+\x19\xab'TwvB{\x99\x9d\xcc\xffD\
\xf4\xfa\x7f6\x04\xac\x13\xf8\xf8\xe3\x8f\xad\x8b\x89\x80\x10\
\xf0J\xe0\x80\x03\x0e\xf0\xaahW\xca\xe5\x12\x00W\x18\
)\xc42\x81\xa2\xa2\x22y\xea\xa9\xa7d\xd8\xb0a\xa2\
gR\xd9\xdc\x11PKnA\x97\x9e\xa5\x0e\xe87n\
\xdc(\xeb\xd7\xafw\x1ej:s\xe6L\x99<y\xb2\
L\x992E\xcc-\xc2\xd2\xab\x80\xa3\x11@ \x14\x02\
%c\xf5\xd7\x12\x096\xe1\x04\xc0\xae]\xbbNJ\xa4\
@\xf6A\xc0o\x01\xcdp\xb3!\x10\x17\x81&M\x9a\
X\xdd\xd4-[\xb6X\x1d\x9f\x0d\xc1\xe9\x17v\xbd\x06\
\xd7\xe6M\x17W\xd5\xf5&j\xd4\xa8!:\xeb\xa4\xf4\
Q\xfa\xbb\xfe\xd4G\xdd\xbau\xa5\xb0\xb0PZ\xb7n\
\x1d\xf9\x05\xf3\x0e:\xe8 ga\xc0\xe1\xc3\x87;\x03\
.\x9b\xfb/,\xb1\xe9*\xf4_|\xf1EX\xc2%\
N\x04\x10@\xc0Z\x81d\xc6\xea\x09%\x00L\xe6\xbb\
\xfb\xf6\xed\xdbYi\xcd\xda.'0\x04\x10\x88\x8b\x80\
\xcd\x09\x00\xf3\xef\x04\xd3K\x13\xfc \xea\x19\xba\xa8m\
\xb5j\xd5r\x12\x01\x9a\x10(}\xb4m\xdbV:t\
\xe8 Q\xb9[K\x97.]\xe4\xf1\xc7\x1f\x973\xcf\
<\x93\xcfz\xd4>\xc0\xb4\x07\x01\x04\x10\x08\xb7@s\
\x1d\xb3\xcf\x9e={RU\xcdH(\x01\x90\xec\xad\x05\
\xaa\xaa\x94\xf7\x11@\x00\x01\x04R\x13\xb09\x01\xc0\xf5\
\xff\xa9\xf5iT\x8e\xd2i\xc8S\xa7Nu\x1e{\xb6\
I\xaf\x9d\xef\xdb\xb7\xaf\xf3\xe8\xdd\xbb\xb7\xd4\xae\x9d\xd4\
\xed\x8a\xf7,\xca\x8a\xe7=z\xf4\x90_\xfd\xeaW2\
f\xcc\x18+\xe2!\x08\x04\x10@\x00\x01\x04T\xa0d\
\xcc^e\x02 \xa1E\x00\xb9\xfe\x9f\x0f\x15\x02\x08 \
`\x87\x00\x09\x00;\xfa\x81(\x12\x17X\xb3f\x8d\xbc\
\xf0\xc2\x0br\xf9\xe5\x97K\xf7\xee\xdd\xe5g?\xfb\x99\
<\xf4\xd0C2g\xce\x9c\xc4\x0b\xb1l\xcf\xcb.\xbb\
L:v\xechYT\x84\x83\x00\x02\x08 \x10g\x81\
D\xc7\xecU&\x00\xf2\xf3\xf3\xeb\x1b\xc8\x9eq\xc6\xa4\
\xed\x08 \x80\x80\x0d\x02u\xea\xd4q\xae\xcb\xb6!\x96\
\xf2b`\x01\xc0\xf2TxmO\x01]\xff@\xaf\xf9\
\xfe\xf3\x9f\xff,\xc7\x1f\x7f\xbc\x5cp\xc1\x05\xfb\xcd\x18\
\xd8s\x7f[\x9fggg\xcb\xe8\xd1\xa3%++\xcb\
\xd6\x10\x89\x0b\x01\x04\x10@ ~\x02=K\xc6\xee\x95\
\xb6\xbc\xca\x04\x80\xf9\xc7\xad\x9f)\xa1\xca\xfd*\xad\x85\
7\x11@\x00\x01\x04\xd2\x16\xb0\xf9\xec\xbf6\x8e\xd5\xa6\
\xd3\xee\xe2\xd8\x15\xf0\xde{\xef\xc9\x90!CB\x99\x08\
\xd0E\x01\xaf\xb8\xe2\x8a\xd8\xf5\x19\x0dF\x00\x01\x04\x10\
\xb0V \xb3d\xec^i\x80U\x0e\xec\xcdT\x82\x13\
*-\x817\x11@\x00\x01\x04|\x11\xb0=\x010\x7f\
\xfe|_\x1c\xa8$z\x02{&\x02\xa6O\x9f\x1e\x9a\
\x06\xfe\xf2\x97\xbf\x14M\x04\xb0!\x80\x00\x02\x08 `\
\x83@\x22c\xf7*\x13\x00\xe6\x96\x02$\x00l\xe8M\
b@\x00\x81\xd8\x0b4on\xf7\xcdX\xe6\xcd\x9b\x17\
\xfb>\x02 =\x01M\x04\x0c\x1d:T^{-\xa1\
[\x19\xa7W\x99\x0bG\xeb\xa5\x00w\xddu\x17\x97\x02\
\xb8`I\x11\x08 \x80\x00\x02\xe9\x0b$2v\xaf4\
\x01\xd0\xa6M\x9b\x22\x13Fa\xfa\xa1P\x02\x02\x08 \
\x80@\xba\x02z;5\x9b\xb7\xb9s\xe7\xda\x1c\x1e\xb1\
\x85D@o'\xa9\xab\xec\xdf{\xef\xbd\xa1\x88Xg\
\x00\x0c\x1a4(\x14\xb1\x12$\x02\x08 \x80@\xe4\x05\
\x0aK\xc6\xf0\x156\xb4\xd2\x04\x809J\xaf\xffgC\
\x00\x01\x04\x10\xb0@\xc0\xf6\xa9\xc6$\x00,\xf8\x90D\
(\x84{\xee\xb9G\xae\xbc\xf2J\xd1\x84\x80\xed\xdb\x88\
\x11#l\x0f\x91\xf8\x10@\x00\x01\x04\xe2#P\xe9\x18\
\xbe\xd2\x04\xc0\x8e\x1d;\x8e\x8d\x8f\x13-E\x00\x01\x04\
\xec\x16\xb0\xf9\xb6c\xe6\x9a3a\x0d\x00\xbb??a\
\x8c\xee\xd5W_un\x1b\xb8e\xcb\x16\xab\xc3\xef\xd9\
\xb3'\xb7\x05\xb4\xba\x87\x08\x0e\x01\x04\x10\x88\x8f@U\
c\xf8J\x13\x00\xe6\x0b]\xef\xf8P\xd1R\x04\x10@\
\xc0^\x01\xbd\xfe\xbfv\xed\xda\xd6\x06\xb8l\xd92\xd9\
\xbau\xab\xb5\xf1\x11Xx\x05&M\x9a$\xa3F\x8d\
\xb2\xbe\x01\xcc\x02\xb0\xbe\x8b\x08\x10\x01\x04\x10\x88\x85@\
Uc\xf8\x0a\x13\x00EEEm\x8c\x90\xdd+N\xc5\
\xa2\x0bi$\x02\x08  \xd2\xa9S'\xab\x19X\x00\
\xd0\xea\xee\x09}p\x8f=\xf6\x98|\xf9\xe5\x97V\xb7\
CogX\xbf~}\xabc$8\x04\x10@\x00\x81\
X\x084/\x19\xcb\x97\xdb\xd8\x0a\x13\x00f\x05A\xce\
\xfe\x97K\xc6\x8b\x08 \x80\x80\xff\x02\xb6_\xff?g\
\xce\x1c\xffQ\xa81V\x02\xbf\xff\xfd\xef\xc5\xe6K\x01\
\xaaU\xab&\xc3\x86\x0d\x8bU\x9f\xd0X\x04\x10@\x00\
\x01;\x05*\x1b\xcbW\x96\x00\xe0\xfa\x7f;\xfb\x93\xa8\
\x10@ \x86\x02\xb6'\x00\xb8\xfe?\x86\x1fJ\x9f\x9b\
\xbcp\xe1B\x199r\xa4\xcf\xb5&W\xdd\xf0\xe1\xc3\
%###\xb9\x83\xd8\x1b\x01\x04\x10@\x00\x01\x97\x05\
L\x02\xa0\xc2\xb1|e\x09\x80\xa3]\x8e\x83\xe2\x10@\
\x00\x01\x04R\x14\xb0\xfd\x12\x00\xee\x00\x90b\xc7rX\
R\x02c\xc7\x8e\x95\xe9\xd3\xa7'u\x8c\x9f;7k\
\xd6Ll\xbf]\xa7\x9f\x1e\xd4\x85\x00\x02\x08 \x10\x8c\
\x80I\x00T8\x96/7\x01\xd0\xae]\xbbF&T\
]\x03\x80\x0d\x01\x04\x10@ `\x81\xfc\xfc|i\xd1\
\xa2E\xc0QT^=\x09\x80\xca}x\xd7=\x81\xd7\
^{\xcd\xbd\xc2<(I\xef\x08\xc0\x86\x00\x02\x08 \
\x80@\xc0\x02mJ\xc6\xf4\xfb\x85Qn\x02\xc0\xdc:\
\xa0\xd7~{\xf2\x02\x02\x08 \x80@ \x02}\xfa\xf4\
\x09\xa4\xdeD+\xd5\xfb\xb4/Y\xb2$\xd1\xdd\xd9\x0f\
\x81\xb4\x04\xc6\x8f\x1f\x9f\xd6\xf1^\x1fL\x02\xc0ka\
\xcaG\x00\x01\x04\x10HD\xa0\xa21}\xb9\x09\x00s\
\xeb\x80\xc3\x13)\x94}\x10@\x00\x01\x04\xbc\x17\xb0=\
\x01\xb0`\xc1\x021S\xcd\xbc\x87\xa0\x06\x04\x8c\x80~\
\xde\xa6M\x9bf\xad\x05\x09\x00k\xbb\x86\xc0\x10@\x00\
\x81X\x09T4\xa6/7\x01`\xbe\xc8\x91\x00\x88\xd5\
\xc7\x83\xc6\x22\x80\x80\xad\x02\xb9\xb9\xb9r\xc4\x11G\xd8\
\x1a\x9e\x13\x17\xd3\xff\xad\xee\x9eH\x06g\xf3,\x00]\
\x07\xa0i\xd3\xa6\x91t\xa7Q\x08 \x80\x00\x02\xe1\x11\
\xa8hL_^\x02 \xc3d\x0b\x0e\x0dO\xd3\x88\x14\
\x01\x04\x10\x88\xae\xc0\xe1\x87\x1f.\xd5\xabW\xb7\xba\x81\
\xb3g\xcf\xb6:>\x82\x8b\x9e\x80\xcd\x09\x00\xd5>\xf4\
P\xbeFE\xefSG\x8b\x10@\x00\x81p\x09\x94\x8c\
\xe9\xf7\xbb5\xcd~\x09\x80\xc2\xc2\xc2v\xa6iu\xc3\
\xd5<\xa2E\x00\x01\x04\xa2)p\xec\xb1\x15\xde\xc5\xc5\
\x9a\x06O\x9c8\xd1\x9aX\x08$\x1e\x02z\xdb\xc9\xe5\
\xcb\x97[\xdb\xd8\x1e=zX\x1b\x1b\x81!\x80\x00\x02\
\x08\xc4F\xa0n\xc9\xd8~\xaf\x06\xef\x97\x00\xc8\xcc\xcc\
\xec\xbe\xd7\x1e\xfc\x82\x00\x02\x08 \x10\x98@\xdf\xbe}\
\x03\xab;\x91\x8a\xf5\xda\xff\x09\x13&$\xb2+\xfb \
\xe0\xaa\xc0\x8a\x15+\x5c-\xcf\xcd\xc2\xbau\xeb\xe6f\
q\x94\x85\x00\x02\x08 \x80@J\x02\xe5\x8d\xed\xf7K\
\x00\x98\xa9\x02$\x00R\xe2\xe5 \x04\x10@\xc0]\x81\
\xf6\xed\xdb\x8b\xc9\xdc\xba[\xa8\xcb\xa5\xe9=\xd97n\
\xdc\xe8r\xa9\x14\x87@\xd5\x02+W\xae\xacz\xa7\x80\
\xf6h\xd4H\xef\xa6\xcc\x86\x00\x02\x08 \x80@\xb0\x02\
\xe5\x8d\xed\xf7K\x00\x98\xb39$\x00\x82\xed'jG\
\x00\x01\x04\x1c\x81\xb3\xce:\xcbz\x89\xcf?\xff\xdc\xfa\
\x18\x090\x9a\x026'\x00\xea\xd5\xab\x17MtZ\x85\
\x00\x02\x08 \x10*\x81\xf2\xc6\xf6$\x00B\xd5\x85\x04\
\x8b\x00\x02q\x11\xc8\xcb\xcb\x93SN9\xc5\xfa\xe6~\
\xf9\xe5\x97\xd6\xc7H\x80\xd1\x14\xb0\xf9\x12\x00\xfd\xfb\xcd\
\xce\xce\x8e&<\xadB\x00\x01\x04\x10\x08\x8d@\x95\x09\
\x80\xa2\xa2\xa2\x16\xa65\xcc[\x0bM\x97\x12(\x02\x08\
DU`\xc8\x90!R\xabV-\xab\x9bg\xa6\x95\x09\
\x09\x00\xab\xbb(\xd2\xc1\xadZ\xb5\xca\xea\xf61\x0b\xc0\
\xea\xee!8\x04\x10@ .\x02\x8dJ\xc6\xf8e\xed\
\xddk\x06\x80\xc9\x10t){\x87'\x08 \x80\x00\x02\
\x81\x09\x0c\x1f><\xb0\xba\x13\xadx\xc6\x8c\x19\xb2v\
\xed\xdaDwg?\x04\x5c\x15\xb0y\x06\x806\x94\x04\
\x80\xab\xddMa\x08 \x80\x00\x02)\x0a\xec;\xc6\xdf\
+\x01`\xce\xe6tL\xb1\x5c\x0eC\x00\x01\x04\x10p\
I\xa0k\xd7\xae\xd2\xa9S'\x97J\xf3\xae\x98\xb7\xdf\
~\xdb\xbb\xc2)\x19\x81\x90\x0b\x90\x00\x08y\x07\x12>\
\x02\x08 \x10\x11\x81}\xc7\xf8{%\x00v\xee\xdci\
\xff7\xce\x88t\x04\xcd@\x00\x01\x04*\x12\x08\xc3\xd9\
\x7f\x8d\xfd\xcd7\xdf\xac\xa8\x09\xbc\x8e\x80\xe7\x02\x8d\x1b\
7\xf6\xbc\x8et* \x01\x90\x8e\x1e\xc7\x22\x80\x00\x02\
\x08\xb8%\xb0\xef\x18\x7f\xaf\x04\x80\xa9\x84\x19\x00nI\
S\x0e\x02\x08 \x90\x82@~~\xbe\x0c\x1d:4\x85\
#\xfd=d\xe1\xc2\x85\xa2\xb7\x00dC (\x01\xdb\
o\xb5G\x02 \xa8O\x06\xf5\x22\x80\x00\x02\x08\xec#\
\xb0\xd7\x18\x7f\xdf\x04\xc0A\xfb\xec\xcc\xaf\x08 \x80\x00\
\x02>\x0a\x5c{\xed\xb5\x92\x93\x93\xe3c\x8d\xa9U\xf5\
\xd6[o\xa5v G!\xe0\x92\x80\xed\x09\x00s\xc6\
\xc5\xa5\x96R\x0c\x02\x08 \x80\x00\x02i\x09\xec5\xc6\
/K\x00\xb4n\xdd:\xdf\x14[;\xad\xa29\x18\x01\
\x04\x10@ e\x81\x9e={\xca\xa0A\x83R>\xde\
\xcf\x03\x99\xfe\xef\xa76u\x95'p\xc0\x01\x07\x94\xf7\
\xb25\xaf\xad[\xb7Y\xe33\x1e\x00\x00@\x00ID\
AT\xce\x9aX\x08\x04\x01\x04\x10@ \xd6\x02\xb5K\
\xc6\xfa\x0eBY\x02\xc0,\x0e\xd0>\xd6,4\x1e\x01\
\x04\x10\x08X\xe0\x86\x1bn\x088\x82\xc4\xaa\xd7\xd5\xd7\
\xbf\xfe\xfa\xeb\xc4vf/\x04<\x12\xb0=\x01\xb0~\
\xfdz\x8fZN\xb1\x08 \x80\x00\x02\x08$'\xb0\xe7\
X\xbf,\x01\x90\x91\x91Q\x94\x5c1\xec\x8d\x00\x02\x08\
 \xe0\x96\xc0O~\xf2\x13\xe9\xd6\xad\x9b[\xc5yZ\
\xce\xb8q\xe3<-\x9f\xc2\x11HD\xa0I\x93&\x89\
\xec\x16\xd8>\xcc\x00\x08\x8c\x9e\x8a\x11@\x00\x01\x04\xf6\
\x11\xd8s\xac_\x96\x000Y\x01\x12\x00\xfb@\xf1+\
\x02\x08 \xe0\x87@nn\xae\x5cs\xcd5~T\xe5\
J\x1d\xcf<\xf3\x8c+\xe5P\x08\x02\xa9\x0a\x14\x16\x16\
J\xd3\xa6MS=\xdc\x97\xe3H\x00\xf8\xc2L%\x08\
 \x80\x00\x02\x09\x08\x98\xb1~\x9b\xd2\xdd\xca\x12\x00f\
\xb1\x9a\xb2\x17K\xdf\xe4'\x02\x08 \x80\x80\xf7\x02\xd7\
_\x7f\xbd4k\xd6\xcc\xfb\x8a\x5c\xa8\xe1\xcb/\xbf\x94\
\xd9\xb3g\xbbP\x12E \x90\xba@\x18\xd6\xca \x01\
\x90z\xffr$\x02\x08 \x80\x80\xbb\x02f\xac_v\
\xb2\xbf,\x01`\xaa({\xd1\xdd\xea(\x0d\x01\x04\x10\
@\xa0\x22\x81\x13O<QF\x8c\x18Q\xd1\xdb\xd6\xbd\
\xfe\x8f\x7f\xfc\xc3\xba\x98\x08(~\x02\x03\x06\x0c\xb0\xba\
\xd1\xdb\xb7o\x97m\xdb\xb6Y\x1d#\xc1!\x80\x00\x02\
\x08\xc4J\xa0l\xac_\x9a\x00\xc80\xcdo\x1d+\x02\
\x1a\x8b\x00\x02\x08\x04,\xd0\xaaU+\x199rd\xc0\
Q$^\xfd\x9a5k\xe4\x8d7\xdeH\xfc\x00\xf6D\
\xc0\x03\x01\x9d\xfa\xdf\xa5K\x17\x0fJv\xafH\xce\xfe\
\xbbgII\x08 \x80\x00\x02\xae\x08\xe8X_\xc7\xfc\
\xe2$\x00\xcc\x97\xd0\x03\xcd\xf3\x1a\xfa\x02\x1b\x02\x08 \
\x80\x80\xf7\x02z\xdd\xff\x03\x0f< \xb5j\xd5\xf2\xbe\
2\x97j\xf8\xd7\xbf\xfe%\xc5\xc5\xc5.\x95F1\x08\
\xa4&0p\xe0\xc0\xd4\x0e\xf4\xf1\xa8Y\xb3f\xf9X\
\x1bU!\x80\x00\x02\x08 P\xa5@\x8d\x921\xff\x7f\
\x13\x00\x99\x99\x99-\xab<\x84\x1d\x10@\x00\x01\x04\x5c\
\x13\xb8\xe5\x96[\xa4c\xc7\x8e\xae\x95\xe7uA\xbbv\
\xed\x92\xa7\x9f~\xda\xebj(\x1f\x81*\x05\xf4\x8e\x19\
\xb6oS\xa6L\xb1=D\xe2C\x00\x01\x04\x10\x88\x99\
@\xe9\x98\xdf\x99\x01`n\x0b@\x02 f\x1f\x00\x9a\
\x8b\x00\x02\xc1\x09\x9cs\xce9r\xd6Yg\x05\x17@\
\x0a5\xbf\xf6\xdak\xb2`\xc1\x82\x14\x8e\xe4\x10\x04\xdc\
\x138\xfd\xf4\xd3Cq\xbb\xcc\xa9S\xa7\xba\xd7hJ\
B\x00\x01\x04\x10@\xc0\x05\x81\xd21\x7fvIY\xf9\
.\x94I\x11\x08 \x80\x00\x02U\x08\x9cw\xdeyr\
\xf3\xcd7W\xb1\x97]o\xeb\xd9\xff\xbf\xfc\xe5/v\
\x05E4\xb1\x13h\xd0\xa0\x81\xe8\x1d3\xc2\xb01\x03\
 \x0c\xbdD\x8c\x08 \x80@\xec\x04\x9c1\xbf\x93\x00\
0_\xee\x98\x01\x10\xbb\xfe\xa7\xc1\x08 \xe0\xb7\xc0\x85\
\x17^(7\xdcp\x83\xdf\xd5\xa6]\xdf\xb8q\xe3d\
\xce\x9c9i\x97C\x01\x08\xa4#p\xd3M7I\xbd\
z\xf5\xd2)\xc2\x97cW\xaf^-\xcb\x96-\xf3\xa5\
.*A\x00\x01\x04\x10@ Q\x81\xd21\xbf\x93\x00\
\xd8\xbd{7\x09\x80D\xe5\xd8\x0f\x01\x04\x10HA\xe0\
\x92K.\x91k\xae\xb9&\x85#\x83=\x84\xb3\xff\xc1\
\xfaS\xfb\x7f\x05\x8e9\xe6\x18\x19:th(88\
\xfb\x1f\x8an\x22H\x04\x10@ v\x02\xa5c\xfe\xd2\
\x04@\xf3\xd8\x09\xd0`\x04\x10@\xc0'\x81+\xae\xb8\
B~\xf3\x9b\xdf\xf8T\x9b\xbb\xd5\x8c\x1f?^f\xcf\
\x9e\xedn\xa1\x94\x86@\x12\x02\x8d\x1b7\x96?\xfd\xe9\
OI\x1c\x11\xec\xae\x5c\xff\x1f\xac?\xb5#\x80\x00\x02\
\x08\x94/`\x12\x00\xce\x98\xbft\x0d\x80&\xe5\xef\xc6\
\xab\x08 \x80\x00\x02\xa9\x0a\xd4\xaf__F\x8e\x1c)\
'\x9cpB\xaaE\x04z\xdc\x8e\x1d;\xe4\xde{\xef\
\x0d4\x06*\x8f\xb7\x80\xb9e\x91<\xf5\xd4S\xd2\xa2\
E\x8b\xd0@|\xfe\xf9\xe7\xa1\x89\x95@\x11@\x00\x01\
\x04b%\xe0\x8c\xf9I\x00\xc4\xaa\xcfi,\x02\x08\xf8\
%p\xd4QG\xc9\xddw\xdf-z\xf62\xac\xdb\xd8\
\xb1c9\xfb\x1f\xd6\xce\x8b@\xdc\x1d:t\x90'\x9f\
|R\x1a5j\x14\x9a\xd6,]\xbaT\xbe\xf8\xe2\x8b\
\xd0\xc4K\xa0\x08 \x80\x00\x02\xb1\x12p\x12\x00\x99=\
z\xf4\xc83\xcd\xae\x19\xab\xa6\xd3X\x04\x10@\xc0#\
\x81\xec\xeclg\xa5r\x1d\xb8\x84y\xf0\xbfb\xc5\x0a\
\x193f\x8cGJ\x14\x8b@\xe5\x02={\xf6\x94\xe7\
\x9e{.T\x83\x7fm\xd1K/\xbdTy\xc3x\x17\
\x01\x04\x10@\x00\x81\xe0\x04j\xea\xd8?{\xd5\xaaU\
L\xff\x0f\xae\x13\xa8\x19\x01\x04\x22\x22\x90\x95\x95%C\
\x86\x0c\x91K/\xbdT\x8a\x8a\x8aB\xdf\xaa?\xfe\xf1\
\x8f\xb2i\xd3\xa6\xd0\xb7\x83\x06\x84K\xc0\xdc\xa3XN\
?\xfdt\xb9\xed\xb6\xdb\xa4z\xf5\xea\xe1\x0a\xdeDK\
\x02 t]F\xc0\x08 \x80@\xac\x04t\xec\x9f\x9d\
\x93\x93\xd3d\xfb\xf6\xed\xb1j8\x8dE\x00\x01\x04\xdc\
\x12\xc8\xcb\xcb\x93\xb3\xce:K\xce?\xff|i\xda\xb4\
\xa9[\xc5\x06Z\x8e^\xc3\xfc\xea\xab\xaf\x06\x1a\x03\x95\
\xc7O\xe0\x88#\x8e\x90\x1bo\xbcQ:v\xec\x18\xca\
\xc6\xeb\xe2\x7f\xdc.3\x94]G\xd0\x08 \x80@l\
\x04t\xec\x9f\xbds\xe7\xce\x03b\xd3b\x1a\x8a\x00\x02\
\x08\xb8$PXX\xe8\x9c\xa9\xfc\xf9\xcf\x7f.\xb5k\
\xd7v\xa9\xd4\xe0\x8b\xd1\x85\xffn\xbe\xf9\xe6\xe0\x03!\
\x82\xd8\x08\xb4n\xddZ\xae\xbb\xee:9\xfe\xf8\xe3C\
\xdd\xe6\x17_|1\xd4\xf1\x13<\x02\x08 \x80@\xf4\
\x05t\xec\x9f\x9d\x99\x99Y\xdf<\x89~ki!\x02\
\x08 \x90\x86\x80^\xdb\xdf\xabW/\xe9\xdb\xb7\xaf\x1c\
w\xdcq\xa2\x09\x80(n\xf7\xdf\x7f\xbf\xcc\x9a5+\
\x8aM\xa3M\x96\x09\xe8\x22\x7f\xc3\x86\x0dsf\xd0\xe8\
\xdfW\x987M\x9c\xbd\xf6\xdakan\x02\xb1#\x80\
\x00\x02\x08\xc4@@\xc7\xfe\xfa/n\xbd\x18\xb4\x95&\
\x22\x80\x00\x02\x09\x0b\xe8u\xc8-[\xb6t\xae\xe5o\
\xdb\xb6\xadt\xef\xde]\x8e>\xfah\xa9Y3\xda\xeb\
\xa5~\xf5\xd5Wr\xdf}\xf7%\xec\xc4\x8e\x08$+\
\xd0\xb9sg\x194h\x90\x9cx\xe2\x89RPP\x90\
\xec\xe1\xd6\xee\xff\xd6[o\xc9\x9a5k\xac\x8d\x8f\xc0\
\x10@\x00\x01\x04\x10(\x11\xa8\x97\xbd{\xf7n\x12\x00\
|\x1e\x10@\xc0u\x81Z\xb5j\x05vM\xbc\x0e\xe0\
M\x86SJ\x7f\xea\xd9Es\xcd\x93T\xabV\xcd\xf9\
Y\xa3F\x0d\xd1\x87\x0e\xe85\xcez\xf5\xeaI\xfd\xfa\
\xf5\xa5a\xc3\x86\xce\xa0_\xa7$\x87q\x01\xb2t:\
q\xfd\xfa\xf5r\xe5\x95W\xca\xae]\xbb\xd2)\x86c\
\x11\xd8K@\xff\xce\xf4\x9a\xfe\x01\x03\x068\x03\xff\x16\
-Z\xec\xf5~\x14~\xd1\xb3\xffw\xdduW\x14\x9a\
\xe2{\x1b\xf4\xff\xb9QY;\xc5w\xbc$+\xd4\xd9\
\xbe\x1b7n\x94\xcd\x9b7'y$\xbb#\x80@\x94\
\x04t\xec\xcf\x0c\x80(\xf5(mA\xc0\x22\x81\xf3\xce\
;O\xf4\xc1\x16\x0e\x81\xeb\xaf\xbf^\xf4\x1e\xe6l\x08\
\xa4\x22\xa0\x03}\xbd\xfbE\xbbv\xed\xca~\xea\xec\x19\
\x1d\xf0k\x22.\xca\xdb\xb3\xcf>+\xf3\xe6\xcd\x8br\
\x13=k\x9b^r\xc4\xe6\xaf\x80&\x026l\xd8 \
\xeb\xd6\xads.\xf7\x9a2e\x8aL\x9e<\xd9yh\
\x82\x80\x0d\x01\x04\x22/@\x02 \xf2]L\x03\x11@\
\x00\x81*\x04\xf4~\xeb\xaf\xbf\xfez\x15{\xf1\xb6[\
\x02: \xd6k\xdf\xc3\xb0\xe9\xec\x19\x9d%S:c\
Fg\xcd\x94>\xf4\x0e\x18\xfa\x5cg\xcf4k\xd6,\
\xf2\x03\xfd\xf2\xfaK\xcf\xa6\xdes\xcf=\xe5\xbd\xc5k\
\x08X)\xa0\xb7\xac\xd5Yo\xfah\xd5\xaaU\xd9\xe2\
\x9b:\x93e\xfc\xf8\xf1\xf2\xc4\x13O\xc8\xc4\x89\x13\xad\
\x8c\x9d\xa0\x10@\xc0\x15\x81z\xd9f\xba'\x97\x00\xb8\
bI!\x08 \x80@\xf8\x04f\xce\x9c)\xb7\xdez\
k\xf8\x02\x0fq\xc4zy\xca\x9f\xfe\xf4\xa7\x10\xb7\x80\
\xd0K\x05\x1ey\xe4\x111\xf7T.\xfd\x95\x9f\x08\x84\
V@\x93}?\xf9\xc9O\x9c\xc7\xb7\xdf~\xeb\xdc\x99\
C\x7f\xb2!\x80@\xb4\x04t\xec\x9fi\xfe\x13\xedU\
\xad\xa2\xd5g\xb4\x06\x81\xbd\x04\xccu<{\xfd\xce/\
\x08$#\xa0\x03\x17\xbdLc\xcb\x96-\xc9\x1c\xc6\xbe\
\x08 `\x04V\xaf^-\x0f=\xf4\x10\x16\x08DN\
@\x17\xeb|\xe9\xa5\x97\xe4\xe2\x8b/\x8e\xe5\xcc\x9e\xc8\
u(\x0dB`\x0f\x01\x1d\xfbg\x9a\xdfk\xec\xf1\x1a\
O\x11@ D\x02\xc5\xc5\xc5!\x8a\x96Pm\x12\xd8\
\xbau\xab\x5cx\xe1\x85\x5c\xf7oS\xa7\x10K\xa8\x04\
\xf4\x8e\x19,\xa8\x16\xaa.#\xd8$\x04tF\xc0\xb5\
\xd7^\xeb\xdc\x19&\xea\xebx$\xc1\xc2\xae\x08DA\
\xa0\x86&\x00\xf2\xa2\xd0\x12\xda\x80@\x1c\x05H\x00\xc4\
\xb1\xd7\xd3o\xb3\xce\x1c\xf9\xcdo~#\xba\xf8\x13\x1b\
\x02\x08$/0i\xd2$\xf9\xc7?\xfe\x91\xfc\x81\x1c\
\x81@\xc8\x04\x06\x0f\x1e,7\xdcpC\xc8\xa2&\x5c\
\x04\x10\xa8D \x8f\x04@%:\xbc\x85\x80\xed\x02$\
\x00l\xef!;\xe3\x1b5j\x94\xbc\xf1\xc6\x1bv\x06\
GT\x08X.\xa0\xab\xa7_~\xf9\xe5\xa2\xab\xa9\xb3\
!\x10\x07\x81\x0b.\xb8 4\x0b\x97\xc6\xa1?h#\
\x02i\x0a8\x09\x00.\x01HS\x91\xc3\x11\x08J\x80\
\x04@P\xf2\xe1\xad\xf7\xa9\xa7\x9e\x92\xbf\xfd\xedo\xe1\
m@\x82\x91o\xdb\xb6-\xc1=\xd9\x0d\x81\xe4\x04\xae\
\xbe\xfa\xeaP]:\xb3}\xfb\xf6\xe4\x1a\xc8\xde\x08\x94\
#\xf0\xfb\xdf\xff\xde\xb9#H9o\xf1\x12\x02\x08\x84\
K\x80K\x00\xc2\xd5_D\x8b\xc0\xde\x02\xdc\xb3wo\
\x0f~\xab\x5c@\xa7,\xdft\xd3M\x95\xef\x14\x91w\
\xf9\xdb\x88HGZ\xd6\x8c\xc7\x1e{L\xfe\xfd\xef\x7f\
[\x16U\xe5\xe1\xac_\xbf\xbe\xf2\x1dx\x17\x81\x04\x04\
\xf4v\x9f\x97]vY\x02{\xb2\x0b\x02\x08X.\xe0\
\xcc\x00\xc8\xb1<H\xc2C\x00\x81\x0a\x04~\xfc\xf1\xc7\
\x0a\xde\xe1e\x04\xf6\x16\xd03\xff7\xdex\xe3\xde/\
F\xf87\x06=\x11\xee\xdc\x80\x9a6u\xea\xd4P\xde\
\xbeq\xc3\x86\x0d\x01\x89Qm\xd4\x04\xce=\xf7\x5c\xc9\
\xcd\xcd\x8dZ\xb3h\x0f\x02q\x13\xc8\xd15\x00\xb2\xe2\
\xd6j\xda\x8b@T\x04H\x00D\xa5'\xbdm\xc7\x93\
O>\x19\x9b3\xff\xa5\x92;v\xec\x10.\x03(\xd5\
\xe0g\xba\x02:\xa3\xe4\x8a+\xae\x10\xfd\x5c\x85m#\
\x19\x16\xb6\x1e\xb37\xde\x1a5j\xc8\x11G\x1cao\
\x80D\x86\x00\x02\x89\x08d\x91\x00H\x84\x89}\x10\xb0\
T`\xcd\x9a5\x96FFX\xb6\x08<\xf1\xc4\x13r\
\xf3\xcd7\xdb\x12\x8e\xafqp\xe6\xd3W\xee\xc8V\xa6\
\x89$\x9d\xfa\xbcp\xe1\xc2P\xb6\x91\xbf\x83Pv\x9b\
\xb5A\xf7\xed\xdb\xd7\xda\xd8\x08\x0c\x01\x04\x12\x12\xc8\xca\
6\xbb\xe9\x83\x0d\x01\x04B(\xb0l\xd9\xb2\x10FM\
\xc8~\x08\xec\xda\xb5K\xc6\x8c\x19#\x7f\xfd\xeb_\xfd\
\xa8\xce\xca:\xf4\xccg\xa3F\x8d\xac\x8c\x8d\xa0\xc2!\
\xa0\x83\xff\x8b.\xbaH>\xfe\xf8\xe3p\x04\x5cN\x94\
$\x00\xcaA\xe1\xa5\x94\x05\x0e9\xe4\x90\x94\x8f\xe5@\
\x04\x10\xb0B \x9b\x19\x00V\xf4\x03A \x90\x9a\x80\
\x9e\x91\xe2VT\xa9\xd9E\xf9(\x9d\x192b\xc4\x88\
X\x0f\xfe\xb5\x7f\xe7\xcc\x99\x13\xe5n\xa6m\x1e\x0b\xe8\
\xe0\xff\xc2\x0b/\x0c\xf5\xe0_\x89\xe6\xcd\x9b\xe7\xb1\x14\
\xc5\xc7I\x80\xa4j\x9cz\x9b\xb6FT\x80K\x00\x22\
\xda\xb14+&\x02:\xf8_\xbcxqLZK3\
\x13\x11\x984i\x92\x0c\x1e<X>\xf9\xe4\x93Dv\
\x8f\xf4>\xbah\x1b\x1b\x02\xa9\x08l\xdd\xba\xd5\x19\xfc\
G\xe1\xefh\xf2\xe4\xc9\xa9\x10p\x0c\x02\xe5\x0a\x90\x00\
(\x97\x85\x17\x11\x08\x93\x80\x93\x00\xc8\x08S\xc4\xc4\x8a\
\x00\x02{\x0b\xcc\x9d;w\xef\x17\xf8-\xb6\x02z\xbd\
\xff\x19g\x9c!\x5c\x1a\xf2\xdf\x8f\xc07\xdf|\x13\xdb\
\xcf\x02\x0dO] J\x83\x7fU\xf8\xee\xbb\xefB\xb9\
xa\xea=\xc8\x91^\x0a\xe4\xe4\xe4\x88.\x06\xc8\x86\
\x00\x02\xa1\x15\xc8\xd0K\x00\xd8\x10@ \xc4\x02z\xc6\
\x97-\xde\x02\x9b7o\x96+\xaf\xbcRn\xb9\xe5\x16\
\xbe\xe8\xef\xf1Q\x982e\xca\x1e\xbf\xf1\x14\x81\xaa\x05\
V\xadZ%z\xab\xb3\xff\xfc\xe7?U\xef\x1c\x92=\
\xb6o\xdf.3f\xcc\x08I\xb4\x84i\xbb\x80\xde\x09\
c\xcb\x96-\xb6\x87I|\x08 P\x89\x00\x09\x80J\
px\x0b\x810\x08L\x9c81\x0ca\x12\xa3G\x02\
:\x03d\xe8\xd0\xa1\xf2\xea\xab\xafzTCx\x8b]\
\xbbv\xad,Z\xb4(\xbc\x0d r_\x05t\xa1\xbf\
\x81\x03\x07\xca\x17_|\xe1k\xbd~T\xc6e\x00~\
(\xc7\xa3\x8e\xd5\xabW\xc7\xa3\xa1\xb4\x12\x81\x08\x0b\x90\
\x00\x88p\xe7\xd2\xb4x\x08\xe8\x17\xbb0\xde\x9b:\x1e\
\xbd\xe3]+u\xfd\x87g\x9eyFN>\xf9d\x99\
5k\x96w\x15\x85\xbcd\x12#!\xef@\x1f\xc2\xd7\
\xff\x7f\x8e\x1c9R\xce9\xe7\x1c\x89\xea\xe0f\xfc\xf8\
\xf1>HRE\x1c\x04V\xae\x5c\x19\x87f\xd2F\x04\
\x22-@\x02 \xd2\xddK\xe3\xe2 \xa0\xd3\xbf\xdfy\
\xe7\x9d84\x956\x96\x08|\xf0\xc1\x07r\xe2\x89'\
\xca\xf5\xd7_/\xda\xffl\x15\x0b<\xfd\xf4\xd3\xa2\xb7\
DdC\xa0<\x01]D\xf5\xf4\xd3O\x97\x07\x1f|\
\xb0\xbc\xb7#\xf3\xdag\x9f}F\xa202\xbd\x19l\
C\xbe\xfe\xfa\xeb`\x03\xa0v\x04\x10H[\x80\x04@\
\xda\x84\x14\x80@\xf0\x02\xcf=\xf7\x5c\xf0A\x10\x81\xe7\
\x02\xd3\xa7O\x97\xb3\xcf>[\xce;\xef<\x999s\
\xa6\xe7\xf5E\xa1\x82\xa5K\x97\xca\xfb\xef\xbf\x1f\x85\xa6\
\xd0\x06\x97\x05^y\xe5\x15\x194h\x90\xc4ez\xbc\
.\x12\xca\x86@\xba\x02\xef\xbd\xf7^\xbaEp<\x02\
\x08\x04,\x90\x91\x9f\x9f\xbf;\xe0\x18\xa8\x1e\x01\x04\xd2\
\x14\xc8\xcc\xcc\x14\xfdG\xb9U\xabVi\x96\xc4\xe16\
\x0a,_\xbe\x5c\xee\xba\xeb.y\xe1\x85\x17d\xf7n\
\xfe\x97\x9dl\x1f\x1d{\xec\xb1\xf2\xf8\xe3\x8f'{\x18\
\xfbGT@\xcf\x86\xdfy\xe7\x9d\xb1\x19\xf8\x97vc\
^^\x9e\xb3\xbeA\xadZ\xb5J_\xe2'\x02I\x09\
l\xda\xb4I\xbaw\xef.\xc5\xc5\xc5I\x1d\xc7\xce\x08\
 `\x97\x003\x00\xec\xea\x0f\xa2A %\x01\x9d\xe2\
|\xd3M7\xa5t,\x07\xd9+\xa0_\xb6t\xe0\xdf\
\xb7o_\xf9\xd7\xbf\xfe\xc5\xe0?\xc5\xae\xfa\xf0\xc3\x0f\
\x9d\x04Y\x8a\x87sXD\x04\xf4\xae\x10:\x83\xe6\xac\
\xb3\xce\x8a\xdd\xe0_\xbbP/\x17\x1a5jTDz\
\x93f\x04!\xf0\xc8#\x8f0\xf8\x0f\x02\x9e:\x11p\
Y\x80\x19\x00.\x83R\x1c\x02A\x0a\x8c\x193\xc6Y\
\x11>\xc8\x18\xa8;}\x01\x9d\xb6\xaeg\xfb\xc7\x8e\x1d\
\x1b\xd9E\xc9\xd2WJ\xae\x84\x06\x0d\x1a\xc8\x1bo\xbc\
!\x8d\x1b7N\xee@\xf6\x0e\xbd\xc0\xec\xd9\xb3e\xf4\
\xe8\xd1\xf2\xd6[o\x85\xbe-n4\xe0\x81\x07\x1ep\
.}p\xa3,\xca\x88\x8f\xc0\x8a\x15+\xa4O\x9f>\
\xdc\x020>]NK#,@\x02 \xc2\x9dK\xd3\
\xe2'P\xa3F\x0dy\xea\xa9\xa7\xe4\x90C\x0e\x89_\
\xe3C\xde\xe2\xad[\xb7\xca\x9bo\xbe\xe9\x9c\xe9\xff\xf4\
\xd3O9\xdb\xefA\x7f\x1ey\xe4\x91\xf2\xe4\x93O\x8a\
^2\xc3\x16m\x01\xbdO\xb9\xae\xfd0n\xdc8g\
\xe0\xcfB\x90\xff\xebo\xbd\x04\xe0\xf5\xd7_\x17s\x09\
\xe8\xff^\xe4\x19\x02\x95\x08\xe8\xa5g\x97_~\xb9p\
7\x89J\x90x\x0b\x81\x10\x09\x90\x00\x08Qg\x11*\
\x02\x89\x08\xd4\xae][\xfe\xf9\xcf\x7fJ\xc7\x8e\x1d\x13\
\xd9\x9d}\x02\x16\xf8\xea\xab\xaf\x9cA\xbf\x0eTt\xca\
?\x9b\xb7\x02:\xfd\xfb\xb6\xdbn\x93\xec\xeclo+\
\xa2t\xdf\x05t\x8a\xbb\x0e\xfau\x90\xa2k\xa2hR\
\x8d\xad|\x81\xf6\xed\xdb\x8bN\xe7n\xd1\xa2E\xf9;\
\xf0*\x02{\x08\xe8m2\xa3~\xa7\x8c=\x9a\xcbS\
\x04\x22/@\x02 \xf2]L\x03\xe3(P\xb3fM\
\xf9\xe3\x1f\xff(C\x86\x0c\x89c\xf3\xados\xe9\x14\
\xff\x17_|Q\xe6\xcf\x9fo}\xbcQ\x0bPg\xc8\
\xe84\xe8&M\x9aD\xadi\xb1k\x8f\x0e\xfa\xdf}\
\xf7]\xe7\xf2\x0e\x1d\xfc3\xe8O\xfc#P\xa7N\x1d\
\xb9\xfb\xee\xbb\xa5_\xbf~\x89\x1f\xc4\x9e\xb1\x13x\xf4\
\xd1G\xe5\x8e;\xee\x88]\xbbi0\x02Q\x16 \x01\
\x10\xe5\xde\xa5m\xb1\x178\xe5\x94S\x9c\xc5\x01\xeb\xd5\
\xab\x17{\x8b\xa0\x00t\xea\xf1\xacY\xb3D\xcf\xf4\xeb\
\xfd\x93'N\x9c(\x0b\x16,\x08*\x1c\xea-\x11h\
\xd4\xa8\x91\xe8\x9a\x19G\x1f}4&!\x12X\xbf~\
\xbd|\xf7\xddw\xf2\xed\xb7\xdf:\x7fS\x1f|\xf0\x81\
l\xdb\xb6-D-\xb0/\xd4K/\xbdT\xae\xbc\xf2\
J\xa9V\xad\x9a}\xc1\x11Q`\x02\x1b6l\x90\x1b\
o\xbcQ^}\xf5\xd5\xc0b\xa0b\x04\x10\xf0F\x80\
\x04\x807\xae\x94\x8a\x805\x02\xba.\x80N{>\xff\
\xfc\xf3\xa5Y\xb3f\xd6\xc4\x15\xd5@t\x1a\xbf\xdeW\
\x5c\x07\xfa\xa5\x03\xfe\x8d\x1b7F\xb5\xb9\xa1oW\xd7\
\xae]\xe5\xbc\xf3\xce\x93\x93N:\x89\xcb\x02,\xeb\xcd\
e\xcb\x969\x83\xfdi\xd3\xa6I\xe9c\xc9\x92%\x96\
E\x19\x8dp\xea\xd7\xaf/\xc3\x86\x0d\x93\xe1\xc3\x87\xf3\
\xefD4\xba4\xe5Vh\xd2Zg\xd5\xdcz\xeb\xad\
\xa2\xb3\xd5\xd8\x10@ z\x02$\x00\xa2\xd7\xa7\xb4\x08\
\x81r\x05\xb2\xb2\xb2\xa4w\xef\xder\xcc1\xc78?\
\xdb\xb4iS\xee~\xbcX\xb5\xc0\x8f?\xfe(:8\
\xd1/G\xfa(}\xae\xab\x8d\xcf\x981CXp\xac\
jC\xdb\xf6\xd0\xcb\x01t\x00t\xc4\x11G\xc8\xc1\x07\
\x1f,\x9a8c\xf3^`\xf5\xea\xd5\xce\xdf\x8f\xfe\x0d\
\xe9c\xf1\xe2\xc52}\xfatg\xc0\xaf\x7fgl\xfe\
\x0a\xe8\x02\x99\xfd\xfb\xf7\x97\xc1\x83\x07K\xb7n\xdd\xa4\
y\xf3\xe6\xfe\x06@m\x81\x09\xacY\xb3F\x9e\x7f\xfe\
yg!a\xfd;dC\x00\x81\xe8\x0a\x90\x00\x88n\
\xdf\xd22\x04*\x158\xf0\xc0\x03\xa5C\x87\x0eRP\
P \xadZ\xb5r\x1e:\x08\xd2\x81\x8f>\xf2\xf2\xf2\
\x9c\x9f999\x95\x96\x13\xa67w\xee\xdc\xe9L\x17\
\xd6\xeb\x84u\xda\xb0\xfe\xdc\xf3yy\xaf\xe9\x00e\xcf\
\x81\xbe\x0eR\xb8\xce8L\xbd\x9e|\xac:\x08j\xd7\
\xae\x9dt\xef\xde\xddI\x06\xe8\xe5\x02z\xbdt\xe9C\
\x17\xda\xd4\x95\xd4\xe3t7\x01Mj\xe9\xdfO\xe9C\
\x7f\xdf\xb1c\x87\x93\xec*\xfd\xbb\xd1\xeb\xf1u\xf5}\
\xfd\xa9\x7f#\xfaS\xa7\x11\xaf]\xbb\xd6y\xe8\x80^\
\x1f\xeb\xd6\xadsno\xb9|\xf9r\xee)\x9e\xfc\xc7\
\xd3\xd7#\xf4\xf6\x99\x9a\x08\xd0\x992\x9a4\xd6\xbf\x01\
\xfd\xfc\xef\xf9\x93K\x07|\xed\x92\x94+\xd3\xbfY\x9d\
\x8d\xa6\x7f\x93z)\x8d\xfe\x1d\xce\x9c9S\xa6N\x9d\
*\x93&M\x92\xb9s\xe7\xa6\x5c6\x07\x22\x80@\xb8\
\x04H\x00\x84\xab\xbf\x88\x16\x01\x04\x10@\x00\x01\x04\x10\
@\x00\x01\x04\x10@\x00\x81\x94\x04\xb8\x19rJl\x1c\
\x84\x00\x02\x08 \x80\x00\x02\x08 \x80\x00\x02\x08 \x80\
@\xb8\x04H\x00\x84\xab\xbf\x88\x16\x01\x04\x10@\x00\x01\
\x04\x10@\x00\x01\x04\x10@\x00\x81\x94\x04H\x00\xa4\xc4\
\xc6A\x08 \x80\x00\x02\x08 \x80\x00\x02\x08 \x80\x00\
\x02\x08\x84K\x80\x04@\xb8\xfa\x8bh\x11@\x00\x01\x04\
\x10@\x00\x01\x04\x10@\x00\x01\x04\x10HI\x80\x04@\
Jl\x1c\x84\x00\x02\x08 \x80\x00\x02\x08 \x80\x00\x02\
\x08 \x80@\xb8\x04H\x00\x84\xab\xbf\x88\x16\x01\x04\x10\
@\x00\x01\x04\x10@\x00\x01\x04\x10@\x00\x81\x94\x04H\
\x00\xa4\xc4\xc6A\x08 \x80\x00\x02\x08 \x80\x00\x02\x08\
 \x80\x00\x02\x08\x84K\x80\x04@\xb8\xfa\x8bh\x11@\
\x00\x01\x04\x10@\x00\x01\x04\x10@\x00\x01\x04\x10HI\
\x80\x04@Jl\x1c\x84\x00\x02\x08 \x80\x00\x02\x08 \
\x80\x00\x02\x08 \x80@\xb8\x04H\x00\x84\xab\xbf\x88\x16\
\x01\x04\x10@\x00\x01\x04\x10@\x00\x01\x04\x10@\x00\x81\
\x94\x04H\x00\xa4\xc4\xc6A\x08 \x80\x00\x02\x08 \x80\
\x00\x02\x08 \x80\x00\x02\x08\x84K\x80\x04@\xb8\xfa\x8b\
h\x11@\x00\x01\x04\x10@\x00\x01\x04\x10@\x00\x01\x04\
\x10HI\x80\x04@Jl\x1c\x84\x00\x02\x08 \x80\x00\
\x02\x08 \x80\x00\x02\x08 \x80@\xb8\x04H\x00\x84\xab\
\xbf\x88\x16\x01\x04\x10@\x00\x01\x04\x10@\x00\x01\x04\x10\
@\x00\x81\x94\x04H\x00\xa4\xc4\xc6A\x08 \x80\x00\x02\
\x08 \x80\x00\x02\x08 \x80\x00\x02\x08\x84K\x80\x04@\
\xb8\xfa\x8bh\x11@\x00\x01\x04\x10@\x00\x01\x04\x10@\
\x00\x01\x04\x10HI\x80\x04@Jl\x1c\x84\x00\x02\x08\
 \x80\x00\x02\x08 \x80\x00\x02\x08 \x80@\xb8\x04H\
\x00\x84\xab\xbf\x88\x16\x01\x04\x10@\x00\x01\x04\x10@\x00\
\x01\x04\x10@\x00\x81\x94\x04H\x00\xa4\xc4\xc6A\x08 \
\x80\x00\x02\x08 \x80\x00\x02\x08 \x80\x00\x02\x08\x84K\
\x80\x04@\xb8\xfa\x8bh\x11@\x00\x01\x04\x10@\x00\x01\
\x04\x10@\x00\x01\x04\x10HI\x80\x04@Jl\x1c\x84\
\x00\x02\x08 \x80\x00\x02\x08 \x80\x00\x02\x08 \x80@\
\xb8\x04H\x00\x84\xab\xbf\x88\x16\x01\x04\x10@\x00\x01\x04\
\x10@\x00\x01\x04\x10@\x00\x81\x94\x04H\x00\xa4\xc4\xc6\
A\x08 \x80\x00\x02\x08 \x80\x00\x02\x08 \x80\x00\x02\
\x08\x84K \xe3\x93O>\xd9\x1d\xae\x90\x89\x16\x01\x04\
\x10@\x00\x01\x04\x10@\x00\x01\x04\x10@\x00\x01\x04\x92\
\x15`\x06@\xb2b\xec\x8f\x00\x02\x08 \x80\x00\x02\x08\
 \x80\x00\x02\x08 \x80@\x08\x05H\x00\x84\xb0\xd3\x08\
\x19\x01\x04\x10@\x00\x01\x04\x10@\x00\x01\x04\x10@\x00\
\x81d\x05H\x00$+\xc6\xfe\x08 \x80\x00\x02\x08 \
\x80\x00\x02\x08 \x80\x00\x02\x08\x84P\x80\x04@\x08;\
\x8d\x90\x11@\x00\x01\x04\x10@\x00\x01\x04\x10@\x00\x01\
\x04\x10HV\x80\x04@\xb2b\xec\x8f\x00\x02\x08 \x80\
\x00\x02\x08 \x80\x00\x02\x08 \x80@\x08\x05H\x00\x84\
\xb0\xd3\x08\x19\x01\x04\x10@\x00\x01\x04\x10@\x00\x01\x04\
\x10@\x00\x81d\x05H\x00$+\xc6\xfe\x08 \x80\x00\
\x02\x08 \x80\x00\x02\x08 \x80\x00\x02\x08\x84P\x80\x04\
@\x08;\x8d\x90\x11@\x00\x01\x04\x10@\x00\x01\x04\x10\
@\x00\x01\x04\x10HV\x80\x04@\xb2b\xec\x8f\x00\x02\
\x08 \x80\x00\x02\x08 \x80\x00\x02\x08 \x80@\x08\x05\
H\x00\x84\xb0\xd3\x08\x19\x01\x04\x10@\x00\x01\x04\x10@\
\x00\x01\x04\x10@\x00\x81d\x05H\x00$+\xc6\xfe\x08\
 \x80\x00\x02\x08 \x80\x00\x02\x08 \x80\x00\x02\x08\x84\
P\x80\x04@\x08;\x8d\x90\x11@\x00\x01\x04\x10@\x00\
\x01\x04\x10@\x00\x01\x04\x10HV\x80\x04@\xb2b\xec\
\x8f\x00\x02\x08 \x80\x00\x02\x08 \x80\x00\x02\x08 \x80\
@\x08\x052\xf2\xf3\xf3w\x870nBF\x00\x01\x04\
\x10@\x00\x01\x04\x10@\x00\x01\x04\x10@\x00\x81$\x04\
\x98\x01\x90\x04\x16\xbb\x22\x80\x00\x02\x08 \x80\x00\x02\x08\
 \x80\x00\x02\x08 \x10V\x01\x12\x00a\xed9\xe2F\
\x00\x01\x04\x10@\x00\x01\x04\x10@\x00\x01\x04\x10@ \
\x09\x01\x12\x00I`\xb1+\x02\x08 \x80\x00\x02\x08 \
\x80\x00\x02\x08 \x80\x00\x02a\x15 \x01\x10\xd6\x9e#\
n\x04\x10@\x00\x01\x04\x10@\x00\x01\x04\x10@\x00\x01\
\x04\x92\x10 \x01\x90\x04\x16\xbb\x22\x80\x00\x02\x08 \x80\
\x00\x02\x08 \x80\x00\x02\x08 \x10V\x01\x12\x00a\xed\
9\xe2F\x00\x01\x04\x10@\x00\x01\x04\x10@\x00\x01\x04\
\x10@ \x09\x01\x12\x00I`\xb1+\x02\x08 \x80\x00\
\x02\x08 \x80\x00\x02\x08 \x80\x00\x02a\x15\xc84[\
Xc'n\x04\x10@\x00\x01\x04\x10@\x00\x01\x04\x10\
@\x00\x01\x04\x10H@@\xc7\xfe\x99\xd9\xd9\xd9B\x12\
 \x01-vA\x00\x01\x04\x10@\x00\x01\x04\x10@\x00\
\x01\x04\x10@ \x84\x02:\xe6\xd7\xb1\x7fvNN\x8e\
\xe8\x83\x0d\x01\x04\x10@\x00\x01\x04\x10@\x00\x01\x04\x10\
@\x00\x01\x04\xa2+\xc0\xfc\xff\xe8\xf6--C\x00\x01\
\x04\x10@\x00\x01\x04\x10@\x00\x01\x04\x10@\xa0L\x80\
\x04@\x19\x05O\x10@\x00\x01\x04\x10@\x00\x01\x04\x10\
@\x00\x01\x04\x10\x88\xae\x00\x09\x80\xe8\xf6--C\x00\
\x01\x04\x10@\x00\x01\x04\x10@\x00\x01\x04\x10@\xa0L\
\x80\x04@\x19\x05O\x10@\x00\x01\x04\x10@\x00\x01\x04\
\x10@\x00\x01\x04\x10\x88\xae\x00\x09\x80\xe8\xf6--C\
\x00\x01\x04\x10@\x00\x01\x04\x10@\x00\x01\x04\x10@\xa0\
L\x80\x04@\x19\x05O\x10@\x00\x01\x04\x10@\x00\x01\
\x04\x10@\x00\x01\x04\x10\x88\xae\x00\x09\x80\xe8\xf6--\
C\x00\x01\x04\x10@\x00\x01\x04\x10@\x00\x01\x04\x10@\
\xa0L\x80\x04@\x19\x05O\x10@\x00\x01\x04\x10@\x00\
\x01\x04\x10@\x00\x01\x04\x10\x88\xae\x00\x09\x80\xe8\xf6-\
-C\x00\x01\x04\x10@\x00\x01\x04\x10@\x00\x01\x04\x10\
@\xa0L\x80\x04@\x19\x05O\x10@\x00\x01\x04\x10@\
\x00\x01\x04\x10@\x00\x01\x04\x10\x88\xae\x00\x09\x80\xe8\xf6\
--C\x00\x01\x04\x10@\x00\x01\x04\x10@\x00\x01\x04\
\x10@\xa0L\x80\x04@\x19\x05O\x10@\x00\x01\x04\x10\
@\x00\x01\x04\x10@\x00\x01\x04\x10\x88\xae\x00\x09\x80\xe8\
\xf6--C\x00\x01\x04\x10@\x00\x01\x04\x10@\x00\x01\
\x04\x10@\xa0L\x80\x04@\x19\x05O\x10@\x00\x01\x04\
\x10@\x00\x01\x04\x10@\x00\x01\x04\x10\x88\xae\x00\x09\x80\
\xe8\xf6--C\x00\x01\x04\x10@\x00\x01\x04\x10@\x00\
\x01\x04\x10@\xa0L\x80\x04@\x19\x05O\x10@\x00\x01\
\x04\x10@\x00\x01\x04\x10@\x00\x01\x04\x10\x88\xae\x00\x09\
\x80\xe8\xf6--C\x00\x01\x04\x10@\x00\x01\x04\x10@\
\x00\x01\x04\x10@\xa0L\x80\x04@\x19\x05O\x10@\x00\
\x01\x04\x10@\x00\x01\x04\x10@\x00\x01\x04\x10\x88\xae\x00\
\x09\x80\xe8\xf6--C\x00\x01\x04\x10@\x00\x01\x04\x10\
@\x00\x01\x04\x10@\xa0L\x80\x04@\x19\x05O\x10@\
\x00\x01\x04\x10@\x00\x01\x04\x10@\x00\x01\x04\x10\x88\xae\
\x00\x09\x80\xe8\xf6--C\x00\x01\x04\x10@\x00\x01\x04\
\x10@\x00\x01\x04\x10@\xa0L\x80\x04@\x19\x05O\x10\
@\x00\x01\x04\x10@\x00\x01\x04\x10@\x00\x01\x04\x10\x88\
\xae\x00\x09\x80\xe8\xf6--C\x00\x01\x04\x10@\x00\x01\
\x04\x10@\x00\x01\x04\x10@\xa0L\x80\x04@\x19\x05O\
\x10@\x00\x01\x04\x10@\x00\x01\x04\x10@\x00\x01\x04\x10\
\x88\xae\x00\x09\x80\xe8\xf6--C\x00\x01\x04\x10@\x00\
\x01\x04\x10@\x00\x01\x04\x10@\xa0L\x80\x04@\x19\x05\
O\x10@\x00\x01\x04\x10@\x00\x01\x04\x10@\x00\x01\x04\
\x10\x88\xae\x00\x09\x80\xe8\xf6--C\x00\x01\x04\x10@\
\x00\x01\x04\x10@\x00\x01\x04\x10@\xa0L\x80\x04@\x19\
\x05O\x10@\x00\x01\x04\x10@\x00\x01\x04\x10@\x00\x01\
\x04\x10\x88\xae\x00\x09\x80\xe8\xf6--C\x00\x01\x04\x10\
@\x00\x01\x04\x10@\x00\x01\x04\x10@\xa0L\x80\x04@\
\x19\x05O\x10@\x00\x01\x04\x10@\x00\x01\x04\x10@\x00\
\x01\x04\x10\x88\xae\x00\x09\x80\xe8\xf6--C\x00\x01\x04\
\x10@\x00\x01\x04\x10@\x00\x01\x04\x10@\xa0L\x80\x04\
@\x19\x05O\x10@\x00\x01\x04\x10@\x00\x01\x04\x10@\
\x00\x01\x04\x10\x88\xae\x00\x09\x80\xe8\xf6--C\x00\x01\
\x04\x10@\x00\x01\x04\x10@\x00\x01\x04\x10@\xa0L\x80\
\x04@\x19\x05O\x10@\x00\x01\x04\x10@\x00\x01\x04\x10\
@\x00\x01\x04\x10\x88\xae@v\x9d:u\xa2\xdb:Z\
\x86\x00\x02\x08 \x80\x00\x02\x08 \x80\x00\x02\x08 \x80\
\x00\x02\x8e\x003\x00\xf8  \x80\x00\x02\x08 \x80\x00\
\x02\x08 \x80\x00\x02\x08 \x10\x03\x01\x12\x001\xe8d\
\x9a\x88\x00\x02\x08 \x80\x00\x02\x08 \x80\x00\x02\x08 \
\x80\x00\x09\x00>\x03\x08 \x80\x00\x02\x08 \x80\x00\x02\
\x08 \x80\x00\x02\x08\xc4@\x80\x04@\x0c:\x99&\x22\
\x80\x00\x02\x08 \x80\x00\x02\x08 \x80\x00\x02\x08 @\
\x02\x80\xcf\x00\x02\x08 \x80\x00\x02\x08 \x80\x00\x02\x08\
 \x80\x00\x021\x10 \x01\x10\x83N\xa6\x89\x08 \x80\
\x00\x02\x08 \x80\x00\x02\x08 \x80\x00\x02\x08\x90\x00\xe0\
3\x80\x00\x02\x08 \x80\x00\x02\x08 \x80\x00\x02\x08 \
\x80@\x0c\x04H\x00\xc4\xa0\x93i\x22\x02\x08 \x80\x00\
\x02\x08 \x80\x00\x02\x08 \x80\x00\x02$\x00\xf8\x0c \
\x80\x00\x02\x08 \x80\x00\x02\x08 \x80\x00\x02\x08 \x10\
\x03\x01\x12\x001\xe8d\x9a\x88\x00\x02\x08 \x80\x00\x02\
\x08 \x80\x00\x02\x08 \x80\x00\x09\x00>\x03\x08 \x80\
\x00\x02\x08 \x80\x00\x02\x08 \x80\x00\x02\x08\xc4@\x80\
\x04@\x0c:\x99&\x22\x80\x00\x02\x08 \x80\x00\x02\x08\
 \x80\x00\x02\x08 @\x02\x80\xcf\x00\x02\x08 \x80\x00\
\x02\x08 \x80\x00\x02\x08 \x80\x00\x021\x10 \x01\x10\
\x83N\xa6\x89\x08 \x80\x00\x02\x08 \x80\x00\x02\x08 \
\x80\x00\x02\x08dC\x80@\x90\x02\x19\x19\x19\x92\x99\x99\
\xe9<j\xd7\xae-EEE\x92\x9f\x9f/\xbbv\xed\
\x92\x1d;v\xc8\xb6m\xdbd\xcd\x9a52g\xce\x1c\
\xd9\xb0a\x83\xf3\xba\xbe\xb7{\xf7\xee \xc3\xa6n\x04\
\x10@\x00\x01\x04\x10@\x00\x01\x04\x10@ t\x02$\
\x00B\xd7e\xd1\x08X\x07\xfe999r\xc0\x01\x07\
\xc8\x91G\x1e)=z\xf4\x90f\xcd\x9aIVVV\
\xb9\x0d\xd4D\xc0\x82\x05\x0b\xe4\xbb\xef\xbe\x93\xa9S\xa7\
\xca\xd2\xa5Ke\xd3\xa6MNB\xa0\xdc\x03x\x11\x01\
\x04\x10@\x00\x01\x04\x10@\x00\x01\x04\x10@`/\x81\
\x8c^\xbdzq*u/\x12~\xf1Z@\x07\xf9\xf5\
\xeb\xd7\x97\x9e={\xcaq\xc7\x1d\xe7\x0c\xfc5!\x90\
\xe8\xb6u\xebV\x99<y\xb2|\xf4\xd1G\xb2h\xd1\
\x22Y\xbbv-\x89\x80D\xf1\xd8\x0f\x01\x04\x10@\x00\
\x01\x04\x10@\x00\x01\x04b+@\x02 \xb6]\x1fL\
\xc3u\xa0\xafg\xfa\x87\x0c\x19\x22\x87\x1dv\x983\x0b\
 \xd5HtV\xc0\xa4I\x93\xe4\xd3O?\x95\xb9s\
\xe7\xca\x8f?\xfe\x98jQ\x1c\x87\x00\x02\x08 \x80\x00\
\x02\x08 \x80\x00\x02\x08D^ \xabE\x8b\x16\xb7F\
\xbe\x954\xd0\x0a\x01\x1d\xfc7h\xd0@\x06\x0c\x18 \
G\x1f}tZ\x83\x7fmPvv\xb6\x98\xcf\xaft\
\xef\xde]j\xd6\xac):3@/\x0b\xd0\xb5\x03\xd8\
\x10@\x00\x01\x04\x10@\x00\x01\x04\x10@\x00\x01\x04\xf6\
\x16 \x01\xb0\xb7\x07\xbfy(P\xa3F\x0d9\xea\xa8\
\xa3\xa4\x7f\xff\xfe\xa2\xcf\xdd\xda4\x11\xd0\xbauk\xe7\
\x91\x9b\x9b+[\xb6l\x91\x8d\x1b7\xb2P\xa0[\xc0\
\x94\x83\x00\x02\x08 \x80\x00\x02\x08 \x80\x00\x02\x91\x10\
 \x01\x10\x89n\x0cG#\x0e<\xf0@9\xfd\xf4\xd3\
\x9d\x85\xff\xbc\x88\xb8N\x9d:\xce]\x04\x9a4i\xe2\
\xcc\x0eX\xb7n\x9d3+\xc0\x8b\xba(\x13\x01\x04\x10\
@\x00\x01\x04\x10@\x00\x01\x04\x10\x08\x9b\x00w\x01\x08\
[\x8f\x854^=K\xdf\xaaU+i\xde\xbc\xb9\xa7\
-\xa8V\xad\x9at\xe9\xd2EZ\xb6l)m\xdb\xb6\
\x95\xcf>\xfbLf\xce\x9c)\xdb\xb7o\xf7\xb4^\x0a\
G\x00\x01\x04\x10@\x00\x01\x04\x10@\x00\x01\x04l\x17\
`\x06\x80\xed=\x14\x91\xf8\xf2\xf2\xf2\xe4\xa4\x93Nr\
\x06\xe6^7I\xd7\x1a\xd0\xfat\xb1A\xbd4@g\
\x06\xacZ\xb5J6o\xde\xecu\xd5\x94\x8f\x00\x02\x08\
 \x80\x00\x02\x08 \x80\x00\x02\x08X+\xc0\x0c\x00k\
\xbb&Z\x81\xe9\x99\xf9\x83\x0e:\xc8\xd7F\xe9z\x00\
:\x13@\x17\x1e\xec\xd0\xa1\x83\xbc\xf7\xde{\xf2\xd5W\
_1\x1b\xc0\xd7^\xa02\x04\x10@\x00\x01\x04\x10@\
\x00\x01\x04\x10\xb0E\x80\x04\x80-=\x11\xe18\xf4\x8c\
\xbc.\xfaW\xbbvm\xdf[\xa9u\xd7\xaaUK\xda\
\xb7o\xef\x5c~\xa0w\x0cx\xe9\xa5\x97d\xe9\xd2\xa5\
\xbe\xc7B\x85\x08 \x80\x00\x02\x08 \x80\x00\x02\x08 \
\x80@\x90\x02$\x00\x82\xd4\x8fI\xdd:\x08\xafW\xaf\
\x9e\xe8\xcf\xa0\xb6\xcc\xccL\xe7R\x80^\xbdzI\xe7\
\xce\x9d\xe5\x8d7\xdep\x1e\xc5\xc5\xc5A\x85D\xbd\x08\
 \x80\x00\x02\x08 \x80\x00\x02\x08 \x80\x80\xaf\x02\x99\
\xbe\xd6Fe\xb1\x14\xd0\x81\x7f\xdd\xbau\xadh{V\
V\x96\x93\x088\xe3\x8c3\xe4\xf6\xdbo\xf7\xfd\xb2\x04\
+\x10\x08\x02\x01\x04\x10@\x00\x01\x04\x10@\x00\x01\x04\
b)\xc0\x22\x80\xb1\xecv\x7f\x1b\xadw\x00\xd0\xeb\xff\
uu~[\xb6\xd2\xa4\x84\xce\x08\xd05\x02\x96/_\
\xee\xdc2p\xd7\xae]\xb6\x84H\x1c\x08 \x80\x00\x02\
\x08 \x80\x00\x02\x08 \x80\x80\xab\x02\x5c\x02\xe0*'\
\x85U$\x90\x93\x93S\xd1[\x81\xbe\xae\x8b\x13\xf6\xeb\
\xd7O:v\xec\xe8\x5c\x120i\xd2$\xd9\xb0a\x83\
\xec\xd8\xb1#\xd0\xb8\xa8\x1c\x01\x04\x10@\x00\x01\x04\x10\
@\x00\x01\x04\x10p[\x80\x19\x00n\x8bR\xde~\x02\
:\xed\xbem\xdb\xb6\xce\xb5\xf7\xfb\xbdi\xc1\x0b:\x1b\
@\x17(\xec\xd4\xa9\x934m\xda\xd4\xb9]\xe0\xa6M\
\x9b\x84\xf5\x01,\xe8\x1cB@\x00\x01\x04\x10@\x00\x01\
\x04\x10@\x00\x01\xd7\x04\x98\x01\xe0\x1a%\x05\x85]@\
g\x03\x1cz\xe8\xa1RPP \x9f~\xfa\xa9s\xcb\
\xc0E\x8b\x16\x91\x08\x08{\xc7\x12?\x02\x08 \x80\x00\
\x02\x08 \x80\x00\x02\x088\x02\xcc\x00\xe0\x83\xe0\xb9\x80\
\xed3\x00\xf6\x05\xa8Y\xb3\xa63c\xa1y\xf3\xe6\xa2\
\xb1\xeb%\x01[\xb6l\xd9w7~G\x00\x01\x04\x10\
@\x00\x01\x04\x10@\x00\x01\x04B%\xc0\x0c\x80Pu\
\x17\xc1\xfa%\xa0\x03\xff\x0e\x1d:H\xcb\x96-\xa5]\
\xbbv2a\xc2\x04\xf9\xe6\x9bo\x9c\x85\x02\xfd\x8a\x81\
z\x10@\x00\x01\x04\x10@\x00\x01\x04\x10@\x00\x017\
\x05H\x00\xb8\xa9IY\x91\x13\xd0\xd9\x00G\x1du\x94\
\xb4n\xdd\xdaI\x04|\xfe\xf9\xe72w\xee\x5c\xd9\xbd\
{w\xe4\xdaJ\x83\x10@\x00\x01\x04\x10@\x00\x01\x04\
\x10@ \xda\x02$\x00\xa2\xdd\xbf\xb4\xce%\x01]\x1c\
\xb0Q\xa3F\xd2\xa6M\x1bgm\x80\xcf>\xfbL~\
\xfc\xf1G\x97J\xa7\x98\xa0\x05t\xc6G^^\x9e\xe8\
\xdd*tQH6\x04\x10@\x00\x81\x8a\x05\xf4\x96\xb9\
[\xb7nu\x1e$\xc4+v\xe2\x1d\x04\x10@\xc0F\
\x01\x12\x006\xf6\x0a1Y)\xa0\x83C\xbd\x1c@\x93\
\x01\xed\xdb\xb7\x97\x0f?\xfcP\xbe\xfd\xf6[\xd9\xbe}\
\xbb\x95\xf1\x12\xd4\xfe\x02:\xb8\xd7Y\x1dEEER\
XX(\xf5\xeb\xd7\x97Z\xb5jI\xf5\xea\xd5%7\
7\xd7Y\xf3a\xff\xa3x\x05\x01\x04\x10@`O\x01\
\x1d\xf4\xeb\xedr\xf5\xdf\xbf\xcd\x9b7\xcb\xc6\x8d\x1be\
\xf9\xf2\xe52{\xf6lY\xbcx1\xff.\xee\x89\xc5\
s\x04\x10@\xc02\x01\x12\x00\x96u\x08\xe1\xd8-\xa0\
\x03\xc8:u\xeaH\xf7\xee\xdd\x9d\xf5\x01&O\x9e,\
\xef\xbc\xf3\x8e,[\xb6\x8c\xcb\x02,\xee:M\xde\xe8\
\x1d\x1e\xf4V\x8f\x05\xe6.\x0f:\xe8/=\xe3\xafg\
\xff333-\x8e\x9e\xd0\x10@\x00\x01;\x054\x11\
\xa0\xb3\x014\x19\xb0m\xdb6'\x19\xb0z\xf5j'\
\x11\xa0k\xe7,X\xb0\xc0y\xdf\xce\xe8\x89\x0a\x01\x04\
\x10\x88\xa7@F\xaf^\xbd\xb8\x989\x9e}\xef[\xab\
u\xf05h\xd0 9\xf3\xcc3}\xab\xd3\x8f\x8a\xf4\
\x8bOqq\xb1,]\xbaT\xde~\xfbm\xf9\xf2\xcb\
/\x9d/?~\xd4M\x1d\x89\x09\xe8\xe0\xbe[\xb7n\
r\xd2I'\x89\xde\xd5Ao\xf5\xa8\x9fG6\x04\x10\
@\x00\x01o\x044!\xa0\xff6\xea\xdds\xbe\xfe\xfa\
ky\xe5\x95Wd\xd5\xaaU\xdeTF\xa9\x08 \x80\
\x00\x02I\x0bp\x1b\xc0\xa4\xc98 Y\x01\x1d\x84\xb5\
m\xdbV:w\xee\x9c\xec\xa1V\xef\xaf\xb3\x01\xb4m\
u\xeb\xd6\x95\xae]\xbbJ~~\xbe,Y\xb2D\xd6\
\xaf_ou\xdcq\x09N?s\xe7\x9dw\x9e\x93|\
:\xf0\xc0\x03\x99\xe2\x1f\x97\x8e\xa7\x9d\x08 \x10\xa8\x80\
\xfe\xdb\x98\x9d\x9d\xed\x5cZ\xd5\xaaU+\xe9\xdb\xb7\xaf\
\xf3|\xde\xbcyNb \xd0\xe0\xa8\x1c\x01\x04\x10@\
@H\x00\xf0!\xf0\x5c \xaa\x09\x80R8\xfd\xb2\xa3\
S\xc8um\x00\xbdc\x80>_\xb8p\xa13%\xb2\
t\x1f~\xfa'\xa0_<{\xf7\xee-\xe7\x9cs\x8e\
\xb3h\xa3\xfe\xce\x86\x00\x02\x08 \xe0\xbf\x80\xfe\xfb\xa8\
\xb3\xaet\xdd\x9c\x8e\x1d;\xca\xf7\xdf\x7f/\x9b6m\
\xf2?\x10jD\x00\x01\x04\x10(\x13 \x01PF\xc1\
\x13\xaf\x04\xa2\x9e\x00\xd8\xd3M\xbf\xe8\xe8u\xe6:\xed\
|\xc5\x8a\x15\xb2a\xc3\x06\x12\x01{\x02y\xf8\x5c\xbf\
h\xea\xfa\x0c\xfd\xfb\xf7\x97\xa1C\x87J\x83\x06\x0d<\
\xac\x8d\xa2\x11@\x00\x01\x04\x12\x15\xd0\xff?\xeb\xa2\xab\
\x9a\x04\xd0\x7f\x1b\xf5.:;w\xeeL\xf4p\xf6C\
\x00\x01\x04\x10pQ\x80\x04\x80\x8b\x98\x14U\xbe@\x9c\
\x12\x00\xa5\x02zY\x80\xce\x06\xd0\x9fk\xd6\xacq\x16\
G\xd2E\x92\xd8\xbc\x11\xd0/\x97z\x9b\xc6\xc1\x83\x07\
\xcb\x80\x01\x03\x9c\x95\xfe\xbd\xa9\x89R\x11@\x00\x01\x04\
R\x11\xd0\xffO\xeb\xbf\x89z7\x1d\x9d\x05\xf0\xc3\x0f\
?\x90 O\x05\x92c\x10@\x00\x814\x05H\x00\xa4\
\x09\xc8\xe1U\x0b\xc41\x01\xa0*\xfaeG\xaf\x7f\xec\
\xd2\xa5\x8bs\x87\x00\xfd\xc2\xa3\x8b\x22\xe9\x02Il\xee\
\x09\xa8s\xed\xda\xb5\xe5\x84\x13Np\x06\xff\xba\xd0\x1f\
\x1b\x02\x08 \x80\x80\x9d\x02z+V]\x97e\xed\xda\
\xb5N\x12\x80\x7f\x13\xed\xec'\xa2B\x00\x81\xe8\x0a\x90\
\x00\x88n\xdfZ\xd3\xb2\xb8&\x00\xb4\x03tp\xaa_\
v\xf4\xfa\xc7f\xcd\x9a9S\x1e5\x11\xb0u\xebV\
k\xfa'\xec\x81T\xaf^\xdd\x99mq\xe2\x89'J\
\x8d\x1a5\xc2\xde\x1c\xe2G\x00\x01\x04\x22/\xa0I[\
\xbd$@g\x01\xe8\xe5\x00$\x01\x22\xdf\xe54\x10\x01\
\x04,\x12 \x01`QgD5\x948'\x00J\xfb\
T\x0d\x9a4i\x22EEE\xceu\xeaz\x8b$\xd6\
\x07(\xd5I\xfd\xa7\xbav\xef\xde]~\xfa\xd3\x9fr\
\xcd\x7f\xea\x8c\x1c\x89\x00\x02\x08\xf8*\xa0\xc9qM\x00\
\xe4\xe5\xe5\xc9\xe2\xc5\x8b\xb9{\x8e\xaf\xfaT\x86\x00\x02\
q\x17 \x01\x10\xf7O\x80\x0f\xed'\x01\xf0_d\xfd\
\xc2\xa3g\xa8\xf5\xb2\x80\x96-[:3\x03\xf4\x96\x81\
\x9b7ov.\x11\xf0\xa1+\x22W\x85^\xf7\x7f\xf6\
\xd9g;\x9e\x91k\x1c\x0dB\x00\x01\x04\x22,\xa0\xff\
&6l\xd8\xd0\xb94N\xef\x9c\xb3}\xfb\xf6\x08\xb7\
\x96\xa6!\x80\x00\x02\xf6\x08d\xda\x13\x0a\x91 \x10\x0f\
\x01\xbd-]\xeb\xd6\xad\x9d\xfb\xd3\x9fu\xd6Yr\xc8\
!\x878\xb7I\x8aG\xeb\xddk\xa5~y<\xfc\xf0\
\xc3\x1dK\xf7J\xa5$\x04\x10@\x00\x01\xbf\x04t\xcd\
\x96^\xbdzI\x8b\x16-\x9cK\xe6\xfc\xaa\x97z\x10\
@\x00\x818\x0bp\x83\xec8\xf7>m\x0fT\xa0V\
\xadZ\xce\xed\x02u1\xa4\xfc\xfc|\x197n\x9cs\
\xb7\x80@\x83\x0aQ\xe5z\xf6_\x17\xfe\xd3D\x00\x1b\
\x02\x08 \x80@8\x05\xf4\xf2\xb8\x9e={\xca\x92%\
K\xb8\x14 \x9c]H\xd4\x08 \x102\x01f\x00\x84\
\xac\xc3\x087Z\x02:xm\xda\xb4\xa9\xb3z\xfd\x19\
g\x9c!:;\x80-1\x81\x81\x03\x07:\xd3G\x13\
\xdb\x9b\xbd\x10@\x00\x01\x04l\x14\xc8\xcc\xcctfs\
5o\xde\x5c\xf49\x1b\x02\x08 \x80\x80\xb7\x02\xfc\x9f\
\xd6[_JG !\x01\xbdS@\xdf\xbe}\xe5\xd4\
SOMh\xff\xb8\xef\xa4\xd3F\x8f9\xe6\x98\xb83\
\xd0~\x04\x10@ \x12\x02u\xeb\xd6\x95N\x9d:I\
nnn$\xdaC#\x10@\x00\x01\x9b\x05H\x00\xd8\
\xdc;\xc4\x16+\x01\x1d\xd4\xea\x94\xf6\x83\x0f>8V\
\xedN\xa5\xb1\x07\x1dt\x90\xb3\x88b*\xc7r\x0c\x02\
\x08 \x80\x80]\x02:\x1bN\x13\x00\xfa\xef \x1b\x02\
\x08 \x80\x80\xb7\x02$\x00\xbc\xf5\xa5t\x04\x92\x12\xd0\
{\xda\x0f\x1b6\x8cE\x01\xabP\xd3[\xff\xb1!\x80\
\x00\x02\x08DG\xa0\xf46\xb9\xac\xeb\x12\x9d>\xa5%\
\x08 `\xa7\x00\x09\x00;\xfb\x85\xa8b*\xa0_|\
tq\xbbC\x0f=4\xa6\x02U7[\xaf\x11\xed\xd2\
\xa5K\xd5;\xb2\x07\x02\x08 \x80@h\x04\xf4\xff\xed\
:\xbb\x8b\xb5pB\xd3e\x04\x8a\x00\x02!\x15 \x01\
\x10\xd2\x8e#\xec\xe8\x0a\xd4\xa8Q\xc3Y\x10\x89\xc5\x90\
\xca\xef\xe3\xc6\x8d\x1bK\x9d:u\xca\x7f\x93W\x11@\
\x00\x01\x04B+\xa0\xb7\xc8\xcd\xca\xca\x0am\xfc\x04\x8e\
\x00\x02\x08\x84A\x80\x04@\x18z\x89\x18c%\xa0\x03\
\x7f\xbd3@\xc3\x86\x0dc\xd5\xeeD\x1b\xab\x8bE1\
E4Q-\xf6C\x00\x01\x04\xc2#\xa0\xff\x7f'\xf9\
\x1d\x9e\xfe\x22R\x04\x10\x08\xa7\x00\x09\x80p\xf6\x1bQ\
G\x5c\xe0\xff\xb3w\x9f\xc1vUw\x82\xe8\xd7\x95\xae\
rBHB\x16\x12 \x92@`\xc0\x08D\x0e\x06c\
\x1b7\xc6\xc6\x9er\xbb\xf3\xd8\xe5\x99\xa9\xf6\xbc\x9ay\
5\xf3\xe1u\xbd\xfe\xe4\xa9\xae\xfe4\xd33_^W\
\xd7\xb4\xa7\xc7n\x8fC\x81m0m\x82\x05\x08,\x09\
\x04( PD\x11\xe5\x9c\xc3U\x96\xde\xf9\xef\xf6\xa5\
\x85tu\xef\xb9\xe1\x84\xbd\xf7oW\x1dt\xef\xd9a\
\xad\xf5[\x87s\xf7\xfa\xef\x15b.\x80+\xae\xb8\xa2\
\xe0\xa5\xecY\xf1\xe2\xe9\xbf\x00@\xcf\xec\x9cE\x80\x00\
\x81f\x16\xf0\xfd\xde\xcc\xb5#o\x04\x08\x14E@\x00\
\xa0(5\xa9\x1c\x85\x12\x180`@\x8a\xae\xee\xb6\x0b\
\x05F\x8c\x18!\x00p!\x8bw\x08\x10 \x90{\x81\
\x08\x00\xe8\x01\x90\xfbjT\x00\x02\x04\x9a\x5c@\x00\xa0\
\xc9+H\xf6\xca)\x10\x93 \x0d\x1b6\xac\x9c\x85\xef\
\xa2\xd4\xe1\xa2\x07@\x17Hv\x13 @ \x87\x02\xfe\
\xee\xe5\xb0\xd2d\x99\x00\x81\xdc\x09\x08\x00\xe4\xae\xcad\
\xb8,\x02&B\xea\xb8\xa6O\x9d:\x95\xce\x9e=\xdb\
\xf1N\xef\x12 @\x80@n\x05\xe2\xfb\xddF\x80\x00\
\x01\x02\xb5\x15\x10\x00\xa8\xad\xaf\xab\x13\xe8\x91\xc0\x993\
g\xd2\xf1\xe3\xc7{tn\xd1O:x\xf0`\xd1\x8b\
\xa8|\x04\x08\x10(\xa5@|\xbf\x0b\xf0\x96\xb2\xea\x15\
\x9a\x00\x81:\x0a\x08\x00\xd4\x11[R\x04\xaa\x158}\
\xfat:t\xe8P\xb5\x87\x97\xea\xb8p\x89\x00\x89\x8d\
\x00\x01\x02\x04\x8a%\x10\x01\x00\xdf\xef\xc5\xaaS\xa5!\
@\xa0\xf9\x04\x04\x00\x9a\xafN\xe4\x88@\xf6\xf4\x7f\xeb\
\xd6\xad$:\x10\xd0\x03\xa0\x03\x14o\x11 @\xa0\x00\
\x02z\x00\x14\xa0\x12\x15\x81\x00\x81\xa6\x17\x10\x00h\xfa\
*\x92\xc12\x0a\x1c=z4m\xdc\xb8\xb1\x8cE\xef\
\xb2\xcc\xbbv\xedJ\xd1C\xc2F\x80\x00\x01\x02\xc5\x12\
\xd8\xbe}\xbb\x1e\x00\xc5\xaaR\xa5!@\xa0\x09\x05\x04\
\x00\x9a\xb0Rd\xa9\xdc\x02'O\x9eL\x1f~\xf8a\
\x8a \x80\xedB\x81\xb6\xb6\xb6\xb4f\xcd\x9a\x0bwx\
\x87\x00\x01\x02\x04r-\xb0|\xf9\xf2\x14\x7f\x03m\x04\
\x08\x10 P;\x01\x01\x80\xda\xd9\xba2\x81\x1e\x09D\
\x03\xf7\xcd7\xdf4\x11\xd2E\xf4b\x82\xa8E\x8b\x16\
]d\xaf\xb7\x09\x10 @ \x8f\x02{\xf7\xeeM[\
\xb6l\xd1\x03 \x8f\x95'\xcf\x04\x08\xe4J@\x00 \
W\xd5%\xb3E\x17\x88\xc9\x8f\x96,Y\x92\xd6\xad[\
W\xf4\xa2\xf6\xaa|\x1f|\xf0\x81\x9b\xc4^\x09:\x99\
\x00\x01\x02\xcd%\xb0l\xd92\xab\xdf4W\x95\xc8\x0d\
\x01\x02\x05\x15\x10\x00(h\xc5*V>\x05\xb6m\xdb\
\x96\x9ey\xe6\x19O\xff\xbb\xa8\xbe\x1d;v\x08\x92t\
ad7\x01\x02\x04\xf2\x22\x10\xdd\xfe\xa3\xfb\xbf\xe5o\
\xf3Rc\xf2I\x80@\x9e\x05\x04\x00\xf2\x5c{\xf2^\
(\x81\x98\xfc\xe8\xc7?\xfeq\xda\xb3gO\xa1\xcaU\
\xab\xc2<\xff\xfc\xf3\xe9\xc4\x89\x13\xb5\xba\xbc\xeb\x12 \
@\x80@\x9d\x04b^\x97\x98\xfb\xc6\xf8\xff:\x81K\
\x86\x00\x81R\x0b\x08\x00\x94\xba\xfa\x15\xbe\x19\x04\xa2\xdb\
\xff\x86\x0d\x1b\xd2O\x7f\xfa\xd3\xb4x\xf1\xe2f\xc8R\
.\xf2\x10VK\x97.\xcdE^e\x92\x00\x01\x02\x04\
:\x16\x88yo\xe6\xcc\x99\x93\xf6\xed\xdb\xd7\xf1\x01\xde\
%@\x80\x00\x81>\x15h\xed\xd3\xab\xb9\x18\x01\x02\xdd\
\x12\x88\x1b\x9fh\xc4\xce\x9c93\xc5\xf8G[\xf5\x02\
\xb1\x14\xe0\xcb/\xbf\x9c\xae\xbf\xfe\xfa4b\xc4\x88\xea\
Ot$\x01\x02\x04\x084\x8d@\xfc\xed\xf3\xf4\xbfi\
\xaaCF\x08\x10(\x81\x80\x00@\x09*Y\x11\x9bO\
 \x1a\xaf\x1b7nL\x0b\x16,H\xef\xbc\xf3N\x8a\
1\xed1\xbb\xbd\xadz\x81\xf0\x8a\xc9\x12g\xcd\x9a\x95\
\xbe\xf8\xc5/\xa6\x01\x03\x06T\x7f\xb2#\x09\x10 @\
\xa0\xe1\x021\xef\xcd\xdc\xb9sS\xac\x00`#@\x80\
\x00\x81\xfa\x08\x08\x00\xd4\xc7Y*\x04>\x16\x88\x1b\x9d\
h\xf8/\x5c\xb80[\xcf\xfe\xd8\xb1c\x1f\xef\xf3C\
\xf7\x04b\xc2\xa8\xd7_\x7f=\x8d\x1e=:\xddw\xdf\
}\xa9\xa5\xa5\xa5{\x17p4\x01\x02\x04\x084D \
\xba\xfc\xbf\xf1\xc6\x1bY\xef7c\xff\x1bR\x05\x12%\
@\xa0\xa4\x02\x02\x00%\xadx\xc5\xae\xbf@4Vc\
\x96\xe37\xdf|3\xad\x5c\xb92\xed\xdf\xbf\xdfS\xff\
^VC\xf4\x02\xd8\xbd{w\x9a1cF\x1a9r\
d\xba\xe5\x96[zyE\xa7\x13 @\x80@\xad\x05\
\x8e\x1e=\x9a\xde~\xfb\xed\xec\xe9\xff\x91#Gj\x9d\
\x9c\xeb\x13 @\x80\xc09\x02\x02\x00\xe7`\xf8\x91@\
-\x04\xa2\x91\x1a\xdd\x1c_}\xf5\xd5l\x92\xbfh\xb0\
\x9e:u\xaa\x16I\x95\xf2\x9a1\x9c\x22&Q\x8c\xf9\
\x00\x86\x0d\x1b\x96\xae\xb9\xe6\x9aR:(4\x01\x02\x04\
\xf2 \x10\xab\xb7D\x0f\xb8\x98\xfb&\x02\xe16\x02\x04\
\x08\x10\xa8\xaf\x80\x00@}\xbd\xa5V2\x81\xb8\xd1\xf9\
\xedo\x7f\x9b\xdd\xe8D\xc3_w\xff\xda|\x00\x22\xa0\
\x12\xbd+\x9e~\xfa\xe9\xf4\xd5\xaf~5\xddt\xd3M\
\xb5I\xc8U\x09\x10 @\xa0\xc7\x02\xf1\xe4?\xc6\xfc\
\xff\xfa\xd7\xbf\xcezo\x99\xfb\xa6\xc7\x94N$@\x80\
@\x8f\x05\x04\x00zL\xe7D\x02\x9d\x0b\xc4\xba\xc6?\
\xfb\xd9\xcf\xd2\xfa\xf5\xebSt\xffw\xa3\xd3\xb9Wo\
\xf7\xc6\x18\xd2\x15+V\xa4\x03\x07\x0e\xa4\xaf\x7f\xfd\xeb\
i\xda\xb4i\xa9\xb5\xd5W\x5co]\x9dO\x80\x00\x81\
\xbe\x10\x88\xc6\x7f4\xfc_y\xe5\x95,\x18\xeeob\
_\xa8\xba\x06\x01\x02\x04\xba/\xe0\xee\xb8\xfbf\xce \
\xd0\xa9\xc0\xc1\x83\x07\xd3\xcf\x7f\xfe\xf3lr#78\
\x9dR\xf5\xf9\xce\x18\x0e\xb0i\xd3\xa6\xf4\x83\x1f\xfc \
[S\xfa\xa1\x87\x1eJC\x86\x0c\xe9\xf3t\x5c\x90\x00\
\x01\x02\x04\xaa\x17\x88\xae\xfe?\xfa\xd1\x8f\xd2\xbcy\xf3\
\x04\xc3\xabgs$\x01\x02\x04j\x22 \x00P\x13V\
\x17-\x9b\xc0\x993g\xb2\xa7\xfc\xb1\xa4\xdfs\xcf=\
\x97-i\xa4\xf1\xdf\xb8OA\x04a\xe2f3\xea\xe3\
\xa9\xa7\x9eJS\xa6LI\x83\x07\x0f\xb6J@\xe3\xaa\
D\xca\x04\x08\x94L \x02\xb2mmm\xd9\x10\xb8\x17\
_|1\xfb\xb9d\x04\x8aK\x80\x00\x81\xa6\x14\x10\x00\
h\xcaj\x91\xa9\xbc\x08D#?\xba5\xae]\xbb6\
\x9b\x84.\xc6\xa1[\xce\xa8yjo\xd5\xaaU\xe9\xbf\
\xfd\xb7\xff\x96n\xbf\xfd\xf6\xf4\xf8\xe3\x8f\xa7\xf1\xe3\xc7\
\xa7A\x83\x06e\xc1\x00\xc3\x03\x9a\xa7\x9e\xe4\x84\x00\x81\
\xfc\x0b\xc4\xdf\xc3\x98\xf7&\x86\xbcE\xc3\x7f\xf1\xe2\xc5\
\xd9\xdf\xc5\x9d;w\xe6\xbfpJ@\x80\x00\x81\x02\x09\
\x08\x00\x14\xa82\x15\xa5~\x02\xed7:[\xb6l\xc9\
\x9e2\xbf\xf5\xd6[f3\xae\x1f\x7f\xb7R\x8a\xde\x19\
1\xe3t\xbc.\xbf\xfc\xf24u\xea\xd4t\xe3\x8d7\
\xa6\x09\x13&\xa4\x01\x03\x06d\xaf\xfe\xfd\xfbg\xf3\x05\
\xf4\xeb\xd7\xaf[\xd7v0\x01\x02\x04\xca(\x10\x7f\x03\
\xe3\x09\x7f\xbcb\x12\xd6x\x1d>|8[\x91%\xe6\
b\x89\xe0\xeb\xa1C\x87t\xf7/\xe3\x87C\x99\x09\x10\
hz\x01\x01\x80\xa6\xaf\x22\x19l6\x81\xb8\xe1\x89'\
\x1aK\x96,I\xb3g\xcf\xcenx\xa2\x91ik~\
\x81\xad[\xb7\xa6x\xbd\xf1\xc6\x1bi\xf8\xf0\xe1\xe9\x92\
K.\xc9\x96\x0e\x8c\x9fc\x09\xc1\x81\x03\x076\x7f!\
\xe4\x90\x00\x01\x02\x0d\x16h\xef\xfdv\xe4\xc8\x91\xac\xe1\
\x1f\xff\xee\xdb\xb7/\xeb\x11\xd7\xe0\xacI\x9e\x00\x01\x02\
\x04\xba\x10\x10\x00\xe8\x02\xc8n\x02\xed\x02q\xc3\x13O\
4\x96-[\x96\xde}\xf7\xdd,\x00`Y\xbfv\x9d\
|\xfd\x1b\x01\x9b\x98' ^6\x02\x04\x08\x10 @\
\x80\x00\x01\x02e\x11\x10\x00(KM+g\xaf\x04\xe2\
\xa9\xff\x87\x1f~\x98u#_\xb0`A\xda\xb3gO\
\xaf\xae\xe7d\x02\x04\x08\x10 @\x80\x00\x01\x02\x04\x08\
\xd4[@\x00\xa0\xde\xe2\xd2\xcb\x9d\xc0\xe6\xcd\x9b\xb3'\
\xfe\x8b\x16-J\xeb\xd7\xaf7\xa61w5(\xc3\x04\
\x08\x10 @\x80\x00\x01\x02\x04\x08\x84\x80\x00\x80\xcf\x01\
\x81\x8b\x08Dw\xff\xf9\xf3\xe7g\xaf\x98\xd0Hw\xff\
\x8b@y\x9b\x00\x01\x02\x04\x08\x10 @\x80\x00\x81\x5c\
\x08\x08\x00\xe4\xa2\x9ad\xb2\x9e\x021\x9bq\xccb<\
k\xd6\xac\xac\xdb\xff\xfe\xfd\xfb=\xf5\xafg\x05H\x8b\
\x00\x01\x02\x04\x08\x10 @\x80\x00\x81\x9a\x08\x08\x00\xd4\
\x84\xd5E\xf3*\xb0m\xdb\xb6l\x86\xf8\xe8\xee\xbfk\
\xd7\xaet\xf2\xe4\xc9\xbc\x16E\xbe\x09\x10 @\x80\x00\
\x01\x02\x04\x08\x10 \xf0\x09\x01\x01\x80Op\xf8\xa5\xac\
\x02G\x8f\x1eM\xf3\xe6\xcdK\xaf\xbd\xf6Z\xda\xb2e\
K:q\xe2\x84\xa7\xfee\xfd0(7\x01\x02\x04\x08\
\x10 @\x80\x00\x81\x82\x0a\x08\x00\x14\xb4b\x9b\xadX\
1\x8b~3n\xb1\x1c\xdc\xc6\x8d\x1b\xd3\xb3\xcf>\x9b\
-\xeb\x17O\xfcc\xb9?\x1b\x01\x02\x04\x08\x10 @\
\x80\x00\x01\x02\x04\x8a& \x00P\xb4\x1am\xc2\xf2D\
#\xfb\xc0\x81\x03M\x95\xb3h\xe4\xc7S\xff\x17^x\
!\xcd\x981\xc3\x04\x7fMU;2C\x80\x00\x01\x02\
\x04\x08\x10 @\x80@-\x04\x04\x00j\xa1\xea\x9a\x9f\
\x10\x88\xc6\xf6\xbe}\xfb>\xf1^\xa3~io\xf8/\
[\xb6,=\xfd\xf4\xd3)\xc6\xfc\xdb\x08\x10 @\x80\
\x00\x01\x02\x04\x08\x10 P\x06\x01\x01\x802\xd4r\x83\
\xcb\x18\x8d\xee\xe8\x01\x10\xff\xb6\xb4\xb44$7\x91v\
[[[6\xbe\xff\xa5\x97^\xca\x96\xf6kHF$\
J\x80\x00\x01\x02\x04\x08\x10 @\x80\x00\x81\x06\x09\x08\
\x004\x08\xbeL\xc9F\xe3\xfb\xd8\xb1c\xe9\xf0\xe1\xc3\
i\xc4\x88\x11u/\xfa\xf1\xe3\xc7\xd3\x8e\x1d;\xd2\xbb\
\xef\xbe\x9b\xcd\xf0\x7f\xf0\xe0\xc1\xba\xe7A\x82\x04\x08\x10\
 @\x80\x00\x01\x02\x04\x08\x10h\xb4\x80\x00@\xa3k\
\xa0$\xe9G#\xfc\xc3\x0f?L\xd3\xa7O\xaf[\x89\
c\xee\x81X\xcao\xe9\xd2\xa5i\xce\x9c9\xe9\xa3\x8f\
>J\xa7N\x9d\xaa[\xfa\x12\x22@\x80\x00\x01\x02\x04\
\x08\x10 @\x80@3\x09\x08\x004Sm\x148/\
\xd1\x03`\xe1\xc2\x85i\xda\xb4i\xa9\x7f\xff\xfe5-\
i\xf488t\xe8P\x16p\x88\xa5\xfd\x96,Y\x92\
\xf5>\xa8i\xa2.N\x80\x00\x01\x02\x04\x08\x10 @\
\x80\x00\x81&\x17\x10\x00h\xf2\x0a*J\xf6by\xbd\
x\x02\xbfu\xeb\xd6t\xc5\x15W\xd4\xacX\x91\xce\xba\
u\xeb\xb21\xfe\x8b\x16-\xca\xba\xfeG@\xc0F\x80\
\x00\x01\x02\x04\x08\x10 @\x80\x00\x81\xb2\x0b\x08\x00\x94\
\xfd\x13P\xc7\xf2\xef\xd9\xb3'\xcd\x9e=;}\xedk\
_KC\x87\x0e\xed\xd3\x94\xa3\x91\xbf{\xf7\xee4w\
\xee\xdc\x14\x0d\xff\xf5\xeb\xd7\xa7\x08\x06\xd8\x08\x10 @\
\x80\x00\x01\x02\x04\x08\x10 @\xe0\x9f\x05\x04\x00|\x12\
\xea&\x10\xc3\x00b\x22\xbeq\xe3\xc6\xa5G\x1ey$\
\x0d\x180\xa0O\xd2\x8eq\xfdo\xbf\xfdv\xd6\xf8\x8f\
^\x06\xd1\xfd\xdfF\x80\x00\x01\x02\x04\x08\x10 @\x80\
\x00\x01\x02\x9f\x14\x10\x00\xf8\xa4\x87\xdfj(\x10O\xe9\
\xf7\xee\xdd\x9b^{\xed\xb54l\xd8\xb0t\xf7\xddw\
\xa7\xd6\xd6\x9e\x7f\x04c\x92\xbf\x18\xdf?k\xd6\xac\xb4\
f\xcd\x9a\xec\xda\xba\xfb\xd7\xb0\x02]\x9a\x00\x01\x02\x04\
\x08\x10 @\x80\x00\x81\x5c\x0b\xb4T\x1aa\x06H\xe7\
\xba\x0a\xf3\x97\xf9~\xfd\xfa\xa5\xd1\xa3Gg+\x02<\
\xf6\xd8ci\xc2\x84\x09\xdd*\xc4\xe9\xd3\xa7\xd3\xb2e\
\xcb\xd2\xeb\xaf\xbf\x9e\x8d\xf7?p\xe0\x80\xd9\xfd\xbb%\
\xe8`\x02\x04\x08\x10 @\x80\x00\x01\x02\x04\xca( \
\x00P\xc6Zo\x822\xb7\xb4\xb4dC\x00\xc6\x8e\x1d\
\x9b\x1ex\xe0\x81t\xd7]w\xa5\xf1\xe3\xc7\xa7\x08\x0e\
t\xb4E\xa3?\x96\xf4[\xbe|yZ\xb0`A6\
\xc6\xff\xf0\xe1\xc3)\xde\xb7\x11 @\x80\x00\x01\x02\x04\
\x08\x10 @\x80@\xd7\x02\x02\x00]\x1b9\xa2\xc6\x02\
\x11\x0c\x88\xd7\xa5\x97^\x9a\xa6L\x99\x92\xae\xbd\xf6\xda\
,\xc5\x18\xdb\x7f\xe2\xc4\x89\xb4o\xdf\xbe\xb4r\xe5\xca\
lF\xff\xf6\x06\xbf\xae\xfe5\xae\x14\x97'@\x80\x00\
\x01\x02\x04\x08\x10 @\xa0p\x02\x02\x00\x85\xabR\x05\
\x22@\x80\x00\x01\x02\x04\x08\x10 @\x80\x00\x01\x02\x17\
\x0at\xdc\xdf\xfa\xc2\xe3\xbcC\x80\x00\x01\x02\x04\x08\x10\
 @\x80\x00\x01\x02\x04\x08\xe4X@\x00 \xc7\x95'\
\xeb\x04\x08\x10 @\x80\x00\x01\x02\x04\x08\x10 @\xa0\
Z\x01\x01\x80j\xa5\x1cG\x80\x00\x01\x02\x04\x08\x10 \
@\x80\x00\x01\x02\x04r, \x00\x90\xe3\xca\x93u\x02\
\x04\x08\x10 @\x80\x00\x01\x02\x04\x08\x10 P\xad\x80\
\x00@\xb5R\x8e#@\x80\x00\x01\x02\x04\x08\x10 @\
\x80\x00\x01\x029\x16\x10\x00\xc8q\xe5\xc9:\x01\x02\x04\
\x08\x10 @\x80\x00\x01\x02\x04\x08\x10\xa8V@\x00\xa0\
Z)\xc7\x11 @\x80\x00\x01\x02\x04\x08\x10 @\x80\
\x00\x81\x1c\x0b\x08\x00\xe4\xb8\xf2d\x9d\x00\x01\x02\x04\x08\
\x10 @\x80\x00\x01\x02\x04\x08T+ \x00P\xad\x94\
\xe3\x08\x10 @\x80\x00\x01\x02\x04\x08\x10 @\x80@\
\x8e\x05\x04\x00r\x5cy\xb2N\x80\x00\x01\x02\x04\x08\x10\
 @\x80\x00\x01\x02\x04\xaa\x15\x10\x00\xa8V\xcaq\x04\
\x08\x10 @\x80\x00\x01\x02\x04\x08\x10 @ \xc7\x02\
\x02\x009\xae<Y'@\x80\x00\x01\x02\x04\x08\x10 \
@\x80\x00\x01\x02\xd5\x0a\x08\x00T+\xe58\x02\x04\x08\
\x10 @\x80\x00\x01\x02\x04\x08\x10 \x90c\x01\x01\x80\
\x1cW\x9e\xac\x13 @\x80\x00\x01\x02\x04\x08\x10 @\
\x80\x00\x81j\x05\x04\x00\xaa\x95r\x1c\x01\x02\x04\x08\x10\
 @\x80\x00\x01\x02\x04\x08\x10\xc8\xb1@\xeb\xc1\x83\x07\
s\x9c}Y'@\x80\x00\x01\x02\x04\x08\x10 @\x80\
\x00\x01\x02\x04\xaa\x11\xd0\x03\xa0\x1a%\xc7\x10 @\x80\
\x00\x01\x02\x04\x08\x10 @\x80\x00\x81\x9c\x0b\x08\x00\xe4\
\xbc\x02e\x9f\x00\x01\x02\x04\x08\x10 @\x80\x00\x01\x02\
\x04\x08T# \x00P\x8d\x92c\x08\x10 @\x80\x00\
\x01\x02\x04\x08\x10 @\x80@\xce\x05\x04\x00r^\x81\
\xb2O\x80\x00\x01\x02\x04\x08\x10 @\x80\x00\x01\x02\x04\
\xaa\x11\x10\x00\xa8F\xc91\x04\x08\x10 @\x80\x00\x01\
\x02\x04\x08\x10 @ \xe7\x02\x02\x009\xaf@\xd9'\
@\x80\x00\x01\x02\x04\x08\x10 @\x80\x00\x01\x02\xd5\x08\
\x08\x00T\xa3\xe4\x18\x02\x04\x08\x10 @\x80\x00\x01\x02\
\x04\x08\x10 \x90s\x01\x01\x80\x9cW\xa0\xec\x13 @\
\x80\x00\x01\x02\x04\x08\x10 @\x80\x00\x81j\x04\x04\x00\
\xaaQr\x0c\x01\x02\x04\x08\x10 @\x80\x00\x01\x02\x04\
\x08\x10\xc8\xb9\x80\x00@\xce+P\xf6\x09\x10 @\x80\
\x00\x01\x02\x04\x08\x10 @\x80@5\x02\x02\x00\xd5(\
9\x86\x00\x01\x02\x04\x08\x10 @\x80\x00\x01\x02\x04\x08\
\xe4\x5c@\x00 \xe7\x15(\xfb\x04\x08\x10 @\x80\x00\
\x01\x02\x04\x08\x10 @\xa0\x1a\x01\x01\x80j\x94\x1cC\
\x80\x00\x01\x02\x04\x08\x10 @\x80\x00\x01\x02\x04r.\
 \x00\x90\xf3\x0a\x94}\x02\x04\x08\x10 @\x80\x00\x01\
\x02\x04\x08\x10 P\x8d\x80\x00@5J\x8e!@\x80\
\x00\x01\x02\x04\x08\x10 @\x80\x00\x01\x029\x17\x10\x00\
\xc8y\x05\xca>\x01\x02\x04\x08\x10 @\x80\x00\x01\x02\
\x04\x08\x10\xa8F\xa0\xb5\x9a\x83\x1cC\xa0V\x02--\
-\xa9_\xbf~\xd9k\xe4\xc8\x91\xe9\x86\x1bnHW\
_}u:}\xfat:y\xf2d:q\xe2D\xda\
\xbd{wZ\xb5jU:x\xf0`:s\xe6L\xf6\
:{\xf6l\xad\xb2\xe4\xba\x04\x08\x10 @\x80\x00\x01\
\x02\x04\x08\x10(\xa4\x80\x00@!\xab\xb5\xf9\x0b\x15\x0d\
\xff\x81\x03\x07\xa6\xcb.\xbb,=\xfc\xf0\xc3\xe9\xae\xbb\
\xeeJ\x93&MJ\xad\xad\x1d\x7f$\x8f\x1d;\x96>\
\xfa\xe8\xa3\xb4d\xc9\x92\xf4\xde{\xef\xa5M\x9b6\xa5\
#G\x8ed\xc1\x80\xe6/\xad\x1c\x12 @\x80\x00\x01\
\x02\x04\x08\x10 @\xa0\xf1\x02-S\xa7N\xf5(\xb5\
\xf1\xf5P\xaa\x1c\xf4\xef\xdf?\x8d\x193&\xdd}\xf7\
\xdd\xe9\xf1\xc7\x1fO\x13'N\xccz\x00T\x8bp\xf4\
\xe8\xd1\xb4`\xc1\x82\xf4\xfa\xeb\xaf\xa7\xf5\xeb\xd7\xa7}\
\xfb\xf6\x09\x04T\x8b\xe78\x02\x04\x08\x10 @\x80\x00\
\x01\x02\x04J+ \x00P\xda\xaaoL\xc1\xa3\xbb\x7f\
4\xf8\xbf\xf1\x8do\xa4\xfb\xef\xbf?\x0d\x180\xa0\xc7\
\x19\x89^\x01\x11\x08\x985kVZ\xbdzu\xda\xbb\
wo\x8f\xaf\xe5D\x02\x04\x08\x10 @\x80\x00\x01\x02\
\x04\x08\x14]\xa0\xff\xb8q\xe3\xbeW\xf4B*_s\
\x08D\xb7\xffx\xf2\xff\xe4\x93O\xa6G\x1ey$\x1b\
\x02\xd0\x9b\x9c\xc5p\x81+\xaf\xbc2M\x9f>=\x0d\
\x1f><\x1d?~<\x1d>|8\x9b;\xa07\xd7\
u.\x01\x02\x04\x08\x10 @\x80\x00\x01\x02\x04\x8a(\
 \x00P\xc4Zm\xd22\x0d\x1d:4}\xf6\xb3\x9f\
MO<\xf1D\x8a\x9f\xfbj\x8b^\x04\xd7]w]\
\xf6\x1a4hP\x8a!\x02\x87\x0e\x1dJ&\x0a\xec+\
a\xd7!@\x80\x00\x01\x02\x04\x08\x10 @\xa0\x08\x02\
\x02\x00E\xa8\xc5\x9c\x94a\xc2\x84\x09\xe9O\xfe\xe4O\
\xd2\xf8\xf1\xe3\xfb<\xc7\xd1\xbb\xe0\x92K.\xc9V\x11\
\x88t\x22(p\xe0\xc0\x81,\x18\xd0\xe7\x89\xb9 \x01\
\x02\x04\x08\x10 @\x80\x00\x01\x02\x04r( \x00\x90\
\xc3J\xcbc\x96\xa3\xbb\xfem\xb7\xdd\x96>\xff\xf9\xcf\
wk\xc2\xbf\xee\x965\xd2\x89\x00\xc3\xb5\xd7^\x9b*\
\xc3[\xb2a\x01\xfb\xf7\xef\xcf\x96\x15\xec\xee\xb5\x1cO\
\x80\x00\x01\x02\x04\x08\x10 @\x80\x00\x81\x22\x09\x08\x00\
\x14\xa96\x9b\xb8,\xc3\x86\x0dKO=\xf5T\x9a<\
yr\xcds\x19\x13\x0dFz\xb1\xac`\x0c\x0d\x189\
rd\xda\xb5kWjkk3,\xa0\xe6\xfa\x12 \
@\x80\x00\x01\x02\x04\x08\x10 @\xa0Y\x05:^t\
\xbdYs+_\xb9\x15\x18<xp\xba\xe5\x96[\xea\
\x9a\xff\x98\x0f \x02\x0ec\xc7\x8eM7\xdf|sz\
\xe5\x95W\xd2;\xef\xbc\x93\xf5\x0a\xa8kF$F\x80\
\x00\x01\x02\x04\x08\x10 @\x80\x00\x81&\x10\x10\x00h\
\x82J(z\x16b|\xfe\x90!C\xb2'\xf1\xf5.\
k\xa4=b\xc4\x88t\xd3M7\xa5+\xae\xb8\x22\xdd\
y\xe7\x9d\xe9\xe9\xa7\x9fN\x9b7o\xaewV\xa4G\
\x80\x00\x01\x02\x04\x08\x10 @\x80\x00\x81\x86\x0a\x18\x02\
\xd0P\xfer$\x1e]\xf2\xaf\xba\xea\xaa\xf4\xe8\xa3\x8f\
6\xac\xc0\x91\x87\xe8\x85\x10\xc3\x02\x1e|\xf0\xc1\xd4\xbf\
\x7f\xff\xb4z\xf5\xeat\xe6\xcc\x99\x86\xe5I\xc2\x04\x08\
\x10 @\x80\x00\x01\x02\x04\x08\x10\xa8\xa7@\xbfz&\
&\xadr\x0aD\xe3;f\xe8o\x86-&\x09\x8c\xbc\
\xfc\xe9\x9f\xfei\xfa\x9b\xbf\xf9\x9b\xba\x0fKh\x06\x03\
y @\x80\x00\x01\x02\x04\x08\x10 @\xa0\x9c\x02z\
\x00\x94\xb3\xde\xebZ\xeax\xda\x1e\xe3\xff\xa7M\x9bV\
\xd7t;K\xac}\xd9\xc0\xfb\xef\xbf?\x9b#`\xcb\
\x96-\xd9\xdc\x00z\x04t\xa6f\x1f\x01\x02\x04\x08\x10\
 @\x80\x00\x01\x02y\x16\x10\x00\xc8s\xed\xe5$\xef\
\xf1\xd4=\xc6\xe0\xc72\x80\xcd\xb6E\xdeb\xc9\xc0\x08\
N\x9c8q\x22\xed\xdb\xb7/\x9d<y\xd2\xd0\x80f\
\xab(\xf9!@\x80\x00\x01\x02\x04\x08\x10 @\xa0\xd7\
\x02\x02\x00\xbd&t\x81\xae\x04\xa2\x07\xc0\x0d7\xdc\xd0\
\x94\x01\x80\xc8{\xf4\x06\x88\xa5\x02o\xbd\xf5\xd64q\
\xe2\xc4t\xe4\xc8\x91t\xf8\xf0\xe1t\xea\xd4)\xcb\x06\
vU\xb9\xf6\x13 @\x80\x00\x01\x02\x04\x08\x10 \x90\
\x1b\x01\xab\x00\xe4\xa6\xaad\xb4\xd6\x021I\xe0\xbd\xf7\
\xde\x9b\xae\xb9\xe6\x9a4k\xd6\xac\xf4\xee\xbb\xef\xa6\x0d\
\x1b6d=\x03j\x9d\xb6\xeb\x13 @\x80\x00\x01\x02\
\x04\x08\x10 @\xa0\xd6\x02z\x00\xd4Z\xd8\xf5\xb3\x19\
\xf7\x9b\xb9\x07\xc0\xf9U4|\xf8\xf0t\xe3\x8d7f\
\xcb\x06F\xef\x85C\x87\x0e\xa5\xb6\xb6\xb6\xf3\x0f\xf3;\
\x01\x02\x04\x08\x10 @\x80\x00\x01\x02\x04r%\xa0\x07\
@\xae\xaaKf\xeb%\x10\x0d\xff\x9bo\xbe9[\xbe\
0\xe6/\x98;wnZ\xb4hQ:v\xecX\xbd\
\xb2 \x1d\x02\x04\x08\x10 @\x80\x00\x01\x02\x04\x08\xf4\
\xa9\x80\x00@\x9fr\xbaX\xd1\x04\xa27\xc0\xc3\x0f?\
\x9c\xae\xbb\xee\xba4u\xea\xd4\xf4\xe6\x9bo\xa6\xd5\xab\
W\x9b\x1b\xa0h\x15\xad<\x04\x08\x10 @\x80\x00\x01\
\x02\x04J  \x00P\x82JV\xc4\xde\x0b\xc4\xe4\x80\
\xe3\xc6\x8dK\xd7_\x7f}67\xc0\x9c9s\xd2\x9e\
={z\x7faWh\x0a\x81X\x0db\xc8\x90!i\
\xe0\xc0\x81\xd9\xa4\x90M\x91)\x99 @\x80@\x93\x0a\
\x9c={6\x1d=z4\xeb\x15g\xf9\xdc&\xad$\
\xd9\x22@\x80\xc0E\x04\x04\x00.\x02\xe3m\x02\xe7\x0b\
D\xe30z\x01D0 \xfe\x9d9sfz\xff\xfd\
\xf7M\x12x>T\x13\xff\x1e+>D\xaf\x8e)S\
\xa6d\xbd:\xc6\x8c\x19\x93\xfd\xde\xde\xf8\x8f\xa1\x1f6\
\x02\x04\x08\x10\xe8\x5c \x02\x00\xb1RN,\x9f\x1b+\
\xe7\xc4\x5c9[\xb7nM+W\xaeL\x9b6mJ\
\xc7\x8f\x1f\xef\xfc\x02\xf6\x12 @\x80@\xc3\x04\x04\x00\
\x1aF/\xe1<\x0a\xf4\xeb\xd7/]r\xc9%i\xfa\
\xf4\xe9i\xf2\xe4\xc9i\xc1\x82\x05\xe9\xe5\x97_N[\
\xb6l1,\xa0\x89+4\x827\xb1\xc2C,\xf5x\
\xed\xb5\xd7f\x8d\xfea\xc3\x86\xa5\x01\x03\x06\xa4x\xfa\
\x1f\xf5j#@\x80\x00\x81\xee\x09D \xe0\xf4\xe9\xd3\
Y0 \x1a\xfd\x11\x0c\xd8\xbd{w\x16\x08x\xfb\xed\
\xb7\xd3\xbau\xeb\x92\x1e\x02\xdd3u4\x01\x02\x04j\
-\xd0Ry\x92y\xb6\xd6\x89\xb8~\xb9\x05\xa2\xf1\xf5\
\x95\xaf|%\xfd\xd9\x9f\xfdY\xa1 \xe2\xc6'\x9e~\
D\xe3\xff\xc5\x17_Lo\xbd\xf5\x96\xd5\x02\x9a\xac\x86\
\xe3\x89\xfe\x9dw\xde\x99\x9ez\xea\xa9t\xe5\x95W\xa6\
A\x83\x06e\xdd\xfc\x9b,\x9b\xb2C\x80\x00\x81\xc2\x08\
D@\xe0\xe4\xc9\x93\xd9\x10\x81XN\xf7\x17\xbf\xf8E\
\xda\xb9sga\xca\xa7 \x04\x08\x10\xc8\xbb\x80e\x00\
\xf3^\x839\xc8\x7f4\xc2\xf2\xb4\x0c`\xb5\xa4\xd1\x9d\
<\x9e\x1eG\x8f\x80i\xd3\xa6\xa5\xab\xaf\xbe:\xeb\xfa\
x\xe0\xc0\x81j/\xe1\xb8\x1a\x0a\xc4R\x8e\xdf\xfd\xee\
w\xd3W\xbf\xfa\xd54a\xc2\x84\xac\xf1\xaf\x8b\x7f\x0d\
\xc1]\x9a\x00\x01\x02\x15\x81\xe8Q\xd5>\xaf\xca5\xd7\
\x5c\x93>\xff\xf9\xcf\xa7\xc1\x83\x07\xa7\xb5k\xd7f\x81\
\x01H\x04\x08\x10 \xd0X\x01\x01\x80\xc6\xfa\x97\x22\xf5\
\xa2\x06\x00\xda+/\x02\x01Q\xc6\x98\x1b\xe0\xa1\x87\x1e\
\xcan~>\xfa\xe8\xa3\xac[d\xf4\x12\xb0\xd5W \
n<?\xf7\xb9\xcf\xa5\x7f\xfbo\xffm6\xd6?\xba\
\xf9G\x1d\xd9\x08\x10 @\xa0\xbe\x02\xf1\xdd\x1b\xdf\xc1\
1o\xce-\xb7\xdc\x92\x96/_\x9e\x0d\x13\xf0\xb7\xb1\
\xbe\xf5 5\x02\x04\x08\x9c+ \x00p\xae\x86\x9fk\
\x22P\xf4\x00\xc0\xb9h1\xdc!\xc6\x99\xdfq\xc7\x1d\
i\xfb\xf6\xed\xe9\xe0\xc1\x83\xd9\xd8\xc8s\x8f\xf1sm\
\x04\xe2\xa9\xd3\xc8\x91#\xd3\x97\xbf\xfc\xe5\xf4\x8do|\
#\x8d\x1d;\xb66\x09\xb9*\x01\x02\x04\x08tK \
\x02\x01\x97^zi\xf6\xf71\xfe6\xc6*:1T\
\xc0F\x80\x00\x01\x02\xf5\x17\x10\x00\xa8\xbfy\xe9R,\
S\x00\xa0\xbdrG\x8f\x1e\x9d\x1e~\xf8\xe1\x14\xff\xc6\
\x84H19R\x8c\x89\xb4\xd5F n.c\x99\xc6\
\xaf\x7f\xfd\xeb\xe9\xc9'\x9fL#F\x8c\xa8MB\xae\
J\x80\x00\x01\x02=\x12\x88\xef\xe9\x182\x17\xc3\xb3\x0e\
\x1f>\x9c\xad\x1a\x10+\x09\xd8\x08\x10 @\xa0\xbe\x02\
\x02\x00\xf5\xf5.eje\x0c\x00DE\xc7\xcdN\xcc\
\x0bp\xfb\xed\xb7g+\x04\xc4\x0dO[[\x9b\x19\x91\
\xfb\xf8\xff\x82p\x1e5jT\xfa\xbd\xdf\xfb\xbd\xec\xe9\
\x7f\x8c5\xb5\x11 @\x80@s\x0a\xc4R\xac\x97_\
~y\xda\xbf\x7f\x7f\xda\xb6m\x9b\x9e\x00\xcdYMr\
E\x80@\x81\x05\x04\x00\x0a\x5c\xb9\xcdR\xb4\xb2\x06\x00\
\xc2?\x1a\xa7q\xb3s\xd3M7\xa5I\x93&e\x8d\
\xff\x08\x04D\x8f\x00c \xfb\xe6\x13:d\xc8\x90\xf4\
\xd9\xcf~6\x9b\xe9\x7f\xe8\xd0\xa1}sQW!@\
\x80\x00\x81\x9a\x09\xc4p\xad\xe8!\x17\x01\x80\x18\x0e`\
\xa9\xc0\x9aQ\xbb0\x01\x02\x04.\x10\x10\x00\xb8\x80\xc4\
\x1b}-P\xe6\x00@\xbbeLL\x173\xd1O\x99\
2%{Z\x1d\xcb\x07\x9a\x1f\xa0]\xa7\xe7\xff\x86k\
,\xf3\xf7\xcdo~3\x8d\x193\xa6\xe7\x17r&\x01\
\x02\x04\x08\xd4M \x82\xe31'\xc0\xb0a\xc3\xd2\xc6\
\x8d\x1b\x93\xd5s\xeaF/!\x02\x04\x08$\x01\x00\x1f\
\x82\x9a\x0b\x08\x00\xfc3q\xdc\xf0\xc4\x13\xea\x18\x160\
y\xf2\xe4\xec\xc6'nz\x8e\x1c9\xa27@\x0f?\
\x851\xd1\xdf\xbf\xf97\xff&]u\xd5U=\xbc\x82\
\xd3\x08\x10 @\xa0\x11\x021qk\xcc\xddr\xf4\xe8\
\xd1\xb4~\xfd\xfa\xacg\x5c#\xf2!M\x02\x04\x08\x94\
M\xa0_\xd9\x0a\xac\xbc\x04\x1a-\x10K\x22]\x7f\xfd\
\xf5\xd9\xfa\xf4\xdf\xfe\xf6\xb7\xd3]w\xdd\x95-\x93\xd4\
\xe8|\xe5-\xfd\xb8y|\xf0\xc1\x07\xd3u\xd7]\x97\
\xb7\xac\xcb/\x01\x02\x04\x08T\x04b\xce\x96\xfb\xee\xbb\
/\x0b\xe2\xc6w\xba\x8d\x00\x01\x02\x04j/\xd0Z\xfb\
$\xa4@\x80@G\x021S},\x17\x18C\x03\xa2\
G\xc0s\xcf=\x97\x8e\x1d;\xd6\xd1\xa1\xde\xeb@ \
\x9e\xfe\xc7\xc4\x7fn\x1a;\xc0\xf1\x16\x01\x02\x04r\x22\
\x10\x7f\x03\xef\xbe\xfbnC\x01rR_\xb2I\x80@\
\xfe\x05\x84[\xf3_\x87J\x90c\x81h\xbc\xc6\xe4\x80\
\xb1t\xdd\x9f\xfc\xc9\x9f\xa4\x18\xd3n\xabN\xe0+_\
\xf9J\xd6}\xb4\xba\xa3\x1dE\x80\x00\x01\x02\xcd(\x10\
\xc3\x04\xa37\xd7\x15W\x5c!\xa0\xdb\x8c\x15$O\x04\
\x08\x14\x9a\xf1\x0ec\x00\x00@\x00IDATN@\
\x00\xa0pU\xaa@y\x14\x88\x95\x02\xbe\xf0\x85/\xa4\
?\xfa\xa3?\xcac\xf6\xeb\x9e\xe7A\x83\x06\xa5G\x1f\
}\xb4\xee\xe9J\x90\x00\x01\x02\x04\xfa^\xe0\x92K.\
I\xb7\xddv[\x8a\xefv\x1b\x01\x02\x04\x08\xd4V@\
\x00\xa0\xb6\xbe\xaeN\xa0j\x81\x18\x0b\x19]\xda?\xf3\
\x99\xcfT}NY\x0f\xfc\xf4\xa7?\x9d-\xafX\xd6\
\xf2+7\x01\x02\x04\x8a$\x10\x93\xe4\xdez\xeb\xad\x02\
\x00E\xaaTe!@\xa0i\x05\x04\x00\x9a\xb6jd\
\xac\x8c\x02\xb1\xa6\xfd\xb7\xbe\xf5\xad4p\xe0\xc02\x16\
\xbf\xea2O\x9f>\xbd\xeac\x1dH\x80\x00\x01\x02\xcd\
/\xd0\xbeLn\x04\x03l\x04\x08\x10 P;\x01\x01\
\x80\xda\xd9\xba2\x81n\x0b\xc4\x8d\xcfe\x97]\x96\xee\
\xbd\xf7\xden\x9f[\x96\x13b\xde\x84i\xd3\xa6\x95\xa5\
\xb8\xcaI\x80\x00\x81R\x08\xc4\x5c\x00\xd1\xbb\xcb\x5c8\
\xa5\xa8n\x85$@\xa0\x81\x02\x02\x00\x0d\xc4\x974\x81\
\x8e\x04\xa2\x17\xc0\x03\x0f<`2\xa4\x8ep*\xef}\
\xeaS\x9fJ\xa3F\x8d\xba\xc8^o\x13 @\x80@\
^\x05b\x89\x5c\x01\x80\xbc\xd6\x9e|\x13 \x90\x17\x01\
\x01\x80\xbc\xd4\x94|\x96F \x9e\x82L\x9c81\xc5\
2w\xb6\x0b\x05b\xb2(]D/t\xf1\x0e\x01\x02\
\x04\xf2.\xe0\xfb=\xef5(\xff\x04\x08\xe4A@\x00\
 \x0f\xb5$\x8f\xa5\x13\x88\x09\x01'O\x9e\x5c\xbar\
WS\xe0x\xfa/\x00P\x8d\x94c\x08\x10 \x90/\
\x81\xf8~\x8fa^6\x02\x04\x08\x10\xa8\x9d\x80o\xd9\
\xda\xd9\xba2\x81\x1e\x0b\xc4$\x80\xe3\xc7\x8f\xef\xf1\xf9\
E>q\xe4\xc8\x91n\x10\x8b\x5c\xc1\xcaF\x80@i\
\x05\xf4\x00(m\xd5+8\x01\x02u\x14\x10\x00\xa8#\
\xb6\xa4\x08T+\x10\xc3\x00\x86\x0f\x1f^\xed\xe1\xa5:\
n\xd8\xb0a\xa5*\xaf\xc2\x12 @\xa0,\x02\xf1\xfd\
\xae\x87WYj[9\x09\x10h\x94\x80\x00@\xa3\xe4\
\xa5K\xa0\x13\x81\xb8\x012\x11R\xc7@\xa7O\x9fN\
g\xcf\x9e\xedx\xa7w\x09\x10 @ \xb7\x02'O\
\x9e\xccm\xdee\x9c\x00\x01\x02y\x11\x10\x00\xc8KM\
\xc9g\xa9\x04\xce\x9c9\x93\x8e\x1d;V\xaa2W[\
\xd8\x03\x07\x0eT{\xa8\xe3\x08\x10 @ G\x02\xf1\
\xfd.\xc0\x9b\xa3\x0a\x93U\x02\x04r) \x00\x90\xcb\
j\x93\xe9\xa2\x0b\x9c:u*\x1d<x\xb0\xe8\xc5\xec\
Q\xf9\xe2\x061\x02$6\x02\x04\x08\x10(\x96\x80\xef\
\xf7b\xd5\xa7\xd2\x10 \xd0\x9c\x02\x02\x00\xcdY/r\
Ur\x81\xe3\xc7\x8f\xa7\xcd\x9b7\x97\x5c\xa1\xe3\xe2\xeb\
\x01\xd0\xb1\x8bw\x09\x10 \x90w\x81\x08|\xeb\x01\x90\
\xf7Z\x94\x7f\x02\x04\x9a]@\x00\xa0\xd9kH\xfeJ\
)\xd0\xd6\xd6\x96\xd6\xaf__\xca\xb2wU\xe8\x9d;\
w\xa6\x98\x07\xc0F\x80\x00\x01\x02\xc5\x12\xd8\xbau\xab\
\x1e^\xc5\xaaR\xa5!@\xa0\x09\x05\x04\x00\x9a\xb0R\
d\xa9\xdc\x02'N\x9cH\xcb\x96-K\x11\x04\xb0]\
(p\xe4\xc8\x91\xb4r\xe5\xca\x0bwx\x87\x00\x01\x02\
\x04r-\xb0d\xc9\x92\x14\x7f\x03m\x04\x08\x10 P\
;\x01\x01\x80\xda\xd9\xba2\x81\x1e\x09D\x03\xf7\xb7\xbf\
\xfd\xadn\x90\x17\xd1\x8b\xee\xa1\xf3\xe7\xcf\xbf\xc8^o\
\x13 @\x80@\x1e\x05v\xef\xde\x9d6n\xdc\xa8\x07\
@\x1e+O\x9e\x09\x10\xc8\x95\x80\x00@\xae\xaaKf\
\x8b.\x10\x93\xdb-Z\xb4(\xad^\xbd\xba\xe8E\xed\
U\xf9\xde{\xef=7\x89\xbd\x12t2\x01\x02\x04\x9a\
K`\xf1\xe2\xc5)\xe6\xbf\xb1\x11 @\x80@m\x05\
\x04\x00j\xeb\xeb\xea\x04\xba%\x10\x13\xff\xfd\xf8\xc7?\
\xf6\xf4\xbf\x0b\xb5m\xdb\xb6\xa5U\xabVuq\x94\xdd\
\x04\x08\x10 \x90\x07\x81\xe8\xf6\x1f\x01\x00\xcb\xdf\xe6\xa1\
\xb6\xe4\x91\x00\x81\xbc\x0b\x08\x00\xe4\xbd\x06\xe5\xbf0\x02\
1\xf9\xd1\xff\xfe\xdf\xff;E7H[\xd7\x02\xbf\xf8\
\xc5/<-\xea\x9a\xc9\x11\x04\x08\x10hz\x81\x98\xd7\
e\xf9\xf2\xe5\xe9\xe4\xc9\x93M\x9fW\x19$@\x80@\
\xde\x05\x04\x00\xf2^\x83\xf2\x9f{\x81\x98\xd1~\xdd\xba\
u\xe9\x07?\xf8A\x8a\xae\xed\xb6\xea\x04b\xa8\xc4\xfb\
\xef\xbf_\xdd\xc1\x8e\x22@\x80\x00\x81\xa6\x14\x88yo\
\xdex\xe3\x8d\xb4w\xef\xde\xa6\xcc\x9fL\x11 @\xa0\
h\x02\x02\x00E\xabQ\xe5\xc9\x95@\xdc\xf8\xbc\xfb\xee\
\xbb\xe9\x87?\xfc\xa1\x89\xed\xbaYs\xa7N\x9dJ\xff\
\xf4O\xff\x94b\xddh\x1b\x01\x02\x04\x08\xe4S\xe0\x83\
\x0f>\xc8V\xbe1\xfb\x7f>\xebO\xae\x09\x10\xc8\x9f\
@k\xfe\xb2,\xc7\x04\xf2/\x10\x8d\xd7\xf5\xeb\xd7\xa7\
w\xdey'\xcd\x993'\xed\xd8\xb1\xc3\xa4v\xdd\xac\
\xd6X\x0d &K|\xed\xb5\xd7\xd2\x93O>\x99\x06\
\x0c\x18\xd0\xcd+8\x9c\x00\x01\x02\x04\x1a)\x10\xf3\xde\
\xcc\x9e=\xdb\xd0\xb7FV\x82\xb4\x09\x10(\x9d\x80\x00\
@\xe9\xaa\x5c\x81\x1b-\x10c\xfc\xe3\xa9\x7f4\xfec\
\x22\xbb\xa3G\x8f6:K\xb9M?f\x8c\x9e1c\
F\x1a3fLz\xf0\xc1\x07S\xbf~:5\xe5\xb6\
2e\x9c\x00\x81R\x09\xec\xd9\xb3'\xbd\xf2\xca+\xd9\
\xe4\x7f\xc6\xfe\x97\xaa\xea\x15\x96\x00\x81\x06\x0b\x08\x004\
\xb8\x02$_\x1e\x81\x98\xddx\xc9\x92%\xd9X\xc7\x15\
+V\xa4}\xfb\xf6y\xea\xdf\xcb\xea\x8f^\x00;w\
\xeeL\xbf\xfe\xf5\xaf\xd3\xc8\x91#\xd3\xed\xb7\xdf\xde\xcb\
+:\x9d\x00\x01\x02\x04j-\x10\xc3\xdf\xa2\xf7[<\
\xfd?|\xf8p\xad\x93s}\x02\x04\x08\x108G@\
\x00\xe0\x1c\x0c?\x12\xa8\x85\xc0\x993gR\xcc\xf0\xff\
\xd2K/\xa5\x85\x0b\x17\xa6]\xbbv\xa5\x18\x02`\xeb\
\x1b\x81\xf6I\x14c>\x80\xe1\xc3\x87\xa7\xeb\xaf\xbf\xbe\
o.\xec*\x04\x08\x10 \xd0\xe7\x02\xd1sk\xde\xbc\
y\xe9\xe5\x97_\xce\x02\xe1}\x9e\x80\x0b\x12 @\x80\
@\xa7\x02\x02\x00\x9d\xf2\xd8I\xa0w\x02q\xa3\xf3\xea\
\xab\xaf\xa6\xdf\xfc\xe67\xd9\x93jk\x1c\xf7\xce\xf3b\
gG@%\xd6\x90\x8e\x7f\x7f\xff\xf7\x7f?}\xfa\xd3\
\x9fN---\x17;\xdc\xfb\x04\x08\x10 \xd0\x00\x81\
\xb6\xb6\xb64k\xd6\xac\xf4\xcb_\xfe2\x1b\xf7\x1f\xbd\
\xb8l\x04\x08\x10 P_\x01\x01\x80\xfazK\xadD\
\x02\x1f~\xf8a\xfa\xc7\x7f\xfc\xc7\xb4v\xed\xdal\xbd\
z7:\xb5\xad\xfc\x18C\xbat\xe9\xd2\xb4\x7f\xff\xfe\
\xf4\x87\x7f\xf8\x87i\xfa\xf4\xe9&\x06\xac-\xb9\xab\x13\
 @\xa0j\x81\xe8\xf6\xff\xec\xb3\xcf\xa6\x17_|1\
\x9b\xfb\xc6\xdf\xc4\xaa\xe9\x1cH\x80\x00\x81>\x15\x10\x00\
\xe8SN\x17#\x90\xb2\x06\xe8O~\xf2\x93\xec\xc9\x7f\
t\xff\xb7\xd5O \x86\x03l\xd8\xb0!\xfd\xdd\xdf\xfd\
]\x8a\x09\xa6>\xf7\xb9\xcf\xa5\xa1C\x87\xd6/\x03R\
\x22@\x80\x00\x81\x0b\x04b\xce\x9b\xbf\xff\xfb\xbfOs\
\xe7\xceM\x1a\xfe\x17\xf0x\x83\x00\x01\x02u\x15\x10\x00\
\xa8+\xb7\xc4\x8a*\x10\x0d\xcf\xe8\xde\xff\xe6\x9bo\xa6\
g\x9eyF\xd7\xc6\x06W\xf4\x81\x03\x07\xd2\xf7\xbf\xff\
\xfd\xac>bH\xc0\xd4\xa9S\xd3\xe0\xc1\x83\xad\x12\xd0\
\xe0z\x91<\x01\x02\xe5\x11\x88!Y\xd1\xe5?\x86\xc0\
=\xf7\xdcs)z\x00\xd8\x08\x10 @\xa0\xf1\x02\x02\
\x00\x8d\xaf\x039\xc8\xb1@<\xe1\x8fe\xfcb9\xbf\
\x98\x84.\xc6\xa1[\xce\xa8y*4V[\xf8\xab\xbf\
\xfa\xabl8\xc0\x93O>\x99&L\x98\x90\x05\x02\x22\
\x180`\xc0\x80\xe6\xc9\xa8\x9c\x10 @ \xe7\x02\xf1\
\xf7\xf0\xc4\x89\x13Y0<\x1a\xfe\x8b\x16-J\xcf?\
\xff|\xda\xbe}{\xceK&\xfb\x04\x08\x10(\x96\x80\
\x00@\xb1\xeaSi\xea$\x10]\x18c\x82\xbfM\x9b\
6eK\x19\xc5\xa4F\xd1\xc5\xd1\xd6|\x02qS\xfa\
\xee\xbb\xeff\xafI\x93&e\x13\x04\xde|\xf3\xcdi\
\xe2\xc4\x89i\xe0\xc0\x81Y \xa0\x7f\xff\xfe\xa9\xb5\xb5\
U\x0f\x81\xe6\xab>9\x22@\xa0\x09\x05\xe2o`\xf4\
|\x8bW<\xe9\x8f\xd7\xc1\x83\x07\xd3G\x1f}\x94\xcd\
\xc5\x12\xc1\xd7\xf8]w\xff&\xac<Y\x22@\xa0\xf4\
\x02\x02\x00\xa5\xff\x08\x00\xe8\xae@\xdc\xe8\xc4\x13\x8d\xf7\
\xdf\x7f?\xbd\xfe\xfa\xebi\xdd\xbau\xc9X\xff\xee*\
6\xe6\xf8\xcd\x9b7\xa7x\xbd\xf2\xca+i\xc4\x88\x11\
\xe9\xd2K/\xcd\x96\x0e\x8c\xe5\x03\x87\x0d\x1b\x96\x06\x0d\
\x1ad\xf5\x80\xc6T\x8dT\x09\x10\xc8\x91@{\xef\xb7\
\xc3\x87\x0f\xa7C\x87\x0e\xa5\xf8w\xef\xde\xbdY\x97\xff\
\x1c\x15CV\x09\x10 PJ\x01\x01\x80RV\xbbB\
\xf7D \x9ed\xc4\x13\x8d\xe8\xe6\x1fc\xfd#\x00\x10\
\xdd\xffm\xf9\x13\x88\x9b\xd7\x98' ^6\x02\x04\x08\
\x10 @\x80\x00\x01\x02e\x11\x10\x00(KM+g\
\xaf\x04\xe2\xa9\xff\xf2\xe5\xcb\xd3;\xef\xbc\x93u%\xdf\
\xb5kW\xaf\xae\xe7d\x02\x04\x08\x10 @\x80\x00\x01\
\x02\x04\x08\xd4[@\x00\xa0\xde\xe2\xd2\xcb\x9d@,+\
\xf7\xd6[o\xa5\x05\x0b\x16\xe8\xee\x9f\xbb\xda\x93a\x02\
\x04\x08\x10 @\x80\x00\x01\x02\x04\xda\x05\x04\x00\xda%\
\xfcK\xe0<\x81\xe8\xee\x1fk\x16\xbf\xfd\xf6\xdb)&\
4\x8ae\xfel\x04\x08\x10 @\x80\x00\x01\x02\x04\x08\
\x10\xc8\xab\x80\x00@^kN\xbek&\x10\xcb\xf8-\
]\xba4\xbd\xf6\xdakY\xb7\xff\x98\xdd\xdf$\x7f5\
\xe3va\x02\x04\x08\x10 @\x80\x00\x01\x02\x04\xea$\
 \x00P'h\xc9\xe4C`\xcb\x96-\xd9\x0c\xf1\xf3\
\xe7\xcfO;v\xecH\x11\x0c\xb0\x11 @\x80\x00\x01\
\x02\x04\x08\x10 @\xa0\x08\x02\x02\x00E\xa8Ee\xe8\
\xb5\xc0\x91#G\xb2\xae\xfe/\xbd\xf4R\xda\xb4iS\
:q\xe2\x84\xf5\x8b{\xad\xea\x02\x04\x08\x10 @\x80\
\x00\x01\x02\x04\x084\x93\x80\x00@3\xd5FA\xf3\x12\
\xcb\xe7\xc5,\xfa\xcd\xb8\x9d>}:\xad_\xbf>\xfd\
\xecg?\xcb\x96\xf5\x8b'\xfe\x91_\x1b\x01\x02\x04\x08\
\x10 @\x80\x00\x01\x02\x04\x8a& \x00P\xb4\x1am\
\xc2\xf2D\x83\xba\xd9\xd6[\x8f<\xb5\xb5\xb5\xa5g\x9f\
}6\xbd\xf0\xc2\x0b\xe9\xe8\xd1\xa3M('K\x04\x08\
\x10 @\x80\x00\x01\x02\x04\x08\x10\xe8;\x01\x01\x80\xbe\
\xb3t\xa5\x8b\x08\xc4\x04z{\xf7\xee\xbd\xc8\xde\xfa\xbe\
\x1dy\x89\xc6\xfe\x07\x1f|\x90\xfe\xcf\xff\xf9?)\xc6\
\xfc\xdb\x08\x10 @\x80\x00\x01\x02\x04\x08\x10 P\x06\
\x01\x01\x802\xd4r\x83\xcb\x18O\xdbc&\xfd\xf8\xb7\
\xa5\xa5\xa5!\xb9\x89\xb4c\x9c\x7f\x8c\xef\xff\xd5\xaf~\
\x95\x8d\xf7oHF$J\x80\x00\x01\x02\x04\x08\x10 \
@\x80\x00\x81\x06\x09\x08\x004\x08\xbeL\xc9F\xe3\xfb\
\xd8\xb1c\xe9\xd0\xa1Ci\xe4\xc8\x91u/z\xa4\xbd\
m\xdb\xb6\xf4\xd6[oe3\xfc7\xdbp\x84\xba\x83\
H\x90\x00\x01\x02\x04\x08\x10 @\x80\x00\x81R\x0a\x08\
\x00\x94\xb2\xda\xeb_\xe8h\x84/]\xba4\xddw\xdf\
}uK<&\xf8\x8b\xa5\xfc\x16/^\x9cf\xce\x9c\
\x99\xd6\xad[gY\xbf\xba\xe9K\x88\x00\x01\x02\x04\x08\
\x10 @\x80\x00\x81f\x13\x10\x00h\xb6\x1a)h~\
b\xdc\xfd\xbcy\xf3\xd2]w\xdd\x95Z[k\xfb\xb1\
\x8b\x1e\x07\x07\x0f\x1e\xcc\x02\x0es\xe7\xce\xcdf\xf7\x8f\
\xde\x076\x02\x04\x08\x10 @\x80\x00\x01\x02\x04\x08\x94\
Y\xa0\xb6-\xb12\xcb*\xfb'\x04by\xbd5k\
\xd6\xa4\xcd\x9b7\xa7\xc9\x93'\x7fb__\xfer\xe2\
\xc4\x89\xb4z\xf5\xeal\x8c\xff\x82\x05\x0b\xd2\xf6\xed\xdb\
SL\xfcg#@\x80\x00\x01\x02\x04\x08\x10 @\x80\
@\xd9\x05\xfa\x8f\x1b7\xee{eGP\xfe\xfa\x08D\
\x10 &\x01\xbc\xe1\x86\x1b\xd2\xc0\x81\x03\xfb4\xd1x\
\xea\xbfs\xe7\xcel\x8c\xff\x8b/\xbe\x98\xa2\xf1\xbf\x7f\
\xff\xfel\xe2\xc1>M\xc8\xc5\x08\x10 @\x80\x00\x01\
\x02\x04\x08\x10 \x90S\x01=\x00rZqy\xccv\
\x0c\x03\x88.\xf9\xe3\xc7\x8fO_\xf8\xc2\x17\xfa,\x08\
\x10\x81\x859s\xe6\xa4Y\xb3fe\xbd\x0ct\xf7\xcf\
\xe3\xa7C\x9e\x09\x10 @\x80\x00\x01\x02\x04\x08\x10\xa8\
\xb5\x80\x00@\xad\x85]\xffc\x81xJ\xbfg\xcf\x9e\
\xf4\xf2\xcb/\xa7\xe1\xc3\x87\xa7\xfb\xef\xbf?\x0d\x180\
\xe0\xe3\xfd\xdd\xfd!&\xf9{\xff\xfd\xf7\xb3\x09\xfeV\
\xae\x5c\x99v\xef\xde\xed\x89\x7fw\x11\x1dO\x80\x00\x01\
\x02\x04\x08\x10 @\x80@i\x04Z\xa6N\x9dz\xb6\
4\xa5U\xd0\xa6\x10\xe8\xd7\xaf_\x1a3fL\xba\xe7\
\x9e{\xd2\x97\xbe\xf4\xa54q\xe2\xc4lh@\xb5\x99\
;u\xeaTZ\xb2dI\xfa\xcdo~\x93=\xf1\xdf\
\xb7o_\x8a\xf7l\x04\x08\x10 @\x80\x00\x01\x02\x04\
\x08\x10 pq\x01\x01\x80\x8b\xdb\xd8SC\x81\x98\x0b\
 \x9e\xfe_v\xd9e\xe9\x91G\x1e\xc9\x96\x07\x9c0\
aB\x8a\xe0@G\xdb\xb9K\xfa\xbd\xfb\xee\xbbi\xed\
\xda\xb5)\xba\xfa\xc7\xfb6\x02\x04\x08\x10 @\x80\x00\
\x01\x02\x04\x08\x10\xe8Z@\x00\xa0k#G\xd4X\xa0\
\xbd\xd1?v\xec\xd8t\xe3\x8d7\xa6)S\xa6d)\
\xc6S\xfd\xe3\xc7\x8f\xa7\xbd{\xf7\xa6\xe5\xcb\x97g3\
\xfaG\x83?\x86\x12\xc4\xcbF\x80\x00\x01\x02\x04\x08\x10\
 @\x80\x00\x01\x02\xd5\x0b\x08\x00To\xe5H\x02\x04\
\x08\x10 @\x80\x00\x01\x02\x04\x08\x10 \x90[\x81\x8e\
\xfb[\xe7\xb682N\x80\x00\x01\x02\x04\x08\x10 @\
\x80\x00\x01\x02\x04\x08t$ \x00\xd0\x91\x8a\xf7\x08\x10\
 @\x80\x00\x01\x02\x04\x08\x10 @\x80@\xc1\x04\x04\
\x00\x0aV\xa1\x8aC\x80\x00\x01\x02\x04\x08\x10 @\x80\
\x00\x01\x02\x04:\x12\x10\x00\xe8H\xc5{\x04\x08\x10 \
@\x80\x00\x01\x02\x04\x08\x10 @\xa0`\x02\x02\x00\x05\
\xabP\xc5!@\x80\x00\x01\x02\x04\x08\x10 @\x80\x00\
\x01\x02\x1d\x09\x08\x00t\xa4\xe2=\x02\x04\x08\x10 @\
\x80\x00\x01\x02\x04\x08\x10 P0\x01\x01\x80\x82U\xa8\
\xe2\x10 @\x80\x00\x01\x02\x04\x08\x10 @\x80\x00\x81\
\x8e\x04\x04\x00:R\xf1\x1e\x01\x02\x04\x08\x10 @\x80\
\x00\x01\x02\x04\x08\x10(\x98\x80\x00@\xc1*Tq\x08\
\x10 @\x80\x00\x01\x02\x04\x08\x10 @\x80@G\x02\
\x02\x00\x1d\xa9x\x8f\x00\x01\x02\x04\x08\x10 @\x80\x00\
\x01\x02\x04\x08\x14L@\x00\xa0`\x15\xaa8\x04\x08\x10\
 @\x80\x00\x01\x02\x04\x08\x10 @\xa0#\x01\x01\x80\
\x8eT\xbcG\x80\x00\x01\x02\x04\x08\x10 @\x80\x00\x01\
\x02\x04\x0a& \x00P\xb0\x0aU\x1c\x02\x04\x08\x10 \
@\x80\x00\x01\x02\x04\x08\x10 \xd0\x91\x80\x00@G*\
\xde#@\x80\x00\x01\x02\x04\x08\x10 @\x80\x00\x01\x02\
\x05\x13\x10\x00(X\x85*\x0e\x01\x02\x04\x08\x10 @\
\x80\x00\x01\x02\x04\x08\x10\xe8H@\x00\xa0#\x15\xef\x11\
 @\x80\x00\x01\x02\x04\x08\x10 @\x80\x00\x81\x82\x09\
\x08\x00\x14\xacB\x15\x87\x00\x01\x02\x04\x08\x10 @\x80\
\x00\x01\x02\x04\x08t$ \x00\xd0\x91\x8a\xf7\x08\x10 \
@\x80\x00\x01\x02\x04\x08\x10 @\x80@\xc1\x04\x04\x00\
\x0aV\xa1\x8aC\x80\x00\x01\x02\x04\x08\x10 @\x80\x00\
\x01\x02\x04:\x12\x10\x00\xe8H\xc5{\x04\x08\x10 @\
\x80\x00\x01\x02\x04\x08\x10 @\xa0`\x02\x02\x00\x05\xab\
P\xc5!@\x80\x00\x01\x02\x04\x08\x10 @\x80\x00\x01\
\x02\x1d\x09\x08\x00t\xa4\xe2=\x02\x04\x08\x10 @\x80\
\x00\x01\x02\x04\x08\x10 P0\x01\x01\x80\x82U\xa8\xe2\
\x10 @\x80\x00\x01\x02\x04\x08\x10 @\x80\x00\x81\x8e\
\x04\x04\x00:R\xf1\x1e\x01\x02\x04\x08\x10 @\x80\x00\
\x01\x02\x04\x08\x10(\x98\x80\x00@\xc1*Tq\x08\x10\
 @\x80\x00\x01\x02\x04\x08\x10 @\x80@G\x02\x02\
\x00\x1d\xa9x\x8f\x00\x01\x02\x04\x08\x10 @\x80\x00\x01\
\x02\x04\x08\x14L\xa0u\xe4\xc8\x91\x05+\x92\xe2\x10 \
@\x80\x00\x01\x02\x04\x08\x10 @\x80\x00\x01\x02\xe7\x0b\
\xe8\x01p\xbe\x88\xdf\x09\x10 @\x80\x00\x01\x02\x04\x08\
\x10 @\x80@\x01\x05\x04\x00\x0aX\xa9\x8aD\x80\x00\
\x01\x02\x04\x08\x10 @\x80\x00\x01\x02\x04\xce\x17\x10\x00\
8_\xc4\xef\x04\x08\x10 @\x80\x00\x01\x02\x04\x08\x10\
 @\xa0\x80\x02\x02\x00\x05\xacTE\x22@\x80\x00\x01\
\x02\x04\x08\x10 @\x80\x00\x01\x02\xe7\x0b\x08\x00\x9c/\
\xe2w\x02\x04\x08\x10 @\x80\x00\x01\x02\x04\x08\x10 \
P@\x01\x01\x80\x02V\xaa\x22\x11 @\x80\x00\x01\x02\
\x04\x08\x10 @\x80\x00\x81\xf3\x05\x04\x00\xce\x17\xf1;\
\x01\x02\x04\x08\x10 @\x80\x00\x01\x02\x04\x08\x10(\xa0\
\x80\x00@\x01+U\x91\x08\x10 @\x80\x00\x01\x02\x04\
\x08\x10 @\x80\xc0\xf9\x02\x02\x00\xe7\x8b\xf8\x9d\x00\x01\
\x02\x04\x08\x10 @\x80\x00\x01\x02\x04\x08\x14P@\x00\
\xa0\x80\x95\xaaH\x04\x08\x10 @\x80\x00\x01\x02\x04\x08\
\x10 @\xe0|\x01\x01\x80\xf3E\xfcN\x80\x00\x01\x02\
\x04\x08\x10 @\x80\x00\x01\x02\x04\x0a( \x00P\xc0\
JU$\x02\x04\x08\x10 @\x80\x00\x01\x02\x04\x08\x10\
 p\xbe\x80\x00\xc0\xf9\x22~'@\x80\x00\x01\x02\x04\
\x08\x10 @\x80\x00\x01\x02\x05\x14\x10\x00(`\xa5*\
\x12\x01\x02\x04\x08\x10 @\x80\x00\x01\x02\x04\x08\x108\
_@\x00\xe0|\x11\xbf\x13 @\x80\x00\x01\x02\x04\x08\
\x10 @\x80\x00\x81\x02\x0a\x08\x00\x14\xb0R\x15\x89\x00\
\x01\x02\x04\x08\x10 @\x80\x00\x01\x02\x04\x08\x9c/ \
\x00p\xbe\x88\xdf\x09\x10 @\x80\x00\x01\x02\x04\x08\x10\
 @\x80@\x01\x05\x04\x00\x0aX\xa9\x8aD\x80\x00\x01\
\x02\x04\x08\x10 @\x80\x00\x01\x02\x04\xce\x17h=\xff\
\x0d\xbf\x13\xa8\x97@KKKj\x7f\xf5\xebW\xceX\
\xd4\x993g\xd2\xd9\xb3g?~\xd5\xcb^:\x04\x08\
\x10 @\x80\x00\x01\x02\x04\x08\x94O@\x00\xa0|u\
\xde\xd0\x12\x0f\x180 \x0d\x1e<8\x0d\x1a4(\xfb\
w\xd4\xa8Qi\xf4\xe8\xd1)\xfe\xed\xdf\xbf\x7fC\xf3\
V\xef\xc4O\x9e<\x99\x0e\x1e<\x98\x0e\x1c8\x90\xf6\
\xef\xdf\x9f\x8e\x1e=\x9a\x8e\x1f?\x9e\x8e\x1d;\x96N\
\x9d:U\xef\xecH\x8f\x00\x01\x02\x04\x08\x10 @\x80\
\x00\x81\x82\x0b\x08\x00\x14\xbc\x82\x9b\xa1x\xf1\x94?\x1a\
\xfdc\xc6\x8cIW_}u\xba\xe3\x8e;\xd2\x8d7\
\xde\x98\x86\x0f\x1f\x9e\xf5\x00h\x86<6:\x0f\xd1\x0b\
\xe0\xd0\xa1Ci\xc5\x8a\x15i\xe1\xc2\x85i\xc3\x86\x0d\
i\xcf\x9e=Y0 \xf6\xd9\x08\x10 @\x80\x00\x01\
\x02\x04\x08\x10 \xd0[\x81\x96\xbb\xef\xbe[\xeb\xa2\xb7\
\x8a\xce\xbf\xa8@4\xfe/\xbd\xf4\xd2T\xf9\x9c\xa5\x87\
\x1ez(]~\xf9\xe5\xa5{\xd2\x7fQ\x9c\x8b\xec8\
}\xfat\xda\xb2eK\x9a={v\x9a7o^\xda\
\xbbwo6D\xe0\x22\x87{\x9b\x00\x01\x02\x04\x08\x10\
 @\x80\x00\x01\x02U\x09\xf4\x9f4i\xd2\xf7\xaa:\
\xd2A\x04\xba)\x10\xe3\xfa\xa3\xc1\xff\xf8\xe3\x8f\xa7/\
~\xf1\x8bi\xec\xd8\xb1\xa9\xacc\xfd\xbbC\x17F1\
$\xe2\x9ak\xae\xc9zN\xec\xde\xbd;\xb5\xb5\xb5\x09\
\x02t\x07\xd1\xb1\x04\x08\x10 @\x80\x00\x01\x02\x04\x08\
\x5c  \x00p\x01\x897\xfaB\xa0\xfd\xc9\xff\xbf\xfa\
W\xff*=\xf0\xc0\x03YC\xb6/\xae[\xa6k\x0c\
\x1c80]u\xd5Ui\xc4\x88\x11i\xdd\xbau\xd9\
\x1c\x01e*\xbf\xb2\x12 @\x80\x00\x01\x02\x04\x08\x10\
 \xd0\xb7\x02\xe5\x9cz\xbdo\x0d]\xad\x03\x81\x98\xec\
o\xfa\xf4\xe9Y\xd7\xff\xf8\xd9\xd63\x81\xb0\xbb\xeb\xae\
\xbb\xd2\x9dw\xde\x998\xf6\xcc\xd0Y\x04\x08\x10 @\
\x80\x00\x01\x02\x04\x08\xfc\xb3\x80\x00\x80OBM\x04\xa2\
\xbb\xffc\x8f=\x96Z[\xcd3\xd9[\xe0h\xf8?\
\xfa\xe8\xa3i\xdc\xb8q&M\xec-\xa6\xf3\x09\x10 \
@\x80\x00\x01\x02\x04\x08\x94X@\x00\xa0\xc4\x95_\xab\
\xa2G\xf7\xff\xe8\xf6?a\xc2\x84Z%Q\xba\xeb\xc6\
\x5c\x0a\xf7\xddw\x9f9\x14JW\xf3\x0aL\x80\x00\x01\
\x02\x04\x08\x10 @\xa0\xef\x04\x04\x00\xfa\xce\xd2\x95~\
'\x10\x01\x80\xe8\xb6n\xeb;\x810\x8d\xe5\x13M\xa2\
\xd8w\xa6\xaeD\x80\x00\x01\x02\x04\x08\x10 @\xa0l\
\x02\x02\x00e\xab\xf1:\x947\x96\xfd\x1b?~|\x1d\
R*W\x12\xd1\x0b &\x04\xb4\x11 @\x80\x00\x01\
\x02\x04\x08\x10 @\xa0'\x02\x02\x00=QsN\xa7\
\x02S\xa6L\xf1\xa4\xbaS\xa1\x9e\xed\xec\xdf\xbf\x7f\xba\
\xee\xba\xebzv\xb2\xb3\x08\x10 @\x80\x00\x01\x02\x04\
\x08\x10(\xbd\x80\x00@\xe9?\x02}\x0fp\xed\xb5\xd7\
\xf6\xfdE]1\x13\xb8\xf2\xca+I\x10 @\x80\x00\
\x01\x02\x04\x08\x10 @\xa0G\x02\x02\x00=bs\x12\
\x81\xc6\x08\x9c9s\xa61\x09K\x95\x00\x01\x02\x04\x08\
\x10 @\x80\x00\x81\xdc\x0b\x08\x00\xe4\xbe\x0a\x9b\xaf\x00\
\xa7N\x9dj\xbeL\x15$Gl\x0bR\x91\x8aA\x80\
\x00\x01\x02\x04\x08\x10 @\xa0\x01\x02\x02\x00\x0d@/\
z\x92'N\x9c(z\x11\x1bV\xbe\xe3\xc7\x8f7,\
m\x09\x13 @\x80\x00\x01\x02\x04\x08\x10 \x90o\x81\
\xd6|g_\xee\x9bQ`\xdf\xbe}\xcd\x98\xadB\xe4\
i\xef\xde\xbd\x85(G\xb3\x15\x22&X\x1c:th\
\x1a0`@\x8a%\x17m\x04\x08\x10 pq\x81\x18\
\x8ev\xec\xd8\xb1\xecu\xf6\xec\xd9\x8b\x1fh\x0f\x01\x02\
\x04\x084\x9d\x80\x00@\xd3UI\xfe3\xb4r\xe5\xca\
t\xfa\xf4\xe9\x14\x8d*[\xdf\x09\xc4\xd3\xff\xb5k\xd7\
\xf6\xdd\x05Kx\xa5h\xdc\x0f\x1b6,[M\xe1\xea\
\xab\xafN\xa3G\x8fN\xc3\x87\x0fO\x83\x07\x0fN\x03\
\x07\x0e\xf4\x99-\xe1gB\x91\x09\x10\xe8\xbe@4\xfa\
cHZ\xf4\xf8kkkK\x87\x0f\x1fN\xdb\xb7o\
Ok\xd6\xacI\x9b7o\xce\xde\xef\xfeU\x9dA\x80\
\x00\x01\x02\xf5\x10\x10\x00\xa8\x87r\xc9\xd2\xd8\xb1cG\
\xda\xb5kW\xfa\xd4\xa7>U\xb2\x92\xd7\xb6\xb8\x1b6\
lH\x87\x0e\x1d\xaam\x22\x05\xbdz<\xd9\x9f>}\
z\xba\xf9\xe6\x9b\xd3\xe4\xc9\x93\xb3F\x7f\xfb\x13\xff\x08\
T\xf5\xebg4TA\xab^\xb1\x08\x10\xa8\xa1@\x04\
\x02\xa27@\x04\x03\x22H\x1d\xc1\x80={\xf6d\x81\
\x80\xf9\xf3\xe7\xa7\xf8\xbbe\xf2\xda\x1aV\x80K\x13 \
@\xa0\x07\x02\x02\x00=@sJ\xe7\x02\xf1\xf4\x7f\xf9\
\xf2\xe5\x02\x00\x9d3u{o\x98\xba\x91\xea\x1e[4\
\xee?\xf3\x99\xcf\xa4'\x9ex\x22M\x9c81\x0d\x1a\
4(\xeb\xe6\xdf\xbd\xab8\x9a\x00\x01\x02\x04:\x12\x88\
^U\xf1=\x1b\xaf\xf8~\x1d9rd\xba\xec\xb2\xcb\
\xb2^V\x0f?\xfcpz\xef\xbd\xf7\xd2\xf3\xcf?\x9f\
v\xef\xde\xdd\xd1\xe9\xde#@\x80\x00\x81\x06\x08\x08\x00\
4\x00\xbd\x0cI.X\xb0 \xc5\x1f\xff\xb8)\xb0\xf5\
^ \xc6Z.^\xbcX\x00\xa0\x1b\x94\xd7_\x7f}\
z\xea\xa9\xa7\xd2\x8d7\xde\x98u\xf1\xef\xc6\xa9\x0e%\
@\x80\x00\x81\x1e\x0aD\x8f\xaa\x08\x06\xc4\xeb\xb3\x9f\xfd\
l\xba\xf7\xde{\xd3+\xaf\xbc\x92^x\xe1\x85\xac\x87\
@\x0f/\xeb4\x02\x04\x08\x10\xe8#\x81\xfe\x93&M\
\xfa^\x1f]\xcbe\x08|,\x10\x0d\xd6\xab\xae\xba*\
\x8d\x1f?\xfe\xe3\xf7\xfc\xd0s\x81\x08\xa8\xcc\x993'\
\xebb\xd9\xf3\xab\x94\xe3\xcc\xd6\xd6\xd6\xf4\xd0C\x0f\xa5\
?\xfb\xb3?K\xd7^{m\x8a\xdfm\x04\x08\x10 \
P\x7f\x81\xe8!\x10C\xb0n\xb8\xe1\x86t\xd3M7\
\xa5\x98#\xe8\xc8\x91#\xf5\xcf\x88\x14\x09\x10 @\xe0\
c\x01\x01\x80\x8f)\xfc\xd0\x97\x021\x1e0\x82\x00w\
\xddu\x97Y\xd5{\x09\x1b\xe3*\x9fy\xe6\x99lb\
%\xb3-_\x1c3n4\xa3\xfb\xe9\x17\xbe\xf0\x85\xec\
\xc9\xff\xa5\x97^z\xf1\x83\xed!@\x80\x00\x81\xba\x09\
\xc4\xf7sL\xba\x1aA\x80\x9d;w\xa6X-(\x86\
\x0b\xda\x08\x10 @\xa0\xfe\x02\x02\x00\xf57/E\x8a\
\xd1P\x8d\x86k\x8c\xbb6\x19`\xef\xaa<\x9e\xfe\xbf\
\xf9\xe6\x9b\xbaNv\xc2\x187\x97c\xc7\x8eM_\xfe\
\xf2\x97\xd3\x17\xbf\xf8\xc5l\xa6\xffN\x0e\xb7\x8b\x00\x01\
\x02\x04\xea,\x10\xdf\xd3\xa3F\x8dJS\xa6L\xc9z\
\x01\xc4\x84\xc1\xf1\xb0\xc0F\x80\x00\x01\x02\xf5\x150\xf5\
u}\xbdK\x95\xda\x81\x03\x07\xd2\xacY\xb3\xfc\x81\xef\
E\xadG/\x8a\xb9s\xe7\xa6\xfd\xfb\xf7\xf7\xe2*\xc5\
>5n*G\x8c\x18\x91\x1ey\xe4\x91\xf4\xb9\xcf}\
\xcex\xffbW\xb7\xd2\x11 \x90s\x81\x98$0&\
f\xbd\xfd\xf6\xdbM\xca\x9a\xf3\xba\x94}\x02\x04\xf2)\
 \x00\x90\xcfz\xcbE\xae#\xb2\x1fk\x02\xbf\xfd\xf6\
\xdbI\xd7\xf5\x9eU\xd9[o\xbd\x95\xd6\xad[g\xf2\
\xbfN\xf8b\xa2\xa9{\xee\xb9'=\xfa\xe8\xa3n&\
;q\xb2\x8b\x00\x01\x02\xcd\x22p\xf9\xe5\x97g\xc3\xb5\
\xa27\x80yZ\x9a\xa5V\xe4\x83\x00\x81\xb2\x08\x08\x00\
\x94\xa5\xa6\x1bT\xce\xbd{\xf7fO\xb0-\x01\xd4\xfd\
\x0a\xd8\xbcys\x16<\x89\xb1\x92\xb6\x8e\x05b\x95\x89\
[o\xbd5}\xe9K_\xcaz\x01t|\x94w\x09\
\x10 @\xa0\x99\x04\xa2\xe7\xd6u\xd7]\x97\x05\x01\x22\
\x18\x10\xbf\xdb\x08\x10 @\xa0>\x02\x02\x00\xf5q.\
m*\xf1\xe4\xff\xa3\x8f>\xca\x82\x00'O\x9e,\xad\
Cw\x0b\x1e\xf3'D\xd7\xff\xf5\xeb\xd7w\xf7\xd4R\
\x1d\x1f\x13\xfd\xc5\xb8\xff\xe8Rj#@\x80\x00\x81\xfc\
\x08\xc4r\x81\xb7\xdcrK\xba\xfb\xee\xbb\xd3\xf0\xe1\xc3\
\xf3\x93q9%@\x80@\xce\x05\x04\x00r^\x81y\
\xc8\xfe\xa1C\x87\xd2\xa2E\x8b\xb2\xae\xec\x86\x02t]\
cg\xce\x9cI+V\xac\xc8\xcc\x8e\x1e=\xda\xf5\x09\
%=\x22\x9e\x18E\xd7\xffk\xae\xb9\xa6\xa4\x02\x8aM\
\x80\x00\x81|\x0b\xc4\x10\xae\x08\x00T\x96\xa4\xd6\x0b \
\xdfU)\xf7\x04\x08\xe4H@\x00 G\x95\x95\xe7\xac\
\xc6\x93\xec\xf9\xf3\xe7\xa7\x08\x06\xd8:\x17\x88.\xffa\
\xb5e\xcb\x96\xce\x0f,\xf9\xde\x98\xf5\xff\xf3\x9f\xff\xbc\
\x9b\xc6\x92\x7f\x0e\x14\x9f\x00\x81|\x0b\x8c\x1f?>\xdd\
y\xe7\x9d\x86q\xe5\xbb\x1a\xe5\x9e\x00\x81\x1c\x09\x08\x00\
\xe4\xa8\xb2\xf2\x9c\xd5\xe8\xfe\x1f\xbd\x00>\xfc\xf0C\x13\
\xdauR\x91'N\x9cHK\x96,I\x1f|\xf0\x81\
5\x92;q\x8a]\x8f?\xfex\x1a3fL\x17G\
\xd9M\x80\x00\x01\x02\xcd,\x10C\x01\xa27W,\x1b\
\x1c?\xdb\x08\x10 @\xa0\xb6\x02\xbeik\xeb\xeb\xea\
\xe7\x08\xc4\x9a\xbf\xf3\xe6\xcdK\xbbv\xed:\xe7]?\
\xb6\x0b\xc4\xf0\x88\xed\xdb\xb7\x9b\xf8\xaf\x1d\xa4\x93\x7f\xa3\
\xdb\xe8\x83\x0f>\xd8\xc9\x11v\x11 @\x80@^\x04\
F\x8d\x1a\x95n\xbe\xf9\xe64p\xe0\xc0\xbcdY>\
\x09\x10 \x90[\x01\x01\x80\xdcV]\xfe2\x1e\x0d\xdc\
x\xba\xbdt\xe9\xd2\x14\x93\xdc\xd9>)p\xe4\xc8\x91\
\xb4p\xe1\xc2\xb4j\xd5\xaaO\xee\xf0\xdb\x05\x02S\xa7\
NM\xc3\x86\x0d\xbb\xe0}o\x10 @\x80@\xfe\x04\
bN\x97\x08\x00Dp\xd7F\x80\x00\x01\x02\xb5\x15\x10\
\x00\xa8\xad\xaf\xab\x9f'p\xf8\xf0\xe14g\xce\x9c\x14\
\xbd\x01L\x08\xf8/81\xf1\xdf\xa6M\x9b\xd2\xec\xd9\
\xb3S\x0c\x03\xb0u.p\xfb\xed\xb7w~\x80\xbd\x04\
\x08\x10 \x90+\x81X\x16p\xe4\xc8\x91\xe6u\xc9U\
\xad\xc9,\x01\x02y\x14\x10\x00\xc8c\xad\xe5<\xcf\xb1\
,\xe0\xbb\xef\xbe\x9b\xda\xda\xdar^\x92\xbe\xcb~\x04\
F^\x7f\xfdu\xc3#\xaa \x8d1\xa2\xb7\xdezk\
\x15G:\x84\x00\x01\x02\x04\xf2\x22\x10\xdf\xed\xd1\xbb\xab\
\xb5\xb55/Y\x96O\x02\x04\x08\xe4R@\x00 \x97\
\xd5\x96\xefL\x9f:u*\xbd\xf1\xc6\x1b\xd9,\xf7z\
\x01\xa4l\xb2\xbf\x18\x16\xb1`\xc1\x02\xbd\x22\xaa\xf8h\
_v\xd9e\xd9S\xa2*\x0eu\x08\x01\x02\x04\x08\xe4\
H \x96u\xed\xdf\xbf\x7f\x8er,\xab\x04\x08\x10\xc8\
\x9f\x80\x00@\xfe\xea\xac\x109>x\xf0`z\xe9\xa5\
\x97\x92u\xeeS\x8a\xb1\xff\xcf=\xf7\x9c\xae\xffU~\
\xb2c\xb2\xa8\x18/j#@\x80\x00\x81b\x09\xc4\xf7\
\xbb\x95\x00\x8aU\xa7JC\x80@\xf3\x09\x08\x004_\
\x9d\x94\x22G\xf1\xe4?\xd6\xba_\xb6lY\xa9\x9fz\
\x87\xc3\xcb/\xbf\x9c\xb6n\xddZ\x8az\xef\x8bB\x1a\
#\xda\x17\x8a\xaeA\x80\x00\x81\xe6\x13\xf0\xfd\xde|u\
\x22G\x04\x08\x14O@\x00\xa0xu\x9a\xab\x12=\xfd\
\xf4\xd3\xa5\xee\x05\x10\x13\xffE\x00\xc0V\xbd\xc0\x88\x11\
#\xf4\x00\xa8\x9e\xcb\x91\x04\x08\x10\xc8\x8d@\x04\x00\xf4\
\x00\xc8Mu\xc9(\x01\x029\x15\x10\x00\xc8i\xc5\x15\
%\xdb\xdb\xb6mK/\xbc\xf0B\x8aY\xf0\xcb\xb6\xc5\
R\x88?\xfa\xd1\x8f\xd2\xc9\x93'\xcbV\xf4^\x957\
\x96\xff3\x04\xa0W\x84N&@\x80@S\x0aX\xde\
\xb5)\xabE\xa6\x08\x10(\x98\x80\x00@\xc1*4\x8f\
\xc5\x991cF\xda\xb8qc\x1e\xb3\xde\xe3<G\xd7\
\xffX\x0eq\xc5\x8a\x15=\xbeFYO\x8cI$M\
\x1eY\xd6\xdaWn\x02\x04\x8a,\x10\xdf\xef6\x02\x04\
\x08\x10\xa8\xad\x80\x00@m}]\xbd\x0a\x81c\xc7\x8e\
\xa5g\x9f}\xb6TC\x01\xa2\xe7\x83\xae\xffU|8\
:8$&\x90\xb4\x11 @\x80@\xf1\x04\xe2\xfb]\
\x80\xb7x\xf5\xaaD\x04\x084\x97\x80\x00@s\xd5G\
is\xb3d\xc9\x924o\xde\xbcR\x94?\xba\xfeG\
\xe3\x7f\xf7\xee\xdd\xa5(o_\x17\xf2\xd0\xa1C\xa5\x1c\
2\xd2\xd7\x8e\xaeG\x80\x00\x81f\x13\x88\x00@\x19\x87\
\x046[=\xc8\x0f\x01\x02\xc5\x16\x10\x00(v\xfd\xe6\
\xa6t1\x0e\xfe\xb5\xd7^K\xf1d\xbc\xe8\xdb\xe2\xc5\
\x8b\xd3\xa2E\x8b\x92\xae\x8e=\xabi=\x00z\xe6\xe6\
,\x02\x04\x084\xbb\x80\x1e\x00\xcd^C\xf2G\x80@\
\x11\x04\x04\x00\x8aP\x8b\x05(Ct\xf9\xdb\xb2eK\
z\xe3\x8d7\x0a\xdd0\xde\xb5kW\xfa\xedo\x7f\x9b\
\xe2)\xb6\xadg\x02ax\xfa\xf4\xe9\x9e\x9d\xec,\x02\
\x04\x08\x10hZ\x81\xed\xdb\xb7\xeb\x01\xd0\xb4\xb5#c\
\x04\x08\x14E@\x00\xa0(5Y\x80r\x9c8q\x22\
{2^\xd4\x89\xf1\xa2\xd1:w\xee\xdc\xb4v\xed\xda\
B\x079j\xfdQlkkKk\xd6\xac\xa9u2\
\xaeO\x80\x00\x01\x02u\x16X\xbe|\xb9\x95q\xeal\
.9\x02\x04\xca' \x00P\xbe:o\xda\x12G/\
\x80x\xba;k\xd6\xacB>!_\xbdzuZ\xb0\
`A:|\xf8p\xd3\xd6A\x1e2\x16\x9f\x93\x18B\
a#@\x80\x00\x81\xe2\x08\xec\xdd\xbb7\xeb\x09h\x0e\
\x80\xe2\xd4\xa9\x92\x10 \xd0\x9c\x02\x02\x00\xcdY/\xa5\
\xcdU\xcc\x05\xf0\xe1\x87\x1f\xa6\xf9\xf3\xe7\x17\xca\xe0\xc8\
\x91#\xe9\xed\xb7\xdfN\x9b6m2\xc3q\x1f\xd4\xec\
\x07\x1f|\xa0\x9bh\x1f8\xba\x04\x01\x02\x04\x9aE`\
\xd9\xb2e)&\xc9\xb5\x11 @\x80@m\x05\x04\x00\
j\xeb\xeb\xea=\x10\xd8\xbf\x7f\x7f\x16\x00\xd8\xbcys\
\x0f\xcen\xceS\xde\x7f\xff\xfd\x14\x8d\xd6\x08p\xd8z\
/\xb0c\xc7\x8e\xb4n\xdd\xba\xde_\xc8\x15\x08\x10 \
@\xa0\xe1\x02\xf1\xb71\xba\xff\x0b\x004\xbc*d\x80\
\x00\x81\x12\x08\x08\x00\x94\xa0\x92\xf3V\xc4\xe8\xe2\xbdj\
\xd5\xaa\xf4\xee\xbb\xef\x16b\xb2\xb7X\xd9 z4X\
\xf6\xafo?\x89\xcf?\xff|\x8ay#l\x04\x08\x10\
 \x90o\x81\x98\xd7%z\xff\x09\x92\xe7\xbb\x1e\xe5\x9e\
\x00\x81|\x08\x08\x00\xe4\xa3\x9eJ\x97\xcbc\xc7\x8ee\
\xe3\xbc\xe3\x86 \x02\x02y\xdd\xe2f&\xc6\xab/Y\
\xb2$\xd7\xe5hF\xffXNq\xe9\xd2\xa5\xcd\x985\
y\x22@\x80\x00\x81*\x05bb\xd79s\xe6\xa4}\
\xfb\xf6Uy\x86\xc3\x08\x10 @\xa07\x02\x02\x00\xbd\
\xd1snM\x05\xd6\xaf_\x9f\x16.\x5c\x98\xdb\x09\x01\
#p\x11\xdd\xd4\xdfy\xe7\x9d\x14\x01\x0d[\xdf\x0a\xc4\
\xaa\x0a/\xbf\xfcrn?\x1f}\xab\xe1j\x04\x08\x10\
\xc8\xa7@\x8c\xfd\xf7\xf4?\x9fu'\xd7\x04\x08\xe4S\
@\x00 \x9f\xf5V\x8a\x5cG\x03:f\xcd\x8f\x9b\x83\
<\xae\xfb~\xe8\xd0\xa1,\xff\xc6\xaa\xd7\xe6\xe3\xda\x1e\
`\x89U#t\x1b\xad\x8d\xb1\xab\x12 @\xa0\x96\x02\
1D.\x96\xc7\x8d\x15\x00l\x04\x08\x10 P\x1f\x01\
\x01\x80\xfa8K\xa5\x87\x02{\xf6\xec\xc9\xe6\x02\xd8\xb9\
sg\xae\xba\xd0G\xc0\x22\xe61\x88\x99\xff\xf3<\x84\
\xa1\x87\xd5V\xb7\xd3b\xc2\xa8\xd7_\x7f=\xcd\x9b7\
\x8fs\xdd\xd4%D\x80\x00\x81\xde\x0bD\x97\xff7\xde\
x#\x0b\xf2\x0b\xe2\xf6\xde\xd3\x15\x08\x10 P\xad\x80\
\x00@\xb5R\x8ek\x98@\x8c\x9f\x8fW^&|\x8b\
\x06\x7fL\xf8\x17O\xa6\x8di\xac\xed\xc7\xa6\xddz\xc6\
\x8c\x19\xe6\x03\xa8-\xb5\xab\x13 @\xa0\xcf\x04\x8e\x1e\
=\x9a\x05\xc8\xe3\xe9\x7f,\x93k#@\x80\x00\x81\xfa\
\x09\x08\x00\xd4\xcfZJ=\x14\x88\xf1\xf3\xb3g\xcfN\
[\xb6l\xc9\xc5S\xdex\x92\x11\xcb\xfe\x99\xa0\xae\x87\
\x15\xde\xcd\xd3\xa2\xb7\xc5\x86\x0d\x1b\xb2\xf9\x00\x0c\xb7\xe8\
&\x9e\xc3\x09\x10 Pg\x81\x08\xe6\xc7\xfc>3g\
\xceL\xb1\xec\xaf\x8d\x00\x01\x02\x04\xea+\xd0\x7f\xd2\xa4\
I\xdf\xabo\x92R#\xd0}\x81\x83\x07\x0f\xa6!C\
\x86\xa4\xeb\xae\xbb.\x0d\x180\xa0\xfb\x17\xa8\xd3\x19\xf1\
Dz\xf3\xe6\xcd\xe9\xe9\xa7\x9fvcS'\xf3H\xe6\
\xcc\x993\xd9\x18\xd2\xed\xdb\xb7\xa71c\xc6\xa4q\xe3\
\xc6\xd51uI\x11 @\x80@5\x02\xf1\xe4\xff\xad\
\xb7\xdeJ\xbf\xfa\xd5\xaf\xd2\xae]\xbbr\x11\xd4\xaf\xa6\
\x5c\x8e!@\x80@\x9e\x04\x04\x00\xf2T[%\xcek\
4\xac\xe3f\xe1\xdak\xaf\xcd\x1aw---M\xa9\
\x11O\xa3\x7f\xf9\xcb_z\xfa\xdf\x80\xda\x89 @\xcc\
\x19\x11\xbd\x00F\x8e\x1c\x99\xc6\x8f\x1f\x9f\xfa\xf5\xd3\xc9\
\xa9\x01U!I\x02\x04\x08\x5c \x10\x8d\xff_\xff\xfa\
\xd7\xe9\xf9\xe7\x9fO\x11\xd4\x8f\xbf\xeb6\x02\x04\x08\x10\
\xa8\xbf\x80\x00@\xfd\xcd\xa5\xd8C\x81\x18\x0a\x103\xeb\
\xdfq\xc7\x1dM\xdb\x0b \xba\xfe\xc7\xcd\x8d\x09\x8dz\
X\xc9\xbd<-n(\xe3\xc6r\xc5\x8a\x15i\xd0\xa0\
Ai\xe2\xc4\x89M\xfbY\xe9eQ\x9dN\x80\x00\x81\
\xdc\x08DW\xff\x1f\xfc\xe0\x07\xd9\xa4\xad\xfe>\xe6\xa6\
\xdad\x94\x00\x81\x82\x0a\x08\x00\x14\xb4b\x8bZ\xacX\
*h\xec\xd8\xb1\xe9\xea\xab\xafn\xba\x22\xc6\xd3\x8d\xbf\
\xfb\xbb\xbf\xcb&\x00l\xba\xcc\x95,C\xb1:\xc0\x07\
\x1f|\x90\xad-=z\xf4\xe84j\xd4\xa8\xd4\xda\xda\
\x9a\x9a\xb5\xe7H\xc9\xaaGq\x09\x10(\x81@\xf4\x88\
\x8b\x09\xfe^~\xf9\xe5\xf4\xb7\x7f\xfb\xb7i\xfd\xfa\xf5\
%(\xb5\x22\x12 @\xa0\xf9\x05\x04\x00\x9a\xbf\x8e\xe4\
\xf0\x1c\x81\xe8\xe6\x1d\x13\xbe\xdd\x7f\xff\xfd\xd9\x13\xdes\
v5\xfc\xc7\x18\xd3\x18\xcb\xd1\xd9\x9aG \x86\x04\xc4\
R\x8c1/\xc3%\x97\x5c\x92\x0d\x09\x88\xcfP\x0c\x0d\
0<\xa0y\xeaIN\x08\x10\xc8\xbf@\xf4\xc0\x8a\x09\
\xfe\xda\xda\xda\xb2\x15p\xdey\xe7\x9d\xf4\xfd\xef\x7f?\
\xcd\x9f?_\xaf\xb8\xfcW\xaf\x12\x10 P \x81\x96\
\xbb\xef\xbe\xdb \xac\x02Uh\x19\x8a\x12Oq\x1fy\
\xe4\x91\xf4\x9d\xef|\xa7i\x8a\xbbq\xe3\xc6\xf4W\x7f\
\xf5W\xd9\x8dO\xd3dJF.\x10\xb8\xfc\xf2\xcb\xd3\
\xd4\xa9S\xd3\x8d7\xde\x98&L\x98\x90\x0d\x0f\x88I\
%\xfb\xf7\xef\x9f\xf5\x10\x10\x14\xb8\x80\xcc\x1b\x04\x08\x10\
\xb8@ \x1a\xfb\xf1\x84?^\xa7N\x9d\xca^\x87\x0f\
\x1f\xce\x02\xf41\x04k\xd5\xaaU\xd9\x90=\xe3\xfc/\
\xa0\xf3\x06\x01\x02\x04\x1a.\xd0\xda\xf0\x1c\xc8\x00\x81n\
\x0a\xc4\x0d\xc5\x1bo\xbc\x91\x1e~\xf8\xe1lU\x80n\
\x9e\xde\xe7\x87G~~\xf6\xb3\x9f\xa5\x18\x02`kn\
\x81\xad[\xb7\xa6x\xc5\xe7g\xf8\xf0\xe1Y\xaf\x80a\
\xc3\x86e?\xc7\xbf\x03\x07\x0el\xee\x02\xc8\x1d\x01\x02\
\x04\x9a@ \xfe\xee\xc5\xdf\xbc\xe8\xe2\x1f\x0d\xff\xf8w\
\xdf\xbe}\xfe\x0e6A\xdd\xc8\x02\x01\x02\x04\xba\x12\x10\
\x00\xe8J\xc8\xfe\xa6\x14hot\xff\xc5_\xfcEC\
\x1bm\x91\x8f\xd9\xb3g\xa75k\xd6\x98\xd1\xb8)?\
)\x1dg*\x86\x01\xc4d\x81\xf1\xb2\x11 @\x80\x00\
\x01\x02\x04\x08\x10(\x8b\x805\xb2\xcaR\xd3\x05,g\
L(\xf4\xdb\xdf\xfe\xb6\xa1\x0d\xef\xdd\xbbw\xa7W_\
}\xd5S\x8f\x02~\xbe\x14\x89\x00\x01\x02\x04\x08\x10 \
@\x80@\xd1\x04\x04\x00\x8aV\xa3%*O\xcc\xf4>\
s\xe6\xcc\xb4m\xdb\xb6\x86\x94:&;\x8a\xc6\xff\xf6\
\xed\xdb\x1b\x1a\x84hH\xe1%J\x80\x00\x01\x02\x04\x08\
\x10 @\x80@\xee\x04\x04\x00rWe2\xdc.\x10\
\xdd\xef\xdb\x9f\xc0G0\xa0\x9e[\xa4\x1d\x13\x1d-Z\
\xb4\xc8\xd3\xffz\xc2K\x8b\x00\x01\x02\x04\x08\x10 @\
\x80\x00\x81\x1e\x0b\x08\x00\xf4\x98\xce\x89\xcd p\xec\xd8\
\xb1\xb4x\xf1\xe2\xb4|\xf9\xf2\xbaf'&;z\xf3\
\xcd7\xd3\xce\x9d;\xeb\x9a\xae\xc4\x08\x10 @\x80\x00\
\x01\x02\x04\x08\x10 \xd0S\x01\x01\x80\x9e\xca9\xafi\
\x04\xa2\x17@4\xc6\xf7\xee\xdd[\x97<\xc5\x92G\x0b\
\x17.L\x1f~\xf8a\xb6\xf4Q]\x12\x95\x08\x01\x02\
\x04\x08\x10 @\x80\x00\x01\x02\x04z) \x00\xd0K\
@\xa77^ \x1a\xe4+W\xaeL\x0b\x16,\xc8\xd6\
$\xaeu\x8e6n\xdc\x98\xe6\xcf\x9f\x9f-yT\xeb\
\xb4\x5c\x9f\x00\x01\x02\x04\x08\x10 @\x80\x00\x01\x02}\
% \x00\xd0W\x92\xae\xd3P\x81\xfd\xfb\xf7gO\xe5\
\xa3q^\xcb-\xd6;\x8e\xa7\xffk\xd7\xae5\xf1_\
-\xa1]\x9b\x00\x01\x02\x04\x08\x10 @\x80\x00\x81>\
\x17\x10\x00\xe8sR\x17l\x84@L\xca\xb7f\xcd\x9a\
\xac\x17@[[[M\xb2\x10i\xac^\xbd:\xcd\x9b\
7/\xc5\xdc\x036\x02\x04\x08\x10 @\x80\x00\x01\x02\
\x04\x08\xe4I@\x00 O\xb5%\xaf\x9d\x0aD\xa3\xfc\
\x9dw\xdeIK\x97.Mg\xce\x9c\xe9\xf4\xd8\x9e\xec\
\x8c\xe5\xfef\xcd\x9a\x95v\xec\xd8\xd1\x93\xd3\x9dC\x80\
\x00\x01\x02\x04\x08\x10 @\x80\x00\x81\x86\x0a\x08\x004\
\x94_\xe2}-\x10\x8d\xf3\x993g\xa6M\x9b6\xf5\
\xe9\xa5\x8f\x1c9\x92\xde~\xfb\xed\xf4\xfe\xfb\xef\xd7e\
\x9e\x81>\xcd\xbc\x8b\x11 @\x80\x00\x01\x02\x04\x08\x10\
 @\xa0\x22 \x00\xe0cP(\x81\xe8\xa6\xbfl\xd9\
\xb2\xf4\xcb_\xfe2\xc5\x13\xfb\xbe\xd8\x8e\x1f?\x9e\xe6\
\xcc\x99\x93^x\xe1\x85t\xf2\xe4\xc9\xbe\xb8\xa4k\x10\
 @\x80\x00\x01\x02\x04\x08\x10 @\xa0\xee\x02\xfd'\
M\x9a\xf4\xbd\xba\xa7*A\x025\x16\xd8\xb6m[\x16\
\x00\xb8\xfa\xea\xab\xd3\xf0\xe1\xc3SKKK\xb7S\x8c\
`B\x0c+x\xe5\x95W\xd23\xcf<\xa3\xf1\xdfm\
A'\x10 @\x80\x00\x01\x02\x04\x08\x10 \xd0L\x02\
\x02\x00\xcdT\x1b\xf2\xd2\xa7\x021\x1c\xe0\xbd\xf7\xdeK\
#G\x8eL\xa3F\x8dJ\xfd\xfb\xf7\xcf^]%\x12\
\xf3\x07\xc4D\x82\x11D\xf8_\xff\xeb\x7f\xa5\xd7_\x7f\
\xbd&s\x0at\x95\x0f\xfb\x09\x10 @\x80\x00\x01\x02\
\x04\x08\x10 \xd0\x97\x02-w\xdf}\xf7\xd9\xbe\xbc\xa0\
k\x11h6\x81x\xfa\x7f\xcd5\xd7\xa4\x07\x1ex \
\xddx\xe3\x8di\xc8\x90!i\xd0\xa0AY0\xa0_\
\xbf\x7f\x1e\x05s\xea\xd4\xa9\xec\x09\x7f<\xf1\x8f\x86\x7f\
L&8\x7f\xfe|O\xfd\x9b\xad2\xe5\x87\x00\x01\x02\
\x04\x08\x10 @\x80\x00\x81\x1e\x0b\x08\x00\xf4\x98\xce\x89\
y\x13\x88@@4\xfe\xaf\xbc\xf2\xcat\xf9\xe5\x97\xa7\
\x11#Fd\x81\x80\xd3\xa7O\xa7\x98\xe4o\xe7\xce\x9d\
\xd9\xe4\x81{\xf6\xec\xf1\xc4?o\x95+\xbf\x04\x08\x10\
 @\x80\x00\x01\x02\x04\x08t) \x00\xd0%\x91\x03\
\x08\x10 @\x80\x00\x01\x02\x04\x08\x10 @\x80@\xfe\
\x05\xac\x02\x90\xff:T\x02\x02\x04\x08\x10 @\x80\x00\
\x01\x02\x04\x08\x10 \xd0\xa5\x80\x00@\x97D\x0e @\
\x80\x00\x01\x02\x04\x08\x10 @\x80\x00\x01\x02\xf9\x17\x10\
\x00\xc8\x7f\x1d*\x01\x01\x02\x04\x08\x10 @\x80\x00\x01\
\x02\x04\x08\x10\xe8R@\x00\xa0K\x22\x07\x10 @\x80\
\x00\x01\x02\x04\x08\x10 @\x80\x00\x81\xfc\x0b\x08\x00\xe4\
\xbf\x0e\x95\x80\x00\x01\x02\x04\x08\x10 @\x80\x00\x01\x02\
\x04\x08t) \x00\xd0%\x91\x03\x08\x10 @\x80\x00\
\x01\x02\x04\x08\x10 @\x80@\xfe\x05\x04\x00\xf2_\x87\
J@\x80\x00\x01\x02\x04\x08\x10 @\x80\x00\x01\x02\x04\
\xba\x14\x10\x00\xe8\x92\xc8\x01\x04\x08\x10 @\x80\x00\x01\
\x02\x04\x08\x10 @ \xff\x02\x02\x00\xf9\xafC% \
@\x80\x00\x01\x02\x04\x08\x10 @\x80\x00\x01\x02]\x0a\
\x08\x00tI\xe4\x00\x02\x04\x08\x10 @\x80\x00\x01\x02\
\x04\x08\x10 \x90\x7f\x01\x01\x80\xfc\xd7\xa1\x12\x10 @\
\x80\x00\x01\x02\x04\x08\x10 @\x80\x00\x81.\x05\x04\x00\
\xba$r\x00\x01\x02\x04\x08\x10 @\x80\x00\x01\x02\x04\
\x08\x10\xc8\xbf\x80\x00@\xfe\xebP\x09\x08\x10 @\x80\
\x00\x01\x02\x04\x08\x10 @\x80@\x97\x02\x02\x00]\x12\
9\x80\x00\x01\x02\x04\x08\x10 @\x80\x00\x01\x02\x04\x08\
\xe4_@\x00 \xffu\xa8\x04\x04\x08\x10 @\x80\x00\
\x01\x02\x04\x08\x10 @\xa0K\x01\x01\x80.\x89\x1c@\
\x80\x00\x01\x02\x04\x08\x10 @\x80\x00\x01\x02\x04\xf2/\
 \x00\x90\xff:T\x02\x02\x04\x08\x10 @\x80\x00\x01\
\x02\x04\x08\x10 \xd0\xa5\x80\x00@\x97D\x0e @\x80\
\x00\x01\x02\x04\x08\x10 @\x80\x00\x01\x02\xf9\x17\x10\x00\
\xc8\x7f\x1d*\x01\x01\x02\x04\x08\x10 @\x80\x00\x01\x02\
\x04\x08\x10\xe8R@\x00\xa0K\x22\x07\x10 @\x80\x00\
\x01\x02\x04\x08\x10 @\x80\x00\x81\xfc\x0b\xb4\x1e<x\
0\xff\xa5P\x02\x02\x04\x08\x10 @\x80\x00\x01\x02\x04\
\x08\x10 @\xa0S\x01=\x00:\xe5\xb1\x93\x00\x01\x02\
\x04\x08\x10 @\x80\x00\x01\x02\x04\x08\x14C@\x00\xa0\
\x18\xf5\xa8\x14\x04\x08\x10 @\x80\x00\x01\x02\x04\x08\x10\
 @\xa0S\x01\x01\x80Ny\xec$@\x80\x00\x01\x02\
\x04\x08\x10 @\x80\x00\x01\x02\xc5\x10\x10\x00(F=\
*\x05\x01\x02\x04\x08\x10 @\x80\x00\x01\x02\x04\x08\x10\
\xe8T@\x00\xa0S\x1e;\x09\x10 @\x80\x00\x01\x02\
\x04\x08\x10 @\x80@1\x04\x04\x00\x8aQ\x8fJA\
\x80\x00\x01\x02\x04\x08\x10 @\x80\x00\x01\x02\x04:\x15\
\x10\x00\xe8\x94\xc7N\x02\x04\x08\x10 @\x80\x00\x01\x02\
\x04\x08\x10 P\x0c\x01\x01\x80b\xd4\xa3R\x10 @\
\x80\x00\x01\x02\x04\x08\x10 @\x80\x00\x81N\x05\x04\x00\
:\xe5\xb1\x93\x00\x01\x02\x04\x08\x10 @\x80\x00\x01\x02\
\x04\x08\x14C@\x00\xa0\x18\xf5\xa8\x14\x04\x08\x10 @\
\x80\x00\x01\x02\x04\x08\x10 @\xa0S\x01\x01\x80Ny\
\xec$@\x80\x00\x01\x02\x04\x08\x10 @\x80\x00\x01\x02\
\xc5\x10\x10\x00(F=*\x05\x01\x02\x04\x08\x10 @\
\x80\x00\x01\x02\x04\x08\x10\xe8T@\x00\xa0S\x1e;\x09\
\x10 @\x80\x00\x01\x02\x04\x08\x10 @\x80@1\x04\
\x04\x00\x8aQ\x8fJA\x80\x00\x01\x02\x04\x08\x10 @\
\x80\x00\x01\x02\x04:\x15\x10\x00\xe8\x94\xc7N\x02\x04\x08\
\x10 @\x80\x00\x01\x02\x04\x08\x10 P\x0c\x01\x01\x80\
b\xd4\xa3R\x10 @\x80\x00\x01\x02\x04\x08\x10 @\
\x80\x00\x81N\x05\x04\x00:\xe5\xb1\x93\x00\x01\x02\x04\x08\
\x10 @\x80\x00\x01\x02\x04\x08\x14C@\x00\xa0\x18\xf5\
\xa8\x14\x04\x08\x10 @\x80\x00\x01\x02\x04\x08\x10 @\
\xa0S\x01\x01\x80Ny\xec$@\x80\x00\x01\x02\x04\x08\
\x10 @\x80\x00\x01\x02\xc5\x10\x10\x00(F=*\x05\
\x01\x02\x04\x08\x10 @\x80\x00\x01\x02\x04\x08\x10\xe8T\
@\x00\xa0S\x1e;\x09\x10 @\x80\x00\x01\x02\x04\x08\
\x10 @\x80@1\x04\x04\x00\x8aQ\x8fJA\x80\x00\
\x01\x02\x04\x08\x10 @\x80\x00\x01\x02\x04:\x15\x10\x00\
\xe8\x94\xc7N\x02\x04\x08\x10 @\x80\x00\x01\x02\x04\x08\
\x10 P\x0c\x01\x01\x80b\xd4\xa3R\x10 @\x80\x00\
\x01\x02\x04\x08\x10 @\x80\x00\x81N\x05\x04\x00:\xe5\
\xb1\x93\x00\x01\x02\x04\x08\x10 @\x80\x00\x01\x02\x04\x08\
\x14C@\x00\xa0\x18\xf5\xa8\x14\x04\x08\x10 @\x80\x00\
\x01\x02\x04\x08\x10 @\xa0S\x01\x01\x80Ny\xec$\
@\x80\x00\x01\x02\x04\x08\x10 @\x80\x00\x01\x02\xc5\x10\
h-F1\x94\x82\x00\x01\x02\x04\x08\x10 @\x80@\
\xb1\x04\xfa\xf5\xeb\x97\xfa\xf7\xef\x9f\x06\x0c\x18\x90\x86\x0d\
\x1b\x96\x86\x0f\x1f\x9e\xbd\x86\x0e\x1d\x9a\xe25d\xc8\x90\
\x5c\x15\xf8\xd4\xa9S\xe9\xd8\xb1c\xe9\xc8\x91#\xa9\xad\
\xad-\x1d:t\xe8\xe3\x9fO\x9f>\x9d\xce\x9c9\x93\
\xbdrU(\x99%\x903\x01\x01\x80\x9cU\x98\xec\x12\
 @\x80\x00\x01\x02\x04\x08\x14W \x1a\xfc\xd1\xb8\x1f\
5jT\x9a<yrz\xf8\xe1\x87\xd3]w\xdd\x95\
\xfd^\xc4R\x9f={6m\xd9\xb2%\xbd\xf2\xca+\
\xe9\xbd\xf7\xdeK;v\xecH\x87\x0f\x1fN\xc7\x8f\x1f\
\x17\x0c(b\x85+S\xc3\x05Z\xa6N\x9dz\xb6\xe1\
\xb9\x90\x01\x02\x04\x08\x10 @\x80\x00\x01\x02%\x16\x88\
\xa7\xfd\x97^zi\xba\xe6\x9ak\xd2\xa3\x8f>\x9a>\
\xfb\xd9\xcf\xa6\xc1\x83\x07\x97J\xa4=\x18\xf0\xfa\xeb\xaf\
\xa7\x05\x0b\x16\xa4\xf5\xeb\xd7g\xbd\x04\xe2}\x1b\x01\x02\
}# \x00\xd07\x8e\xaeB\x80\x00\x01\x02\x04\x08\x10\
 @\xa0\xdb\x02---i\xcc\x981i\xca\x94)\
Y\xc3\xffs\x9f\xfb\x5c\x8a\xf7\xca\xbe\xed\xdd\xbb7\xcd\
\x981#\xcd\x9d;7\xadY\xb3&\x1d=z\xb4\xec\
$\xcaO\xa0O\x04\x04\x00\xfa\x84\xd1E\x08\x10\xc8\xab\
@\xdcd\xb5\xb6\xb6f\xe3+\xe3\xdf\xf6W^\xcb#\
\xdf\x04\x08\x10\xe8K\x81\x18\xb3\xdd\xfe:y\xf2dj\
\x1f\xa7\xdd\x97i\x94\xf9Z\xf1\x84\xff\xb6\xdbnK\xf7\
\xdf\x7f\x7fz\xec\xb1\xc7\xb2\xae\xffe\xf6\xe8\xa8\xeck\
\xd7\xaeM3g\xceL\xb3g\xcfN\x9b7o\xee\xe8\
\x10\xef\x11 \xd0\x0d\x01\x01\x80n`9\x94\x00\x81b\
\x08\xc4\xf8\xca\xe8fy\xf5\xd5W\xa7+\xaf\xbc2\x9b\
Pi\xd0\xa0Ai\xe0\xc0\x81\xd9+\x82\x00\xd1\x15\xd3\
F\x80\x00\x812\x0bD\xb7\xebh\xfc\x9f8q\x22{\
\xc5\x98\xec\x98\xbcm\xd3\xa6Mi\xdd\xbaui\xcf\x9e\
=\xd9\xfe2\x1b\xf5\xa6\xec\xa3G\x8fN\x0f>\xf8`\
\xfa\xc67\xbe\x91&M\x9a\xe4\xa9\x7f\x17\x98\xb3f\xcd\
J/\xbe\xf8b64 &\x0b\xb4\x11 \xd03\x01\
\x93\x00\xf6\xcc\xcdY\x04\x08\xe4P fQ\xbe\xf5\xd6\
[\xd3\xf4\xe9\xd3\xd3e\x97]\x96&W&W\x9a8\
qb\x8a\xc6\xbf\x8d\x00\x01\x02\x04\xba\x16\x88^\x001\
a\xdbG\x1f}\x94v\xed\xda\x95M\xda\xb6h\xd1\xa2\
l\xc2\xb6\xae\xcfvD\x08D\xcf\xb3h\xf0?\xfe\xf8\
\xe3\xe9\x0b_\xf8B\x1a7n\x1c\x98*\x04b2\xc4\
p\x8b\xbf\xdb\x11\x08\x88\xc0\x94\x8d\x00\x81\xee\x0b\xe8\x01\
\xd0}3g\x10 \x903\x81x\x9a_\x99\xf04=\
\xf9\xe4\x93\xe9\xba\xeb\xae\xcb\x9e\xfcG/\x00\x1b\x01\x02\
\x04\x08\xf4\x5c z\x08\xc4$m\xd1E\xfb\xe5\x97_\
N\x1f|\xf0\x81\x1e\x01]pF\xe3?\xc6\xfa\xff\xc1\
\x1f\xfcA\xba\xe3\x8e;\xd2\xc8\x91#\xbb8\xc3\xee\xf3\
\x05bn\x80\x17^x!\xfd\xe2\x17\xbfH\x07\x0f\x1e\
<\x7f\xb7\xdf\x09\x10\xe8B@\x00\xa0\x0b \xbb\x09\x10\
\xc8\xb7@L\xac\xf4\xado}+\x0b\x00\xc4\xcc\xca\xba\
\xf6\xe7\xbb>\xe5\x9e\x00\x81\xe6\x13\x88@\xc0\x86\x0d\x1b\
\xd2\x87\x1f~\x98~\xf2\x93\x9fdC\x04\x9a/\x97\x8d\
\xcfQ4\xfe\xe3\xef\xd0\xbf\xff\xf7\xff>\xddr\xcb-\
\xd9\x90\xb3\xc6\xe7*\x7f9\x88\xcf[,\x13\x18A\xa7\
\x1f\xfd\xe8G\xd9\xcf\xf9+\x85\x1c\x13h\x9c@\xffJ\
\xb7\xa3\xef5.y)\x13 @\xa0v\x027\xdcp\
C\xfa\x8f\xff\xf1?f\x93+E\x17\xcb\xb8\xf9\xb2\x11\
 @\x80@\xdf\x0a\xc4w\xeb%\x97\x5c\x92\xae\xba\xea\
\xaa\x14\xdf\xbb\x87\x0e\x1d\x12\x04\xe8\x80x\xec\xd8\xb1\xe9\
\xdb\xdf\xfev\xba\xe7\x9e{\xb2\x89g;8\xc4[U\
\x08\xc4\xe7-\x86\xee]q\xc5\x15\xd9\xdf\xf5e\xcb\x96\
%s\x02T\x01\xe7\x10\x02\xbf\x13\x10\x00\xf0Q @\
\xa0p\x02qs\x103*\x7f\xf7\xbb\xdfM7\xdf|\
\xb3\x1b\xad\xc2\xd5\xb0\x02\x11 \xd0\x8c\x021\xb4*\x82\
\xad\xf1\xbd\x1b\xdf\xc3\xabW\xaf\xd60\xfb]E\x0d\x19\
2$}\xedk_K_\xf9\xcaW\xfcM\xea\xa3\x0f\
oL\xdc\x1bA\x80\xb6\xb6\xb6\xb4j\xd5\xaa>\xba\xaa\
\xcb\x10(\xbe\x80\x00@\xf1\xebX\x09\x09\x94J \xba\
\xf8\x7f\xf1\x8b_L\xff\xee\xdf\xfd\xbb\xeci\x94.\xff\
\xa5\xaa~\x85%@\xa0\xc1\x02\xd1\xf0\x1f6lX\xfa\
\xf4\xa7?\x9d\x05\x01bX@,\x1dX\xe6-L\x1e\
x\xe0\x81\xf4\x1f\xfe\xc3\x7f\xc8\x96\x9a-\xb3E_\x96\
=\x5c#\xb0\x12=+bb\xcam\xdb\xb6\xf5\xe5\xe5\
]\x8b@a\x05\x04\x00\x0a[\xb5\x0aF\xa0|\x02\xd1\
\xd8\xbf\xfb\xee\xbb\xd3\xbf\xfe\xd7\xff\xfa\xe3\xae\x81\xe5S\
Pb\x02\x04\x084V \x1af\xb1\xeaJL\xba\x1a\
\xc3\x01\xd6\xacYS\xea\x9e\x001\xee\xffo\xfe\xe6o\
\x92\xc9g\xfb\xfes\x19\x9f\xb5\x98\xeb'\xfe\xfeG\x8f\
\x93\x98\x1b\xc0F\x80@\xe7\x02\x16\xba\xee\xdc\xc7^\x02\
\x04r\x22\x10\x7f\xfc\xe3f\xf3\xeb_\xffz6\xcb\x7f\
N\xb2-\x9b\x04\x08\x10(\xac\xc0\x88\x11#\xd2SO\
=\x95\xcdv_\xd6\xc6otS\xff\xcb\xbf\xfcK\x13\
\xd0\xd6\xf8S\xfe\xe8\xa3\x8f\xa6{\xef\xbd\xd7\xf0\x8a\x1a\
;\xbb|1\x04\x04\x00\x8aQ\x8fJA\xa0\xd4\x02\xf1\
\x04\xe0\xb2\xcb.\xcb\xc6WN\x9f>\xbd\xd4\x16\x0aO\
\x80\x00\x81f\x12\x98<yr\x16\x04\x88\x09\x02\xe3\xbb\
\xbal\xdb\x83\x0f>\x98\x05\xa7\xcbV\xeez\x977\x02\
La}\xe5\x95W\x96\xf2sVoo\xe9\xe5[@\
\x00 \xdf\xf5'\xf7\x04\x08T\x04\x06\x0f\x1e\x9c\x1ez\
\xe8\xa1\xf4\xf8\xe3\x8f\xf3 @\x80\x00\x81&\x13\x88'\
\xb317K\xf4\x08(\xd3\x16+#\xc4\xac\xff\xb6\xfa\
\x08\xdc~\xfb\xedi\xda\xb4i\xd9\x0a\x01\xf5IQ*\
\x04\xf2) \x00\x90\xcfz\x93k\x02\x04~'\x10O\
\x94&M\x9a\x94\xdd\x5c\x96\xf1\xe9\x92\x0f\x02\x01\x02\x04\
\xf2 \xf0{\xbf\xf7{\xd9\x93\xf02M\xcc\x1aA\xe9\
\xf1\xe3\xc7\xe7\xa1z\x0a\x91\xc7\xb8\x07\xf8\xfc\xe7?\x9f\
.\xbf\xfc\xf2B\x94G!\x08\xd4J@\x00\xa0V\xb2\
\xaeK\x80@]\x04b\x06\xe0\x18\xfbw\xed\xb5\xd7\xd6\
%=\x89\x10 @\x80@\xf7\x05\xe2\xe9\xff\x13O<\
\x91\x86\x0e\x1d\xda\xfd\x93sxF\xfcm\x8a\x00@k\
kk\x0es\x9f\xdf,O\x992%\xddp\xc3\x0d)\
\xe6^\xb0\x11 \xd0\xb1\x80\x00@\xc7.\xde%@ \
\x07\x02\x11\xed\x8f\xb1\xff\xd1\xb5\xd4F\x80\x00\x01\x02\xcd\
-\x10K\xe1\xc5\xba\xede\xe8\xad\x15\x93\xd2\x8e\x1c9\
\xb2\x14em\xb6O\xdd\xc3\x0f?\x9c-\x0f\xd8l\xf9\
\x92\x1f\x02\xcd\x22 \x00\xd0,5!\x1f\x04\x08t[\
 \xba\x92\xdev\xdbm\xe9\xd2K/\xed\xf6\xb9N \
@\x80\x00\x81\xfa\x0a\x0c\x1a4(\x9b\xa8\xad\x0c\x01\x80\
\x08v\x94\xa5\xb7C}?E]\xa7\x16\xf7\x05e\x9b\
o\xa2k\x15G\x10\xf8\x17\x01\x01\x80\x7f\xb1\xf0\x13\x01\
\x029\x13\x88Y\x7fc\xbc\x9f\x8d\x00\x01\x02\x04\xf2!\
\x10\xdf\xd9E\xef\x16?`\xc0\x80t\xe3\x8d7\x9a\x8c\
\xaeA\x1f\xc9\x18~1\xb9\xb2\xfaD\x99\xe6\x9bh\x10\
\xb5ds* \x00\x90\xd3\x8a\x93m\x02\x04R\xf6t\
%n\xb2l\x04\x08\x10 \x90\x0f\x81\xb1c\xc7\xa6\x09\
\x13&\xe4#\xb3=\xcc\xe5\xb8q\xe3t\xff\xef\xa1]\
_\x9dv\xff\xfd\xf7\x0b\x00\xf4\x15\xa6\xeb\x14N@\x00\
\xa0pU\xaa@\x04\xca#\x10\xebJ\x17\xfdIRy\
jSI\x09\x10(\x83@t\xff\x8f\xf5\xda\x8b\xbc\xc5\
\xdf\xa6x\x0amk\x9c\xc0\x9dw\xde\xe9\xfe\xa0q\xfc\
Rnr\x01\x01\x80&\xaf \xd9#@\xe0\xe2\x021\
\xd3\xaf\x8d\x00\x01\x02\x04\xf2%p\xdf}\xf7\xe5+\xc3\
\xdd\xccm,M+\x00\xd0M\xb4>>|\xcc\x981\
&`\xeccS\x97+\x8e\x80\x00@q\xeaRI\x08\
\x94N \x96\xfb\xb1\x11 @\x80@\xbe\x04\xa2qV\
\xe4m\xfc\xf8\xf1\xc6\xff7\xb8\x82c\xfc\x7fL:i\
#@\xe0B\x01\x01\x80\x0bM\xbcC\x80@N\x04\xae\
\xbc\xf2\xca\x9c\xe4T6\x09\x10 @\xa0]`\xf4\xe8\
\xd1\x85~:\x1b3\xd0\x1b\x9e\xd6^\xdb\x8d\xfbw\xd8\
\xb0a\x8dK\x5c\xca\x04\x9aX@\x00\xa0\x89+G\xd6\
\x08\x10\xe8\x5c\xc0\xf2\x7f\x9d\xfb\xd8K\x80\x00\x81f\x14\
\x188p`\x8a\x99\xf2\x8b\xb8\xc5\x1c\x07\xc3\x87\x0fO\
\xb1J\x8d\xad\xb1\x02\x96al\xac\xbf\xd4\x9bW@\x00\
\xa0y\xebF\xce\x08\x10\xe8B@t\xbf\x0b \xbb\x09\
\x10 \xd0\xa4\x02\x11\x04(\xe2\x16]\xcf\xa3\xf1\x1f\x81\
\x00[c\x05\x8a\xfa\x19k\xac\xaa\xd4\x8b  \x00P\
\x84ZT\x06\x02%\x15hkk+i\xc9\x15\x9b\x00\
\x01\x02\xf9\x168y\xf2d\xbe\x0bp\x91\xdc\x9f9s\
&\x9d:u*\x9d={\xf6\x22Gx\xbb^\x02\xc7\
\x8f\x1f\xafWR\xd2!\x90+\x01\x01\x80\x5cU\x97\xcc\
\x12 p\xae\xc0\xde\xbd{\xcf\xfd\xd5\xcf\x04\x08\x10 \
\x90\x03\x81h\x98\x9d8q\x22\x079\xed~\x16\xa3\xe1\
\x1f\xc1\xe9\xd3\xa7Ow\xffdg\xf4\xa9\x80\x87\x04}\
\xca\xe9b\x05\x12\x10\x00(Pe*\x0a\x81\xb2\x09l\
\xdb\xb6\xadlEV^\x02\x04\x08\xe4^`\xff\xfe\xfd\
\x85~B~\xf0\xe0\xc1\xac\x17@\xee+*\xe7\x058\
z\xf4h\xceK \xfb\x04j# \x00P\x1bWW\
%@\xa0\x0e\x02k\xd6\xac\xa9C*\x92 @\x80\x00\
\x81\xbe\x14\xd8\xb8qc_^\xae\xe9\xae\xb5{\xf7\xee\
\xa4\xfbyc\xab%\x86a\xa8\x83\xc6\xd6\x81\xd4\x9bW\
@\x00\xa0y\xebF\xce\x08\x10\xe8B`\xd9\xb2e]\
\x1ca7\x01\x02\x04\x084\x9b\xc0;\xef\xbc\xd3lY\
\xea\xd3\xfcl\xda\xb4)y\xfa\xdc\xa7\xa4\xdd\xbeX\xf4\
\xc2\x88\xf9\x18l\x04\x08\x5c( \x00p\xa1\x89w\x08\
\x10\xc8\x89\xc0\xda\xb5k\x8d\xb3\xccI]\xc9&\x01\x02\
\x04\xda\x05\xe6\xcf\x9f\xdf\xfec!\xff\x8d\xbfM\xc6\x9f\
7\xb6j\xe7\xcd\x9bg\x18Fc\xab@\xeaM, \
\x00\xd0\xc4\x95#k\x04\x08t.\x10OX\xe2F\xcb\
F\x80\x00\x01\x02\xf9\x108t\xe8P\xda\xbe}{>\
2\xdb\xc3\x5c\xee\xda\xb5+\xeb\x01`%\x80\x1e\x02\xf6\
\xc1is\xe6\xcc\xd1\x03\xa0\x0f\x1c]\xa2\x98\x02\x02\x00\
\xc5\xacW\xa5\x22P\x0a\x81\x18\xe3\xf7\xe2\x8b/\x96\xa2\
\xac\x0aI\x80\x00\x81\x22\x08\xcc\x981\xa3\xf0Ofc\
\x05\x80\x85\x0b\x17\x1a\x83\xde\xa0\x0fl\xdc\x1b|\xf4\xd1\
G\x02\x00\x0d\xf2\x97l\xf3\x0b\x08\x004\x7f\x1d\xc9!\
\x01\x02\x17\x11\x88\xf1}\xef\xbd\xf7\x9e\xae\x96\x17\xf1\xf1\
6\x01\x02\x04\x9aI \x1a\xc63g\xce,\xf4\x0a\x00\
\xed\xdeo\xbd\xf5V:r\xe4H\xfb\xaf\xfe\xad\xa3\xc0\
\xdc\xb9s\xd3\xe1\xc3\x87\xeb\x98\xa2\xa4\x08\xe4K@\x00\
 _\xf5%\xb7\x04\x08\x9c#\x10\xdd+c\xb6\xe5_\
\xfc\xe2\x17\xa5\xb8\xa1<\xa7\xe8~$@\x80@\xee\x04\
\xde}\xf7\xdd\xb4y\xf3\xe6R|_\xaf_\xbf>\xc5\
Dt\x86\x01\xd4\xf7c\x1a\xde\x11|1\x09c}\xdd\
\xa5\x96/\x01\x01\x80|\xd5\x97\xdc\x12 p\x9e\xc0\xb1\
c\xc7R\x8c\xf5+\xfa\x98\xd2\xf3\x8a\xedW\x02\x04\x08\
\xe4J\xe0\xc0\x81\x03\xe9\xe9\xa7\x9f.\xcdS\xf1X\x82\
\xee\xb5\xd7^+\xfcp\x87f\xfb\x10\xc6\xbd@,\x11\
\x1c\xc3\x00l\x04\x08t, \x00\xd0\xb1\x8bw\x09\x10\
\xc8\x89@D\xfb\xb7n\xdd\x9a\xfe\xe9\x9f\xfe)\x9d<\
y2'\xb9\x96M\x02\x04\x08\x94G \x86k\xbd\xfa\
\xea\xab\xa5\x1b\x97\xfd\xfc\xf3\xcfg=\x1e\xcaS\xd3\x8d\
-i4\xfa\x7f\xfd\xeb_\xa7m\xdb\xb6\xe9y\xd1\xd8\
\xaa\x90z\x93\x0b\x08\x004y\x05\xc9\x1e\x01\x02]\x0b\
\xc4rKo\xbf\xfdv6\xe9\x92u\x7f\xbb\xf6r\x04\
\x01\x02\x04\xea)\xb0d\xc9\x92\x14\x93\xff\xc5\x0a\x00e\
\xdab\x1c\xfaO~\xf2\x13\x8d\xd1:Uz<\xf9\x8f\
\xc9\x17u\xff\xaf\x13\xb8dr+\x10\x01\x80\xb3\xb9\xcd\
\xbd\x8c\x13 @\xa0\x22\x10\xbd\x006m\xda\x94~\xfa\
\xd3\x9f\xa6\xe5\xcb\x973!@\x80\x00\x81&\x11X\xb5\
jU\xd6\x08\x8eY\xd9\xcb8\x1e~\xf6\xec\xd9i\xc1\
\x82\x05MR\x1b\xc5\xcdF\x0c\xb9x\xe3\x8d7\xd2\xc6\
\x8d\x1bK\xf99+n\xcd*Y\x0d\x04\xceF\x00\xc0\
 \x99\x1a\xc8\xba$\x01\x02\xf5\x15\x88\xd9\xa5W\xacX\
\x91\x8d1]\xbbvm}\x13\x97\x1a\x01\x02\x04\x08\x5c\
 \xb0a\xc3\x86\xf4\xf3\x9f\xff<-^\xbc\xb8\xb4c\
\xb2O\x9c8\x91~\xf8\xc3\x1f\x96\xae\xf7\xc3\x05\x1f\x86\
\x1a\xbe\x11\x81\xa5\x08\xb2\xc4$\x93\x9e\xfe\xd7\x10\xda\xa5\
\x8b\x22p\xaa\xff\xb8q\xe3\xfe\xb2R\x9a\xd6\xa2\x94H\
9\x08\x10(\xaf@t\xff\xdf\xb5kW\xda\xbf\x7f\x7f\
\x9a<yr\xba\xe4\x92K\xca\x8b\xa1\xe4\x04\x08\x10h\
\xa0@\xf4\xca\x8aI\xff\xde|\xf3\xcd\xd2/\xd5\xbaw\
\xef\xde\xcc\xe0\x8e;\xeeH\xfd\xfb\xf7o`\xad\x143\
\xe9\xe8\xf9\xf7\xe3\x1f\xff8\xad^\xbd\xda\xd3\xffbV\
\xb1R\xf5\xad\xc0\xc9\x08\x00\xfc\xbf\x95k\x0e\xec\xdb\xeb\
\xba\x1a\x01\x02\x04\x1a#\x10\x93\x00\xc5,\xc0q\xf3\x19\
A\x80\xd1\xa3G\xa7\x96\x96\x96\xc6dF\xaa\x04\x08\x10\
(\xa1@<\xf9\xff\x87\x7f\xf8\x87\x14\xeb\xb1\x1f9r\
\xa4\x84\x02\x9f,r<\xa1\x8e\xe5\x0f\xa3\xa7\xdam\xb7\
\xdd\xe6o\xd2'yz\xf5[|\xd6b\xf8_\xf4\x00\
0\xf3\x7f\xaf(\x9d\x5c\x1e\x81\xe3\x11\x00\xf8\x8bJy\
\x07\x95\xa7\xccJJ\x80@\xd1\x05\xda\x83\x00K\x97.\
M\xd7_\x7f}\x1a;v\xac\x1b\xae\xa2W\xba\xf2\x11\
 \xd0p\x81h\xe8\xae[\xb7.\xfd\xd7\xff\xfa_\xd3\
\x07\x1f|\x90b\x99V\xdb?\x0b\xc4*5[\xb6l\
I\x03\x07\x0eL7\xdex#\x96>\x10\xd8\xb3gO\
z\xf6\xd9g\xd3\xcc\x993S\x0c\xb5\xb0\x11 P\x95\
\xc0\xb1\x08\x00\xfc?\x95C\x87Tu\xb8\x83\x08\x10 \
\x90\x13\x81\x18\x0e\xb0o\xdf\xbe\xf4\xd6[o\xa5X\x7f\
:\x9e\xba\xe8z\x99\x93\xca\x93M\x02\x04r'\x10\x81\
\xd7\xe7\x9e{.\xfd\x8f\xff\xf1?>~\xda\x9d\xbbB\
\xd48\xc31>=z\x02\x8c\x1a5*]s\xcd5\
5N\xad\xd8\x97\x8f\xd5\x7f^z\xe9\xa5l\x98IL\
\x00h#@\xa0j\x81\xb6\xfe\x95'c\xff\xb9\xd2=\
vX\xd5\xa78\x90\x00\x01\x029\x12\x88'P\xd1\x13\
 \x9e\x12\x0c\x1e<8M\x9d:Uo\x80\x1c\xd5\x9f\
\xac\x12 \xd0\xdc\x02\xf1\xd4?\x9e\xf6\xff\xa7\xff\xf4\x9f\
\xb2Y\xd8\xa3\x91\x1b\xef\xd9:\x168x\xf0`Z\xb9\
re\x1a9rd\xba\xf6\xdak\xfd=\xea\x98\xa9\xd3\
w\xe33\x16c\xfe\x7f\xf4\xa3\x1f\xe9\xf6\xdf\xa9\x94\x9d\
\x04.\x14\xa8|?\x1fj\xa9\xdc\x0c\x7fT\xd95\xf9\
\xc2\xdd\xde!@\x80@\xf1\x04>\xf5\xa9O\xa5/}\
\xe9K\xe9\xb1\xc7\x1e\xcbn\xc0\xa2;fkkk\xea\
\xd7\xaf\x9f\x1b\xb1\xe2U\xb7\x12\x11 \xd0G\x02\xd1\xa8\
\x8f\x9eU\xf1\xa4?\xba[\xc7\x13\xd8\xe8a\xf5\xe2\x8b\
/f\xdd\xfe5\xfa\xbb\x07\x1d\x93\xd4\xfe\xf1\x1f\xffq\
z\xe2\x89'\xd2\x90!C\xfc\xfd\xa9\x92/&\xf9\xfd\
\xef\xff\xfd\xbf\xa79s\xe6\x084Ui\xe60\x02\xe7\
\x09\xac\x8f\x00\xc0\xb2\xca\x9b7\x9d\xb7\xc3\xaf\x04\x08\x10\
(\xb4@4\xfc\xaf\xba\xea\xaat\xcf=\xf7d\xe31\
\xe3f,n\xc2\x22\x18`\xd2\xc0BW\xbd\xc2\x11 \
\xd0\x0d\x81h\xd8\xc7\xe4u\xd1\x9b*\x1a_\xf1\xf4\xfa\
\x9dw\xdeI\x1f}\xf4Q\xd2\xf5\xba\x1b\x90\x1d\x1c\x1a\
\xbd\xd2\xbe\xf9\xcdofA\xe9\xca\x90\x5c\xc3\xd4:0\
j\x7f+\x02O1\x87\xc2_\xff\xf5_\xa7U\xabV\
\xb5\xbf\xed_\x02\x04\xba/\xb0<\x02\x00\x0b*\xe7\xdd\
\xd1\xfds\x9dA\x80\x00\x81b\x09\xc4\x1c\x01\x83\x06\x0d\
\xca&i\x12\x04(V\xdd*\x0d\x01\x02\xdd\x17\x88\xc6\
\x7f<\xed\x8f\x86~\x04\x01l}/\x10\x7fw\xee\xbb\
\xef\xbe\xac'@\x0cQ\x8b\xa1\x01\xfe\xfe\xfc\x8bs\xfb\
\xa4\xbe\x11x\xfa\x9f\xff\xf3\x7f\xa6\x9d;w\xfe\xcbN\
?\x11 \xd0\x13\x81\x85\x11\x00\x98]9\xf3\xc1\x9e\x9c\
\xed\x1c\x02\x04\x08\x10 @\x80\x00\x01\x02\x04z'0\
b\xc4\x88\xf4\xe5/\x7f9M\x9b6-\xdd|\xf3\xcd\
i\xe8\xd0\xa1\xbd\xbb`\xce\xcf\x8e\xe1&[\xb7nM\
\x1f~\xf8a\x9a1cF6\xcf\x84\x99\xfes^\xa9\
\xb2\xdf,\x02sZn\xba\xe9\xa6\xdfT\x22\xbc_l\
\x96\x1c\xc9\x07\x01\x02\x04\x08\x10 @\x80\x00\x812\x0a\
\x8c\x1f?>=\xfe\xf8\xe3i\xf2\xe4\xc9\xd90\xb5I\
\x93&e\xbd\xd2\xca`\x11=Nb\x92\xc4\x18^\xb2\
i\xd3\xa6\xb4p\xe1\xc2\xecu\xf8\xf0a\xe3\xfd\xcb\xf0\
\x01P\xc6\xba\x08Tz\x18\xcd\x88\x1e\x00\xcfVR\xfb\
Z]R\x94\x08\x01\x02\x04\x08\x10 @\x80\x00\x01\x02\
\x17\x15\x88!\x00\x97^zi\xba\xee\xba\xeb\xb2\x95\x02\
&L\x98\x90\xfd{\xf9\xe5\x97g=\x03\x06\x0c\x18P\
\x88a\x02\xd1\xe0\x8f\xb9%\x0e\x1d:\x94\xd6\xae]\x9b\
6l\xd8\x90=\xf5\x8f\xee\xfe\x11\x00\x88\x89&m\x04\
\x08\xf4\xb9\xc0s\xad\x95\xff\xf9\xf6\x1bk\xd4\xe7\xb0.\
H\x80\x00\x01\x02\x04\x08\x10 @\xa0\xdb\x02\xd10\xde\
\xb3gO\xf6Z\xb0`A6/@\xf4\x04\xa8,\xdd\
\x9d-g\xdb>WMLf\x9b\xb7`@\xcc%q\
\xf2\xe4\xc9ln\x89\xf6\xf9%\xa2\xa1\x1f\x0d\xfe\x1d;\
vd\x01\x81(\xbf\x8d\x00\x81\xda\x08D\xdb\xbf\xb5\xd2\
\xf8\xdf_\x9b\xcb\xbb*\x01\x02\x04\x08\x10 @\x80\x00\
\x01\x02=\x15\x88\x06\xf3\xbe}\xfb\xb2W\xfb5\xe2\xc1\
]\xacX\x13\x13\x08\xc6+O\x0d\xe6\xc8k\xfbr\x92\
\xf1o\x9e\xf2\xde\xee\xef_\x02y\x16\x88\xb6\xbf\x1e\x00\
y\xaeAy'@\x80\x00\x01\x02\x04\x08\x10(\x95@\
4\x9a\xe3)z\xbcl\x04\x08\x10\xe8\x8e@\xe5\xfbc\
\x7f\xbf\xca\xa6\x07@w\xd4\x1cK\x80\x00\x01\x02\x04\x08\
\x10 @\x80\x00\x01\x02\x04r&\x10m\xff~\x11\x05\
\xc8Y\xbee\x97\x00\x01\x02\x04\x08\x10 @\x80\x00\x01\
\x02\x04\x08\x10\xe8\x86@\xa5\xed\xbf/\x02\x00\xfb\xbaq\
\x8eC\x09\x10 @\x80\x00\x01\x02\x04\x08\x10 @\x80\
\x00\x81\x9c\x09dC\x00*\x13\x01\xec\xcaY\xbee\x97\
\x00\x01\x02\x04\x08\x10 @\x80\x00\x01\x02\x04\x08\x10\xe8\
\x86@\xb4\xfd\xfbUf\xe0\xdc\xd1\x8ds\x1cJ\x80\x00\
\x01\x02\x04\x08\x10 @\x80\x00\x01\x02\x04\x08\xe4L \
\xda\xfe\xfd\x86\x0f\x1f.\x00\x90\xb3\x8a\x93]\x02\x04\x08\
\x10 @\x80\x00\x01\x02\x04\x08\x10 \xd0\x1d\x81h\xfb\
\xb7\xc4\x09S\xa7N=\x5c\xf9gXwNv,\x01\
\x02\x04\x08\x10 @\x80\x00\x01\x02\x04\x08\x10 \x90\x0b\
\x81\xc3+V\xac\x18\xd1/\xb2Z\x19\x0b\xa0\x17@.\
\xeaL&\x09\x10 @\x80\x00\x01\x02\x04\x08\x10 @\
\x80@\xf7\x04*m\xfe\x9dqF\x16\x00\xa8\xcc\x06(\
\x00\xd0=?G\x13 @\x80\x00\x01\x02\x04\x08\x10 \
@\x80\x00\x81\x5c\x08\xb4\xb7\xf9\xdb{\x00l\xc9E\xae\
e\x92\x00\x01\x02\x04\x08\x10 @\x80\x00\x01\x02\x04\x08\
\x10\xe8\x96@\xa5\x07@\xd6\xe6o\xef\x01\xb0\xa9[g\
;\x98\x00\x01\x02\x04\x08\x10 @\x80\x00\x01\x02\x04\x08\
\x10\xc8\x85@\xa5\x07@\xd6\xe6\xcf\x02\x00\x95\x1c\x0b\x00\
\xe4\xa2\xdad\x92\x00\x01\x02\x04\x08\x10 @\x80\x00\x01\
\x02\x04\x08t[\xe0_\x02\x00\x95h\xc0\xc6n\x9f\xee\
\x04\x02\x04\x08\x10 @\x80\x00\x01\x02\x04\x08\x10 @\
\xa0\xe9\x05\xda\xdb\xfcY\x0f\x80\xfe\xfd\xfb\xeb\x01\xd0\xf4\
U&\x83\x04\x08\x10 @\x80\x00\x01\x02\x04\x08\x10 \
@\xa0\xfb\x02\xedm\xfe,\x00p\xe6\xcc\x19\x01\x80\xee\
\x1b:\x83\x00\x01\x02\x04\x08\x10 @\x80\x00\x01\x02\x04\
\x084\xbd@{\x9b\xbf\xe5w9m\x99:u\xea\x91\
\xca\xcfC\x9a>\xe72H\x80\x00\x01\x02\x04\x08\x10 \
@\x80\x00\x01\x02\x04\x08T+pt\xc5\x8a\x15\xc3*\
\x07\x9fm\x9f\x04\xf0l\xe5\x97u\xd5\x9e\xed8\x02\x04\
\x08\x10 @\x80\x00\x01\x02\x04\x08\x10 @ \x17\x02\
\xd1\xd6\x8f6\x7fj\x0f\x00\xc4\xcfk\xe2?6\x02\x04\
\x08\x10 @\x80\x00\x01\x02\x04\x08\x10 @\xa00\x02\
\x1f\xb7\xf5?\x0e\x00\xb4\xb4\xb4\xac-L\xf1\x14\x84\x00\
\x01\x02\x04\x08\x10 @\x80\x00\x01\x02\x04\x08\x10H\x95\
\xb6\xfe\x85\x01\x80\xca\xb2\x00\x1f\xbf\xc9\x88\x00\x01\x02\x04\
\x08\x10 @\x80\x00\x01\x02\x04\x08\x10\xc8\xbf@\xa5\xad\
\xff\xf1\xc3\xfe\x8f{\x00T\x8a%\x00\x90\xff\xbaU\x02\
\x02\x04\x08\x10 @\x80\x00\x01\x02\x04\x08\x10 p\xae\
\xc0\xc7m\xfd\x8f\x03\x00\xfd\xfa\xf5[y\xee\x11~&\
@\x80\x00\x01\x02\x04\x08\x10 @\x80\x00\x01\x02\x04\xf2\
-pn[\xbf}\x19\xc0\xacD\x95\xa5\x00\x0fV~\
\x18\x91\xef\xe2\xc9=\x01\x02\x04\x08\x10 @\x80\x00\x01\
\x02\x04\x08\x10 P\x118TY\x02pd\xbb\xc4\xc7\
=\x00~\xf7\xc6\x8a\xf6\x1d\xfe%@\x80\x00\x01\x02\x04\
\x08\x10 @\x80\x00\x01\x02\x04r-\xf0\x896\xfe'\
\x02\x00\x95\xd9\x01\x97\xe7\xbah2O\x80\x00\x01\x02\x04\
\x08\x10 @\x80\x00\x01\x02\x04\x08d\x02\x95\x09\x00\x97\
\x9dK\xf1\x89\x00@e\xc7'v\x9e{\xa0\x9f\x09\x10\
 @\x80\x00\x01\x02\x04\x08\x10 @\x80\x00\x81\xfc\x08\
T\xc6\xff\x7f\xe2!\xff'\x02\x00\x95\xe8\xc0'v\xe6\
\xa7XrJ\x80\x00\x01\x02\x04\x08\x10 @\x80\x00\x01\
\x02\x04\x08\x9c+p~\x1b\xff\x13\x01\x80\x01\x03\x06,\
>\xf7`?\x13 @\x80\x00\x01\x02\x04\x08\x10 @\
\x80\x00\x01\x02\xf9\x148\xbf\x8d\xff\x89U\x00\xa2H\x95\
\x95\x00vU\xfe\x19\x9b\xcf\xe2\xc95\x01\x02\x04\x08\x10\
 @\x80\x00\x01\x02\x04\x08\x10 P\x11\xd8]Y\x01\
`\xdc\xb9\x12\xad\xe7\xfe\x12?\x0f\x192\xe4H%J\
 \x00p>\x8c\xdf\x09\x10 @\x80\x00\x01\x02\x04\x08\
\x10 @\x80@N\x04N\x9e<y\xe4\xfc\xac~b\
\x08@\xec\xac\x8c\x11X{\xfeA~'@\x80\x00\x01\
\x02\x04\x08\x10 @\x80\x00\x01\x02\x04\xf2#\xd0Q\xdb\
\xfe\x82\x00@\xa58K\xf3S$9%@\x80\x00\x01\
\x02\x04\x08\x10 @\x80\x00\x01\x02\x04:\x10\xb8\xa0m\
\x7fA\x00\xa0\xa5\xa5en\x07'z\x8b\x00\x01\x02\x04\
\x08\x10 @\x80\x00\x01\x02\x04\x08\x10\xc8\x89@Gm\
\xfb\x0b\x02\x00\xad\xad\xad\xaf\x9d9s\xe6tN\x91W\
\xef\xf2\x00\x000\xf4IDAT\xca$\x9b\x04\x08\x10\
 @\x80\x00\x01\x02\x04\x08\x10 @\x80\xc09\x02\xd1\
\xa6\x8f\xb6\xfd9oe?^\x10\x00\x987o\xde\x9e\
\xca\xc1;\xcf?\xd0\xef\x04\x08\x10 @\x80\x00\x01\x02\
\x04\x08\x10 @\x80@\xf3\x0bD\x9b>\xda\xf6\xe7\xe7\
\xf4\x82\x00@\x1cP\x99,`\xc5\xf9\x07\xfa\x9d\x00\x01\
\x02\x04\x08\x10 @\x80\x00\x01\x02\x04\x08\x10h~\x81\
\x8b\xb5\xe9;\x0c\x00T\x8a3\xbb\xf9\x8b$\x87\x04\x08\
\x10 @\x80\x00\x01\x02\x04\x08\x10 @\x80@\x07\x02\
\x1d\xb6\xe9;\x0c\x00\x9c>}\xfa\x17\x95W\x07\xd7\xf0\
\x16\x01\x02\x04\x08\x10 @\x80\x00\x01\x02\x04\x08\x10 \
\xd0\xac\x02\xd1\x96\x8f6}G\xf9k\xe9\xe8\xcdxo\
\xda\xb4i\x87\x06\x0c\x180\xfcb\xfb\xbdO\x80\x00\x01\
\x02\x04\x08\x10 @\x80\x00\x01\x02\x04\x084\x97\xc0\xc9\
\x93'\x0f\xbf\xf7\xde{#:\xcaU\x87=\x00~w\
\xe0\xaa\x8eN\xf0\x1e\x01\x02\x04\x08\x10 @\x80\x00\x01\
\x02\x04\x08\x10 \xd0\xb4\x02+/\x96\xb3\x8b\x06\x00*\
\xb3\x06\xce\xba\xd8I\xde'@\x80\x00\x01\x02\x04\x08\x10\
 @\x80\x00\x01\x02\x04\x9aO\xa0\xd2\x96\xefp\xfc\x7f\
\xe4\xf4\xa2\x01\x80\xca\x98\x81\x9f\x9b\x07\xa0\xf9*S\x8e\
\x08\x10 @\x80\x00\x01\x02\x04\x08\x10 @\x80@G\
\x02\xbf\x1b\xff\xff\xf3\x8e\xf6\xc5{\x17\x9d\x03 v\xde\
q\xc7\x1dm\xad\xad\xadC\xe2g\x1b\x01\x02\x04\x08\x10\
 @\x80\x00\x01\x02\x04\x08\x10 \xd0\xbc\x02\xa7N\x9d\
:\xbap\xe1\xc2\xa1\x17\xcb\xe1E{\x00\xc4\x09\x95\xae\
\x03\xe6\x01\xb8\x98\x9c\xf7\x09\x10 @\x80\x00\x01\x02\x04\
\x08\x10 @\x80@\x13\x09t\xd5\x86\xef4\x00P)\
\xc7\x9c&*\x8b\xac\x10 @\x80\x00\x01\x02\x04\x08\x10\
 @\x80\x00\x01\x02\x17\x17\xe8\xb4\x0d\xdfi\x00\xa0\xd2\
}\xe0\xa7\xe6\x01\xb8\xb8\xac=\x04\x08\x10 @\x80\x00\
\x01\x02\x04\x08\x10 @\xa0\x19\x04\xa2\xed\x1em\xf8\xce\
\xf2\xd2\xe9\x1c\x00qbe\x1e\x80C\x95y\x00\x86w\
v\x11\xfb\x08\x10 @\x80\x00\x01\x02\x04\x08\x10 @\
\x80\x00\x81\xc6\x09T\x1a\xff\x87+\xe3\xffGt\x96\x83\
N{\x00\xc4\x89\x951\x04\xcb;\xbb\x80}\x04\x08\x10\
 @\x80\x00\x01\x02\x04\x08\x10 @\x80@c\x05\xaa\
i\xbbw\x19\x00hiiy\xb5\xb1\xc5\x90:\x01\x02\
\x04\x08\x10 @\x80\x00\x01\x02\x04\x08\x10 \xd0\x99@\
5m\xf7.\x03\x00\x95\x04~h\x1e\x80\xce\x98\xed#\
@\x80\x00\x01\x02\x04\x08\x10 @\x80\x00\x01\x02\x8d\x13\
\xf8]\x9b\xfd\x87]\xe5\xa0\xcb9\x00\xe2\x02\xd3\xa6M\
\xdb1`\xc0\x80\xcb\xba\xba\x98\xfd\x04\x08\x10 @\x80\
\x00\x01\x02\x04\x08\x10 @\x80@}\x05N\x9e<\xb9\
\xf3\xbd\xf7\xde\x1b\xdfU\xaa\xd5\xf4\x00Hg\xcf\x9e}\
\xb3\xab\x0b\xd9O\x80\x00\x01\x02\x04\x08\x10 @\x80\x00\
\x01\x02\x04\x08\xd4_\xa0\xda6{U\x01\x80J\xf6\xff\
\xb12\xa1@\xfdK!E\x02\x04\x08\x10 @\x80\x00\
\x01\x02\x04\x08\x10 @\xe0\xa2\x02\xbfk\xab\xff\xe3E\
\x0f8gGUC\x00\xe2\xf8\xca0\x80\xb6\xca0\x80\
!\xe7\x9c\xebG\x02\x04\x08\x10 @\x80\x00\x01\x02\x04\
\x08\x10 @\xa0\x81\x02\x95\xee\xffG+\xdd\xff\x87V\
\x93\x85j{\x00\xc40\x80%\xd5\x5c\xd01\x04\x08\x10\
 @\x80\x00\x01\x02\x04\x08\x10 @\x80@}\x04\xba\
\xd3V\xaf:\x00PYR\xe0\xa5\xfad_*\x04\x08\
\x10 @\x80\x00\x01\x02\x04\x08\x10 @\x80@5\x02\
\xddi\xabW\x1d\x008u\xea\xd4?T\x96\x160\x11\
@55\xe0\x18\x02\x04\x08\x10 @\x80\x00\x01\x02\x04\
\x08\x10 Pc\x81h\xa3G[\xbd\xdad\xaa\x0e\x00\
,^\xbcxs\xa5k\xc1\xfaj/\xec8\x02\x04\x08\
\x10 @\x80\x00\x01\x02\x04\x08\x10 @\xa0v\x02\xd1\
F\x8f\xb6z\xb5)\xb4V{`\x1cW\x99]pF\
\xe5\x9f\xefv\xe7\x1c\xc7\x12 @\x80\x00\x01\x02\x04\x08\
\x10 \xd0}\x81~\xfd\xfa\xa5\xfe\xfd\xfb\xa7\xd6\xd6\xd6\
4d\xc8\x904l\xd8\xb0\xec\x15?\x0f\x1e<8{\
U\xba\xfev\xff\xc2\x0d:\xa3\xf2\x942\x1d?~<\
\xb5\xb5\xb5\xa5\xa3G\x8f\xa6#G\x8e|\xfcs\xe5)\
f\xb45b\xde\xb1\x06\xe5N\xb2\x04\xf2)\xf0\xbb6\
z\xd5\x99\xefV\x00\xa0\xf2\xe5\xf3\xb7\x95\x04\xfe\xbc\xf2\
e\x94\x9fo\x9a\xaa)\x1cH\x80\x00\x01\x02\x04\x08\x10\
 @\xa0\xb1\x02\xd1\xe8\x1f:th\x1a9rd\xba\
\xe2\x8a+\xd2\xfd\xf7\xdf\x9f\xee\xb8\xe3\x8e4j\xd4\xa8\
\xc6f\xacF\xa9G\xa3\x7f\xdb\xb6mi\xe6\xcc\x99\xa9\
\xf2\x143\xed\xde\xbd;\x1d>|8\x9d8q\x22\x0b\
\x08\xd4(Y\x97%P\x08\x81\xca\xff?g\xa3\x8d\xde\
\x9d\xc2t\xbb!_Y\x0epCe9\xc0+\xbb\x93\
\x88c\x09\x10 @\x80\x00\x01\x02\x04\x08\x10\xb8\xb8@\
<\xc9\x1f=zt\xba\xea\xaa\xab\xd2\x83\x0f>\x98\x1e\
z\xe8\xa1\xec\x09\xff\xc5\xcf(\xde\x9e\x08\x06l\xdd\xba\
5\xcd\x9e=;\xbd\xff\xfe\xfbi\xe3\xc6\x8dY/\x01\
\xbd\x02\x8aW\xd7J\xd47\x02\x95\xe5\xff6V\x96\xff\
\xbb\xaa;W\xeb\xdf\x9d\x83\xe3\xd8\xf1\xe3\xc7\xdf\x5c\x89\
2L\xeb\xeey\x8e'@\x80\x00\x01\x02\x04\x08\x10 \
@\xe0\x93\x02\xd1\xf0\xbf\xf4\xd2K\xd3-\xb7\xdc\x92\xbe\
\xfa\xd5\xaf\xa6o\x7f\xfb\xdb\xe9\xba\xeb\xae\xcb\xba\xfd\x7f\
\xf2\xc8\xe2\xff\x16\x16\xd1\xf3!,\xee\xbc\xf3\xcel\xd8\
C\x0c\x19\x88\x1e\x011|\xc0F\x80\xc0'\x05*\xff\
_\xfc|\xfb\xf6\xed\xbf\xfe\xe4\xbb\x9d\xff\xd6\xed\x1e\x00\
\x95.H\xb7T\xba&}`\x18@\xe7\xb0\xf6\x12 \
\x90\x0f\x81\xb8\xd9h\x1f_Y\xe9\xdd\x94\xfd\x1c\xbf\xdb\
\x08\x10 @ \xa5\x18\x97\x1d\x0d\xafs\xff\x8d\xa7\xb4\
\xb6\xbe\x11\x184hP\xfa\xf4\xa7?\x9d\xee\xba\xeb\xae\
\xf4\xc8#\x8fd]\xff\xfb\xe6\xca\xc5\xb9\xca\xbau\xeb\
\xd2\xacY\xb3\xd2\xdc\xb9s\xb3\xa1\x02\xc5)\x99\x92\x10\
\xe8\x9d@t\xff\xaf\xbcn[\xb8p\xe1\x92\xee\x5c\xa9\
\xdb\x01\x80\xb8xe\x18\xc0G\x95\x1b\xe5\xc9\xddI\xc8\
\xb1\x04\x08\x10h\x16\x81h\xe0_r\xc9%Y7\xcb\
I\x93&e\x13*\x0d\x1c80\xc5\xab=\x08\x10c\
0m\x04\x08\x10(\xb3@t\xbb\x8e\x86\x7f\x8c\xc5\xae\
t3\xcd\xfe\x8d\xc9\xdb\xb6l\xd9\x92\xd6\xaf_\x9f\xf6\
\xee\xdd\x9b\xed/\xb3Qo\xca\x1ec\xfa\xef\xbd\xf7\xde\
\xf4\xb5\xaf}-]~\xf9\xe5)\x02\xd2\xb6\x8b\x0b\xcc\
\x993'\xbd\xfa\xea\xab\xd9\xd0\x00A\xa8\x8b;\xd9S\
\x1e\x81\xca\xf7\xf2\xfaJ\xf7\xff\xab\xbb[\xe2nM\x02\
x\xce\xc5_\xac\xfc\xfc\x7f\x9d\xf3\xbb\x1f\x09\x10 \xd0\
\xf4\x021\x8b\xf2\xcd7\xdf\x1cA\xcc4v\xec\xd8t\
\xe5\x95Wf7]\xf1\x04\xc6F\x80\x00\x01\x02]\x0b\
D  \xc6ho\xd8\xb0!\xed\xd9\xb3'k\x8c-\
Y\xb2$\x0b\x0et}\xb6#B \x1a\xfa\x13&L\
H\x8f=\xf6Xz\xf4\xd1G\xb3\xbfGd\xba\x16\x88\
y\x11&N\x9c\x98f\xcc\x98\x91^y\xe5\x95,(\
\xd5\xf5Y\x8e Ph\x81h\x93w{\xebQ\xa8\xb1\
2&\xe7\x86\xca\x97\xd7\xf2\xca\x132\x8f\xc8\xbaM\xee\
\x04\x02\x04\xea-\x107[S\xa6LI_\xfa\xd2\x97\
\xd2\xd5W_\x9d&O\x9e\x9cu\xf5\xafw>\xa4G\
\x80\x00\x81\x22\x09\xc4S\xd8\x08\x04\xc4+\x1ad\xcb\x96\
-\xd3#\xa0\x8b\x0a\x8e\xbfG\xd7^{m\xfa\xfa\xd7\
\xbf\x9e>\xf3\x99\xcfd\xe3\xdd\xbb8\xc5\xee\xf3\x04\xa2\
\xe7I|\xde~\xf5\xab_es\x03\x9c\xb7\xdb\xaf\x04\
J!P\xf9\xfe=S\xe9\xa5u\xd3\x82\x05\x0bVv\
\xb7\xc0=\x0a\x00D\x22\x95\xb9\x00VV\x9e\xa6M\xe9\
n\x82\x8e'@\x80@=\x05bF\xe5?\xfa\xa3?\
J7\xdcpC\xd6\xe5\xdf\xf8\xfez\xeaK\x8b\x00\x81\
2\x08\xc4P\x81\x98\xad}\xf5\xea\xd5\xe9\x99g\x9e\xc9\
z\x08\x94\xa1\xdc\xdd-c4\xfe'W\x02\xd0\xdf\xf9\
\xcew\xd2M7\xdd\x94\x0d;\xeb\xee5\x1c\x9fR|\
\xdebR\xc0\xd7^{-\xfd\xecg?K1,\xc5\
F\xa0l\x02\x95\xb9YVU\xc6\xfe\xdf\xd0\x93r\xf7\
x\xa6\xabO}\xeaS\x13+7\xd2\x0f\xf4$Q\xe7\
\x10 @\xa0\x1e\x02\xf1\x94\xe5\xcf\xff\xfc\xcf\xd3=\xf7\
\xdc\x93u\xb1\xd4i\xa9\x1e\xea\xd2 @\xa0l\x02\xd1\
\xb0\x8dyUbN\x95\xeb\xaf\xbf>\x1d:tH\x10\
\xa0\x83\x0f\xc1\x981c\xd2\x1f\xfe\xe1\x1f\xa6\xe9\xd3\xa7\
g\xf3\xcdtp\x88\xb7\xaa\x10\x88\xcf[\x0c\xdd\x8b\xe1\
\x00\xf1\xf3\xca\x95+\x939\x01\xaa\x80sH\xa1\x04*\
\x01\x80\xefWf\xff\x9f\xd9\x93B\xf58\x00p\xd9e\
\x97-\xa9\xdcL\xff\xdf\x95W\x8f\xaf\xd1\x93\x0c;\x87\
\x00\x01\x02]\x09\xc4\x0dA\xcc\xa8\x1cOY\xa6N\x9d\
\xeaF\xab+0\xfb\x09\x10 \xd0\x07\x02\xd1\xc3*\x1a\
\xb9\xf1\xbd\x1b\xdb\xda\xb5k5\xcc~\xe7:x\xf0\xe0\
\xf4\xc4\x13OdC\xd1b\xb2Y[\xef\x05b\xe2\xde\
\x98<\xf1\xe8\xd1\xa3\xd9g\xad\xf7Wt\x05\x02\xf9\x10\
\xa8L\xcez\xa2\x12\x00\xf8\xfd\x1d;v\x1c\xe9I\x8e\
{\xdcx\x8f\x04+\xbd\x00\xbeP\xf9\xb2\xbf\xaa'\x09\
;\x87\x00\x01\x02\xb5\x10\x88\xc6\x7f,\xa5\xf4\xado}\
+\x9b\xe4\xcfS\xffZ(\xbb&\x01\x02\x04:\x16\x88\
\xef\xdca\xc3\x86}\x1c\x04\x88a\x01\xb1\x92@\x99\xb7\
\xf8\xbbt\xf7\xddwg=\xd24\xfe\xfb\xee\x93\x10\xae\
C\x86\x0cI1\xd4/&\xa6\xac\xb4M\xfa\xee\xe2\xae\
D\xa0\x89\x05*\xdf\xa9s\xdf\x7f\xff\xfd\xff\xaf\xa7Y\
\xecq\x00 \x12\xact\xf5:P\x19\x87\xf3\xcd\xf8\x1f\
\xd0F\x80\x00\x81F\x0b\xc4\x8dge\x92\xd2\xf4\x07\x7f\
\xf0\x07\xe9\x8a+\xae\xb0\xa4R\xa3+D\xfa\x04\x08\x94\
R \xee\x0b\xa3\xa1\x1b\xc3\xb0b8@\xac\xe3\x1e\xe3\
\xb6\xcb\xba\xc5\x8a3\x7f\xfd\xd7\x7fm\xf2\xd9\x1a|\x00\
\xe2\xb3\x16\xbdNb\x8b\xcf\xd9\x91#=z Z\x83\
\x9c\xb9$\x81\xda\x08\xc4p\x97\xca\xfd\xee\x7f\xae\x04\xbd\
V\xf44\x85^\x05\x00\x22\xe1\xca2&\xdf\xaddb\
xO3\xe0<\x02\x04\x08\xf4\x85@4\xfec\x86\xff\
o|\xe3\x1b\xd9\xe4J}qM\xd7 @\x80\x00\x81\
\x9e\x0bD\x17\xed\xca\x90\xd1\xb4m\xdb\xb6\xec\xe9l\x19\
\x83\x00\x11\x08\xf9/\xff\xe5\xbf|\xdcH\xed\xb9\xa63\
;\x13\xb8\xea\xaa\xabRe<tZ\xbf~\xbda'\
\x9dA\xd9\x97{\x81\xca\xd3\xff\x1d\x95\x99\xff\xbf\xd3\x9b\
\x82\xf4z\x19\xbf\xca\x97\xf9\xf3\xbd\xc9\x80s\x09\x10 \
\xd0[\x81\xf6'\x001\xbe\xf2\xffo\xefN\xa0\xb3*\
\xef<\x8e_H\x82\x12\x03\x82\xb2\x89\xa0\x08\x1aH\x82\
\x88\xc6\xa5.eFA<*\x9d\xd6\xb6vsZg\
z\x9c\xd3\x8e\x9d\x9e\xee\x8bgz\xce\xd8m:\xad\xcb\
\xd8v\x1c\xdb\x8e\xa7\xd6\xd1\xce\xb8Tk\xd5\x8aU\xd1\
q-\x12bX\xb2\x00\x8aD\x08K\x0c\x08H\x08K\
X\xe6\xf7\x7f\xcd\xabi\xd67y\xef\xf2\xdc{\xbf\xef\
9\x97w\xbb\xf7>\xff\xe7s_\xde\xbc\xcf\xff>\xcf\
su\x85\x92|w\xc7\xf6\x08 \x80\x00\x02>\x09X\
\xc3\xec\xb2\xcb.Km\xaf\xacs\xcf=\xd7\x9b:u\
\xaaO\x9a\xec\xa67\x01\x9b\x7f\xc2&\xfc\xcdN\x0c\xd8\
\xdbz\xbc\x8e@\xdc\x05\xfch{\xe7\x9d\x00(..\
\xfe\xa1\xba\x22\xa4{pW\xdc?I\xc4\x8f@\xcc\x05\
l6\xe0\xf3\xce;\xcf\x9b7o^\xcckB\xf8\x08\
 \x80@\xf2\x04l\xfc\xfbE\x17]\x94\x99\x1b y\
\xb5\xeb\xbdF#G\x8e\xf4\xae\xba\xea\xaa\xdeW\xe0\x1d\
_\x05f\xcf\x9e\xed\xcd\x9a5\x8b\xcb+\xfa\xaa\xca\xce\
\x5c\x12\xb06\xb7\xb5\xbd\xf3\x8d)\xef\x04\xc0\x0b/\xbc\
\xb0^\xb3\x10V\xe7\x1b\x08\xdb#\x80\x00\x02\x83\x11\xb0\
\xb3\xff6\x0b\xf0\xdc\xb9smL\xd4`v\xc16\x08\
 \x80\x00\x02\x01\x0b\x5cr\xc9%\x993\xe1i\xfa\x9e\
\xb6\xbfK6\x04\x82[8\x02\xf6{\xc0&\x01\xd6$\
\xe5\xe1\x14H)\x08\x84,`mnk{\xe7[\xac\
/\xbf\x96\x0b\x0b\x0bo\xe6\xfa\x9b\xf9\x1e\x0a\xb6G\x00\
\x81\xc1\x08\xd8\x0c\xc0s\xe6\xcc\xa1\x8b\xe5`\xf0\xd8\x06\
\x01\x04\x10\x08I\xa0\xa4\xa4\xc4\x9b?\x7f~f\xd6\xf6\
\x90\x8a\x8c\xb4\x18\xbb\xec\x9f\xf5J\xd3o\xe4H\xe3H\
[\xe1\xa7\x9cr\x8aw\xf2\xc9's\xf9\xdf\xb4\x1d\xf8\
\x14\xd4\xd7\xda\xda\xd6\xe6\xf6\xa3\xaa\xbe$\x00\xaa\xaa\xaa\
\xeeUP\x5c{\xc3\x8f#\xc2>\x10@ g\x81\xec\
\xd8\x7f;\xcb\xc2\x0d\x01\x04\x10@\xc0m\x01\x1b\xa3m\
=\xb6\xec\xbb;\xe97\x9b\x94\xd6\x86\x00\xa4\xa1\xae\xae\
\x1d\xcb\x0b.\xb8 5\x89&\xd7\xec\x89'8\x01k\
k[\x9b\xdb\x8f\x12|I\x00X \x0a\xeaA?\x02\
b\x1f\x08 \x80@\xae\x02\xd6\x95\xb4\xa2\xa2\x22s\x0d\
\xe0\x5c\xb7a=\x04\x10@\x00\x81h\x04\xec\xac\xb8M\
\x8a\x97\x86F\xb1%;\xac\x87\x1a\xb7\xf0\x05f\xce\x9c\
\xe9Y\x8f\x13n\x08$I@\x93\xff=\xe0W}|\
K\x00(\xa0\x1f\xe8\xb2\x04\xed~\x05\xc6~\x10@\x00\
\x81\xfe\x04l\xd6_\x9bX\x8a\x1b\x02\x08 \x80@<\
\x04l\x8c\xb6}w'\xf9f\xdd\xfeKKK\x99\x8c\
.\xa2\x83l\x89\x97I\x93&1/PD\xfe\x14\xeb\
\xbf\x80\xb5\xb1\x95\x00\xc8{\xf2\xbfld\xbe%\x00j\
jj6)\xb0\x17\xb2;\xe6\x1e\x01\x04\x10\x08Z\xc0\
\xce&\xd9x?n\x08 \x80\x00\x02\xf1\x10\x183f\
\x8c7~\xfc\xf8x\x04;\xc8(\x8f=\xf6Xo\xc4\
\x88\x114@\x07\xe9\xe7\xc7f\xd6\x03#M\x13N\xfa\
a\xc6>\xdc\x15\xb06\xb6\xb5\xb5\xfd\x8a\xd0\xb7\x04\x80\
\x05\xa4a\x00\xd7+Cq\xd8\xaf\xe0\xd8\x0f\x02\x08 \
\xd0\x97\x80e\xf8\x8b\x8a\x8a\xfaZ\x85\xf7\x10@\x00\x01\
\x04\x1c\x12\xb0\xee\xff\xd68K\xf2\xcd\xfe6Y\x82\x9a\
[t\x02g\x9cqF\xe2{\x9aD\xa7K\xc9a\x0a\
X\xdb\xda\xda\xd8~\x96\xe9k\x02@\x99\x89\xe7\x94\xa1\
\xa8\xf73@\xf6\x85\x00\x02\x08\xf4&`3\xfdrC\
\x00\x01\x04\x10\x88\x97@\x1a\x12\x00\x8c\xff\x8f\xf639\
z\xf4\xe8T\xcc5\x11\xad2\xa5\x87!\xa0\xb6u\x9d\
\xb5\xb1\xfd,\xcb\xd7\x04\x80\x05\xa6 oT\x96\xc2\xcf\
\x18\xd9\x17\x02\x08 \xd0\xa3\x00\xdd\xff{d\xe1E\x04\
\x10@\xc0i\x81c\x8e9\xc6\xe9\xf8\xf2\x0dn\xdc\xb8\
q\xde\x11G\x1c\x91\xefn\xd8>\x0f\x01\x9bgb\xd8\
\xb0ay\xec\x81M\x11\x88^\xc0\xda\xd4j[\xdf\xe4\
w$\xbe'\x00^y\xe5\x95\xdf\xa8\xab\xc2\x9b~\x07\
\xca\xfe\x10@\x00\x81\xae\x02\x93'O\xee\xfa\x12\xcf\x11\
@\x00\x01\x04\x1c\x17\x185jT\xa2\xcf\xce\xda\x0c\xf4\
6\x11 \xb7h\x05\x8a\x8b\x8b\xa3\x0d\x80\xd2\x11\xc8S\
\xc0\xda\xd4\xd6\xb6\xces7\xdd6\xf7=\x01\xd0Q\xc2\
o\xbb\x95\xc4\x0b\x08 \x80\x80\xcf\x02\xd6\xc5\x8f\x1b\x02\
\x08 \x80@\xbc\x04\xec\xcclR\x1b\xc86\xc7\x81%\
\x00\x92~\xa5\x838|\xe2\x18\x86\x11\x87\xa3D\x8c\xfd\
\x08\x04\xd2\xa6\x0e$\x01\xa0\xae\x0a?R\x97\x85\xb6~\
*\xc4\xdb\x08 \x80@^\x02d\xf7\xf3\xe2cc\x04\
\x10@ 2\x81\xa4N\xe0j3\xcf\xdbb\x89\x00n\
\xd1\x0a$\xf53\x16\xad*\xa5\x87%`mikS\
\x07Q^ \x09\x00MT\xd0\xa2\x80\x17\x06\x110\xfb\
D\x00\x01\x04\xb2\x02{\xf6\xec\xc9>\xe4\x1e\x01\x04\x10\
@ F\x02\x07\x0e\x1c\x88Q\xb4\xb9\x87jcv\xd5\
m\xd7\xc6\xed\xe6\xbe\x11k\x06\x22\xb0\x7f\xff\xfe@\xf6\
\xcbN\x11\x08C\xc0\xda\xd2\xd6\xa6\x0e\xa2\xac@\x12\x00\
\x16\xa8\xba>}O_\x82\xedA\x04\xcd>\x11@\x00\
\x01\x13\xd8\xbe};\x10\x08 \x80\x00\x021\x13\xd8\xb7\
o\x9f\xd7\xde\x9e\xcc\x9f\x88\xd6\xf0okk\xcb$\x01\
bvX\x12\x17\xee\xde\xbd{\x13W'*\x94\x0e\x01\
kC\xab\x07\xcbw\x83\xaam`\x09\x80\x97_~y\
\x85\x82\xff\xbf\xa0\x02g\xbf\x08 \x80\xc0\x96-[@\
@\x00\x01\x04\x10\x88\x99\xc0\xce\x9d;\x13}\x86|\xd7\
\xae]^R{8\xc4\xe9\xa3F/\xc18\x1d-b\
\xed,`m\xe8?\xff\xf9\xcf+;\xbf\xe6\xe7\xe3\xc0\
\x12\x00\x16\xa4&y\xf9\x8e*p\xd0\xcf\x80\xd9\x17\x02\
\x08 \x90\x15X\xbbvm\xf6!\xf7\x08 \x80\x00\x02\
1\x11\xd8\xb0aCL\x22\x1d\x5c\x98[\xb7n\xf5\xe8\
~>8;\xbf\xb6\xb2\x04\x0c\xc7\xc0/M\xf6\x13\xa6\
\x80\xb5\x9d\xad\x0d\x1dd\x99\x81&\x00\x94\xb9X\xa2J\
<\x17d\x05\xd87\x02\x08\xa4W`\xd5\xaaU\xe9\xad\
<5G\x00\x01\x04b*\xb0d\xc9\x92\x98F\x9e[\
\xd8\x1b7n\xf48\xfb\x9c\x9bUPkY/\x0c\xb5\
A\x82\xda=\xfbE 0\x01k;[\x1b:\xb0\x02\
\xb4\xe3@\x13\x00\x16\xb8\xc6/\x5cg\x99\x8c +\xc1\
\xbe\x11@ \x9d\x02o\xbc\xf1\x06\xe3,\xd3y\xe8\xa9\
5\x02\x08\xc4X@\x13[\xc58\xfa\xfeC_\xb7n\
]f\x1e\x80\xfe\xd7d\x8d\xa0\x04\x96.]\xca\xef\x83\
\xa0p\xd9o`\x02\xd6f\xb6\xb6s`\x05t\xec8\
\xf0\x04\xc0\xe2\xc5\x8b_\xb6LF\xd0\x15a\xff\x08 \
\x90>\x01;\xc3b?\xb4\xb8!\x80\x00\x02\x08\xc4C\
\xa0\xb5\xb5\xd5\xb3.\xf2I\xbe\xbd\xf5\xd6[\x9eM@\
\xc7\x95\x00\xa2;\xca/\xbd\xf4\x12=\x00\xa2\xe3\xa7\xe4\
A\x0aX\x9b\xd9\xda\xce\x83\xdc<\xe7\xcd\x02O\x00X\
$\xf4\x02\xc8\xf9x\xb0\x22\x02\x08\x0c@\xc0.\xb5\xf4\
\xf8\xe3\x8f\x0f`\x0bVE\x00\x01\x04\x10\x88R\xe0\xa9\
\xa7\x9eJ\xfc\x04y\xf6\xb7i\xd9\xb2e\x99$@\x94\
\xd6i-\xdb\xc6\xff\xdb<\x13jL\xa5\x95\x80z\xc7\
P \xac\xb3\xffF\x13J\x02\xc02\x19\xca\x82>\x1f\
\xc3cA\xc8\x08 \xe0\xb0\x80\xfdq_\xb1b\x05]\
-\x1d>F\x84\x86\x00\x02\x08d\x05\xaca\xfc\xec\xb3\
\xcf\xa6\xe2\xcc\xb8~\xfb2\x0f@\xf6\xc0\x87|o\xf6\
\xbbw\xef\x0e\xb9T\x8aC ?\x01\xfd\xa6}>\x8c\
\xb3\xff\x16e(\x09\x00+H\xbd\x00\xbe\xa5\x8a\x1d\xb0\
\xc7\xdc\x10@\x00\x01?\x04\xac{\xe5\xf6\xed\xdb\xbd\x87\
\x1ez(\x15?(\xfd0c\x1f\x08 \x80@T\x02\
6.{\xf3\xe6\xcd\xa9\xf8\xbe^\xbf~\xbd\xf7\xf6\xdb\
o\xa7\xa2\xaeQ}\x9ez*\xd7~\x17\xe8R\xe4$\
_z\xc2\xe15g\x05\xac\x8d\xac\x99\xff\xbf\x15V\x80\
\xa1%\x00:\xae\x08\xf0tX\x15\xa3\x1c\x04\x10H\x87\
\x80\x8d\xb3\xb4l\xff\x96-[\xd2Qaj\x89\x00\x02\
\x08\xc4P`\xe7\xce\x9d\xde\x83\x0f>\x98\x9a\x1e[\xed\
\xed\xed\x99\xde\x0e\xd6\x1d\x9d[x\x02\xf6[\xa0\xb1\xb1\
\x91\x09\x00\xc3#\xa7$\x1f\x04\x94\x00x:\xe8\x99\xff\
;\x87\x19Z\x02\xc0\x0a-,,\xfc\x86\xba\x7f\xed\xef\
\x1c\x00\x8f\x11@\x00\x81|\x04,\xdbo\x7f\xf0\x17.\
\x5c\xe8\xd9\x0f.n\x08 \x80\x00\x02n\x09X\xd7\xff\
g\x9ey\xc6\xb3\xb3\xe2\xfa\xa1\xebVp\x01F\xf3\xd8\
c\x8fyvI@n\xe1\x08X\xb2\xc5\xe6\x05\xb2\xdf\
\x04\xf6\xdb\x80\x1b\x02q\x10\xb0\xb6\xb1\xb5\x91\xc3\x8c5\
\xd4\x04\x80\xba\xe4\xac\xd0\x7f\xc8?\x84YA\xcaB\x00\
\x81\xe4\x0b\xd8\xd5\x00\xack\xa9M\xbad?4\xb9!\
\x80\x00\x02\x08\xb8#P__\xef-Z\xb4\xc8\xb3+\
\x00\xa4\xe9f\xe3\xd0\xef\xbf\xff\xfeT%=\xa2<\xbe\
\xaf\xbf\xfe\xba\xb7|\xf9r&_\x8c\xf2 P\xf6\x80\
\x05\xacmlm\xe4\x01o\x98\xc7\x06\xa1&\x00,N\
\x9d\xa1\xfb'e\xe8\xd2\xf5\x17 \x8f\x03\xc4\xa6\x08 \
\xd0\xbf\x80e\xfa\x9b\x9a\x9a2?\xb4V\xaf^\xdd\xff\
\x06\xac\x81\x00\x02\x08 \x10\x8a\xc0\xab\xaf\xbe\x9a\xf9n\
\xb6\xb3\xffi<+k\x97\xa3\xab\xa9\xa9\x09\xc5:\xcd\
\x85\xec\xdb\xb7\xcf{\xfe\xf9\xe73\xbf\x05\xd2\xf89K\
\xf3\xb1\x8fs\xdd\xadMlm\xe3\xb0\xebP\x10v\x81\
\xcd\xcd\xcd\xbb'L\x980r\xe8\xd0\xa1\x17\x0c\x192\
$\xec\xe2)\x0f\x01\x04\x12*`\x7f\xf0w\xec\xd8\xe1\
\xd98\xd3I\x93&y\xa3G\x8fNhM\xa9\x16\x02\
\x08 \x10\x0f\x01k\xf4\xdb\xb8\xffW^y%\xb5C\
\xb4l\xc8\x83M|x\xfe\xf9\xe7{\x9a\xe4+\x1e\x07\
.fQ\xda\xdf\x7f\xeb\x05h\xdd\xff\xb7m\xdb\x16\xb3\
\xe8\x097\xad\x02\xf6\xb9U\xaf\xd5\x9b\xd5k\xe5\xe1\xb0\
\x0dBO\x00X\x0556g\xd1\xb8q\xe3\xae)(\
(\x18\x19v\x85)\x0f\x01\x04\x92+`?\xb4\xb6n\
\xdd\x9aI\x02L\x9e<\xd9;\xfa\xe8\xa3\x93[Yj\
\x86\x00\x02\x088,`\xbd\xb2\x1ex\xe0\x81\xcc$\xad\
6Yk\x9ao\x96\x9cnkk\xf3f\xcf\x9e\xed\xe9\
\xb7o\x9a)\x02\xa9{CC\x83w\xdf}\xf7y6\
\x04\x80\xb3\xff\x81\x10\xb3\xd3\x00\x04t\xe6\xbfI\xbd\x83\
.\x0f`\xd7\xfd\xee2\xb2o\xa1\x89\x13'\xbe\xa9\x1e\
\x00\x1f\xa6\x17@\xbf\xc7\x88\x15\x10@`\x00\x026\x09\
\x90z\x1ae\xba\x01\x9ep\xc2\x09\x99\x9e\x00|\xcf\x0c\
\x00\x90U\x11@\x00\x81<\x05\xec\xcc\xff]w\xdd\xe5\
UUU\xa5f\xd6\xff\xbe\xc8\xacQ\xbai\xd3&\xcf\
\xfe>\x9dz\xea\xa9\x1e\x7f\x93\xfa\xd2\x1a\xd8{\xf6Y\
\xb3y\x16l\xec\xbf\xf9rC \x0e\x02v\xc2J\xdf\
\x0b\xd7\xaaw\xd0\xca(\xe2\x8d,\x01`\x15\xd6P\x80\
\x0f+\x13:>\x8a\x8aS&\x02\x08$W\xc0~\x04\
\xb4\xb4\xb4x6\xf1\xd4\xb4i\xd3\xbcc\x8e9\x86\x1f\
\x5c\xc9=\xdc\xd4\x0c\x01\x04\x1c\x11\xb0\x86\xee\xbau\xeb\
\xbc\x9f\xfd\xecg^]]\x9dg\xe3\xb2\xb9\xbd#`\
\x7f\x97,\x09\xa0\xd9\xbe\xbd\xe9\xd3\xa7\xc3\xe2\x83\x80u\
\xf7\x7f\xe4\x91G2c\xff\xf7\xef\xe7\x22c>\x90\xb2\
\x8b\x90\x04\xf4}\xb0BC\xa3\xae\x0d\xa9\xb8n\xc5D\
\x96\x00\xb0H\xc6\x8f\x1f\xbfJY\xd0\xcfh>\x00&\
\x03\xe8vhx\x01\x01\x04\xf2\x11\xb0\xec\xaa\xcd\x07\xb0\
x\xf1\xe2\xcc\xbd\x9du\xa1\xebe>\xa2l\x8b\x00\x02\
\x08\xf4.`\x0d\xdc\x87\x1f~\xd8\xbb\xed\xb6\xdb2c\
\xde\xb9\x22Kw+\x1b\x0aaI\x80\x11#FxS\
\xa6L\xe9\xbe\x02\xaf\xe4,`WXx\xe2\x89'\xbc\
\x87\x1ez\xc8\xa3\xf1\x9f3\x1b+: \xa0\xef\xc6C\
Z>\xa9!\xf1\x8dQ\x85\x13i\x02\xc0*~\xdcq\
\xc7\x9d\xaf\x04\xc0\xb4\xa8\x00(\x17\x01\x04\x92-`g\
\xa0V\xadZ\x95\xf9aj\x130\xd9\x99\x17\xba_&\
\xfb\x98S;\x04\x10\x08O\xc0\xce\xfa\xaf\x5c\xb9\xd2\xbb\
\xee\xba\xeb\xbc\x17_|1s\x096{\x8d[\xcf\x02\
\xbbv\xed\xf2\xec\xca\x08%%%\xdeI'\x9d\xc4\xdf\
\xa3\x9e\x99\xfa|\xd5\xe6S\xb8\xf7\xde{3\x0b\x89\xa6\
>\xa9x\xd3A\x01\x9d\xa0zRc\xff\x7f\x10eh\
\x91\x9fy?\xfd\xf4\xd3'\xea\xac\xdc\xabZ\x8a\xa3\x84\
\xa0l\x04\x10H\x87\xc0\x981c\xbc\x8b/\xbe\xd8\xbb\
\xf0\xc2\x0b3ga,)`]2\x95\x88\xe4\x87X\
:>\x02\xd4\x12\x01\x04\x06!`\x8dz\xebYeg\
\xfa\xed\x8c\xeb\x9e={2=\xac\xfe\xf4\xa7?yi\
\xbd\xc4\xdf \x18\xdf\xddd\xe4\xc8\x91\xde\xc7>\xf61\
o\xfe\xfc\xf9\xde\xf0\xe1\xc3\xf9\xfb\xf3\xaeL\xdf\x0fl\
B\xc5[o\xbd5\xf3\xd9#\xd1\xd4\xb7\x15\xef\xba'\
\xa0\x84U\x9b\x96S\x94\x00\xd8\x14et\x91'\x00\xac\
\xf2J\x02\xfc[QQ\xd1\xb78+\x17\xe5G\x81\xb2\
\x11H\x97\x80\xbes2\x97\x0b<\xeb\xac\xb3\xbc\xd2\xd2\
\xd2\xcc\x15\x03\xecG\x98\x0d\x13\xe0\xbb(]\x9f\x05j\
\x8b\x00\x02\xbd\x0bX#\xcb\xce\xb2Zo*\x1bVe\
g\xafmr?k\xf4\xd3\xf5\xbaw\xb7\x5c\xde9\xe2\
\x88#\xbc+\xae\xb8\x22\x93\x94\xb6\xe44\xc3\xd4zW\
\xd3\x8c\xe9v\x151\xef\x86\x1bn\xc8\xcc\xf6\xdf\xfb\x9a\
\xbc\x83\x80\x9b\x02\xf6]\xaa\xcf\xf1\x8f\xd5\xf8\xffv\xd4\
\x11:\x91\x000\x843\xce8\xa3Q?\xc8O\x8c\x1a\
\x84\xf2\x11@ \xbd\x02\xf6\xe3\xcbz\x04Xr\x80$\
@z?\x07\xd4\x1c\x01\x04\xde\x11\xe8\xf8\xc1\x9ai\xe8\
\xd3\xd5:\x98O\x85\xf5>;\xfb\xec\xb3\xbdK.\xb9\
$\x93\x8c\xb6\x9e\x01\xfc\xfdy\xcf\xdaz\x9c\xd8\x95}\
^{\xed5\xef\x8e;\xee\xc8\x5c\xea\xf7\xbdwy\x84\
@|\x04\xd4\xf8\x7fC\x13\xffMq!bg\x12\x00\
\x95\x95\x95\x1f\xd2\x17\xde\x83\xfa\x01\xeeLL.\x1c \
b@\x00\x01\x04\x10@\x00\x01\x04\x10H\xb6\x80\xcd\x09\
`I\x80\xd3N;\xcd\x9b1c\x86W\x5c\x9c\xee\x91\
\xb1\x96p\xb23\xfe\xd6\xe3d\xd1\xa2E^mm\xad\
\x9d=M\xf6\x87\x80\xda%V@\x9fg\xe5S\x0f\x7f\
\xb8\xba\xba\xfa!\x17*\xe9Tc[\xbd\x00\x9e\xd6\x99\
\xb7\x0b]\x80!\x06\x04\x10@\x00\x01\x04\x10@\x00\x01\
\x04\xc2\x14\x18;v\xac7o\xde<o\xf2\xe4\xc9\x99\
\xe5\xf8\xe3\x8f\xcf\xf4L\x0b3\x86\xa8\xca\xb2\x1e'6\
Ibcc\xa3\xb7q\xe3Fo\xd9\xb2e\x99\xc5&\
\xfd\xb3\xf7\xb8!\x10W\x01%\xaf\x9e\xd1\xd9\xff\x8b\x5c\
\x89\xdf\xa9\x04\x80\xb2\x9e\xc7+\x01\xb0F\xbd\x00\xd2\x9d\
\xf6t\xe5\xd3A\x1c\x08 \x80\x00\x02\x08 \x80\x00\x02\
\xa1\x0a\xd8\x10\x80Q\xa3FyS\xa7N\xcd\x5c)@\
\x97\xcd\xce\xdcO\x980!\xd33 )\xc3\xd4\xacQ\
o\x97Flmm\xcd\x8c\xeb\xdf\xb0aC\xe6\xac\xbf\
u\xf7\xb7\x04\x80M4\xc9\x0d\x81\xb8\x0b\xe8\xec\x7f\x9b\
\x12\x00\xa5\xcb\x97/\xdf\xe8J]\x9cJ\x00\x18\x8az\
\x01\xfc\x8bf\xe4\xbe\x9e\xf1O\xae|D\x88\x03\x01\x04\
\x10@\x00\x01\x04\x10@ \x0a\x01\x9b#\xc0\xe6\x05\xd0\
e\xb3=\x9b(\xd0&\x0e\xb4\xc5\x92\x00\xd9%\x8a\xb8\
\x06[\xa6]I\xc2\xba\xf2g\x17\x9b\x5c\xd2\x1a\xfaM\
MM^KKKf\xb2I\xce\xf6\x0fV\x97\xed\x5c\
\x13\xb0\xcf\xb2\xe6\xb1\xb8^g\xff\xbf\xebRl\xce%\
\x00\x0cG\xf3\x01\xd4*\x09P\xe1\x12\x14\xb1 \x80\x00\
\x02\x08 \x80\x00\x02\x08 \x10\xb5\x80\x9d$\xb3Ik\
m\xb1\x04A\x9cn\xd6 \xb2$\x80\x8d\xf1\xb7{\x1a\
\xfbq:z\xc4:P\x015\xfe\xeb4\xee\x7f\xe6@\
\xb7\x0bz\xfd\xc2\xa0\x0b\x18\xcc\xfe\xf5\x85p\x95\xbe\x18\
\xaa\xf4\xc5V4\x98\xed\xd9\x06\x01\x04\x10@\x00\x01\x04\
\x10@\x00\x81$\x0at\x9cU\xb43\x8bI\xac\x1eu\
B \x11\x02j\xcb\xb6[\x9b\xd6\xc5\xca\x14\xb8\x18\x94\
f\xfdl\xd6x\xa7q\xcaj\x9e\xcdP\x00\x17\x8f\x10\
1!\x80\x00\x02\x08 \x80\x00\x02\x08 \x80\x00\x02\x08\
t\x15\xe8H\xd2\xddVSSsG\xd7\xf7\x5cx\xee\
\xe4\x10\x80,\x8c\xe6\x03X\xab\xf1MS\xb3\xcf\xb9G\
\x00\x01\x04\x10@\x00\x01\x04\x10@\x00\x01\x04\x10@\xc0\
U\x01\xcdq\xf1\xba\xc6\xfdOs5>\xa7\x07\x0e\xa9\
\xdb\xc4'\xd4}\x82\xfeM\xae~z\x88\x0b\x01\x04\x10\
@\x00\x01\x04\x10@\x00\x01\x04\x10@ #`mW\
k\xc3\xba\xcc\xe1\xe4\x10\x80,\x98\x86\x02l\xd2P\x80\
\x89\x1a\x0ap&C\x01\xb2*\xdc#\x80\x00\x02\x08 \
\x80\x00\x02\x08 \x80\x00\x02\x08\xb8$\xd0\xd1\xf5\xffW\
\xcb\x96-\xfb\x95Kqu\x8d\xc5\xe9!\x00\xd9`5\
\x14\xa0QC\x01N\xcc>\xe7\x1e\x01\x04\x10@\x00\x01\
\x04\x10@\x00\x01\x04\x10@\x00\x01W\x04\xd4\xf5\xff\x0d\
u\xfd\x9f\xe2J<\xbd\xc5\xe1\xf4\x10\x80l\xd0\x9a\xe5\
\xf4\xe3\x0c\x05\xc8jp\x8f\x00\x02\x08 \x80\x00\x02\x08\
 \x80\x00\x02\x08 \xe0\x8a\x80\xb5U\xad\xcd\xeaJ<\
}\xc5\xe1\xf4\x10\x80l\xe0\xcd\xcd\xcd\x1b5\x14`\xac\
\x86\x02\x9c\xc3P\x80\xac\x0a\xf7\x08 \x80\x00\x02\x08 \
\x80\x00\x02\x08 \x80\x00\x02Q\x0att\xfd\xbfu\xf9\
\xf2\xe5\xb7G\x19G\xaee\xc7b\x08@\xb62\x95\x95\
\x95\xab\x0a\x0b\x0b\xa7g\x9fs\x8f\x00\x02\x08 \x80\x00\
\x02\x08 \x80\x00\x02\x08 \x80@T\x02:\xf3\xbf\xba\
\xba\xbazFT\xe5\x0f\xb4\xdcX\x0c\x01\xe8T\xa9+\
\xd5\xbdb\x7f\xa7\xe7<D\x00\x01\x04\x10@\x00\x01\x04\
\x10@\x00\x01\x04\x10@ t\x01\xb5M\xf7\xa9\xd0+\
C/8\x8f\x02c1\x04 [\xbf\xcd\x9b7\xbf9\
a\xc2\x84#5\x14`\x0eC\x01\xb2*\xdc#\x80\x00\
\x02\x08 \x80\x00\x02\x08 \x80\x00\x02\x08\x84)`]\
\xff\x95\x00\xf8\xb1&\xfe\xbb'\xccr\xf3-+VC\
\x00\xb2\x95\xd5U\x01\x96\xe8\xaa\x00ge\x9fs\x8f\x00\
\x02\x08 \x80\x00\x02\x08 \x80\x00\x02\x08 \x80@X\
\x02\x9a\xf5\xbfJ\x8d\xff\xb3\xc3*\xcf\xafr\xe26\x04\
 Soe[>\xa4\xb1\x16;\xfdB`?\x08 \
\x80\x00\x02\x08 \x80\x00\x02\x08 \x80\x00\x02\x08\xe4\x22\
`mQk\x93\xe6\xb2\xaek\xeb\xc42\x01PSS\
\xb3I\x90\xd7\x1e\xd2\xcd5P\xe2A\x00\x01\x04\x10@\
\x00\x01\x04\x10@\x00\x01\x04\x10H\xa6@G\x1b\xf4\xda\
\x8e6i\xec*\x19\xab9\x00:\xebj>\x80\x95\xba\
4\xe0\x09\x05\x05\x05gt~\x9d\xc7\x08 \x80\x00\x02\
\x08 \x80\x00\x02\x08 \x80\x00\x02\x08\x04!\xa0\xae\xff\
\xbfV\xd7\xff\x1f\x06\xb1\xef0\xf6\x19\xcb9\x00:\xc3\
h>\x80:\xcd\x07P\xde\xf95\x1e#\x80\x00\x02\x08\
 \x80\x00\x02\x08 \x80\x00\x02\x08 \xe0\xa7\x80\x1a\xff\
\xf5j\xfcW\xf8\xb9\xcf\xb0\xf7\x15\xcb!\x00\x9d\x91\x86\
\x0d\x1bv\xb9\xc6`\xec\xea\xfc\x1a\x8f\x11@\x00\x01\x04\
\x10@\x00\x01\x04\x10@\x00\x01\x04\x10\xf0K\xc0\xda\x9c\
\xd6\xf6\xf4k\x7fQ\xed'\xb6C\x00\xb2`MMM\
;\x8e;\xee\xb8\xf5\xba,\xe0\x87\xb4\xc4\xbeGC\xb6\
^\xdc#\x80\x00\x02\x08 \x80\x00\x02\x08 \x80\x00\x02\
\x08D/`\xe3\xfeu\xbb\xa6\xaa\xaa\xea\xf9\xe8\xa3\xc9\
/\x82\xd8'\x00\xac\xfa6\x1f\xc0\x84\x09\x13&j>\
\x803\xf3\xe3`k\x04\x10@\x00\x01\x04\x10@\x00\x01\
\x04\x10@\x00\x01\x04\xde\x13\xd0\xd9\xff_\xa9\xeb\xff\x8f\
\xde{%\xbe\x8f\x12u\xc6\xbc\xb2\xb2\xb2\xba\xb0\xb0\x90\
I\x01\xe3\xfby$r\x04\x10@\x00\x01\x04\x10@\x00\
\x01\x04\x10@\xc0\x19\x015\xfe_\xa9\xae\xae\xaet&\
\xa0<\x03\x89\xfd\x1c\x00]\xea\xbf\xe0\xe0\xc1\x83\xdb\xba\
\xbc\xc6S\x04\x10@\x00\x01\x04\x10@\x00\x01\x04\x10@\
\x00\x01\x04\x06$\xd0\xd1\xb6\x5c0\xa0\x8d\x1c_9Q\
\x09\x00ef6kl\xc6U:P\xfb\x1dw'<\
\x04\x10@\x00\x01\x04\x10@\x00\x01\x04\x10@\x00\x01G\
\x05\xacMimKkc:\x1a\xe2\xa0\xc2J\xc4\x1c\
\x00\x9dk\xae\xf9\x00\xd6j>\x80\xdd\x9a\x0fp>\x93\
\x02v\x96\xe11\x02\x08 \x80\x00\x02\x08 \x80\x00\x02\
\x08 \x80@\x7f\x02j\xf8\x1f\xd6\xf2M\x8d\xfb\xbf\xbb\
\xbfu\xe3\xf6~\xe2\x12\x00v\x00\x94\x04X\xac$\xc0\
\x14M\x0a8;n\x07\x84x\x11@\x00\x01\x04\x10@\
\x00\x01\x04\x10@\x00\x01\x04\xa2\x13\xd0\xb8\xff;\xd5\xf8\
\xffvt\x11\x04Wr\xa2&\x01\xec\xca\xa4I\x01\x97\
jR\xc0\xc4L\xd8\xd0\xb5~<G\x00\x01\x04\x10@\
\x00\x01\x04\x10@\x00\x01\x04\x10\xf0O@\x8d\x7f\xf5\xfa\
\xafN\xec\xd5\xe5\x125\x07@\xd7\xc3\xbeo\xdf\xbe\xcb\
u\x00\x9b\xbb\xbe\xces\x04\x10@\x00\x01\x04\x10@\x00\
\x01\x04\x10@\x00\x01\x04:\x0bX\xdb\xd1\xda\x90\x9d_\
K\xda\xe3D'\x00jkk\x9b5\x0c\xe0JM\xe0\
\xd0\x96\xb4\x03G}\x10@\x00\x01\x04\x10@\x00\x01\x04\
\x10@\x00\x01\x04\xfc\x11\xb06\xa3\xb5\x1d\xad\x0d\xe9\xcf\
\x1e\xdd\xdcK\x22\xe7\x00\xe8L\xbdq\xe3\xc6\xf5\x13'\
N\x5cw\xf8\xf0\xe1\x0f\x0e\xd5\xad\xf3{<F\x00\x01\
\x04\x10@\x00\x01\x04\x10@\x00\x01\x04\x10H\xb7\x80\x1a\
\xff\x07$\xf0\xf7UUU\x7fL\xbaD\xe2\x13\x00v\
\x007m\xdaT\xabI\x01w\xe9\xe1%\xca\x01$z\
\xde\x83\xa4\x7f`\xa9\x1f\x02\x08 \x80\x00\x02\x08 \x80\
\x00\x02\x08 \xe0\x97\x80\x1a\xff6\xe3\xff\xd75\xee\xff\
v\xbf\xf6\xe9\xf2~R\x91\x00\xb0\x03\xd0qe\x80\xa3\
ti\xc0\xf3\xb5\xb8|L\x88\x0d\x01\x04\x10@\x00\x01\
\x04\x10@\x00\x01\x04\x10@ `\x015\xfc=-7\
j\xc6\xff\xef\x07\x5c\x943\xbbOM\x02\xc0\xc4\x95\x04\
xR=\x01\xca\xd5\x0b\xa0\x82$\x803\x9fA\x02A\
\x00\x01\x04\x10@\x00\x01\x04\x10@\x00\x01\x04B\x15\xd0\
\x10qOg\xff\xefS\xe3\xffs\xa1\x16\x1cqa\xa9\
<\x15~\xe6\x99g.\xd1\x04\x0fgElO\xf1\x08\
 \x80\x00\x02\x08 \x80\x00\x02\x08 \x80\x00\x02\x11\x08\
\xa8\xf1_\xb5t\xe9\xd2\xb3#(:\xd2\x22S9)\
\x9e\x0e\xf6\xe5Z\x9a\x22\x95\xa7p\x04\x10@\x00\x01\x04\
\x10@\x00\x01\x04\x10@\x00\x81\xd0\x05\xac-hm\xc2\
\xd0\x0bv\xa0\xc0T&\x00jjjZ:.\x0f\xb8\
\xc3\x81c@\x08\x08 \x80\x00\x02\x08 \x80\x00\x02\x08\
 \x80\x00\x02!\x08\xa8\xe1\xbf\xc3\xda\x82\xd6&\x0c\xa1\
8\xe7\x8aH\xe5\x10\x80\xecQ\xa8\xa8\xa8(\xd1\xa4\x0f\
\x8b\xf4<u]?\xb2\x06\xdc#\x80\x00\x02\x08 \x80\
\x00\x02\x08 \x80\x00\x02)\x11X\xa2\xf9\xe0\xe6\xd6\xd5\
\xd5\xb5\xa6\xa4\xbe\xdd\xaa\x99\xea\x04\x80i\xcc\x981\xe3\
XM\x08\xf8\x9c\x1e\x96w\xd3\xe1\x05\x04\x10@\x00\x01\
\x04\x10@\x00\x01\x04\x10@\x00\x81$\x08\xd4k\xe2\xbf\
9\xabV\xad\xda\x96\x84\xca\x0c\xb6\x0e\xa9O\x00\x18\xdc\
\xf4\xe9\xd3'*\x13\xf4\xa2\x1eN\xb1\xe7\xdc\x10@\x00\
\x01\x04\x10@\x00\x01\x04\x10@\x00\x01\x04\x12#\xd0\xa8\
\x9e\xdf\xe7\xaf^\xbdzSbj4\xc8\x8a\xa4r\x0e\
\x80\xaeV\xf6A\xd08\x90yz}s\xd7\xf7x\x8e\
\x00\x02\x08 \x80\x00\x02\x08 \x80\x00\x02\x08 \x10[\
\x81\xcd\xd6\xd6\xa3\xf1\xff\xce\xf1#\x01\xd0\xf19\xae\xad\
\xad]\xab\x0f\xc6\x5cu\x0by3\xb6\x1fm\x02G\x00\
\x01\x04\x10@\x00\x01\x04\x10@\x00\x01\x04\x10\xc8\x08X\
\xdb\xce\xdax\xd6\xd6\x83\xe4\x1d\x01\x86\x00t\xf9$h\
N\x80S5'\xc03z\xf9\xd8.o\xf1\x14\x01\x04\
\x10@\x00\x01\x04\x10@\x00\x01\x04\x10@ \x1e\x02\xdb\
\x94\x00\xb8Pc\xfeW\xc6#\xdcp\xa2\xa4\x07@\x17\
g\xfb\x80h>\x00\x1b\x0e\xb0\xbd\xcb[<E\x00\x01\
\x04\x10@\x00\x01\x04\x10@\x00\x01\x04\x10p_`\xbb\
\xb5\xe9h\xfcw?P\xf4\x00\xe8n\x92yE\x13\x03\
\x9e\xa9\x0f\xcdSzrt/\xab\xf02\x02\x08 \x80\
\x00\x02\x08 \x80\x00\x02\x08 \x80\x80[\x02;5\xe1\
\x9f\x8d\xf9_\xeaVXnDC\x0f\x80^\x8e\x83}\
`\xec\x83\xa3\xb7\xe9\x09\xd0\x8b\x11/#\x80\x00\x02\x08\
 \x80\x00\x02\x08 \x80\x00\x02\x0e\x09l\xa7\xf1\xdf\xf7\
\xd1 \x01\xd0\x87\x8f%\x01\xd4\x0b\xe0\x22\xad\x92\xeak\
E\xf6A\xc4[\x08 \x80\x00\x02\x08 \x80\x00\x02\x08\
 \x80\x80\x0b\x02\xdb\xac\xed\xc6\x99\xff\xbe\x0f\x05C\x00\
\xfa\xf6\xc9\xbck\x13\x03\xea\xc1S\x9a\x1cp\x5c\x0e\xab\
\xb3\x0a\x02\x08 \x80\x00\x02\x08 \x80\x00\x02\x08 \x80\
@H\x02\x1dWrc\xcc\x7f\x0e\xde\xf4\x00\xc8\x01\xc9\
&\x8f(,,\xfck\xad\xba%\x87\xd5Y\x05\x01\x04\
\x10@\x00\x01\x04\x10@\x00\x01\x04\x10@ \x1c\x81\xcd\
\xd6Vc\xc2\xbf\xdc\xb0I\x00\xe4\xe6\xe4\xe9\xda\x91\x0d\
\xba\x86\xe4\x05Z\xbd1\xc7MX\x0d\x01\x04\x10@\x00\
\x01\x04\x10@\x00\x01\x04\x10@ 8\x81F\xb5\xd1\xde\
om\xb5\xe0\x8aH\xd6\x9e\x19\x020\xc0\xe3\xa9\xab\x03\
L\xd4\xd8\x92'\xb5Y\xf9\x007eu\x04\x10@\x00\
\x01\x04\x10@\x00\x01\x04\x10@\x00\x01\x7f\x04\xea5\xe1\
\xdf\xc5\x1a\xf3\xbf\xc9\x9f\xdd\xa5c/\xf4\x00\x18\xe0q\
\xb6\x0f\x98\xc6\x98\xcc\xd1fK\x06\xb8)\xab#\x80\x00\
\x02\x08 \x80\x00\x02\x08 \x80\x00\x02\x08\xe4/\xb0\xc4\
\xdad4\xfe\x07\x0eI\x02`\xe0f\x9e\xc6\x97\xd8\x0c\
\x93s\xf5\xa1{z\x10\x9b\xb3\x09\x02\x08 \x80\x00\x02\
\x08 \x80\x00\x02\x08 \x80\xc0 \x04\xac\x0dfm1\
k\x93\x0db\xf3\xd4oB\x02`\x90\x1f\x81\xba\xba\xba\
V\x8d7\xb9T\x9b\xdf3\xc8]\xb0\x19\x02\x08 \x80\
\x00\x02\x08 \x80\x00\x02\x08 \x80@\xee\x02\xf7X\x1b\
\xcc\xdab\xb9o\xc2\x9a\x9d\x05\x98\x03\xa0\xb3\xc6\xe0\x1e\
\x0f)//\xbfA\x99\xa8\xaf\x0dns\xb6B\x00\x01\
\x04\x10@\x00\x01\x04\x10@\x00\x01\x04\x10\xe8K@\x97\
d\xbf\xa9\xbe\xbe\xfe\x1bZ\xe7p_\xeb\xf1^\xdf\x02\
\x05}\xbf\xcd\xbb\xb9\x08\xb4\xb4\xb4<1v\xec\xd8\x1d\
Zw\xbe\x16\x92*\xb9\xa0\xb1\x0e\x02\x08 \x80\x00\x02\
\x08 \x80\x00\x02\x08 \xd0\xbf\xc0!\xad\xf2\x95\x86\x86\
\x86\xef\xf7\xbf*k\xf4'@\x02\xa0?\xa1\x1c\xdf\xdf\
\xbau\xeb\xcb\xe3\xc7\x8f\xafWO\x80\xbf\xd1&\x859\
n\xc6j\x08 \x80\x00\x02\x08 \x80\x00\x02\x08 \x80\
\x00\x02=\x0b\xec\xd5x\xffO\xe9\xcc\xff\x1d=\xbf\xcd\
\xab\x03\x15\xe0l\xf5@\xc5\xfaY\xbf\xac\xac\xec}J\
\x02\xfcA]T\xc6\xf5\xb3*o#\x80\x00\x02\x08 \
\x80\x00\x02\x08 \x80\x00\x02\x08\xf4 \xa06\xd5\x9bj\
S}Pg\xfe\x17\xf7\xf06/\x0dR\x80\x04\xc0 \
\xe1\xfa\xdaLI\x80\x13\xf5\xfe\xa3Zf\xf6\xb5\x1e\xef\
!\x80\x00\x02\x08 \x80\x00\x02\x08 \x80\x00\x02\x08t\
\x13\xa8\xd5+\x0b\xd4\xf8\x7f\xa3\xdb;\xbc\x90\x97\x00W\
\x01\xc8\x8b\xaf\xe7\x8d\xed\x83z\xe8\xd0\xa1\xf3\xf4\xee\xc2\
\x9e\xd7\xe0U\x04\x10@\x00\x01\x04\x10@\x00\x01\x04\x10\
@\x00\x81\x1e\x04\x16Z[\x8a\xc6\x7f\x0f2>\xbcD\
\x0f\x00\x1f\x10\xfb\xd8E\x81z\x03\xdc\xa4\xf7\xbf\xd4\xc7\
:\xbc\x85\x00\x02\x08 \x80\x00\x02\x08 \x80\x00\x02\x08\
 \xe0y?U\xc3\xdf\xae\xaev\x10\x8c`\x04\x98\x04\
0\x18\xd7\xec^\x0fkr\xc0\xc7\xc7\x8c\x19\xd3\xa8\xf1\
+\x97\xeaE&\x07\xcc\xcap\x8f\x00\x02\x08 \x80\x00\
\x02\x08 \x80\x00\x02\x08\xbc#\xb0Wc\xfe\xafY\xb5\
j\xd5\x8f\xf5\x94\xcb\xfc\x05\xf8\xa9\xa0\x07@\x80\xb8\x9d\
w]QQq\x96\xba\xb2\xfc^\xaf\x1d\xdf\xf9u\x1e\
#\x80\x00\x02\x08 \x80\x00\x02\x08 \x80\x00\x02)\x16\
\xd8\xa8\x99\xfe\xaf\xa8\xab\xab\xabJ\xb1AhUg\x0e\
\x80\x90\xa8\xed\x03]PPP\xa9\x9e\x00/\x86T$\
\xc5 \x80\x00\x02\x08 \x80\x00\x02\x08 \x80\x00\x02\xce\
\x0aX\xdb\xc8\xdaH4\xfe\xc3;D$\x00\xc2\xb3\xf6\
jkk\x9b\x87\x0f\x1f~\xa1>\xe8\xff\x11b\xb1\x14\
\x85\x00\x02\x08 \x80\x00\x02\x08 \x80\x00\x02\x088%\
`m\x22k\x1bY\x1b\xc9\xa9\xc0\x12\x1e\x0cC\x00\x22\
:\xc0\x9a\x1c\xf0\xe3*\xfav-%\x11\x85@\xb1\x08\
 \x80\x00\x02\x08 \x80\x00\x02\x08 \x80@\xd8\x02\xad\
*\xf0\x1aM\xf6wo\xd8\x05S\x9e\xe7\x91\x00\x88\xf0\
SPZZ:C]^~\xa7\x10*\x22\x0c\x83\xa2\
\x11@\x00\x01\x04\x10@\x00\x01\x04\x10@\x00\x810\x04\
\xea\x0e\x1e<\xf8\xd15k\xd6\xac\x0a\xa30\xca\xe8.\
\xc0\x10\x80\xee&\xa1\xbdb\x1f\xfc\xa2\xa2\xa2sT\xe0\
\xdd\xa1\x15JA\x08 \x80\x00\x02\x08 \x80\x00\x02\x08\
 \x80@\xf8\x02w[\xdb\x87\xc6\x7f\xf8\xf0\x9dK\xa4\
\x07@g\x8d\x08\x1f\xcf\x981\xe3j\x8d\x83\xb9U!\
\x1c\x15a\x18\x14\x8d\x00\x02\x08 \x80\x00\x02\x08 \x80\
\x00\x02\x08\xf8)\xb0[\x97\xf8\xfb\x82.\xf1w\xa7\x9f\
;e_\x83\x13 \x0108\xb7@\xb6R\x12\xa0T\
I\x80{\xb4\xf3\xd3\x03)\x80\x9d\x22\x80\x00\x02\x08 \
\x80\x00\x02\x08 \x80\x00\x02\xe1\x09\xd4\xa8\xf1\xff\x095\
\xfe\xd7\x84W$%\xf5%\xc0\x10\x80\xbetB~\xcf\
\xfec\xe8\x1a\x98\xefS\xb1\xb7\x84\x5c4\xc5!\x80\x00\
\x02\x08 \x80\x00\x02\x08 \x80\x00\x02~\x0a\xdcbm\
\x1b\x1a\xff~\x92\xe6\xbf/z\x00\xe4o\x18\xc8\x1e\xca\
\xcb\xcb/U\xb6\xec\xd7\xda\xf9\x84@\x0a`\xa7\x08 \
\x80\x00\x02\x08 \x80\x00\x02\x08 \x80\x80\xff\x02[\xd4\
\xab\xf9\xb3\xf5\xf5\xf5\x0b\xfd\xdf5{\xccW\x80\x1e\x00\
\xf9\x0a\x06\xb4\xbd\xfd\x87Q\x02`\xa6\xfe\xf3\xd8U\x02\
\xb8!\x80\x00\x02\x08 \x80\x00\x02\x08 \x80\x00\x02N\
\x0bX\xdb\xc5\xda04\xfe\xdd=L\xf4\x00p\xf7\xd8\
\xbc\x1bYYY\xd9\xa7\xf5\xe4\xe7Z\x8e~\xf7E\x1e\
 \x80\x00\x02\x08 \x80\x00\x02\x08 \x80\x00\x02n\x08\
\xecT\x18_lhh\xb8\xcb\x8dp\x88\xa27\x01\x12\
\x00\xbd\xc98\xf6zEE\xc5\x09\x87\x0e\x1d\xb2!\x01\
s\x1d\x0b\x8dp\x10@\x00\x01\x04\x10@\x00\x01\x04\x10\
@ \xbd\x02\x8b4\xd6\xff\xb3uuu\xeb\xd3K\x10\
\x9f\x9a\x93\x00\x88\xcf\xb1\xcaD\xaa+\x05\xfc\x83\xba\xd6\
\xdc\xa8'#c\x16:\xe1\x22\x80\x00\x02\x08 \x80\x00\
\x02\x08 \x80@r\x04\xdeVw\xff\xafk\x92\xbf\xff\
JN\x95\x92_\x13\xe6\x00\x88\xd91\xb6\xff`EE\
E\x15\x0a\x9bI5bv\xec\x08\x17\x01\x04\x10@\x00\
\x01\x04\x10@\x00\x81\x84\x08,\xb46\x09\x8d\xff\xf8\x1d\
Mz\x00\xc4\xef\x98\xbd\x1b\xb1z\x03\x5c\xad\xde\x007\
\xeb\x85c\xde}\x91\x07\x08 \x80\x00\x02\x08 \x80\x00\
\x02\x08 \x80@0\x02o\xe9\xac\xffW\xd5\xf0\xbf3\
\x98\xdd\xb3\xd7\xa0\x05\x0a\x82.\x80\xfd\x07'\xb0u\xeb\
\xd6\xe5\xa3F\x8d\xba\xa3\xa0\xa0\xe08\x952+\xb8\x92\
\xd83\x02\x08 \x80\x00\x02\x08 \x80\x00\x02\x08\xa4\x5c\
\xe0\xee\xf6\xf6\xf6\x0f\xacY\xb3\xe6\xa5\x94;\xc4\xba\xfa\
\xf4\x00\x88\xf5\xe1{/\xf8\xf2\xf2\xf2\xb9\xca\xc6\xdd\xa6\
WNy\xefU\x1e!\x80\x00\x02\x08 \x80\x00\x02\x08\
 \x80\x00\x02y\x09\xbc\xaa^\xc7\xff\xa8K\xfb-\xca\
k/l\xec\x84\x00=\x00\x9c8\x0c\xf9\x07\xd1\xd2\xd2\
\xb2\xae\xa4\xa4\xc4\xe6\x078\xac\xbd\x9d\xab\x85c\x9b?\
+{@\x00\x01\x04\x10@\x00\x01\x04\x10@ \xad\x02\
\xfbU\xf1\x7f\xdd\xb3g\xcf\xa7^\xd5-\xad\x08I\xab\
7=\x00\x92vDU\x9f\xb2\xb22\xeb\x05p\x8b\x96\
\xcb\x12X=\xaa\x84\x00\x02\x08 \x80\x00\x02\x08 \x80\
\x00\x02\xc1\x0a<\xa6\xdd\x7f\xb9\xa1\xa1\x81\x86\x7f\xb0\xce\
\xa1\xef\x9d\x04@\xe8\xe4\xe1\x15\xa8I\x02?\xa0\xee:\
\xff\xae\x12\xa7\x85W*%!\x80\x00\x02\x08 \x80\x00\
\x02\x08 \x80@L\x05\xd6jX\xf1W4\xc9\xdf#\
1\x8d\x9f\xb0\xfb\x11\xa0\x9bx?@q~[\x93\x04\
\xae\xd1$\x81\xbf\xd4$\x81{U\x8fs\xb4\x0c\x8bs\
}\x88\x1d\x01\x04\x10@\x00\x01\x04\x10@\x00\x01\x04\x02\
\x11\xd8\xad\xbd~O\x93\xfc\xfd\xad&\xf9\xab\x0f\xa4\x04\
v\xea\x84\x00=\x00\x9c8\x0c\xc1\x071}\xfa\xf4\x89\
\xea\x0d\xf0\x03-W\xab\xb4\xa1\xc1\x97H\x09\x08 \x80\
\x00\x02\x08 \x80\x00\x02\x08 \xe0\xb8\xc0!\x9d\xf1\xbf\
S\xcbwV\xaf^\xbd\xc9\xf1X\x09\xcf\x07\x01\x12\x00\
> \xc6i\x17\x15\x15\x15\xa7\x1d:t\xe8&\xc5<\
7Nq\x13+\x02\x08 \x80\x00\x02\x08 \x80\x00\x02\
\x08\xf8*\xb0h\xe8\xd0\xa1_\xab\xab\xab[\xee\xeb^\
\xd9\x99\xd3\x02$\x00\x9c><\xc1\x05\xa7\x89\x02/\xd7\
\xde\x7f\xa2\xa5<\xb8R\xd83\x02\x08 \x80\x00\x02\x08\
 \x80\x00\x02\x088&`]\xfc\xbf\xa9\x09\xfe\xfe\xe8\
X\x5c\x84\x13\x82\x00\x09\x80\x10\x90\x1d.b\xa8&\x0a\
\xfc\xb4\x86\x05\x5c\xaf\x18\xa78\x1c'\xa1!\x80\x00\x02\
\x08 \x80\x00\x02\x08 \x80@~\x02\x8d\xea\xea\x7f\xbd\
&\xf8\xbbK\xbb9\x94\xdf\xae\xd8:\xae\x02$\x00\xe2\
z\xe4|\x8c[\xc3\x02\x86\xe9\xcb\xe0sZ\xfeY\xbb\
\x1d\xef\xe3\xae\xd9\x15\x02\x08 \x80\x00\x02\x08 \x80\x00\
\x02\x08D+\xd0\xac\x13~?\xd4\xf2Ku\xf7\xdf\x1f\
m(\x94\x1e\xb5\x00\x09\x80\xa8\x8f\x80C\xe5\xcf\x9a5\
\xeb\xa8\x03\x07\x0e|I\x89\x80\xaf*\xacc\x1d\x0a\x8d\
P\x10@\x00\x01\x04\x10@\x00\x01\x04\x10@``\x02\
\xdb\xd4\xe8\xbf\xb9\xb0\xb0\xf0\xa7+V\xac\xb0Y\xfe\xb9\
!\xe0\x91\x00\xe0C\xd0M@=\x02J\x0e\x1e<\xf8\
E}aX\x22`L\xb7\x15x\x01\x01\x04\x10@\x00\
\x01\x04\x10@\x00\x01\x04\x5c\x15\xd8\xaa\x13z7\xebR\
\xe0?\xd7\x19\xffVW\x83$\xaeh\x04H\x00D\xe3\
\x1e\x8bR-\x11\xa0+\x06|A\xc1~]\x0b\x89\x80\
X\x1c5\x82D\x00\x01\x04\x10@\x00\x01\x04\x10H\xa9\
\xc0V\xd5\xfbF\xcd\xec\x7f+\x0d\xff\x94~\x02r\xa8\
6\x09\x80\x1c\x90\xd2\xbe\x8a\x0d\x0dhoo\xbfF\x0e\
\xd6#\xe0\x84\xb4{P\x7f\x04\x10@\x00\x01\x04\x10@\
\x00\x01\x04\x1c\x12X\xafXn.**\xba\x9d\xae\xfe\
\x0e\x1d\x15GC!\x01\xe0\xe8\x81q1\xac\xca\xca\xca\
\xa2\xb6\xb6\xb6O*\xb6oj\xa9p1FbB\x00\
\x01\x04\x10@\x00\x01\x04\x10@ %\x02u\xaa\xe7O\
\x8a\x8b\x8b\xff\xb7\xba\xba\xba=%u\xa6\x9ay\x0a\x90\
\x00\xc8\x130\xa5\x9b\x0f\xd1\xe5\x03\x17h\x8e\x00\x1b\x1a\
0'\xa5\x06T\x1b\x01\x04\x10@\x00\x01\x04\x10@\x00\
\x81(\x04\x9e\xd3\x18\xff\x1bu9\xbfGU\xf8\xe1(\
\x02\xa0\xcc\xf8\x0a\x90\x00\x88\xef\xb1s\x22\xf2\xf2\xf2\xf2\
\xd3\xf5\x05\xf4e\x05\xf3\x09-\xc3\x9c\x08\x8a \x10@\
\x00\x01\x04\x10@\x00\x01\x04\x10H\x96\x80]\xbe\xef\x1e\
\x9d\x80\xbb\xa5\xbe\xbe\xbe&YU\xa36a\x0a\x90\x00\
\x08S;\xc1e\xcd\x9c9s\xbc&\x0c\xbcV\xcb\xe7\
\xf5\xc54.\xc1U\xa5j\x08 \x80\x00\x02\x08 \x80\
\x00\x02\x08\x84\x22\xa0\x13mojR\xbf_h\xf9\xcf\
\xda\xda\xda\xe6P\x0a\xa5\x90D\x0b\x90\x00H\xf4\xe1\x0d\
\xbfr\xbar\xc00]B\xf0#J\x02|^\xa53\
< \xfcC@\x89\x08 \x80\x00\x02\x08 \x80\x00\x02\
\xf1\x17\xb0n\xfe\xbf\xd0\xa5\xfc\x1e\xd0\x8c\xfev\xf6\x9f\
\x1b\x02\xbe\x08\x90\x00\xf0\x85\x91\x9d\xf4$\xa0d@\xb9\
\x92\x01\xd6#\xe03z\xff\xe8\x9e\xd6\xe15\x04\x10@\
\x00\x01\x04\x10@\x00\x01\x04\x10\xc8\x08\xecT\xa3\xff\xbf\
\xd5\xe8\xff\x85\x1a\xfd\xf5\x98 \x10\x84\x00\x09\x80 T\
\xd9\xe7_\x08\xe8\xea\x01\xc5\xbbw\xef\xbeR\x89\x80\xcf\
\xea\x8d\xf7k\xe1s\xf7\x17B<A\x00\x01\x04\x10@\
\x00\x01\x04\x10H\xa9\x80M\xe2\xf7\xbc\x1a\xfe\xbf>\xea\
\xa8\xa3\xee\xd7l\xfem)u\xa0\xda!\x09\xd0\x10\x0b\
\x09\x9ab\xde\x11\xd0\x5c\x01\xd3\xd4+\xe0\xef\xf4\xecj\
-\x93\xdfy\x95\x7f\x11@\x00\x01\x04\x10@\x00\x01\x04\
\x10H\x95\xc0\x06\xd5\xf6N\x9d\xed\xff\x8d\xc6\xf6\xafM\
U\xcd\xa9l\xa4\x02$\x00\x22\xe5Ou\xe1C\xcb\xca\
\xca\xe6J\xe0*-Wh\x19\x99j\x0d*\x8f\x00\x02\
\x08 \x80\x00\x02\x08 \x90t\x81\xb7U\xc1\xdfk\xf9\
mCC\xc3\x22\xdd\x1fJz\x85\xa9\x9f{\x02$\x00\
\xdc;&\xa9\x8bh\xca\x94)G\xaa\xcb\xd3\x02]A\
\xe0S\xaa\xfceZ\x8eH\x1d\x02\x15F\x00\x01\x04\x10\
@\x00\x01\x04\x10H\xa2\xc0>U\xea1\xcd\xe2\xff?\
\x1a\x12\xfbhcc\xe3\xde$V\x92:\xc5G\x80\x04\
@|\x8eU*\x22\x9d={\xf6\xa8\xbd{\xf7~P\
\xf3\x05|T\x15\xbeX\x0b\xc9\x80T\x1cy*\x89\x00\
\x02\x08 \x80\x00\x02\x08$F\xc0\x1a\xfdOj\x5c\xff\
\xef\x8e<\xf2\xc8?,[\xb6lGbjFEb\
/@\x02 \xf6\x870\xb9\x15\x98>}\xfa\x08%\x02\
\x16(c\xfa\x11}\x81^\xaa\x9a\x16'\xb7\xb6\xd4\x0c\
\x01\x04\x10@\x00\x01\x04\x10@ \xc6\x02m\xfa\xdd\xba\
P=Z\x1f\xd0\xef\xd6GW\xaf^\xbd+\xc6u!\
\xf4\x04\x0b\x90\x00H\xf0\xc1MR\xd5&M\x9a4\xbc\
\xa4\xa4d\x9e\x92\x01\x0b\xf4\xa5z\xb9\xeav|\x92\xea\
G]\x10@\x00\x01\x04\x10@\x00\x01\x04b'\xb0Q\
\x8d\xfe?\xaa\xd1\xffhkk\xebSMMM{b\
W\x03\x02N\x9d\x00\x09\x80\xd4\x1d\xf2dT\xb8\xbc\xbc\
\xfct%\x02\x16\xa86\xb6\x9c\xa9eh2jF-\
\x10@\x00\x01\x04\x10@\x00\x01\x04\x1c\x15\xb0I\xfb\x96\
jyT\x0d\xffG\xeb\xeb\xebk\x1c\x8d\x93\xb0\x10\xe8\
U\x80\x04@\xaf4\xbc\x11\x17\x81SO=u\xb42\
\xafs\x95\x10\xb8\xd8\x16\xc5}R\x5cb'N\x04\x10\
@\x00\x01\x04\x10@\x00\x01\xa7\x05\xd6\xa9\xb1\xff\xa4-\
\xea\x89\xbah\xe5\xca\x95\xdb\x9d\x8e\x96\xe0\x10\xe8G\x80\
\x04@?@\xbc\x1d?\x81\x8a\x8a\x8a\x93\x95\x08\xb0\x84\
\xc0_)\xfa9Z\x18.\x10\xbf\xc3H\xc4\x08 \x80\
\x00\x02\x08 \x80@\x14\x02\x1bU\xe8sj\xf0?\xab\
eQ]]\xddkQ\x04A\x99\x08\x04%@\x02 \
(Y\xf6\xeb\x8c\xc0\xcc\x993\xa7\xa9\x87\xc0\x9c\x8e\x84\
\xc0\x05\x0al\x9a3\xc1\x11\x08\x02\x08 \x80\x00\x02\x08\
 \x80@\x94\x02kU\xf8\x0b\xd6\xe0\xd7\x19\xfe\xe7j\
kk\xed97\x04\x12+@\x02 \xb1\x87\x96\x8a\xf5\
&PZZ:\xa6\xa0\xa0\xe0\x1c\xbd\xff\xbe\x8e\xe5,\
\xdd\x1f\xdd\xdb\xfa\xbc\x8e\x00\x02\x08 \x80\x00\x02\x08 \
\x90\x08\x81\x9d\xaaE\x95\x96\xc5\xb6\x1c<x\xf0\xe55\
k\xd6lMD\xcd\xa8\x04\x029\x0a\x90\x00\xc8\x11\x8a\
\xd5\x12-0D\x97\x1c,U\xd6\xf7t\xd5\xb2\xf32\
&\xd1\xb5\xa6r\x08 \x80\x00\x02\x08 \x80@r\x05\
\xacao\x93\xf4e\x16\xf5\x06\xad\xd1\xa5\xf9\xd6\xe8\xf9\
\xe1\xe4V\x99\x9a!\xd0\xbf\x00\x09\x80\xfe\x8dX#\xa5\
\x02\xb3f\xcd\x9a\xd4\xde\xde>K]\xc2\xcaEP\xa1\
!\x04v_\xa6eDJI\xa86\x02\x08 \x80\x00\
\x02\x08 \xe0\x9a\xc0.\x05\xd4\xa0\xdfk\xf5\xba\xaf\xd3\
\xef\xb5\xfa\xa2\xa2\xa2\x15\xba5\xb9\x16(\xf1 \xe0\x82\
\x00\x09\x00\x17\x8e\x021\xc4I`\x88&\x19\x9c\xac,\
\xf2t\x05}\xb2\xfe\xd8\xd8\x84\x836\xa7\xc0\xc9Z\xa6\
j\x19\xae\x85\x1b\x02\x08 \x80\x00\x02\x08 \x80\x80\x7f\
\x02{\xb4\xab\xd7\xb5\xbc\xa6\xdf^k\xf5\xdb\xcb&\xe6\
{M\xbd7Wk\x92\xbe\xf5\xfe\x15\xc3\x9e\x10H\xbe\
\x00\x09\x80\xe4\x1fcj\x18\x9e\xc0\x90\xb2\xb2\xb2\x09\xfa\
c4Yc\xca&\xeb\x0f\xd4\x09*\xda\xee'\xeb\x0f\
\xd5\xf1\xba\x1f\xaf\xfb\xf1z\xed\xa8\xf0B\xa2$\x04\x10\
@\x00\x01\x04\x10@\xc0i\x81\xdd\xfa\x8d\xd4\xac\xdfH\
\xcd\xba\xdf\xa8\xfb\x0d\x8av\x83\xee\xd7k\xce\xa6\x0d:\
\xe9\xb2\xa1\xa1\xa1a\x8b^\xa3\xeb\xbe\xd3\x87\x91\xe0\xe2\
\x22@\x02 .G\x8a8\x13#PYYY\xdc\xda\
\xda:^\x89\x02K\x08\x8c\xd5\x1f\xbb\xd1ZF\xe9\x0f\
\xdc(\xbb\xd7k\x99{U\xd8\x12\x05\xd6\xa3\xa0\xb8c\
\x19\xae\xf7\x8a\xb5N\x91\x9e\x17t,\x85\x9d\x1e\xf3\xff\
Y\x18\xdc\x10@\x00\x01\x04\x10@ \x10\x01k\x80\x1f\
\xecX\x0ed\x1f\xeb\xb7I\xbb~\x9b\xb4\xe9\xb9\x9d\xa5\
\xb7\xfb\xec\xe3\xddzo\x87\xde\xdba\xf7\xfa\xdd\x93\xb9\
\xd7\xe3\xedz\xadE\xbf{\x9aKJJ\x9a\xab\xab\xab\
m}n\x08 \x10\x92\xc0\xff\x03\xe4S\x0e\xda\xbc\xd5\
\xc1*\x00\x00\x00\x00IEND\xaeB`\x82\
\x00\x01\x0bf\
\x89\
PNG\x0d\x0a\x1a\x0a\x00\x00\x00\x0dIHDR\x00\
\x00\x04\x00\x00\x00\x04\x00\x08\x06\x00\x00\x00\x7f\x1d+\x83\
\x00\x00\x00\x01sRGB\x00\xae\xce\x1c\xe9\x00\x00\x00\
\xc6eXIfMM\x00*\x00\x00\x00\x08\x00\x06\x01\
\x12\x00\x03\x00\x00\x00\x01\x00\x01\x00\x00\x01\x1a\x00\x05\x00\
\x00\x00\x01\x00\x00\x00V\x01\x1b\x00\x05\x00\x00\x00\x01\x00\
\x00\x00^\x01(\x00\x03\x00\x00\x00\x01\x00\x02\x00\x00\x01\
1\x00\x02\x00\x00\x00\x16\x00\x00\x00f\x87i\x00\x04\x00\
\x00\x00\x01\x00\x00\x00|\x00\x00\x00\x00\x00\x00\x00\xc8\x00\
\x00\x00\x01\x00\x00\x00\xc8\x00\x00\x00\x01Pixel\
mator Pro 3.6.13\
\x00\x00\x04\x90\x04\x00\x02\x00\x00\x00\x14\x00\x00\x00\xb2\xa0\
\x01\x00\x03\x00\x00\x00\x01\x00\x01\x00\x00\xa0\x02\x00\x04\x00\
\x00\x00\x01\x00\x00\x04\x00\xa0\x03\x00\x04\x00\x00\x00\x01\x00\
\x00\x04\x00\x00\x00\x00\x002024:03:0\
5 13:05:51\x00?\xc6{C\x00\
\x00\x00\x09pHYs\x00\x00\x1e\xc2\x00\x00\x1e\xc2\x01\
n\xd0u>\x00\x00\x03\xdfiTXtXML:\
com.adobe.xmp\x00\x00\x00\
\x00\x00<x:xmpmeta xml\
ns:x=\x22adobe:ns:m\
eta/\x22 x:xmptk=\x22X\
MP Core 6.0.0\x22>\x0a\
   <rdf:RDF xmln\
s:rdf=\x22http://ww\
w.w3.org/1999/02\
/22-rdf-syntax-n\
s#\x22>\x0a      <rdf:\
Description rdf:\
about=\x22\x22\x0a       \
     xmlns:exif=\
\x22http://ns.adobe\
.com/exif/1.0/\x22\x0a\
            xmln\
s:tiff=\x22http://n\
s.adobe.com/tiff\
/1.0/\x22\x0a         \
   xmlns:xmp=\x22ht\
tp://ns.adobe.co\
m/xap/1.0/\x22>\x0a   \
      <exif:Pixe\
lYDimension>1024\
</exif:PixelYDim\
ension>\x0a        \
 <exif:PixelXDim\
ension>1024</exi\
f:PixelXDimensio\
n>\x0a         <exi\
f:ColorSpace>1</\
exif:ColorSpace>\
\x0a         <tiff:\
XResolution>2000\
000/10000</tiff:\
XResolution>\x0a   \
      <tiff:Reso\
lutionUnit>2</ti\
ff:ResolutionUni\
t>\x0a         <tif\
f:YResolution>20\
00000/10000</tif\
f:YResolution>\x0a \
        <tiff:Or\
ientation>1</tif\
f:Orientation>\x0a \
        <xmp:Cre\
atorTool>Pixelma\
tor Pro 3.6.13</\
xmp:CreatorTool>\
\x0a         <xmp:C\
reateDate>2024-0\
3-05T13:05:51</x\
mp:CreateDate>\x0a \
        <xmp:Met\
adataDate>2024-1\
2-15T11:00:04+01\
:00</xmp:Metadat\
aDate>\x0a      </r\
df:Description>\x0a\
   </rdf:RDF>\x0a</\
x:xmpmeta>\x0a\xd5\xcf\xe3\x96\x00\
\x00@\x00IDATx\x01\xec\x9d\x07\x98\x14E\xf6\
\xc0\x1f\x0bKXr\x96 Y@\x90$\xe6\x08\x82\x0a\
\x88\xa2bB\x14T\x10QQ\xef\xd43g\xbd\xfb\x8b\
\xa0\xa8w\xa8\x9cz\x8a\x19P\x14%\xa8\x88\x8a\x8a\xa7\
(\xa2\x08\x82\xe4$\x19$H\x0e\xf7\xaf\xd7\xb7\xcb\x11\
6L\xe8\x9e\xa9\xea\xfe\xd5\xf7\xf573\xdd\xd5U\xef\
\xfd\xaawg\xde\xabW\xaf\x0a\x09\x05\x02\x10H)\x81\
\xd6\xad[g\xadY\xb3\xa6jfff\xd5\xdd\xbbw\
W.\x5c\xb8p\xb9\xff\xfc\xe7?\xe5\xcdQ\xce\x08\xe2\
\x1d{\xf6\xec)g\x8e,\xf39\xe7(\xb1\xcf\xfbL\
\xf3\xbe\xf0\x01G\x11\xf3\xb9\x909(\x10\x80\x00\x04 \
\x00\x01\x08@ \x08\x02\xff1\x8d\xee2\xc7\xee\x03\x8e\
\x9d\xe6\xf3\x96\xecck\xce\xfb\x8c\x8c\x8c-\xe6Xo\
>{G\xa1B\x85\xd6\x9b\xe3w\xf3\xdbg\xbd\xf9\xed\
\xb3z\xe7\xce\x9d++U\xaa\xb4r\xca\x94)z/\
\x05\x02\x10H\x11\x01\x0c\x86\x14\x81\xa6\x9bH\x10(T\
\xbbv\xedC\xcc\x97\xdd\xa1\xe6\x0b\xeeP\xa3q-c\
\xc4\x1fj\x0c{=j\x98\xcfU\xcdQ\xc5\x1c\xa5\xcc\
A\x81\x00\x04 \x00\x01\x08@\x00\x02\x10\x10\xf9\xc3@\
Xe\x8e\x95\xe6\xf7\xd3o\xe6Xb~K-1\x9f\
\x17\x9b\xdfOK\xcco\xa9%\x8b\x16-Za>\xab\
\x03\x82\x02\x01\x08$I\x00\x07@\x92\x00\xb9=z\x04\
\xea\xd5\xabW\xcb|!52_P\x0d\xcck}\xe3\
\xc9n`(\xe8Q\xcf\x1c:SO\x81\x00\x04 \x00\
\x01\x08@\x00\x02\x10\xf0\x8f\x80F\x16\xcc7\xc7\x5c\x13\
=0\xd7\xfc\x06\x9bg~\x83\xe9\xeb\xaf\xf3\xe7\xcf_\
\xec_7\xb4\x04\x81\xf0\x13\xc0\x01\x10\xfe1F\xc3\x04\
\x094h\xd0\xa0\xa6\xf1:77_0M\xcck\x13\
\xf3\xda\xd44u\xb89J'\xd8$\xb7A\x00\x02\x10\
\x80\x00\x04 \x00\x01\x08\xf8K`\x93in\xa6q\x06\
\xcc0\x91\x03\xbf\x98\xd7_\xcc\xeb\xb4\xb9s\xe7.\xf5\
\xb7\x1bZ\x83@8\x08\xe0\x00\x08\xc78\xa2Er\x04\
\x0a\xd5\xad[\xb7\xa1\xf9\xb2he\x8c\xfcV\xc6\xd8\xf7\
\x0e\xd3d\xa5\xe4\x9a\xe5n\x08@\x00\x02\x10\x80\x00\x04\
 \x00\x814\x11Xc~\xdbM\xd5\xc38\x05\xa6\x9a\
\xdfwS\x17,X0\xdb\xc8\xc2R\x824\x0d\x08\xdd\
\xdaA\x00\x07\x80\x1d\xe3\x80\x14)$\xd0\xb0a\xc3J\
\xbbv\xed:\xd6\x18\xfb\xc7\x99\xe3X\xf3\x85p\x8c\xe9\
\xbel\x0aE\xa0+\x08@\x00\x02\x10\x80\x00\x04 \x00\
\x81\xd4\x13\xd8`\x1c\x02\x93\x8dC\xe0[s|S\xa4\
H\x91og\xcf\x9e\xbd&\xf5b\xd0#\x04\xd2G\x00\
\x07@\xfa\xd8\xd3s\x8a\x08\x98P\xfe\xfa\xc6\xc8?\xc5\
\x18\xfd\xa7\x98.O6G\xfd\x14uM7\x10\x80\x00\
\x04 \x00\x01\x08@\x00\x02v\x13\x98g\xc4\xfb\xd28\
\x03\xbe0\xce\x81/\xcc\xd2\x01\xfdL\x81@h\x09\xe0\
\x00\x08\xed\xd0FW\xb1\xfa\xf5\xebkB\xbev\xc6\xe0\
?\xd5\xcc\xf0\xab\xd1\xaf\x19\xf8)\x10\x80\x00\x04 \x00\
\x01\x08@\x00\x02\x10(\x88\x80\xeeD\xf0\x85q\x08L\
4\x15'\xcc\x9b7onA7p\x1d\x02.\x11\xc0\
\x01\xe0\xd2h!k\xae\x04j\xd5\xaaU\xded\x84m\
g\x8c\xfd\xd3\xcdL\xff\xe9\xa6R\xdd\x5c+r\x12\x02\
\x10\x80\x00\x04 \x00\x01\x08@\x00\x02\xf1\x11X`\x22\
\x03\xc6\x1b\xa7\xc0x\xb3\xf3\xd3\x84\xc5\x8b\x17\xff\x1e\xdf\
\xed\xd4\x86\x80]\x04p\x00\xd85\x1eH\x13#\x01\x13\
\xd6\xdfj\xe7\xce\x9d\x9dM\xf5\xb3\x8c\xe1\x7f\xb4y\xcd\
\x88\xf1V\xaaA\x00\x02\x10\x80\x00\x04 \x00\x01\x08@\
 \x11\x02{\x8c#\xe0;s\xe3\x98\xcc\xcc\xcc\xd1f\
\xb9\xc0\xd4D\x1a\xe1\x1e\x08\xa4\x93\x00\x0e\x80t\xd2\xa7\
\xef\x98\x09\xd4\xacY\xb3\x84\xf9G\xdb\xde\x18\xfb\x9d\xcd\
,\xffY\xe6F\xc2\xfac\xa6GE\x08@\x00\x02\x10\
\x80\x00\x04 \x00\x81\x00\x08\xfcf\xa2\x03\xc6\x18\xa7\xc0\
h31\xf5\xc9\xd2\xa5K\xb7\x06\xd0\x07MB\xc0W\
\x028\x00|\xc5Ic~\x12h\xd4\xa8Qi\xb3\x8e\
\xff,st5\x86\x7f'\xd3v\x96\x9f\xed\xd3\x16\x04\
 \x00\x01\x08@\x00\x02\x10\x80\x00\x04|\x22\xb0\xc58\
\x02\xc6\x9a\xdc\x01\xef\x98c\xcc\xaf\xbf\xfe\xba\xc9\xa7v\
i\x06\x02\xbe\x12\xc0\x01\xe0+N\x1aK\x96@\xbdz\
\xf5\xca\x9a\x7f\x9e\xe7\x9a5V]\xcdL\xff\x19\xa6\xbd\
b\xc9\xb6\xc9\xfd\x10\x80\x00\x04 \x00\x01\x08@\x00\x02\
\x10H!\x81\xed&2\xe0c\x93\xa3\xea\x1d3\x89\xf5\
\xde\xfc\xf9\xf37\xa4\xb0o\xba\x82@\xbe\x04p\x00\xe4\
\x8b\x87\x8b\xa9 P\xa7N\x9d\xe2\xc6\xe8\xd7\xd0\xfeK\
\xb3g\xfa1\xfaS\x01\x9e> \x00\x01\x08@\x00\x02\
\x10\x80\x00\x04\x82&\xb0]#\x03\x8cC\xe0\x0d\xf3;\
w\xf4\xc2\x85\x0b\xb7\x05\xdd!\xedC ?\x028\x00\
\xf2\xa3\xc3\xb5 \x09d\xd4\xad[W3\xf7w7\x86\
\xffy\xa6\xa32AvF\xdb\x10\x80\x00\x04 \x00\x01\
\x08@\x00\x02\x10H3\x81\x8d\xc6\x11\xf0\xaeq\x08\xbc\
\xbe`\xc1\x82\x09F\x96=i\x96\x87\xee#H\x00\x07\
@\x04\x07=\x9d*\x9b\xec\xfd\xf5M\x92\x94+\x8c\xe1\
\xdf\xd3\xc8qh:e\xa1o\x08@\x00\x02\x10\x80\x00\
\x04 \x00\x01\x08\xa4\x89\xc0\x12\xe3\x08\x18j\x92\x5c\xbf\
lv\x13\x98\x97&\x19\xe86\x82\x04p\x00Dp\xd0\
S\xadr\xeb\xd6\xad\xb3\xd6\xae]{\xa11\xfa\xaf4\
\xc7)\xa6\x7f\x9e\xbbT\x0f\x02\xfdA\x00\x02\x10\x80\x00\
\x04 \x00\x01\x08\xd8H\xe0?\xc6\x11\xf0\x859^\xaa\
X\xb1\xe2\x88)S\xa6l\xb1QHd\x0a\x0f\x01\x0c\
\xb1\xf0\x8c\xa5u\x9a\x98\xd9\xfe&f\xb6\xbf\xaf1\xfa\
{\x18\xe1\xcaZ' \x02A\x00\x02\x10\x80\x00\x04 \
\x00\x01\x08@\xc0\x1e\x02\x1b\x8c#\xe0\x15\x13\x15\xf0\x9c\
\x89\x0a\xf8\xc5\x1e\xb1\x90$L\x04p\x00\x84i4-\
\xd0\xa5i\xd3\xa6E7o\xde|\xbeY\xd7\x7f\xad\x11\
Gg\xfb)\x10\x80\x00\x04 \x00\x01\x08@\x00\x02\x10\
\x80@|\x04\xbe0\xf9\x02\x9e-Y\xb2\xe4\xc8\x193\
f\xec\x88\xefVjC o\x028\x00\xf2f\xc3\x95\
8\x08\x98\x84~U\xcdL\xff\xb5\xd9\x86\x7f\x958n\
\xa5*\x04 \x00\x01\x08@\x00\x02\x10\x80\x00\x04 \x90\
;\x81U\xea\x080\x91\x01\xcf\x9a\xc4\x81+s\xaf\xc2\
Y\x08\xc4N\x00\x07@\xec\xac\xa8\x99\x0b\x01\x13\xe6\xdf\
j\xc7\x8e\x1d7\x99K\xdd\xccQ4\x97*\x9c\x82\x00\
\x04 \x00\x01\x08@\x00\x02\x10\x80\x00\x04\x92#\xa0Q\
\x00o\x16-Z\xf4)\xb3<`jrMqw\x94\
\x09\xe0\x00\x88\xf2\xe8'\xae{!3\xe3\xdfy\xf7\xee\
\xdd\xb7\x9a&\x08\xf3O\x9c#wB\x00\x02\x10\x80\x00\
\x04 \x00\x01\x08@ ^\x02_\x14.\x5cx\xa0\x89\
\x08\x18mn\xfcO\xbc7S?\xda\x04p\x00D{\
\xfc\xe3\xd2\xbeM\x9b6E\x16-Zt\xa91\xfco\
376\x8d\xebf*C\x00\x02\x10\x80\x00\x04 \x00\
\x01\x08@\x00\x02~\x12\x98a\x1c\x01\x8f\xd5\xae]\xfb\
\x8d\xcf?\xff|\x97\x9f\x0d\xd3Vx\x09\xe0\x00\x08\xef\
\xd8\xfa\xa6Y\xf3\xe6\xcdKn\xdc\xb8\xb1\xb71\xfco\
6\xeb\x8fj\xf9\xd60\x0dA\x00\x02\x10\x80\x00\x04 \
\x00\x01\x08@\x00\x02I\x110y\xb8\x16\x1bG\xc0\x13\
e\xca\x94ya\xda\xb4i\x9b\x93j\x8c\x9bCO\x00\
\x07@\xe8\x878q\x05MF\xffR&\xa3\xff\xf5&\
\xb1\x9f\x86\xfaWJ\xbc%\xee\x84\x00\x04 \x00\x01\x08\
@\x00\x02\x10\x80\x00\x04\x02&\xb0\xc6$\x0c\x1chv\
\x0e\x18lv\x0e\xf8#\xe0\xbeh\xdeQ\x028\x00\x1c\
\x1d\xb8 \xc5\xce6\xfc\xfb\x19\xc3\xff\x16\xd3\x0f\x86\x7f\
\x90\xb0i\x1b\x02\x10\x80\x00\x04 \x00\x01\x08@\x00\x02\
\xfe\x12PG\xc0\xe3\xc6\x11\xf0\x0f\x1c\x01\xfe\x82\x0dC\
k8\x00\xc20\x8a>\xe9\x90\x1d\xea\x7fc\xb6\xe1_\
\xd1\xa7fi\x06\x02\x10\x80\x00\x04 \x00\x01\x08@\x00\
\x02\x10H=\x81\xb5\xea\x080K\x03\x9efi@\xea\
\xe1\xdb\xda#\x0e\x00[G&\x85r\x99\x19\xff\xa2[\
\xb6l\xb9\xc6\xac\xf1\xbf\xdbt[5\x85]\xd3\x15\x04\
 \x00\x01\x08@\x00\x02\x10\x80\x00\x04 \x10,\x81\x95\
&G\xc0_\xb3\xb2\xb2\x86\x98\x88\x00\xddN\x90\x12a\
\x028\x00\x22<\xf8F\xf5\x8c:u\xea\x5cnf\xfc\
\x1f0\xef\xeb\x98\x83\x02\x01\x08@\x00\x02\x10\x80\x00\x04\
 \x00\x01\x08\x84\x93\xc0B\x13\x11\xf0\xc0\xc2\x85\x0b_\
5\xea\xed\x09\xa7\x8ahU\x10\x01\x1c\x00\x05\x11\x0a\xe9\
\xf5z\xf5\xea\x9d\xb5k\xd7\xae\xc7\x8czMB\xaa\x22\
jA\x00\x02\x10\x80\x00\x04 \x00\x01\x08@\x00\x02\x07\
\x13\xf8\xa5H\x91\x22\xb7\xcd\x9f?\x7f\xcc\xc1\x978\x13\
v\x028\x00\xc2>\xc2\x07\xe8\xd7\xb0a\xc3\x16\xdb\xb7\
o\x7f\xdcl\x17\xd2\xee\x80K|\x84\x00\x04 \x00\x01\
\x08@\x00\x02\x10\x80\x00\x04\x22B\xc0l\xef=\xa1X\
\xb1b\xb7\xcc\x9e=\xfb\xa7\x88\xa8\x8c\x9a\x86\x00\x0e\x80\
\x88<\x06\x8d\x1a5\xaan\x0c\xffGL\xb8\x7fO\xa3\
rFD\xd4FM\x08@\x00\x02\x10\x80\x00\x04 \x00\
\x01\x08@ o\x02{\xcc\xb2\x80\xa1\xc6\x11p\xcf\xaf\
\xbf\xfe\xba,\xefj\x5c\x09\x0b\x01\x1c\x00a\x19\xc9<\
\xf4h\xd0\xa0A1\x93\xdc\xefVs\xdci\xaa\x94\xcc\
\xa3\x1a\xa7!\x00\x01\x08@\x00\x02\x10\x80\x00\x04 \x00\
\x81\xe8\x12\xd8l\x12\x05\xfe\x9f9\x06\xce\x9d;w{\
t1\x84_s\x1c\x00!\x1ec\xb3\xce\xbf\xb3Y\xe7\
\xff\xa4Q\xb1~\x88\xd5D5\x08@\x00\x02\x10\x80\x00\
\x04 \x00\x01\x08@\xc0\x1f\x02\xf3L~\x80?\x99\xfc\
\x00\xa3\xfdi\x8eVl#\x80\x03\xc0\xb6\x11\xf1A\x1e\
c\xf8\x1fff\xfc\x9f4\xeb\xfc;\xf9\xd0\x1cM@\
\x00\x02\x10\x80\x00\x04 \x00\x01\x08@\x00\x02\x11\x22`\
\xf2\x03\x8c5\xd1\x00\xea\x08\x98\x13!\xb5#\xa1*\x0e\
\x80\x10\x0d\xb3\xd9\xd2\xaf\xb81\xfa\xef2\xc7\xedF\xad\
\xa2!R\x0dU \x00\x01\x08@\x00\x02\x10\x80\x00\x04\
 \x00\x81\xd4\x12\xd8a\x1c\x01\xfd\xcd\xf17\xb3u\xe0\
\xb6\xd4vMoA\x11\xc0\x01\x10\x14\xd9\x14\xb7kf\
\xfd\xdb\x99p\xffgM\xb7\x87\xa5\xb8k\xba\x83\x00\x04\
 \x00\x01\x08@\x00\x02\x10\x80\x00\x04\xc2K`\x8eY\
\x16p\xad\x89\x06\x98\x10^\x15\xa3\xa3\x19\x0e\x00\xc7\xc7\
\xda$\xf9\xab\xbcs\xe7\xce'\xcc\xac\xffe\x8e\xab\x82\
\xf8\x10\x80\x00\x04 \x00\x01\x08@\x00\x02\x10\x80\x80\xa5\
\x04L$\xc0k\x99\x99\x997\x9b$\x81\xab-\x15\x11\
\xb1b \x80\x03 \x06H\xb6V1!\xff=\xcd\xb6\
~O\x18\xf9*\xd8*#rA\x00\x02\x10\x80\x00\x04\
 \x00\x01\x08@\x00\x02\xa1!\xb0\xcel\x1bx\xb3Y\
\x12044\x1aEL\x11\x1c\x00\x0e\x0e\xb8\x99\xf5\xaf\
if\xfd\xffif\xfd;:(>\x22C\x00\x02\x10\
\x80\x00\x04 \x00\x01\x08@\x00\x02\x0e\x130\xd1\x00\xe3\
L4@\x1f\x13\x0d\xb0\xd4a5\x22)z\xe1Hj\
\xed\xb0\xd2u\xeb\xd6\xbd\xda\xac\xf5\x1feT8\xc2a\
5\x10\x1d\x02\x10\x80\x00\x04 \x00\x01\x08@\x00\x02\x10\
p\x97\x80\xee:\xd6\xbbB\x85\x0ak\xd7\xaf_\xff\x83\
\xbbjDOr\x22\x00\x1c\x19s\x93\xe4\xaf\x96\xf9#\
\xfb\x97\x99\xf5o\xe7\x88\xc8\x88\x09\x01\x08@\x00\x02\x10\
\x80\x00\x04 \x00\x01\x08\x84\x9c\x80\x89\x06\x98`\xb6\x0c\
\xbc\xca$\x09\x5c\x1crUC\xa1\x1e\x11\x00\x0e\x0c\xa3\
\x99\xf5\xbf\xdc\x18\xff\x1f\x18Q\x0fw@\x5cD\x84\x00\
\x04 \x00\x01\x08@\x00\x02\x10\x80\x00\x04\xa2C\xa0\x9e\
\xc9Kv\x95\x89\x06\xf8\xcdD\x03L\x8b\x8e\xdanj\
J\x04\x80\xc5\xe3\xd6\xb8q\xe3\x8a[\xb7n}\xce\xcc\
\xfa_`\xb1\x98\x88\x06\x01\x08@\x00\x02\x10\x80\x00\x04\
 \x00\x01\x08@@L4\xc0\xdb%J\x94\xe8;k\
\xd6\xac\xb5\xe0\xb0\x93\x00\x0e\x00;\xc7E\xea\xd7\xaf\xdf\
\xd1$\xfa\xfb\x97\x11\xef\x10KED,\x08@\x00\x02\
\x10\x80\x00\x04 \x00\x01\x08@\x00\x02\x07\x12Xn\x12\
\x04\xf6\x9a7o\xde\xb8\x03/\xf09\xfd\x04X\x02\x90\
\xfe1\xd8O\x82\xa6M\x9b\x16-Y\xb2\xe4@\x13\xf2\
\xffws\xa1\xd4~\x17\xf9\x00\x01\x08@\x00\x02\x10\x80\
\x00\x04 \x00\x01\x08@\xc0n\x02\xa5\xcd\x92\x80\xee\xe5\
\xcb\x97/W\xa3F\x8d\xcfV\xaf^\xbd\xdbnq\xa3\
%\x1d\x11\x00\x16\x8d\xb7I\xf4\xd7\xd0d\xf8\x7f\xcb\x88\
\xd4\xca\x22\xb1\x10\x05\x02\x10\x80\x00\x04 \x00\x01\x08@\
\x00\x02\x10\x80@\x22\x04\xa6\x16)R\xe4\x12\x93 p\
v\x227s\x8f\xff\x042\xfco\x92\x16\x13!P\xa7\
N\x9d\x9e\xc6\xf8\xd7-40\xfe\x13\x01\xc8=\x10\x80\
\x00\x04 \x00\x01\x08@\x00\x02\x10\x80\x80m\x04Z\xa9\
\x8d\xa3\xb6\x8em\x82EU\x1e\x22\x00\xd2<\xf2\xcd\x9b\
7/\xb9a\xc3\x06M\xf4wY\x9aE\xa1{\x08@\
\x00\x02\x10\x80\x00\x04 \x00\x01\x08@\x00\x02\x81\x100\
\x09\x02_+[\xb6l\xdfi\xd3\xa6m\x0e\xa4\x03\x1a\
\x8d\x89\x00\x0e\x80\x980\x05S\xc9x\xc2\x1a\x9b\xf51\
o\x9b\xd6\x9b\x06\xd3\x03\xadB\x00\x02\x10\x80\x00\x04 \
\x00\x01\x08@\x00\x02\x10\xb0\x86\xc0\x8c\x8c\x8c\x8c\x0b\x16\
.\x5c8\xcb\x1a\x89\x22&\x08K\x00\xd24\xe0\xc6\xf8\
\xbf\xd8\x18\xff\xdf\x99\xee1\xfe\xd34\x06t\x0b\x01\x08\
@\x00\x02\x10\x80\x00\x04 \x00\x01\x08\xa4\x94@S\xb5\
\x81\xd4\x16Ji\xaft\xb6\x97\x00\xbb\x00\xecE\x91\x9a\
7\xad[\xb7\xce,Z\xb4\xe8\x93&\xe4\x7f\x80\xe9\xb1\
hjz\xa5\x17\x08@\x00\x02\x10\x80\x00\x04 \x00\x01\
\x08@\x00\x02V\x10(jl\xa1\x0b\xca\x95+W\xb1\
A\x83\x06\x9f,_\xbe|\x8f\x15RED\x08\x96\x00\
\xa4p\xa0\xeb\xd6\xad[\xd5l\xef\xf7\x8e\xe9\xf2\xc4\x14\
vKW\x10\x80\x00\x04 \x00\x01\x08@\x00\x02\x10\x80\
\x00\x04l$0\xa9p\xe1\xc2]\x17,X\xb0\xd2F\
\xe1\xc2(\x13K\x00R4\xaaf\x8b\xbf\xa3\x8d\xf1?\
\xc5t\x87\xf1\x9f\x22\xe6t\x03\x01\x08@\x00\x02\x10\x80\
\x00\x04 \x00\x01\x08XM\xe0D\xb5\x91\xd4V\xb2Z\
\xca\x10\x09\x87\x03 \x05\x83\xa9\xdb^\x98\xed/\xbe0\
]\xd5HAwt\x01\x01\x08@\x00\x02\x10\x80\x00\x04\
 \x00\x01\x08@\xc0\x15\x025\xd4VR\x9b\xc9\x15\x81\
]\x96\x93\x1c\x00\xc1\x8e^a\xf3 \x0f2\x89.\x1e\
5\xdd\x14\x09\xb6+Z\x87\x00\x04 \x00\x01\x08@\x00\
\x02\x10\x80\x00\x04 \xe0$\x81\x22&/\xc0\xb9\xe5M\
Y\xbf~\xfdx\xa3\xc1\x7f\x9c\xd4\xc2\x01\xa1\xc9\x01\x10\
\xd0 5j\xd4\xa8\xf4\xb6m\xdb\x86\x99\x07\xb9c@\
]\xd0,\x04 \x00\x01\x08@\x00\x02\x10\x80\x00\x04 \
\x00\x81P\x11(T\xa8\xd0\xb8\xe2\xc5\x8b_\xfc\xeb\xaf\
\xbfn\x0a\x95b\x96(\x83\x03 \x80\x810\xc9\xfej\
\x9b\xb5,\xa3M\xd3G\x04\xd0<MB\x00\x02\x10\x80\
\x00\x04 \x00\x01\x08@\x00\x02\x10\x083\x81\xe9&9\
`g\x93\x1cpQ\x98\x95L\x87n8\x00|\xa6n\
B\xfe\x8f3!\xff\xa3L\xb3U|n\x9a\xe6 \x00\
\x01\x08@\x00\x02\x10\x80\x00\x04 \x00\x01\x08D\x85\xc0\
\xaa\x8c\x8c\x8c.\x0b\x17.\xfc&*\x0a\xa7BO\x92\
\x00\xfaH\xd9\xcc\xfc_`\x8c\xff\xcfL\x93\x18\xff>\
r\xa5)\x08@\x00\x02\x10\x80\x00\x04 \x00\x01\x08@\
 r\x04\xaa\xa8m\xa56V\xe44\x0fPa\x92\x00\
\xfa\x04\xd7\xcc\xfc\xdfd\x1e\xd0\x17Ls\x99>5I\
3\x10\x80\x00\x04 \x00\x01\x08@\x00\x02\x10\x80\x00\x04\
\xa2L@\x93\x03^`r\x03n0\xc9\x01\xbf\x8d2\
\x08\xbft\xc7\x01\x90<\xc9B\xc6+5\xd0\x18\xff\x0f\
\x99\xa6XR\x91<OZ\x80\x00\x04 \x00\x01\x08@\
\x00\x02\x10\x80\x00\x04 \x90C\xa0\x90q\x02t\xa8P\
\xa1B\xe9\xec\x1d\x02r\xce\xf3\x9a\x00\x01\x0c\xd6\x04\xa0\
\xe5\xdc\xd2\xb4i\xd3\xa2\x9b7o\x1ej\x8c\xffKr\
\xce\xf1\x0a\x81\xbc\x08deeI\xd5\xaaU\xa5d\xc9\
\x92\xdeQ\xa2D\x09\xefU\xcf\xe7\x1czN\x0f\xb3\x83\
\x84l\xd9\xb2E\xfe\xf8\xe3\x0f1\xcf\xd8\xde\xd7\x9c\xf7\
z^\x0f\xadc\x9e\xbf\xbc\xba\xe4<\x04 \x00\x01\x08\
@\x00\x02\x10\x80\x00\x04BC\xc0\xe4\x04x\xcb\xfc\x96\
\xee9c\xc6\x8c\x1d\xa1Q*\xc5\x8a\xe0\x00H\x10\xb8\
1\xfeK\x19\x03l\x94\xf1F\x9d\x96`\x13\xdc\x16B\
\x02\xe5\xca\x95\x93\xda\xb5k{\x87Y\x16\xb2\xdf\xfb\x8a\
\x15+\x06\xa2\xf1\xea\xd5\xabe\xce\x9c9\xde1o\xde\
<\x99={\xb6\xf7~\xdd\xbau\x81\xf4G\xa3\x10\x80\
\x00\x04 \x00\x01\x08@\x00\x02\x10H\x17\x01\xb3M\xe0\
\xa7\xa5J\x95\xeab\x9c\x00\x7f\xa4K\x06\x97\xfb\xc5\x01\
\x90\xc0\xe85n\xdc\xb8\xa2\x99y\x1dkn=&\x81\
\xdb\xb9%$\x04t\xd6\xbeu\xeb\xd6r\xf4\xd1G{\
G\x93&M\xa4L\x992\xd6h\xf7\xfb\xef\xbf\xcb\xdc\
\xb9s=g@\xce\xeb\x0f?\xfc\xe0E\x0dX#$\
\x82@\x00\x02\x10\x80\x00\x04 \x00\x01\x08@ ~\x02\
\x93M\x14l\xc7\xa5K\x972\xe3\x15';\x1c\x00q\
\x02;\xf4\xd0C\xab\x1b\xaf\xd3xs[\x938o\xa5\
\xba\xe3\x04L\xf2\x11\xcf\xd0?\xea\xa8\xa3\xe4\xd8c\x8f\
\x15\x13\x05\x22f\x7fR\xa7\xb4\xda\xb9s\xa7|\xfb\xed\
\xb7\xf2\xf9\xe7\x9f\xcb\xa7\x9f~*foU\xa7\xe4G\
X\x91\xe2\xc5\x8bK\xe9\xd2\xa5\xbdC\x1dN\xba\xa4\xc4\
\xfcO\x0a\x05\x1a\x13Q%\xfa\x8c\xee\xd8\xb1\xc3{\xd5\
\xf7zl\xdf\xbe}\xefg\xbd\xb6u\xebV\xd1\xba\x14\
\x08\xecK 33s\xef\xdf\x85\xfe\x8d\x98\xd9!\xe7\
\xfeG\xef\xabO2\xef\xf5\xefc\xd7\xae]\xb2{\xf7\
n\xefU\xdf\xe7|\xd6\xbf\x9f\x9c\xe5d\xfa\xf7E\x09\
'\x01\xfd\x1b0\xeb\xa5\xbdC\xbf'(v\x12\xd0e\
\x9c\xba\xa4s\xd3\xa6M\xb2q\xe3F\xef\xe0\xef2\xae\
\xb1\xfa\xc5\xfc\xbf;}\xc9\x92%\xcb\xe2\xba+\xe2\x95\
\xc3\xf1\xab1E\x83\xd8\xa0A\x83\xfa\xe6\xc7\xe7'\xa6\
\xbb:)\xea\x92n\xd2L@g\xf5\xcf9\xe7\x1c9\
\xed\xb4\xd3\xc4\x8c\x7fh\x0c\xad\x1c\xac\x8b\x17/\x96\xcf\
>\xfb\xcc;\xbe\xf9\xe6\x1b\xcf\xd0\xca\xb9\xc6kz\x09\
\xa8\xc3\xa9E\x8b\x16\xd2\xb2eK\xefU\x1dNz\xae\
H\x91\x22\xe9\x15\xcc\x82\xde\xf5\x07\xd3\x86\x0d\x1bD\xa3\
\x5ct\xa9\x8b\x1e9\xef\xf5U\x8f\xdf~\xfbM\xcc\xbe\
\xc1\xb2b\xc5\x0a\x9c\x05\x16\x8c\x99\x9f\x22\xa8\x13\xec\x88\
#\x8e\xd8\xfb\xb7\xd1\xbcys/\xbfJ\xb1b\xc5\xfc\
\xec&\x12m\xa9S@\x0d\x0fu\x08\xe8\xdf\x94.)\
[\xb5j\x95\xacY\xb3\xc6;\xf4\xb3\x99]\xf3\xfe\x96\
L\xe2\xadH0qIIu\x02\xb7i\xd3FN9\
\xe5\x14\xa9V\xad\xda^\x83_\x0d\x7f\xbe+\x5c\x1a\xc9\
\xfde\xd5\xbf\xb9\x9f~\xfaI~\xfe\xf9g\xd1\xc8\xcd\
\xef\xbe\xfbn\xff\x0a|:\x90\xc0\xc2\xa2E\x8b\xb67\
\xd1\xae\xf3\x0e\xbc\xc0\xe7\xdc\x09\xe0\x00\xc8\x9d\xcbAg\
\xcd\xba\xee\xc3\x8d\x87\xe9Ss\xe1\x90\x83.r\x22T\
\x04\xcc\xae\x0e\xd2\xa5K\x179\xfb\xec\xb3\xa5^\xbdz\
\xa1\xd2-?e4\xf1\xe0\xbf\xff\xfdo\xcf\x190z\
\xf4h\xcf\x88\xca\xaf>\xd7\xfc'\xa036\x17_|\
\xb1t\xeb\xd6-R\xcf\x9e\xff$\xff\xd7\xa2F\x0c,\
Z\xb4\xc83`\xd4!\xa0N/}\x9d5k\x96g\
\xe0\xfc\xaf&\xefl&\xa0\xd1Vg\x9cq\x86\xf4\xe8\
\xd1\xc3\x8b\xc4r-\xfa\xcaf\xb6\xb1\xca\xa6\xb3\x93\xfa\
\xb7\x93\xf3\xf7\xf3\xf5\xd7_{\x06\x0a\x89hc%\xe8\
O=\xfd\x8d\xd2\xae];\xef\xd0\x88D\x0c}\x7f\xb8\
\xda\xdc\x8a~\x87\xbd\xf1\xc6\x1b2b\xc4\x08~\x9b\xe5\
=P\xcbM4d;\xc3jf\xdeU\xb8\x92C\x00\
\x07@\x0e\x89|^\x8d\x11\xd8\xccx\xc9u\xe6\xbfJ\
>\xd5\xb8\xe40\x01\xf5\x9c\xab\xc1\xaf\xb3\xfd:\xd3\x1a\
\xf5\xa2!\xd7\xa3F\x8d\x92\x97^z\xc93\x94\xa2\xce\
#h\xfd5\xba\xe4\x8a+\xae\x90\xf3\xcf?\xdf\xdb\x05\
\x22\xe8\xfeh\xff\xbf\x04\x96-[&S\xa7N\x95\x1f\
\x7f\xfc\xd1{\x9d>}:Q0\x96=\x1ce\xcb\x96\
\x95\xee\xdd\xbb\xcbe\x97]\xe6\xcdpZ&^\xe4\xc5\
\xd1\xe8\x01\x8d\x1eSg\x80\x1e\x9a\x84\x96\x12\x0c\x81f\
\xcd\x9a\xc9\xa3\x8f>*\x1a\x99H\x89&\x01\x9d\xa8\xd1\
g`\xe8\xd0\xa1\xd1\x04P\xb0\xd6\xab\x8cC\xac\xfd\xfc\
\xf9\xf3\x7f.\xb8j\xb4k\xe0\x00(`\xfcM&\xf7\
\x96\xc6\xbb\xad\xc6\x7f0)\xdc\x0b\xe8\x9f\xcb\xc1\x11\xd0\
u\xd3\xa7\x9f~\xba\xf4\xea\xd5\xcb\x9bQ\x0a\xcb:j\
\xbf\x89\xe9\x8f;u\x04|\xf2\xc9'l9\xe87\x5c\
\xd3\xde\xf5\xd7_/\x7f\xfe\xf3\x9f#\xbbV9\x00\xa4\
\x097\xa9\xe1\xd03g\xce\x94)S\xa6\xc8\xf8\xf1\xe3\
\xbd|\x19\xba\x86\x9a\x92\x1e\x02\x9ak\xe5\xe9\xa7\x9f\x96\
*U\xf0\xbd\xa7g\x04\xe2\xefU\x97\x0eL\x9a4\xc9\
\x8b&\xfb\xea\xab\xaf\xbc\xa58\xf1\xb7\xc2\x1d\xfb\x12\xd0\
h\x97\x1bn\xb8\xc1\xfb\xae`\xb6\x7f_2\xd1}\xaf\
y\x9cn\xbd\xf5VY\xbbvmt!\xe4\xad\xf9Z\
\xb3M`{\x13\xa9\xf4c\xdeU\xb8\x82\x03 \x9fg\
\xc0\xcc\xfc\x1fe~\x10~l\xaa\x94\xcf\xa7\x1a\x97\x1c\
#\xa0\x89\xa2t\xa6\xb5O\x9f>\x84Y\xc71v\xba\
\xa6Z\xbd\xce\xc3\x86\x0d\xf3\x92\xd4\xc4q+Us!\
\xa0[F\x0e\x1a4\xc8[\xbf\x99\xcbeNY@@\
s\x09\xa8#`\xdc\xb8q\xa2\xc6\x8c:\x08(\xa9!\
\x80c,5\x9c\x83\xeee\xe2\xc4\x89\xf2\xcc3\xcf\xc8\
\xe4\xc9\x93\x83\xee*\x94\xed\x1fv\xd8a\xf2\xc4\x13O\
x9/B\xa9 J%L@ww\xea\xda\xb5+\
\xbf\xc7r'\xf8\xbbq\x96\x9da\x22\x01\xbe\xcf\xfd2\
gq\x00\xe4\xf1\x0cd\x1b\xff:\xf3_6\x8f*\x9c\
v\x8c\x80f\xc1\xd50\xd2\xab\xae\xba\x8a\x19\xa5$\xc6\
N3H\xbf\xf3\xce;\xf2\xaf\x7f\xfd\x8b]\x04\x12\xe4\
X\xbdzuo-\x9f\xbeR\xdc \xa0Y\x9a'L\
\x98 \x1f|\xf0\x81\xb7\x83\x06\xbb\x10\x047n:\xeb\
\xafK\xb2(\xe1!\xa0I\xcc\x06\x0f\x1e,\xea\x10\xa0\
\xc4F\xa0m\xdb\xb6\xf2\xdcs\xcf\x89In\x16\xdb\x0d\
\xd4\x8a\x1c\x01\xfd\xbb\xd2\xdf\xb5\x9a\xeb\x86r\x10\x81\x0d\
\xd9\xcb\x01p\x02\x1c\x84F\x04\x07@.P\xb2\xc3\xfe\
5\xe1\x1f3\xff\xb9\xf0q\xedT\xe5\xca\x95=\xa3_\
\xffI\xea\xb6P\x14\x7f\x08\xe8l\xe8k\xaf\xbd\xe6\xcd\
bkr(Jl\x044\x84S\x13\xf9hv\x7f\x8a\
\x9b\x04\xcc\xac\x82<\xff\xfc\xf3\x9e#\x8c\xed\x9a\xfc\x1d\
\xc3\xde\xbd{\xcb\xddw\xdf\xedo\xa3\xb4f\x0d\x81_\
~\xf9\xc5s\x04hT\x0dN\xb4\xbc\x87E\xb3\xf8\x7f\
\xfc\xf1\xc7R\xb1\x22\xabO\xf3\xa6\xc4\x15%\xf0\xc2\x0b\
/\xc8_\xff\xfaW`\xe4N\xe0w\xb3\x1c\xe04\x96\
\x03\x1c\x0c\x07\x07\xc0\x01L\xb2\x13\xfe}fN\xf3_\
\xf7\x006\xae}\xd4\xad\xa2\xfa\xf5\xeb'W_}5\
\x1e\xf4\x00\x07O\xb7\x86\xd2\x10\xc5\xd7_\x7f\x9d\x1c\x01\
1p\xbe\xef\xbe\xfb\xe4\xca+\xaf\x8c\xa1&Ul'\
\xa0[\xa4i~\x0cu\x84i24Jr\x04\xd4)\
\xa6\xce1\xd69'\xc7\xd1\x85\xbb\xd5\x89\xa6\xb3\xdb#\
G\x8e\x14\xf2l\x1c<b\xea`l\xdf\xbe\xfd\xc1\x17\
8\x03\x81\x03\x08\xa8\x13Z\x9f\x15\xdd\xe1\x86\x92+\x81\
\xb5\xe6;\xa5-\x89\x01\xf7gSx\xff\x8f\xd1\xfe\xa4\
[\xfd\x99\x84\x7f:\xf3_9\xda$\xdc\xd7\xbec\xc7\
\x8e\xf2\xe2\x8b/z\xdb\xe4\xb0]T\xb0\xe3\xa9\x8e\x16\
\x0dUT\xe6\xba=\x14_By\xf3\xd6\xa4\x93\xea\x00\
\xa0\x84\x83\x80.+:\xf1\xc4\x13\xbd\xad\xe94\xa7\xc3\
\x8c\x193D\x97\xc8P\xe2'P\xa2D\x09/\xbf\x88\
f\xfd\xa7\x84\x9f@\xf9\xf2\xe5\xbd$\xbc\xfa\xbd\xa1a\
\xcc\x9a<\x90\xf2_\x02\xba\x15\xac\xe6(\xa2@ \x16\
\x02\xfa\x1bW#E>\xfc\xf0\xc3X\xaaG\xb1N\x96\
\xb1\xed\xba\x9a\xef\xe81\x1b6l\xe0\x1fM\xf6\x13@\
\x04@6\x08\xb3\x0dW}\xb3\x86\xe6+\xf3\xf1\x90(\
\xfeu\x84Eg\xdd\x1f\xf7\xc1\x07\x1f\x94\x93O>9\
,*9\xa7\x87\xee\x16\xa0\xe1h\xea\x0c\xa0\xecO`\
\xcc\x981l\xe1\xb4?\x92P}\xd2\xa50\x03\x06\x0c\
\xf0\xa2a\x08o\x8eoh/\xbd\xf4R\xc2X\xe3C\
\x16\x9a\xda\xba~\xb9\x7f\xff\xfe^^\x99\xd0(\x95\xa0\
\x22\xb5j\xd5\x92\xb1c\xc7\x8a:\x17)\x10\x88\x95\x80\
n\xdd\xdc\xaaU+\x1c\xd0\xf9\x03[a\xf2i\x9cd\
\x92'\xce\xcb\xbfZ4\xaefDC\xcd\xfc\xb5<\xf4\
\xd0C\xab\x9b/ M\xf8\x87\xf1\x9f?*k\xaf\xea\
\xec\xd1m\xb7\xdd&\x1f}\xf4\x11\xc6\x7f\x9aGIC\
\xd14s\xfa]w\xdd%YYYi\x96\xc6\x9e\xee\
\x8f:\xea(\x8c\x7f{\x86#\x10I\xca\x94)#\x0f\
?\xfc\xb0\xbc\xfb\xee\xbb\xd2\xb4i\xd3@\xfa\x08k\xa3\
=z\xf4\x08\xabj\xe8U\x00\x01Mrw\xef\xbd\xf7\
z\xcbi\xa2\xbe\xe6]\x97\x87a\xfc\x17\xf0\xc0p\xf9\
 \x02\xc5\x8a\x15\xf3\xa2\xd1\x0e\xba\xc0\x89}\x09\x1c\xa2\
\xb6\x9e\xda|\xfb\x9e\x8c\xea\xfb\xc8;\x00\x1a7n\x5c\
\xd1\xec\xff>\xde<\x00u\xa2\xfa\x10\xb8\xae\xf7\x99g\
\x9e\xe9e\xe7\xbe\xf6\xdakE\xb7\xf8\xa3\xa4\x9f\x80\xae\
\xe1\xd5\xdc\x0b\xa3G\x8f\xc6\x10\xca\x1e\x8e\x9e={\xa6\
\x7f`\x90 %\x04Z\xb4h!\xa3F\x8d\x92\xfb\xef\
\xbf\x9f\x1f\xf31\x10?\xf6\xd8c\xa5Q\xa3F1\xd4\
\xa4J\x98\x09\xb4i\xd3\xc6s\xe2\xebkT\x8b.\x13\
\xa3@ \x11\x02D\xbe\xc6D\xad\x8e\xda|j\xfb\xc5\
T;\xc4\x95\x22\xed\x00034\xa5\xb6l\xd92\xd6\
\x8co\x93\x10\x8fqhUSc_g\xdb4\x91P\
\xb5j\xd5B\xab\xa7\xcb\x8a\xe9\x92\x0c\x9d\x0d\xed\xd5\xab\
\x97\xcbj$-{\x95*U\xa4C\x87\x0eI\xb7C\
\x03\xee\x10\xd0u\x99W\x5cq\x85\xb7e\xe0\x19g\x9c\
\xe1\x8e\xe0i\x90Twh\xa1@@\x09h\x04\x80&\
\xd6\xd4\x5c)&{w\xa4\xa0\x18\xa3Dj\xd4\xa8\x11\
)\x9dQ\xd6?\x025k\xd6\xf4\xaf\xb1p\xb7\xd4D\
m?\xb5\x01\xc3\xadf\xfe\xdaE\xeb\xbf\xeb>,\xcc\
\xc0\x175\xfb:\x8f2\xa7\x8e\xd9\xe74o\x1d!`\
\x126z\x86%?\x1c\xed\x1f0u\xd4\xdcs\xcf=\
\xde\xfaN\xdd\xda(\x8aE=\xf3d6\x8f\xe2\xc8\x8b\
\xa8\xf3g\xc8\x90!r\xc7\x1dwD\xce\xa0\x89u\xc4\
O:\xe9\xa4X\xabR/\x22\x044\x14^w\x97\x89\
\x92\x13\x00GaD\x1e\xee\x80\xd4\x8c\xfa\xf2\x998\xb1\
\x1e\xa36\xa0\xda\x82q\xde\x17\x9a\xeaQu\x00\x14\xda\
\xbcy\xf3P\x93\xa4\xe9\xb4\xd0\x8cd\x84\x14\xe9\xd4\xa9\
\x13\xa1\xe5\x0e\x8e\xb7\xee\x14\xa0{?\x9fp\xc2\x09\x0e\
J\x9f\x9c\xc8\xcd\x9b7O\xae\x01\xeev\x9e\xc05\xd7\
\x5c\xe3m\x17\x18U'X^\x03\xa8I\xcft\x07\x05\
\x0a\x04\x0e$\xd0\xa5K\x17\x198p\xa0\x98\x90\xdd\x03\
/\x85\xf23\xe1\xff\xa1\x1c\xd6\x94)U\xa9R\xa5\x94\
\xf5\x15\x86\x8e\xd4\x06T[\xd0\xe8\x12\x8d\x7f0\x07\x0c\
Z$\x1d\x00&,y\x80\xd9\x12\xe2\x92\x03X\xf0\xd1\
r\x02:\x83\xfa\xc0\x03\x0f\xc8\xe0\xc1\x83\xa5T\xa9H\
G\xeeX>Ry\x8b\xa7\xb3\xa1\xaf\xbe\xfa\xaa\xdcz\
\xeb\xad\x12\xa5\xed\x19u\x7fs\x0a\x04\x8e?\xfex\xcf\
y\xc9\xf3\xf0\xbfgA\xf3%P \x90\x17\x81\xf3\xce\
;\xcf\xdbY#\xecN\x80C\x0e9D\x8e8\xe2\x88\
\xbc0p\x1e\x02\x05\x12`\x0b\xda\x02\x11\x1dTAm\
A\xb5\x09\x0f\xba\x10\x81\x13\x91s\x00\xd4\xa9S\xe7\xa6\
\xdd\xbbw\xdf\x12\x81\xb1\x0d\x95\x8a\xba\xb6i\xe4\xc8\x91\
B\x225\xf7\x87UC:\xaf\xbf\xfezy\xe3\x8d7\
\xa4t\xe9\xd2\xee+T\x80\x06\xba\x04\xa2I\x13\xd2\x8c\
\x14\x80)2\x975_\xc9\xf0\xe1\xc3\xa5{\xf7\xee\x91\
\xd19?E\x9b5k\x96\xdfe\xaeA@\xbav\xed\
\xeam\x13\x18f'\x00Qb<\xe8\xc9\x12X\xb3\x86\
-\xee\x13a\xa86\xa1\xda\x86\x89\xdc\xeb\xf2=\x91r\
\x00\x18/\xcf\x05\xc6\xdb\xf3\x84\xcb\x03\x16E\xd9u\xb6\
L\xb3\xc9\xf3C1\x5c\xa3\x7f\xcc1\xc7\xc8\xb0a\xc3\
\xbc\xa4O\xe1\xd2l\x7fm\xcc\x1a3\xd6\xff\xef\x8f$\
\xf2\x9f\xd4)\xf4\xc8#\x8f\xc8C\x0f=\x14y\x16D\
\x00D\xfe\x11\x88\x09\xc0\x85\x17^(\x8f>\xfahL\
u]\xac\xc4\xd2 \x17G\xcd.\x99\xd7\xae]k\x97\
@\x0eI\xa3\xb6\xa1\xda\x88\x0e\x89\x9c\xb4\xa8\x91q\x00\
\x18\xef\xceq\xc6\xcb\xf3\xaa!\x16\x19\x9d\x93~:,\
h\xe0\xc4\x13O\x94\xd7_\x7f]\xca\x96-k\x814\
\x88\xe07\x81\xc3\x0f?\x5cF\x8c\x18!\xd5\xab\x87w\
[Vv\xa8\xf0\xfb\xa9\x09O{\x97_~y\xe8g\
6\x0b\x1a\xad\xaaU\xab\x16T\x85\xeb\x10\xf0\x08\x5ct\
\xd1E^B\xd90\xe2 \x81[\x18G5\xb5:\xcd\
\x9c93\xb5\x1d\x86\xab\xb7\x0c\xb5\x11\xd5V\x0c\x97Z\
yk\x13\x09c\xd8xuj\x1b\xef\x8ef\xfc/\x9e\
7\x0a\xae\xd8F@3\xe2\xeav@YYY\xb6\x89\
\x86<>\x120\x7f\x9f\xf2\xf6\xdboK\xbdz\xf5|\
l\xd5\x9e\xa6\xa2\xb0\xcc\xc1\x1e\xda\xeeI\xa2FM\xd4\
\xb2\x9d\xef;J\xfc}\xecK\x83\xf7\x05\x11\xd0-e\
\xdb\xb4iSP5\xe7\xae\x97/_\xde9\x99\x11\xd8\
.\x02\x13&L\xb0K \xf7\xa4)\xae\xb6\xa2\xda\x8c\
\xee\x89\x1e\xbf\xc4\xa1w\x004j\xd4\xa8\xb4\xf1\xea\x8c\
6h\xaa\xc4\x8f\x87;\xd2E\xe0\x82\x0b.\x90g\x9e\
yF4T\x96\x12~\x029\xeb\xa25\x5c>l\xa5\
L\x992aS\x09}|&p\xee\xb9\xe7\xca\xd3O\
?\x1d\xa9\xc4\x989\x08\xf9\xfb\xc8!\xc1k\xac\x04\x06\
\x0c\x18 a\x0b\x99'\x02 \xd6\xd1\xa7^n\x04V\
\xacX!\xb3f\xcd\xca\xed\x12\xe7\xe2#PEmF\
\xb5\x1d\xe3\xbb\xcd\xbd\xdaaw\x00\x14\xde\xb6m\xdb0\
3,\xa4Vu\xe8\xd9\xbc\xea\xaa\xab\xe4\xb1\xc7\x1e\x8b\
\xe4\x8fa\x87\x86\xc9wQ\xf5\x07\xd0[o\xbd%\x9a\
\x1b L\x85\x19\xce0\x8dfp\xba\x9cu\xd6Y\x9e\
\xd3Sw;\x89J)^\xbc8\xf91\xa22\xd8>\
\xea\xa9\xdb\x9d\x85-\x1f@\xd8\x1c\x1a>\x0e7M\xc5\
@@\xa3e)\xbe\x118\x22\xdbv,\xec[\x8b\x16\
6\x14j\x07\x80Y\xcb\xf1\xb8\xd9\xe7\xb1\xa3\x85\xdc\x11\
)\x0f\x02\x7f\xfa\xd3\x9f\xe4\xde{\xef\x8d\xcc\xbe\xbfy\
`\x88\xeci\xdd\xdeq\xe8\xd0\xa1\xd2\xbau\xeb\xd00\
\xc0\x01\x10\x9a\xa1\x0c\x5c\x11]\xf6\xf4\xcf\x7f\xfeS\x8a\
\x16-\x1ax_6t\xc0\xdf\x86\x0d\xa3\xe0\xa6\x0c\xa7\
\x9f~\xbat\xeb\xd6\xcdM\xe1s\x91\x9a\x08\x80\x5c\xa0\
p*&\x02\xbf\xfd\xf6\x9b\xb7\x5c6\xa6\xcaT\x8a\x89\
\x80\xda\x8ejC\xc6T\xd9\xd1J\xa1u\x00\x98\x81\xeb\
i\xd6rDn[\x07G\x9fCO\xec\x9bo\xbeY\
n\xba\x89!sy\x0c\xfd\x90]g\x05\x87\x0c\x19\x22\
aI\x9e\x87\x91\xe3\xc7S\x11\x9d6\xda\xb6m+/\
\xbe\xf8\xa2\xe8\xdfA\xd8\x8b:\xfc(\x10H\x94\xc0=\
\xf7\xdc#\x9aC&\x0c\x85\x1c\x00a\x18\xc5\xf4\xe8\xf0\
\xf0\xc3\x0f\xcb\xce\x9d;\xd3\xd3y\x88{U\x1bRm\
\xc9\xb0\xaa\x18J\x07\x80I&v\xb4\x19\xb8\xe7\xc2:\
ha\xd4\xeb\xe2\x8b/\x96\x1bn\xb8!\x8c\xaa\xa1S\
\x02\x04t6\xe4\xf9\xe7\x9f\x0f\x85\x11\x14\xa5\x90\xee\x04\
\x86\x9a[r!p\xd2I'\xc9\xe0\xc1\x83C\x1f\x09\
\xc5\xdfF.\x83\xcf\xa9\x98\x09h\x82\xe0A\x83\x06\x85\
b\xb9 \xf9\x8eb\x1ev*\xeeC`\xe0\xc0\x81\xf2\
\xd1G\x1f\xeds\x86\xb7~\x12P[RmJ?\xdb\
\xb4\xa5\xad\xd09\x00\x8c7\xb8\xea\xae]\xbb\xde5\x80\
\xc3?}b\xcbS\x94\xa4\x1c\xfacW\xf7\xc4\xa6@\
`_\x02\x9a\x10P\x93=Q \x10E\x02\xa7\x9dv\
\x9a\xe8\x92(\x0a\x04 \x907\x81\x16-Z\x88&\x0d\
\xa6@ j\x04t\xb9\xa4:\x8a)\x81\x12(\xae6\
\xa5\xda\x96\x81\xf6\x92\x86\xc6C\xe5\x000\xeb\x863M\
\xf6\xc6w\x0c\xc7\x1ai`I\x97\x09\x100\x996\xe5\
\xd9g\x9f%\x11T\x02\xec\xa2pK\xe7\xce\x9d\xa5_\
\xbf~QP\x15\x1d!p\x10\x01\x8d\x8a\xd2\xb5\xce\x14\
\x08@ o\x02}\xfa\xf4\x09}\xb4L\xde\xdas%\
j\x04\xfe\xf8\xe3\x0f\xb9\xe5\x96[\xe4\x81\x07\x1e\x88\x9a\
\xea\xe9\xd2\xb7\x86\xda\x96jc\xa6K\x80 \xfa\x0dU\
\xba\xe15k\xd6<a \x9d\x18\x04(\xda\xf4\x9f@\
\xe5\xca\x95\xe5_\xff\xfa\x97Du\x1d\xa8y^e\xe5\
\xca\x95\xb2y\xf3\xe6\x83\x0e\x0d\x8d-[\xb6\xac\xe8\xfa\
q\xdd&K\x8f\x9c\xf7%K\x96\xf4\x7f0,nQ\
sC\xfc\xfa\xeb\xaf2~\xfcx\x8b\xa5D4\x08\xf8\
O\xa0P\xa1B\xf2\xc4\x13O\xc89\xe7\x9c#\x0b\x16\
,\xf0\xbf\x03Z\x84@\x08\x08\x98\x10]\xe9\xd0\xa1\x83\
\x8c\x1b7.\x04\xda\xa0\x02\x04r'`\x8cP\x990\
a\x82\xe8\x9a\xff\xa5K\x97\xe6^\x89\xb3A\x1181\
\xdb\xc6\x0c\xcdZ\xe5\xd08\x00L\xa2\x86\x8b\xcdZ\x0d\
\xa6\x0a\x83z\xf4}n\xb7D\x89\x12\x9e\xf1_\xbdz\
u\x9f[\xb6\xaf\xb9\xf5\xeb\xd7\xcb\xe4\xc9\x93e\xce\x9c\
92\x7f\xfe|\xef\x987o\x9el\xda\xb4)!a\
\xd5\x11p\xc4\x11GH\xf3\xe6\xcd\xbd\xd7f\xcd\x9aI\
\xadZ\xb5B;\x03\xa2F\x90\xae\xf3<\xef\xbc\xf3<\
\x86\x09A\xe3&\x088J@\x1d\xa4\x9a\x0fC\x9d\x00\
[\xb6lqT\x0b\xc4\x86@\xb0\x04\xfa\xf6\xed\x8b\x03\
 X\xc4\xb4\x9e&\x02\xcb\x96-\x93w\xdeyG\xde\
|\xf3MY\xbe|y\x9a\xa4\xa0[\xb33@?c\
k~\xb5p\xe1B\xdd^\xde\xf9\x12\x0a\x07\x80\x19\x90\
\xc6\xc6\xf8\x7f\xc1\xf9\xd1\x88\x88\x02\x19\x19\x19\xf2\xf7\xbf\
\xff\xdd3^\xc3\xa8\xb2Y/$S\xa6L\x91\xaf\xbe\
\xfaJ\xbe\xfc\xf2K\x996m\x9a\x98\x7f\x1c\xbe\xa9\xaa\
\x8e\x83\x7f\xff\xfb\xdf\xde\x91\xd3\xa8:\x05\xd4\x11\xa0\xe1\
\xc2j(\x84mOa\x8dzx\xea\xa9\xa7\xe4\xec\xb3\
\xcf\x16\xf5\x82S \x10%\x02\xf5\xeb\xd7\xf7\x22\x01\xd4\
\xc8\xa1\xa4\x86\x80\xfe\x9f9\xf5\xd4SS\xd3Y\x1e\xbd\
\xe8v\x90\xc5\x8a\x15\xf3\xb6\x85\xd4\xd7\xdc\xde\xebn\x11\
\xfa\xff\xfe\x90C\x0e\x91\xaaU\xabz\x87\xbe\x8fZV\
yu\x88\x9fp\xc2\x09\xf2\xf5\xd7_\xe7A\x93\xd3\x89\
\x12\xd0\xdf\x1cd\x99O\x94^\xc1\xf7\x19\xfbE4\xac\
_9\xeb\xb1q\xe3F\x99;w\xae\xfc\xfc\xf3\xcf\xf2\
\xd3O?y\x91\xa2\x05\xb7B\x8dT\x10P[\xd3\xd8\
\x9c?\x19'\xc0\xacT\xf4\x17d\x1f\xce;\x00\xcc?\
\xfd\x92f\x86\xf5m\x03\x89\xfd\x84\x82|R|l[\
\x13[\xb5k\xd7\xce\xc7\x16\xedhJ\xffQ\xbf\xfe\xfa\
\xeb2f\xcc\x98\x94\xcf\xd4\xe9\x97\x86\xfe\xf0\xd1C\x13\
*\xeaVb:c\xde\xbe}\xfb\xd0\xec)~\xf8\xe1\
\x87K\xaf^\xbd\xbc}\xd2\xed\x18q\xf7\xa50_b\
)\x09-\xd7(\x8e}\x8d\x19}\x9f\xf39\xc7\xa8Q\
'\x8f:\x07)\xb9\x138\xf3\xcc3\xbd|\x18\xff\xf8\
\xc7?r\xaf\xc0Y\xdf\x09\xe8\xfe\xda\xae\x16\xfd\xfbR\
\x87\x80:\x03j\xd4\xa8\xe19\x885a\x9e&W\x0d\
\xeb\x16\x93\xd7^{-\x0e\x80\x00\x1e\xd8\xab\xaf\xbeZ\
\xbe\xfd\xf6\xdb\x00Z\xa6I\x088G\xa0\x94q\x02\xbc\
ml\xcfc\xcd\xe4\xdef\xe7\xa4\xdfG`\xe7\x1d\x00\
\x1b6l\xd0\xed\xfe\x9a\xee\xa3\x13o-&\xd0\xaaU\
+\xb9\xee\xba\xeb,\x960>\xd1t\xfd\xfe\xa8Q\xa3\
<\xc3\xff\x97_~\x89\xef\xe6\x80j\xeb\xcc\xd5'\x9f\
|\xe2\x1d\x9a;@\x13\xe9]s\xcd5\xde2\x81\x80\
\xbaLY\xb3\xea<\x1a;v,\xeb\xdf|\x22\xfe\xc1\
\x07\x1fx3\xcb>5\x97T3\xea$\xd0\x99L\xcd\
\x0d\xa2G\xa5J\x95\xbc#\xe7\xbd.s9\xec\xb0\xc3\
\xbc|\x18Iu\xe4\xf0\xcd\x7f\xfe\xf3\x9f\xbdY\xa1\x89\
\x13':\xac\x05\xa2\xa7\x82\xc0\x8e\x1d;d\xc9\x92%\
\xde\xf1\xddw\xdf\xc9{\xef\xbd\xe7u[\xb8pa\xef\
\xefH\x9d\x01:k\xae\xdf\xc9\xea\x5c\x0dC\xd1\x1d\x85\
ty\xdc\xf4\xe9\xd3\xc3\xa0\x0e:@\x00\x02v\x12h\
\x9am{^n\xa7x\xb1I\xe5\xb4\x03\xc0\x84a\xf4\
4\x9e\x98\xcbbS\x95Z\xe9&\xa0\xeb\xfe5\xa1\x95\
\xfe\x00q\xbdl\xdd\xba\xd5[\x97\xfb\xcf\x7f\xfe\xd3K\
\xe0g\xab>\x1aJ\xf6\xc6\x1bo\xc8\x88\x11#\xe4\xaa\
\xab\xae\xf2f\x10]N\xba\xa8\xcf\x90&\xc0\xb9\xf2\xca\
+mE\x8e\x5c\x09\x12\xd0e2k\xd7\xae\xf5\x8eY\
\xb3\xf2\x8e\xae\xabR\xa5\x8ag\xc04l\xd8P\x1a4\
h \xfa\xda\xb8q\xe3H$\x13\xd5\x08\x89\xfe\xfd\xfb\
\x8bn\x11H>\x80\x04\x1f\xb4\x88\xdf\xa6\x0eb\xfd\xfb\
\xd2c\xd8\xb0\xff.e\xad]\xbb\xb6\x9c{\xee\xb9\xd2\
\xa5K\x171\xdb]9M\xa8{\xf7\xeer\xe7\x9dw\
:\xad\x03\xc2C\x00\x02v\x130\xbfW.36\xe8\
'&\x8ar\xa8\xdd\x92\xe6-\x9d\xb3\xf1\x96&\xebk\
Cc\xfc\xb3\x01f\xdeck\xdd\x95\xbb\xee\xbaK\xcc\
\x1f\x8cur\xc5#\x90y\xe6d\xf8\xf0\xe1^\x88\xbd\
&\xa6\xd3\x08\x00\x17\x8a\xae\xdf\x1b2d\x88\xb7\xa6U\
\x1d\x02.\xaf\xa3o\xd3\xa6\x8d\x97\x0b\xc0\x05\xee\xc8\xe8\
?\x81U\xabV\xc9\xa4I\x93\xe4\xa5\x97^\x92\xbb\xef\
\xbe[.\xbc\xf0B\xd1\xd9L5^\x1e}\xf4Q\xd1\
\xd9\xf10\x1b\xc7\x1a\xd6\xad\x91\x00\x14\x08\xf8E`\xd1\
\xa2E^\x8e\x15u,\xa9#\xe0\xe5\x97_\xf6\x1cq\
~\xb5\x9f\xcavN9\xe5\x94TvG_\x10\x80@\
D\x09\xa8\x0d\xaa\xb6\xa8\xab\xea;\xe9\x000k\xd8\x8a\
\x9aDko\x19\xe8\xd1\xda\x0f\xcd\xd5\xa7\xcc\xc8\xad\xc9\
\x94.\xbb\xcc\xed`\x8do\xbe\xf9F\xce:\xeb,\xb9\
\xfd\xf6\xdb\x9dM\xca\xb2n\xdd:\xcfh\xd2e\x01\x1a\
\x16\xeaj\xb9\xef\xbe\xfb\xbcm\x11]\x95\x1f\xb9\xfd%\
\xa0\x8e9M\xb6\xa9N\xae+\xae\xb8\xc2\x0bm\xbe\xe0\
\x82\x0b\xe4\xf1\xc7\x1f\x0f\xe5\xce\x11\xaa\xa3F=P \
\xe07\x01\xcde\xf3\xe0\x83\x0f\x8a\x1a\xd2\xaf\xbc\xf2\x8a\
\xaf\x09l\xfd\x965\xb7\xf6tg!\xd7'\x1ar\xd3\
\x8bs\x10\x80\x80u\x04J\xaa-\xaa6\xa9u\x92\xc5\
 \x90\x93\x0e\x003\xeb\xda\xdf\xe8\xd6*\x06\xfd\xa8b\
\x01\x81r\xe5\xca\xc9c\x8f=f\x81$\x89\x89\xa0Y\
\xfd\xff\xef\xff\xfeO\xbau\xeb\xe6\x85M&\xd6\x8a]\
wi\xf8\xa7\xea\xa3\xb3\xa8.\x16]\x1f\xae\x8e\x18\x0a\
\x04r#\xa0\x11.\xba\x13\x87&\xcc;\xe3\x8c3D\
\xc3\x82?\xfe\xf8cQGA\x18J\x91\x22E\xe4\xa1\
\x87\x1e\x0a\x83*\xe8`)\x01\x8d\xa2\xb9\xff\xfe\xfb\xbd\
\xef\x89\xc5\x8b\x17[*e\xeebi.\x00\x0a\x04 \
\x00\x81\x14\x10h\x95m\x93\xa6\xa0+\x7f\xbbp\xce\x01\
`\xb6C\xeah~\xc4\xfd\xc9_\x0c\xb4\x16$\x01\xcd\
J\xaf\xebv],\x9a%\xbdk\xd7\xae\xa1\xcc<\xaf\
F\x92\x1a\x11\xb7\xdcr\x8bl\xdf\xbe\xdd\xb9\xe1\xb9\xf8\
\xe2\x8b\xa5Z\xb5j\xce\xc9\x8d\xc0\xa9'\xa0\xbbch\
\x22L\x9d\xd5\xd4\xbc\x1d&\x81O\xea\x85\xf0\xb9\xc7\xa3\
\x8f>Z4\xca\x81\x02\x81 \x09h\xf6\xf7\x0e\x1d:\
x\xcb\x02\xfc\xdc\xce6H\x99O<\xf1\xc4 \x9b\xa7\
m\x08@\x00\x02{\x09\xa8M\xaa\xb6\xe9\xde\x13\x8e\xbc\
q\xca\x01`B\x1e+\x9a\xb5\xcc\xffr\x84-b\x1a\
\x02\xba'\xbd\x86\xcd\xbbX\xde}\xf7]Ov\x0d-\
\x0es\x199r\xa4\xb7\x8ez\xd9\xb2eN\xa9\xa9\xb3\
\xa0\xba- \x05\x02\xb1\x12\xd0m\xdd4\x9a\xe7\xb8\xe3\
\x8e\x93g\x9ey\xc6\xf9\x88\x80;\xee\xb8#\xd2\xbb\x22\
\xc4:\xee\xd4K\x8e\x80&\xbd\xd5e\x01O=\xf5T\
r\x0d\xa5\xe8\xee\x13N8\x81-ES\xc4\x9an \
\x00\x01\x11c\x9b\xbe\xa86\xaaK,\x9cr\x00\x98/\
!\xdd\xf2\xef\x10\x97\x00GYV\xddkX\x13\xff\xb9\
X\x9e|\xf2I\xb9\xf9\xe6\x9bC\x9dLl\xdfq\xf9\
\xf9\xe7\x9f\xbd\xc4z\x1a6\xedR\xd1e\x0c\xba\xd5!\
\x05\x02\xf1\x10\xd8\xb6m\x9b\x0c\x180@4\x8aD\xb7\
Js\xb5T\xacXQn\xbd\xf5VW\xc5Gn\xc7\
\x08<\xfd\xf4\xd3\xf2\xc5\x17_X/\xb5~'4k\
\xd6\xccz9\x11\x10\x02\x10\x08\x0d\x81j\xd96\xaa3\
\x0a9\xe3\x000[\xd3\x5cn\xc2\xcf\x88wt\xe6\xd1\
\x12\xe9\xdd\xbb\xb7h\xc6j\x97\x8a\x868\xea\xbaGW\
f:\xfcd\xab\x09\x02{\xf4\xe8!?\xfe\xf8\xa3\x9f\
\xcd\x06\xdaVVV\x96's\xa0\x9d\xd0xh\x09|\
\xff\xfd\xf7^x\xb3\xee\xec\xe1j\xd1\xfc\x06\x18;\xae\
\x8e\x9e[r\xeb\xf7\xe3\x9f\xfe\xf4'Y\xbe|\xb9\xf5\
\x82\x93\x07\xc0\xfa!B@\x08\x84\x8a\x80\xda\xa8j\xab\
\xba\xa2\x94\x13\x0e\x00\xb3\xcdB-\xb3^\xf9\xef\xae@\
EN\x91\x0a\x15*H\xdf\xbe}\x9dB\xa1\xc9\xfe\xf4\
\xc7\x8df>\x8ej\xd1\xc4O\x9aa<\xbf}\xd8m\
c\xa3\xf2\x16-\xead\x12V\xdbPFR\x1e}\xe6\
5\xa1\xa4\xe6\x08P'\x98k%##C\x1ex\xe0\
\x01\xd7\xc4F^G\x09\xfc\xfe\xfb\xefr\xddu\xd7\x89\
~_\xda\x5c\x1a5jd\xb3x\xc8\x06\x01\x08\x84\x90\
\x80\xda\xaaj\xb3\xba\xa0\x9a\x13\x0e\x00\x03T\xd7\xfd\x97\
u\x01(2\xfe\x97\xc0\x8d7\xde(%K\xba\xb3K\
\xa3Y\xbf#W_}\xb5\xbc\xff\xfe\xfb\x91\x1fBM\
\x90\xa6[6\xce\x9f?\xdf\x09\x16\x1a\x06\xad{\xc1S\
 \x90\x0c\x01\xdd%@\xb7\xc7\xd4<\x01\xae\x95#\x8f\
<R4) \x05\x02\xa9 \xa0QbC\x87\x0eM\
EW\x09\xf7\xa1;\xc5P \x00\x01\x08\xa4\x98@\xd9\
l\x9b5\xc5\xdd\xc6\xdf\x9d\xf5\x0e\x00\x13Nq\xb5\x09\
\xabh\x17\xbfj\xdc\x91.\x02\xb5k\xd7\xf6\xb6\xddJ\
W\xff\x89\xf4\xab3\x80\x9f\x7f\xfey\x22\xb7\x86\xf2\x9e\
\xb5k\xd7zN\x00W\x8c!]\xba@\x81@\xb2\x04\
4\xb4\xf9\x92K.\x11\xd7\x12b\xaa\xde\xea\xc0\xa4@\
 U\x044I\xae\xcdE\xa3\x10)\x10\x80\x00\x04R\
M@mV\xb5]S\xddo\xbc\xfdY\xed\x00h\xd0\
\xa0AM\xe3I\x19\x18\xafR\xd4O/\x81\xbf\xfc\xe5\
/\xa2\x19\xda])\x83\x06\x0d\x12\xdb\x7f\xcc\xa4\x83\xa5\
\x1aC\xba\xbe\xd8\x85\xb0\xe8\x86\x0d\x1bJ\x8d\x1a5\xd2\
\x81\x89>CF`\xe9\xd2\xa5r\xe9\xa5\x97\xca\xca\x95\
+\x9d\xd2\xac}\xfb\xf6b~t8%3\xc2\xbaK\
`\xc6\x8c\x192o\xde<k\x15 \x02\xc0\xda\xa1A\
0\x08\x84\x9e\x80\xda\xaej\xc3\xda\xac\xa8\xd5\x0e\x00\x13\
\x96\xfdO\x03\x8f\x14\xdf6?A\x07\xc8\xd6\xb2eK\
\xa7\xb6\xfd\x1b1b\x84hfcJ\xee\x04\x16-Z\
\xe4\xed\x86\xa0\xc9\x9fl/m\xda\xb4\xb1]D\xe4s\
\x84\x80>\xf7\xba\xc3\xc4\xea\xd5\xab\x1d\x91X\xa4P\xa1\
Bl\x8b\xe9\xcch\x85C\xd0\xf7\xde{\xcfZE\xca\
\x95+\xe7\xfdMX+ \x82A\x00\x02a&P&\
\xdb\x86\xb5VGk\x1d\x00u\xea\xd4\xe9i\x8c\x8e\x8e\
\xd6\x92C\xb0\x5c\x09\xdcy\xe7\x9d\xb9\x9e\xb7\xf1\xe4\xa4\
I\x93\xc4%y\xd3\xc5p\xe2\xc4\x892d\xc8\x90t\
u\x1fs\xbf\xa7\x9ezj\xccu\xa9\x08\x81\x82\x08,\
X\xb0\xc0\x8b\x04\xd0\xe50\xae\x94\xae]\xbbz\x09X\
]\x91\x179\xdd&`\xb3\x03\xa0p\xe1\xc2\xa2N\x00\
\x0a\x04 \x00\x81t\x10P\x1bVm\xd9t\xf4\x1dK\
\x9fV:\x00L\xd8D\xe5={\xf6<\x11\x8b\x02\xd4\
\xb1\x87\x80&\xa1:\xe6\x98c\xec\x11(\x1fI\xf4G\
\xbd&*4a:\xf9\xd4\xe2R\x0e\x81\x81\x03\x07\xca\
\x0f?\xfc\x90\xf3\xd1\xca\xd7\x13O<\xd1\xa9\xa5'V\
BD\xa8\xfd\x08\xcc\x9d;Wz\xf6\xec)\x9a$\xd4\
\x85R\xbcxq\xb9\xfcrgv!r\x01)2\xe6\
C@\x97\xcbL\x9d:5\x9f\x1a\xe9\xbdD\x1e\x80\xf4\
\xf2\xa7w\x08D\x9d\x80\xda\xb2j\xd3\xda\xc8\xc1J\x07\
\x80\xf9\xb1\xa5\xc6?\x19\x5cl|b\xf2\x91\xc9\xa5D\
l\x9a\xf4\xcf\x85\xb5\xed\xf9\xe0N\xe9%u\x94\xf4\xeb\
\xd7Ot\x87\x00[KVV\x963\x0e([\x19\x22\
\xd7\xc1\x04t\xad\xb3:\xc0\x5c)\xea\x00`[LW\
F\xcb}9\xc9\x03\xe0\xfe\x18\xa2\x01\x04 \x10\x18\x81\
\x0a\xd96m`\x1d$\xda\xb0u\x0e\x00\xb3\x7fb;\
\x136qY\xa2\x0aq_z\x08T\xa9RE:t\
\xe8\x90\x9e\xce\xe3\xec\xf5\xad\xb7\xde\x92\x09\x13&\xc4y\
\x17\xd55)\xa0&x\xb4\xb9\xb0\x0c\xc0\xe6\xd1qW\
\xb6\xe7\x9f\x7f^\xfe\xfd\xef\x7f;\xa1\x80n\x8b\xa9K\
\x01(\x10H\x05\x81U\xabV\xa5\xa2\x9b\x84\xfa\xd0\x88\
\x18\x0a\x04 \x00\x81t\x12P\x9bVm\xdbt\xca\x90\
[\xdfV9\x00\xccZ\x89\xe2\xbbv\xedz67A\
9g7\x01\xcd\x9a\xedB\xe6\x7fM\xee\xf5\xf0\xc3\x0f\
\xdb\x0d\xd3b\xe9\xc6\x8f\x1f/\xaf\xbe\xfa\xaa\xb5\x12\x92\
\x05\xdd\xda\xa1qZ0\xf3\x05.\xb7\xdcr\x8bl\xdc\
\xb8\xd1\x09=z\xf7\xee\xed\x84\x9c\x08\xe9>\x01\x9b\x13\
en\xda\xb4\xc9}\xc0h\x00\x01\x088O@m[\
\xb5qmR\xc4*\x07\x80\xf9\x91u\x97\x81s\x98M\
\x80\x90\xa5`\x02j\xf8\xebvq\xb6\x17\xfd\x11\x7f\xf3\
\xcd7\xcb\x96-[l\x17\xd5j\xf9\x06\x0c\x18 \xb6\
&F\xd3H\x14\x0a\x04\x82 \xa0\x110w\xdf}w\
\x10M\xfb\xde\xa6\x99m\x10\xdd\x91\x85\x02\x81\xa0\x09\xd8\
\x1c\x01`\xf3\x92\xb5\xa0\xc7\x85\xf6!\x00\x01\xab\x08\x1c\
\x96m\xe3Z#\x945\x0e\x00\xf3\x83E\xe1\xdcn\x0d\
\x19\x04\x89\x99@\xa7N\x9d\xc4\x85=w5c\xb1\xed\
\x89\xecb\x86\x9e\xc6\x8a:\xab\xf2\xd8c\x8f\xa5Q\x82\
\xbc\xbb\xc6\x01\x907\x1b\xae$O`\xf4\xe8\xd12r\
\xe4\xc8\xe4\x1bJA\x0b\xae,\xc9J\x01\x0a\xba\x08\x90\
\x80\xcd\x0e\x00W\x22v\x02\x1c\x1e\x9a\x86\x00\x04,!\
\xa06\xae\xda\xba\x96\x88#\xd68\x00L\x92\xb1'\x0d\
\x94\xa2\xb6\x80A\x8e\xd8\x09h\x96l\xdb\xcb\x8e\x1d;\
\x9cJ\xe4e;\xcf\xe1\xc3\x87\xcbO?\xfdd\x9d\x98\
\x95+[\x99l\xd5:N\x08\x948\x81\xfb\xee\xbbO\
\x96-[\x96x\x03)\xba\x13\x07@\x8a@G\xbc\x1b\
\x9b\x97\x00\x10\x01\x10\xf1\x87\x13\xf5!`\x17\x81\xa2\xd9\
\xb6\xae\x15RY\xe1\x000\xebv\xcf6\x9e\x91NV\
\x10A\x88\xb8\x084m\xdaT\x8e<\xf2\xc8\xb8\xeeI\
G\xe5\x97_~\xd9\x89\x1f\xed\xe9`\x93h\x9f\xf7\xdf\
\x7f\xbf\x98\xbf\xdbDo\x0f\xe4>]\x8e\xc2\xd6O\x81\
\xa0\xa5\xd1l\x02\x9b7o\xb66\x02f\xdfA\xaa]\
\xbb\xb64n\xdcx\xdfS\xbc\x87\x80\xef\x04\xd6\xaf_\
\xef{\x9b~4\xa8N\x7f=(\x10\x80\x00\x04l!\
\xa0\xb6\xae\x89\x02\xe8l\x83<iw\x00\x98\xfd\x11\x8b\
\x19\x8f\xc8 \x1b` C\xfc\x04\x5c\xd8\xfaO\x7f\xa0\
\x0c\x1e<8~\xe5\xb8#_\x02\x1a\x01\xa0\x91\x00\xb6\
\x15\x96\x01\xd86\x22\xe1\x93g\xd4\xa8Q2s\xe6L\
\xeb\x15#\x0a\xc0\xfa!r^\xc0\x92%KZ\xa9\x03\
\xb3\xffV\x0e\x0bBA \xf2\x04LB\xc0'\xd5\xf6\
M7\x88\xb4;\x00\x8c\xf1\x7f\xab\x81P?\xdd \xe8\
?~\x02:\xdb\xaa\xeb\xffm/j\xfc\xb3\x160\x98\
Q\xd2\x5c\x00\xb0\x0d\x86-\xad\xdaM\xa0\x7f\xff\xfev\
\x0bh\xa4\xeb\xd8\xb1\xa3\xf52\x22\xa0\xdb\x04\xca\x94)\
c\xa5\x02+V\xac\xb0R.\x84\x82\x00\x04\x22O\xa0\
~\xb6\xed\x9bV\x10iu\x004j\xd4\xa8\xba\x81\xa0\
\x99\xff)\x0e\x128\xf1\xc4\x13\xa5T\xa9RVK\xae\
\xb3\xff6o[g5\xbc\x18\x84[\xb7n\x9d<\xf9\
\xa4\xa6\xef\xb0\xa7\xd8\xbc&\xd5\x1eJH\x92,\x81\x89\
\x13'\xca\xf7\xdf\x7f\x9fl3\x81\xde\xdf\xb0aCa\
k\xcc@\x11G\xbe\xf1\xb2e\xcbZ\xc9`\xda\xb4i\
V\xca\x85P\x10\x80\x00\x04\x8c\xed{\xa7\xda\xc0\xe9$\
\x91V\x07\xc0\xf6\xed\xdb\x1f1\xcag\xa5\x13\x00}'\
N\xa0}\xfb\xf6\x89\xdf\x9c\xa2;\xdfz\xeb-1\xcf\
Y\x8az\x8bf7\xaf\xbc\xf2\x8a,X\xb0\xc0\x0a\xe5\
\xcd?UQ\xa7\x04\x05\x02\xa9 \xa0\xb9El/D\
\x01\xd8>Bn\xcbw\xd8a\xd6$\xb5\xde\x0f$\x0e\
\x80\xfdp\xf0\x01\x02\x10\xb0\x8b@\xc9l\x1b8mR\
\xa5\xcd\x01`f&Z\xec\xd9\xb3\xc7\xfe\xf4\xf1i\x1b\
\x1a\xfb;>\xe3\x8c3\xac\x16R\x8dAf\xff\x83\x1f\
\x22\xe5\xfc\xe8\xa3\x8f\x06\xdfQ\x0c=,Z\xb4\xc8\xba\
\xc4\x841\x88M\x15G\x09|\xf8\xe1\x87b\xf36h\
\x8a\xf5\xcc3\xcft\x94.b\xbb@\xa0I\x93&V\
\x8ai\xe3.5V\x82B(\x08@ -\x04\xd4\x06\
V[8-\x9d\x9bN\xd3\xe6\x000\x9e\x8f\xc7\xd3\xd9\
\x7f\xba\x80\x87\xa5\xdf\x96-[\x8a\xed\xc9\xd6&L\x98\
@\xe6\xff\x14=p\x1f\x7f\xfc\xb1L\x9e<9E\xbd\
\xe5\xdd\xcd\xe7\x9f\x7f\x9e\xf7E\xae@\xc0g\x02\xea\xfc\
z\xf3\xcd7}n\xd5\xdf\xe6\x9a7o.\xd5\xab\xa7\
5\xd2\xd0_\x85h\xcd*\x02G\x1cq\x84U\xf2\xa8\
0[\xb6l\x919s\xe6X'\x17\x02A\x00\x02\x10\
\xd8\x87@F\xb6-\xbc\xcf\xa9\xd4\xbdM\x8b\x03\xc0l\
\x81p\x96\xd9\x0a\xa1]\xea\xd4\xa4'\xbf\x09\x9c~\xfa\
\xe9~7\xe9{{C\x87\x0e\xf5\xbdM\x1a\xcc\x9b\xc0\
\x03\x0f< j\x10\xa5\xb3\xe0\x00H'\xfdh\xf6\xad\
\x0e\x80t?\xf7\x05\x91?\xe5\x94S\x0a\xaa\xc2u\x08\
\xc4M\xa0b\xc5\x8abc\x04\xc0\x8c\x193\xc4\xcc\xae\
\xc5\xad\x0f7@\x00\x02\x10H%\x01\xb5\x85\xd5&N\
e\x9f9}\xa5\xc3\x01\x90a\xb6@x,G\x00^\
\xdd$`{\xf8\xff\xdc\xb9s\xe5\xeb\xaf\xbfv\x13\xae\
\xa3R\xeb\xb6h/\xbc\xf0B\xda\xa4\xd7P\xeco\xbe\
\xf9&m\xfd\xd3q4\x09\xac\x5c\xb9R\xbe\xfb\xee;\
\xab\x95o\xd1\x22mQ\x86VsA\xb8\xe4\x08\xe8.\
@\x85\x0b\x17N\xae\x91\x00\xee\xfe\xf1\xc7\x1f\x03h\x95\
&!\x00\x01\x08\xf8O \xdb&N\xb9=\x9e\xf2\x0e\
\xeb\xd4\xa9s\xb9\xc1g\xe7\xa21\xff\xc75\x94-j\
Vi\xb3\x87\xa5\xd5\xba\xe9>\xdd\x94\xd4\x13\xd0\x1d\x01\
\x96,Y\x92\xfa\x8eM\x8f\xff\xf8\xc7?d\xe7\xce\x9d\
i\xe9\x9bN\xa3M@\x97\xc0\xd8\x5cp\x00\xd8<:\
\xee\xcav\xf6\xd9g[)\xfc\xb8q\xe3\xac\x94\x0b\xa1\
 \x00\x01\x08\xe4B\xa0I\xb6m\x9c\xcb\xa5\xe0N\xa5\
\xd4\x01\xd0\xb4i\xd3\xa2&,\xeb\x81\xe0\xd4\xa1\xe5T\
\x10\xb0}\xf6_\x19hr.J\xea\x09l\xdb\xb6M\
\xee\xbc\xf3\xce\x94'\xe2\xfb\xed\xb7\xdf\xac_\x8b\x9d\xfa\
\xd1\xa0\xc7T\x11\xf8\xe8\xa3\x8fR\xd5UB\xfd\xe8v\
\x80%J\x94H\xe8^n\x82@n\x04t\xed\xff\xd1\
G\x1f\x9d\xdb\xa5\xb4\x9e\x9b?\x7f\xbeL\x9d:5\xad\
2\xd09\x04 \x00\x81x\x08\xa8m\xac6r<\xf7\
$[7\xa5\x0e\x00\x93\x98\xe5\x1a#p\x9dd\x85\xe6\
\xfe\xf4\x12h\xdb\xb6mz\x05(\xa0w\xfd\x01\xa0K\
\x00(\xe9!0i\xd2$\x192dH\xca:7k\
\xa8\xe4\xbe\xfb\xee\x13\x13F\x95\xb2>\xe9\x08\x02\xfb\x12\
X\xb6l\x99L\x9f>}\xdfSV\xbd\xd70\xedf\
\xcd\x9aY%\x13\xc2\xb8M\xe0\xcf\x7f\xfe\xb3\x95\x0a\xbc\
\xf3\xce;V\xca\x85P\x10\x80\x00\x04\xf2!P'\xdb\
F\xce\xa7\x8a\xbf\x97R\xe6\x000\x99\x88K\x9aDI\
w\xfb+>\xad\xa5\x9a@FF\x86hVi\x9b\x0b\
\xe1\x7f\xe9\x1f\x9d\x81\x03\x07\xca\x0f?\xfc\x90\x12A\x06\
\x0f\x1e,\x9f~\xfaiJ\xfa\xa2\x13\x08\xe4E\xe0\x93\
O>\xc9\xeb\x92\x15\xe7u\xe7\x16\x0a\x04\xfc \xa0\xcf\
\xd2i\xa7\x9d\xe6GS\xbe\xb6\xa1\x89\xffp\x00\xf8\x8a\
\x94\xc6 \x00\x81\x14\x11P\x1bYm\xe5\x14u\x97\xba\
m\x007l\xd8p\x93Q\xaaj\xaa\x14\xa3\x9f`\x08\
\xb8\x10Jj{8n0#cW\xab\x9a\x15\xbd_\
\xbf~\xa2\x09\xd2\x82,_~\xf9\xa5<\xf1\xc4\x13A\
vA\xdb\x10\x88\x89\x80\xed\x09(\xc9\x03\x10\xd30R\
\xa9\x00\x02\x1aM\xf2\xc8#\x8f\x14P+=\x97\xbf\xfa\
\xea\xab\xc0\xbfs\xd2\xa3\x19\xbdB\x00\x02\x11 P5\
\xdbVN\x89\xaa)\x89\x000\xeb\x1aJ\x990\xdd\x9b\
S\xa2\x11\x9d\x04J\xc0\xf6\xd9\x7f\x0d\xc5\xfd\xf9\xe7\x9f\
\x03e@\xe3\xb1\x11X\xbe|\xb9\x5c~\xf9\xe5b\xfe\
\xa1\xc5vC\x9c\xb5&L\x98 }\xfa\xf4Iy\xbe\
\x818\xc5\xa4zD\x08h\xe6q\x9b\x97\xa1\x10\x01\x10\
\x91\x071`5\xfb\xf6\xed+\xe67]\xc0\xbd$\xd6\
\xfc\x88\x11#\x12\xbb\x91\xbb \x00\x01\x08X@@m\
e\xb5\x99S!JJ\x1c\x00\x9b7o\xbe\xc1(S\
1\x15\x0a\xd1G\xb0\x04l\x9fE\x9a8qb\xb0\x00\
h=.\x02s\xe6\xcc\x91\x1e=z\xc8\x8a\x15+\xe2\
\xba\xaf\xa0\xca\xc3\x87\x0f\x97k\xae\xb9F4\xe9 \x05\
\x026\x10\xd8\xbe}\xbb\xd5\xce\xc7\xea\xd5\xabK\xa5J\
\x95l@\x85\x0c\x8e\x12\xa8_\xbf\xbe\xdcx\xe3\x8dV\
J?k\xd6,\x19;v\xac\x95\xb2!\x14\x04 \x00\
\x81\x18\x09T\xcc\xb6\x99c\xac\x9ex\xb5\xc0\x1d\x00\xea\
\xc90\xeb\xb2\x98\xfdO|\x8c\xac\xba\xd3v\x07\xc0\xf7\
\xdf\x7fo\x15/\x84\x11\x996m\x9a\xe8~\xd1~\xac\
\xd3_\xb5j\x95\xdcr\xcb-r\xfb\xed\xb7\x8b.3\
\xa0@\xc0&\x02\xdf}\xf7\x9dM\xe2\x1c$K\xabV\
\xad\x0e:\xc7\x09\x08\xc4B ++Kt\x9b\xd7\xa2\
ES\x9a\xa8:\x16\xd1\xbc:\x0f?\xfc\xb0h\x0e\x00\
\x0a\x04 \x00\x01\x97\x09\xa8\xcd\x9c\x8a(\x80\xc0\x1d\x00\
\xc6\x93q\xbd\x19\x08\xa6\x1d\x5c~\x1a\xb3e/V\xac\
\x984j\xd4\xc8jMp\x00\xd89<\xbf\xff\xfe\xbb\
\xf4\xea\xd5K.\xb9\xe4\x12\xd1\x1c\x0d\xf1\x1a\xefk\xd7\
\xae\x95g\x9eyFt\x07\x8a\x91#G\xda\xa9$R\
E\x9e\xc0\x94)S\xacf`\xfb\x12.\xab\xe1EX\
8\xfd\xee\x7f\xf1\xc5\x17E\xb7\xfe\xb3\xb1\x8c\x1f?^\
\xbe\xfe\xfak\x1bEC&\x08@\x00\x02\xf1\x12\xa8\x94\
m;\xc7{_\x5c\xf5\x8b\xc4U;\xce\xca\x9a\xcdp\
\xfd\xfa\xf5\xb7\xc6y\x1b\xd5-%\xd0\xa4I\x13)R\
$\xd0G&)\xcdW\xaf^-\x8b\x17/N\xaa\x0d\
n\x0e\x96\xc0\xb7\xdf~+zT\xacXQZ\xb7n\
-\xba.Y\xb7'\xd3\xcfe\xca\x94\x91\xb2e\xcbz\
\xeb\xa85y\xa0\xce\xf6\xebv\x8e\xea0\xd0\x99Uf\
w\x82\x1d\x1bZO\x9e\xc0\xcc\x993\x93o$\xc0\x16\
\x0e?\xfc\xf0\x00[\xa7\xe90\x12\xd0\xef\xfc\xe7\x9e{\
N\x8e;\xee8+\xd5\xdb\xb9s\xa7\xfc\xedo\x7f\xb3\
R6\x84\x82\x00\x04 \x90\x08\x01\xf3{\xf7VcC\
\xff\xc3D\xd0nN\xe4\xfeX\xee\x09\xd4\x9a\xdb\xb8q\
co#\x04\xb3\xff\xb1\x8c\x84\x03ulO\x22\xc5\xec\
\xbf\x03\x0fQ\xb6\x88:\xa3\xff\xf1\xc7\x1f{\x87;R\
#)\x04\xf2'\xb0d\xc9\x12\xd9\xbau\xab\x94(Q\
\x22\xff\x8ai\xbaZ\xa3F\x8d4\xf5L\xb7.\x12\xa8\
P\xa1\x82\xb7\xcb\xca\xa9\xa7\x9ej\xad\xf8/\xbf\xfc\xb2\
,\x5c\xb8\xd0Z\xf9\x10\x0c\x02\x10\x80@\x02\x04*e\
\xdb\xd0O%poL\xb7\x04\xb6\x04\xc0\xcc\xeee\x9a\
0_\xd6\xfe\xc74\x0cnT\xb2=|\xd4\xf6\xf0[\
7F\x19)!\x00\x81d\x08h\xe2K[\x0b\x0e\x00\
[G\xc6>\xb9\xda\xb4i\xe3E_\xd9l\xfc\xab\xc3\
\xed\xe9\xa7\x9f\xb6\x0f\x1e\x12A\x00\x02\x10H\x92\x80\xda\
\xd0jK'\xd9L\x9e\xb7\x07\xe6\x00X\xb7n]\xb7\
B\x85\x0a\xd5\xca\xb3g.8G@C\xb5m.D\
\x00\xd8<:\xc8\x06\x81h\x10\x98={\xb6\xb5\x8a\x96\
.]ZJ\x95J\xc9\x0eC\xd62@\xb0\xfc\x09\xe8\
\xac\xff\x83\x0f>(/\xbd\xf4\x92\xd5\xbbFl\xd9\xb2\
\xc5\xdb\x06\xf6\x8f?\xfe\xc8_!\xaeB\x00\x02\x10p\
\x90\x80\xda\xd0jK\x07%zPK\x00\x0a\x19\xcf\xc5\
mA\x09M\xbb\xe9!p\xe8\xa1\x87\xa6\xa7\xe3\x18z\
5{g\xca\xaf\xbf\xfe\x1aCM\xaa@\x00\x02\x10\x08\
\x8e\x80\xcd\x11\x00\xaa\xb5F\x01\xf0\xbf2\xb8\xf1w\xb5\
\xe5\xbau\xebJ\xef\xde\xbd\xa5k\xd7\xae\xa2I\xffl\
/\xb7\xddv\x9b\xe8\xd6\x7f\x14\x08@\x00\x02a%\x90\
mK\xbfj\xf4\xfb\x8f\xdf:\x06\xe2\x000_$\x9d\
\x8d\xd0M\xfd\x16\x96\xf6\xd2G@\x93\xb4\xd9\xba\xfd\x8f\
RY\xb6l\x19{\xc2\xa7\xef\xf1\xa0g\x08@ \x9b\
\xc0\x82\x05\x0b\xacfQ\xbdzu\x1c\x00V\x8fP\xea\
\x84\xabU\xab\x96\x9cr\xca)\xd2\xae];\xd1P\x7f\
3\xe3\x94\xba\xce\x93\xe8Iw\x84\x193fL\x12-\
p+\x04 \x00\x01'\x084U\x9b\xda\xfc\xae\xf8\xc0\
oi\x03q\x00\x18\xe3\x9f\xcc\xff~\x8fT\x9a\xdb\xb3\
}\xed\xe8\xbcy\xf3\xd2L\x88\xee!\x00\x01\x08\xfc\xd7\
\x19i3\x87\x9a5k\xda,\x1e\xb2\x05D ++\
K\x1a4h \x87\x1dv\x98\xb4h\xd1\xc23\xfck\
\xd7\xae\x1dPo\xc15\xfb\xf9\xe7\x9f\xcb\xc0\x81\x03\x83\
\xeb\x80\x96\x0f\x22\xd0\xb7o_9\xff\xfc\xf3\x0f:\xcf\
\x89\xd8\x09h\x94\xea\xa6M\x9bD\x97\xac\xe8\xab\xd9!\
\xcd\x8b`\xd1h,c3\xc5\xde\x105#G \xdb\
\xa6\xb6\xdf\x01`\xbe`Z\xed\xd8\xb1\xe3\x94\xc8\x8dP\
\xc8\x15\xd6Y#\x9b\x0b\x0e\x00\x9bG\x07\xd9 \x10\x1d\
\x02\xcb\x97/\xb7Z\xd9j\xd5\xaaY-\x1f\xc2\xc5N\
\xa0p\xe1\xc2^\xb8\xbeF\xe7\xe9\x16\xaa\x1a\xa9W\xa9\
R%\xefU\xdf\xebQ\xa7N\x1d\xcf\xe8\xd7\xefpW\
f\xf8\xf3\x220c\xc6\x0c\xb9\xf1\xc6\x1bE\x8d)J\
\xea\x08hBHJ0\x04\xb6o\xdf.\xbf\xfc\xf2\x8b\
|\xf5\xd5W2l\xd80\xf9\xed\xb7\xdf\x82\xe9\x88V\
]&p\x8a\xda\xd6f[\xec\xa9~*\xe1{\x04\x80\
1\xfe\xff\xe4\xa7\x80\xb4e\x07\x01\xdbg\x8dl\x0f\xbb\
\xb5c\x14\x91\x02\x02\x10\x08\x9a\x80I\xda#\xe6{\xd0\
\xda%S\xb6;s\x83\x1e\x9fX\xdbW\xe3\xfa\xbb\xef\
\xbe\x8b\xb5zJ\xea\xa9Lj\xecgffz\x87\xeb\
\x06}<\xd0\xbe\xf9\xe6\x1b/G\xc1\xe6\xcd\x81m\x8b\
\x1d\x8f8\xd4\x85\x80/\x044\xdfF\xabV\xad\xbc\xe3\
\xfa\xeb\xaf\x17\x8dpy\xee\xb9\xe7\xac\xfb\xdf\xe3\x8b\xb2\
4\x920\x81l\xdb\xbag\xc2\x0d\xe4r\xa3\xaf\x0e\x00\
\xb3N\xa1\xaa\x09U\xb8$\x97~8\xe58\x01\xdbg\
\x8d\x8cg\xccq\xc2\x88\x0f\x01\x08\x84\x85\x80F\x01\xd8\
\x1a^m\xbb3\xd7\xa6g@g\xd3)\xe9'\xf0\xd1\
G\x1fy3\xff\xeaX\xa3@ \xac\x04222\xe4\
\xb4\xd3N\x93\xb6m\xdb\xca\xf3\xcf?/\x03\x06\x0c\x90\
]\xbbv\x85U]\xf4\x8a\x8f\xc0%\xc6\xc6\xbe\xcdL\
v\xae\x8c\xef\xb6\xbck\xfb\xba\x0d\xa0\x09\xcb\xba\xcet\
U4\xef\xee\xb8\xe2*\x01\xdbs\x00\xcc\x9f?\xdfU\
\xb4\xc8\x0d\x01\x08\x84\x8c\x80\xcd\xcb\x00\x88\x00\x08\xd9\xc3\
\x16ru\x86\x0f\x1f.\xd7]w\x9d\x17U\x13rU\
Q\x0f\x02\x1e\x01\x8d\xec\xe9\xd3\xa7\x8f\xbc\xf7\xde{R\
\xbe|y\xa8@@\x09\x14\xcd\xb6\xb1}\xa3\xe1\x9b\x03\
\xa0i\xd3\xa6E\xf7\xec\xd9\xd3\xd77\xc9h\xc8*\x02\
6\xffhT\x0f\xe9\xca\x95\xbe9\xc5\xac\xe2\x8e0\x10\
\x80\x80{\x04V\xadZe\xad\xd0U\xabV\x15\x0d%\
\xa7@\xc0v\x02\x1a\x0a}\xfb\xed\xb7\x8b\xf9mi\xbb\
\xa8\xc8\x07\x01\xdf\x09\x18\xbbJ^|\xf1E)^\xbc\
\xb8\xefm\xd3\xa0{\x04\xd4\xc6V[\xdb/\xc9}s\
\x00\x98uY]\x8dPU\xfc\x12\x8cv\xec\x22`s\
\x04\xc0\xda\xb5k\xed\x82\x854\x10\x80@\xa4\x09l\xdc\
\xb8\xd1Z\xfd5\xcc\xb4\x5c\xb9r\xd6\xca\x87`\x10\xd8\
\xb0a\x83\xdcp\xc3\x0d\xd2\xbf\x7f\x7f`@ \xd2\x04\
4?\xc0\xa0A\x83\x22\xcd\x00\xe5\xf7\x12\xa8\x92mk\
\xef=\x91\xcc\x1b\xdf\x1c\x00\xcc\xfe'3\x0cv\xdf\xab\
\xde\xc7\x0a\x15*X+$\x0e\x00k\x87\x06\xc1 \x10\
I\x026;\x00t@J\x94(\x11\xc9qAi\xfb\
\x09|\xf9\xe5\x97r\xe6\x99g\xca\xe8\xd1\xa3\xed\x17\x16\
\x09!\x90\x02\x02\x1d:t\x90SO=5\x05=\xd1\
\x85\xed\x04\xfc\xb4\xb5}q\x00\x98\xed\x09\x9a\x18hl\
\xfdg\xfb\x93\x93\xa0|\x95+WN\xf0\xce\xd4\xdc\xb6\
z\xf5\xea\xd4tD/\x10\x80\x00\x04b \xa0\xfb<\
\xdb\x5c\x08)\xb5yt\xa2)\xdb\xb6m\xdb\xe4\xfe\xfb\
\xef\x97\x1e=z\xb0\xa4/\x9a\x8f\x00Z\xe7C\xe0\xce\
;\xef\x14\x8d\xde\xa2D\x9e\x80n\x09\xa86w\xd2\xc5\
\x97\xa7i\xe7\xce\x9d\xac\xfdOz(\xecm\xc0\xf6\xd9\
\x22\x22\x00\xec}v\x90\x0c\x02Q$`{\x04\x00\x0e\
\x80(>\x95\xf6\xea<m\xda49\xeb\xac\xb3\xe4\x95\
W^\xb1WH$\x83@\x1a\x094j\xd4HN:\
\xe9\xa44J@\xd7\xb6\x10\xf0\xcb\xe6N\xda\x01\xd0\xba\
u\xeb,\x93\x99\xb0\x87-`\x90\xc3\x7f\x028\x00\xfc\
gJ\x8b\x10\x80@x\x09\xd8\xee\x00\xb0\xfd\x7fzx\
\x9f\x0c4\xdb\x97\x80&\xcb\xbc\xe7\x9e{\xe4\xfc\xf3\xcf\
\x17v\xf2\xd9\x97\x0c\xef!p0\x01\xdd\x22\x90\x02\x01\
\xb5\xb9\xd5\xf6N\x96D\xd2\x0e\x003\xfbz\xa1\x11\xa2\
l\xb2\x82p\xbf\xbd\x04l\x9f-\x22\x02\xc0\xdeg\x07\
\xc9 \x10E\x02,\x01\x88\xe2\xa8\xa3s\xac\x04\xd4A\
\xf6\xd8c\x8fy\xeb\x9a_\x7f\xfdu\xd9\xbd{w\xac\
\xb7R\x0f\x02\x91%\x80\x03 \xb2C\x7f\xa0\xe2e\xb3\
m\xef\x03\xcf\xc7\xf5\xb9H\x5c\xb5s\xa9l\x12\x12\x5c\
\x95\xcbiN\x85\x88\x00\x0e\x80\x10\x0d&\xaa@\x00\x02\
\x81\x13\xd0\xf5\xcc6\x17\x22\x00l\x1e\x9d\xf0\xca\xb6u\
\xebVy\xe9\xa5\x97d\xc8\x90!b{\x94LxG\
\x01\xcd\x5c%p\xe8\xa1\x87J\xb1b\xc5d\xfb\xf6\xed\
\xae\xaa\x80\xdc>\x110Q\x00W\x9a\xa6\x86&\xd3\x5c\
R\x11\x00&\x11A}\xd3\xf9\xc9\xc9\x08\xc0\xbd\xf6\x13\
\xb0\xdd\x01\xb0e\xcb\x16\xfb!\x22!\x04 \x10\x19\x02\
\xbbv\xed\xb2ZW\xdb\xff\xa7[\x0d\x0f\xe1\x12\x220\
u\xeaTi\xd3\xa6\x8d\x0c\x180\x00\xe3?!\x82\xdc\
\x04\x01\x91\x8a\x15+\x82\x01\x02b\x1c\x00\x9a\x0cPm\
\xf0\x84KR\x0e\x00\x93\x88\xe0\x0a\xd3s\xa1\x84{\xe7\
F'\x08\xd8>[\xb4c\xc7\x0e'8\x22$\x04 \
\x10\x0d\x028\x00\xa21\xceh\x19;\x01\xdd\xcf\xfc\xcd\
7\xdf\x94k\xaf\xbdV\xaaT\xa9\x12\xfb\x8d\xd4\x84\x00\
\x04\xf6\x12\xb0}W\xae\xbd\x82\xf2&h\x02\x85\xb2m\
\xf0\x84\xfbI\xc6\x01\x90a<\x10=\x13\xee\x99\x1b\x9d\
!`\xfbl\x11\x0e\x00g\x1e%\x04\x85@$\x08\x98\
/f\xab\xf5\xb4\xfd\x7f\xba\xd5\xf0\x10.a\x02\xf5\xea\
\xd5\x93\xdbn\xbbM\xbe\xfe\xfako)@\xc7\x8e\x1d\
\xa5H\x91\xa4W\xa2&,\x0f7B\xc05\x02\x85\x0a\
1\xe7\xea\xda\x98\x05%o\xb6\x0d\x9e\xb0\x1d\x9f\xf0\x8d\
u\xeb\xd6mg\x94:4(\xc5h\xd7\x1e\x02\xb6G\
\x00\xb0\x1e\xca\x9eg\x05I \x00\x01\x11\xdb#\x00l\
\xff\x9f\xce3\x14n\x02\x85\x0b\x17\xf6\x96\x03<\xf3\xcc\
32y\xf2d\xb9\xff\xfe\xfb\xa5I\x13_\xb6\xb6\x0e\
78\xb4\x8b<\x81\xd5\xabWG\x9e\x01\x00\xf6\x128\
4\xdb\x16\xdf{\x22\x9e7\x09;\x00\x8c\xe7\xa1{<\
\x1dQ\xd7]\x02\xb6\xcf\x16\x11\x01\xe0\xee\xb3\x85\xe4\x10\
\x08#\x01\xdb\x1d\x00\xb6\xffO\x0f\xe33\x81N\xb9\x13\
(_\xbe\xbc\x5cq\xc5\x152f\xcc\x18\x191b\x84\
\x1cs\xcc1\xb9W\xe4,\x04  \xecz\xc5C\xb0\
/\x81dl\xf1\x84\x1c\x00u\xea\xd4)n\xb2\xff\x9f\
\xb7\xaf\x10\xbc\x0f/\x01\xdb\x7f,\xe2\x00\x08\xef\xb3\x87\
f\x10p\x91\x80\xed\xdb\x9ai&i\x0a\x04l#p\
\xd4QG\xc9\xb0a\xc3\xbc\xe5\x01\x87\x1f~\xb8m\xe2\
!\x0f\x04\xd2J`\xd9\xb2eb\xfb\x0e3i\x05\x14\
\xc1\xce\xd5\x16W\x9b<\x11\xd5\x13r\x00\x985(\x9d\
Mge\x12\xe9\x90{\xdc#`\xfb\x8fE\x1c\x00\xee\
=SH\x0c\x810\x13\xc8\xcc\xcc\xb4Z=\xdb#\x14\
\xac\x86\x87p\x81\x13\xd0\xdd\x024\x22\xe0\xc9'\x9f\x94\
Z\xb5j\x05\xde\x1f\x1d@\xc0\x05\x02\x9f\x7f\xfe\xb9\x0b\
b\x22cj\x09\x94\xc9\xb6\xc9\xe3\xee5!\x07\x80\xf1\
8\x5c\x1awO\xdc\xe0,\x01\xdb\xd7\xd8\xe3\x00p\xf6\
\xd1Bp\x08\x84\x92\x80\xedNS\xdd\x8f\x9d\x02\x01\x9b\
\x09h\xb2\xb3.]\xba\xc8\x84\x09\x13\xe4\xa1\x87\x1e\x12\
\xb2\x9f\xdb<Z\xc8\x96\x0a\x028\x00RA\xd9\xbd>\
\x12\xb5\xc9\xe3v\x00\xb4l\xd9\xb2\x9cYs\xd0\xc9=\
DH\x9c(\x81-[\xb6$zkJ\xee\xcb\xc8\x88\
\xfb1N\x89\x5ct\x02\x01\x08D\x93\x80\xed\x0e\x80\xcd\
\x9b7Gs`\xd0\xda9\x02\xbaK\xc0\xe5\x97_.\
\x13'N\xf4^\x9dS\x00\x81!\xe0\x03\x81\xa5K\x97\
\xcag\x9f}\xe6CK4\x116\x02j\x93\xabm\x1e\
\xaf^q[N\x9b6m:\xd7t\xc2\x02\xc2xI\
;\x5c\xdf\xf6\x1f\x8b\xb6\xff\xd8vx\xe8\x11\x1d\x02\x10\
H\x80\x80\xed\xff\x93\x88\x00H`P\xb9%\xad\x04t\
\xe7\x0a\x8d\x04x\xee\xb9\xe7\xa4L\x19V\xa0\xa6u0\
\xe8<\xe5\x04\x1e\x7f\xfcq\xebw\x97I9\x14:\xcc\
!P\xcc\xd8\xe6]r>\xc4\xfa\x1a\xb7\x03\xc0\xac\x1d\
\xec\x1ak\xe3\xd4\x0b\x07\x01\xdb\x1d\x00li\x15\x8e\xe7\
\x0c- \x10\x16\x02\xb6;\x00l\xff\x9f\x1e\x96\xe7\x00\
=\xfc'p\xe6\x99g\xca\xd8\xb1c\xa5U\xabV\xfe\
7N\x8b\x10\xb0\x90\xc0\xd4\xa9Se\xd4\xa8Q\x16J\
\x86H\xb6\x100\xb6\xf9\x05\xf1\xca\x12\x97\x03\xa0Q\xa3\
F\xa5M\xa8\xc1\xe9\xf1vB}\xb7\x09\xd8\xfec\xd1\
\xf6]\x0a\xdc\x1e}\xa4\x87\x00\x04\xe2%`\xbb\x03\xc0\
\xf6e]\xf1\xf2\xa6~\xb4\x08\xd4\xa8QC\x86\x0f\x1f\
.\xd7^{m\xb4\x14G\xdb\xc8\x11\xd0\xcc\xff\xd7\x5c\
s\x8d\x18\xdb+r\xba\xa3p\xec\x04\xd46W\x1b=\
\xf6;D\xe2r\x00\xec\xdc\xb9S\xb3\xff\x13\xfe\x1f\x0f\
\xe1\x10\xd4\xc5\x01\x10\x82AD\x05\x08@ e\x04p\
\x00\xa4\x0c5\x1dE\x94\x80\xe6\x06\xb8\xed\xb6\xdb\xe4\x95\
W^\x91\x8a\x15+F\x94\x02j\x87\x99\xc0\x86\x0d\x1b\
\xa4W\xaf^\xb2z\xf5\xea0\xab\x89n\xfe\x10(\x96\
m\xa3\xc7\xdcZ\x5c\x0e[\x16ri\x00\x00@\x00I\
DAT\x00\xb3\xb71\xe1\xff1\xa3\x0dOE\xdb\x1d\
\x00,\x01\x08\xcf\xb3\x86&\x10\x08\x03\x01\xdb\x1d\x00\xb6\
\xffO\x0f\xc33\x80\x0e\xa9!p\xf2\xc9'\xcb{\xef\
\xbd'\xd5\xaaUKM\x87\xf4\x02\x81\x14\x10\xf8\xe1\x87\
\x1f\xa4S\xa7N2k\xd6\xac\x14\xf4F\x17a \x10\
\xaf\x8d\x1e\xb3\x03\xa0f\xcd\x9a%L\x88A\xc70@\
B\x87\xf8\x08\xd8\x1e.\xca\x12\x80\xf8\xc6\x93\xda\x10\x80\
@\xb0\x04l\xff\x9fd\xfb\xff\xf4`G\x87\xd6\xc3F\
\xc0\xfc>\x957\xdex\x83\xad\x02\xc36\xb0\x11\xd4G\
g\xfd\x9f|\xf2I\xb9\xe8\xa2\x8bD\xc3\xff)\x10\x88\
\x95\x80\xda\xe8j\xab\xc7Z?f\x07@fff{\
\xd3hV\xac\x0dS/<\x04\xfe\xf8\xe3\x0f\xab\x95!\
\x02\xc0\xea\xe1A8\x08D\x8e@V\x96\xdd_\x958\
\x00\x22\xf7H\x86^\xe1:u\xeaxN\x80\x0a\x15*\
\x84^W\x14\x0c\x17\x01]\xdf?}\xfat\xb9\xe3\x8e\
;\xe4\xb8\xe3\x8e\x93\xa7\x9ezJ\xccln\xb8\x94D\
\x9bT\x10\xc8\xca\xb6\xd5c\xea\xabHL\xb5L%\xf3\
\x80\xea\xfa\x7fJ\x04\x09\xd8\xfec\xd1\xf6\xd9\xb6\x08>\
2\xa8\x0c\x81H\x13\xa8\x5c\xb9\xb2\xd5\xfa\xb3\x04\xc0\xea\
\xe1A\xb8\x04\x094h\xd0@^{\xed5\xe9\xd6\xad\
\x9b\xe8L*\xc5\x1f\x02\xca\xd2d\x19\xf7\xa7\xb1\x88\xb6\
\xa2\x06\xbdN\xa6m\xdc\xb8\xd1;\x94\xe9\xec\xd9\xb3\xe5\
\xc7\x1f\x7f\x94\x9f~\xfaI\xcc6n\x11%\x83\xda~\
\x12\xc8\xb6\xd5?\x88\xa5\xcd\x98\x1d\x00{\xf6\xec9+\
\x96\x06\xa9\x13>\x02\xb6G\x00\xe0\x00\x08\xdf3\x87F\
\x10p\x99@\xd5\xaaU\xad\x16\x7f\xeb\xd6\xadV\xcbg\
\x83p\xfa\x83]\xd7\xe0\xda\x5c\x0a\x15*$\x9aoB\
\xa3\xe04\xea$\xe7\xc8\xf9\xac\xafz\x94-[V\xea\
\xd6\xad+\xf5\xea\xd5\x0b}\xc2\xbc\xc3\x0f?\xdcK\x0c\
\xd8\xbd{w\xcf\xe0\xb2y\xfc\x5c\x91M\xb3\xd0\x7f\xfb\
\xed\xb7\xae\x88\x8b\x9c\x10\x88,\x81xl\xf5\x98\x1c\x00\
\xc6\xab\xdaj\xc7\x8e\x1d5\x22K4\xe2\x8a\xab\xe7W\
\x0f\xcd\xbakc\xb1=\xe1\x96\x8d\xcc\x90\x09\x02\x10\x08\
\x8e\x80\xcd\x0e\x00\xf3]Nxi\x8cC\xaf3ta\
+\xa5J\x95\xf2\x1c\x01\xea\x10\xc89\x0e;\xec0i\
\xdc\xb8\xb1\xa8C!\x0c\xa5y\xf3\xe6\xf2\xf2\xcb/\xcb\
\xc5\x17_\xcc\xb3\x1e\x86\x01E\x07\x08@ V\x025\
\xd4f\x9f;w\xee\xd4\x82n\x88\xc9\xa2\x8bwk\x81\
\x82:\xe5\xba{\x044dTg\x11l,6\xff\xd8\
\xb6\x91\x172A\x00\x02\xc1\x12\xb0\xf9\x7f\x92\xedK\xba\
\x82\x1d\x19Z\xd7\x88\xbei\xd3\xa6y\xc7\xbe4t\xed\
|\xdb\xb6m\xbd\xe3\x94SN\x91\xd2\xa5\xe3\xdaRz\
\xdf\xa6\xacx\xdf\xbauk\xb9\xf1\xc6\x1be\xd0\xa0A\
V\xc8\x83\x10\x10\x80\x00\x04RA \xdbf/\xd0\x01\
\x10S\x12@\xd6\xff\xa7b\xc8\xec\xee\xc3\xe6\xf5I5\
j\x10\x9cb\xf7\xd3\x83t\x10\x88\x16\x01\x1c\x00\xd1\x1a\
\xef0h\xbbn\xdd:y\xe7\x9dw\xa4_\xbf~\xd2\
\xaaU+\xb9\xe4\x92Kd\xc8\x90!2o\xde<g\
\xd5\xbb\xee\xba\xeb\xa4I\x93&\xce\xca\x8f\xe0\x10\x80\x00\
\x04\xe2%\x10\xab\xcd^\xa0\x03\xa0V\xadZ\xe5M\xe7\
G\xc5+\x00\xf5\xc3E`\xd1\xa2E\xd6*\x84\x03\xc0\
\xda\xa1A0\x08D\x8e@\x992e\xbcu\xd9\xb6*\
N\x02@[G\xc6\x1e\xb94\xff\x81\xae\xf9~\xf4\xd1\
G\xa5}\xfb\xf6\xd2\xabW\xaf\x83\x22\x06\xec\x916o\
It\xd9\xe2\xc0\x81\x03\xa5p\xe1\xc2yW\xe2\x0a\x04\
 \x00\x81p\x118*\xdbv\xcfW\xab\x02\x1d\x00\xe6\
\x1fg;\xd3B\x81\xf5\xf2\xed\x85\x8b\xce\x13\xb0y\x16\
\xa0z\xf5\xea\xce\xf3E\x01\x08@ \x1c\x04l\x9e\xfd\
W\xc26Gs\x85\xe3\x09\x08\x9f\x16\x9f~\xfa\xa9t\
\xe9\xd2\xc5IG\x80&\x05\xbc\xe1\x86\x1b\xc27(h\
\x04\x01\x08@ w\x02\x19\xd9\xb6{\xeeW\xb3\xcf\x16\
h\xd8\x9bP\x82\xd3\xf3m\x81\x8b\x91 \xb0`\xc1\x02\
k\xf5,Z\xb4\xa8\xd8\xbe\xed\x96\xb5\xf0\x10\x0c\x02\x10\
\xf0\x95\x80\xed\x0e\x80\x85\x0b\x17\xfa\xaa/\x8dE\x87\xc0\
\xbe\x8e\x80\x993g:\xa3\xf8\xf5\xd7_/\xea\x08\xa0\
@\x00\x02\x10\x88\x02\x81Xl\xf7\x02\x1d\x00fK\x01\
\x1c\x00QxZ\x0a\xd0q\xfe\xfc\xf9\x05\xd4H\xefe\
\x96\x01\xa4\x97\xbf_\xbd\x13\xaa\xe9\x17I\xdaI\x17\x01\
\xdb\xff\x17\xd9\xec\xccM\xd7\x98\xd1o|\x04\xd4\x11p\
\xee\xb9\xe7\xca\x07\x1f\xc4\xb4\xddt|\x8d\x07P[\x97\
\x02<\xfe\xf8\xe3,\x05\x08\x80-MB\x00\x02\xf6\x11\
\x88\xc5v\xcfw\x17\x80\xfa\xf5\xeb70\xd9\x04\xeb\xda\
\xa7\x1a\x12\xa5\x9a\x80\xd9R\x22\xd5]\xc6\xd5\x9f\xfe\xe8\
\xfe\xf1\xc7\x1f\xe3\xba\x87\xca\xe9#P\xae\x5c99\xf9\
\xe4\x93\xbd\xa3a\xc3\x86\xa2\x19\xa8\xf5(Y\xb2\xa4\x98\
\xff9\xb2f\xcd\x1a\xef\xd0m\xb8>\xfb\xec3\xf9\xe2\
\x8b/\x08]N\xdfp\xd1s\x1c\x04t;5\x9b\x8b\
\xed\xce\x5c\x9b\xd9!\xdb\xff\x08\xe8v\x92\x9ae_\x9f\
\xa7\x9bn\xba\xe9\x7f\x17,}\xa7\x11\x00\x1d;v\x94\
\xd1\xa3G[*!bA\x00\x02\x10\xf0\x8d@]\xb5\
\xe1\xcd\xf2\xed<\x8d\xb7|\x1d\x00F\x0c]\xffO\x81\
\x80,[\xb6L\xb6m\xdb&\xc5\x8b\x17\xb7\x92\x86\xed\
\xb3nVBK\x83Pj\x1c\xddq\xc7\x1d\x9e\xe1\x9f\
\x91\x91{\x00Rff\xa6T\xabV\xcd;\x9a5k\
&]\xbbv\x95]\xbbv\xc9\x84\x09\x13\xbcY\x9c9\
s\xe6\xa4Ar\xba\x84@l\x04l\x0f5\xc6\x01\x10\
\xdb8R+6\x02O>\xf9\xa4\xe7\x04\x180`\x80\
\xe8r<\x9bK\xcf\x9e=q\x00\xd8<@\xc8\x06\x01\
\x08\xf8I@m\xf8<\x1d\x00\xb9\xff\x02\xcf\xee\xde\xfc\
\xe8>\xd5OIh\xcbm\x026\x87\x8e\xe2\x00\xb0\xfb\
\xd9\xd2\x99\xfd\xfe\xfd\xfb\xcb\x981c\xe4\xd4SO\x95\
\xbc\x8c\xff\xbc\xb4\xd0\x10\xce3\xcf<S>\xfc\xf0C\
/\xabs\xa5J\x95\xf2\xaa\xcay\x08\xa4\x95\x80\xcd\xdb\
\x8e\x99u\x81B\x0e\x80\xb4>\x1e\xa1\xec\xfc\xfd\xf7\xdf\
\xf7\xb6\x0d\xdc\xbau\xab\xd5\xfa\x1du\xd4Ql\x0bh\
\xf5\x08!\x1c\x04 \xe0\x17\x81\x82l\xf8|\x1d\x00\xe6\
\xc7\xc2)~\x09B;\xee\x13\xb0y'\x80C\x0f=\
\xd4}\xc0!\xd5@\x8d\xffW_}U.\xba\xe8\xa2\
\xb8\x0d\xff\x03\x91\xa8\xe3@#\x024\x8c\xb3E\x8b\x16\
\x07^\xe63\x04\xd2J@\x1d\x91\xa5K\x97N\xab\x0c\
\xf9u\xbe|\xf9r/\x92+\xbf:\x5c\x83@\x22\x04\
\xa6N\x9d*\x1a\x05`{\xd1(\x00\x0a\x04 \x00\x81\
\xb0\x13(\xc8\x86\xcf\xd3\x01\xd0\xa0A\x83\xfa\x06N\x8d\
\xb0\x03B\xbf\xd8\x09\xd8\x1c:\xda\xbcy\xf3\xd8\x15\xa1\
f\xca\x08dee\xc9k\xaf\xbd&\xadZ\xb5\xf2\xb5\
O\xcd\xb4>|\xf8p9\xef\xbc\xf3|m\x97\xc6 \
\x90\x0c\x81\xa6M\x9b&s{\xe0\xf7\xda\x1c\xc5\x15\xb8\
\xf2t\x108\x81\x97^zI&O\x9e\x1cx?\xc9\
t\xa0\xdb\x19\x96/_>\x99&\xb8\x17\x02\x10\x80\x80\
\x0b\x04jd\xdb\xf2\xb9\xca\x9a\xa7\x03\xc0d\x10d\xf6\
?Wd\xd1=i\xb3\x03\xa0b\xc5\x8aB\x14\x80}\
\xcf\xe6\xad\xb7\xde*-[\xb6\x0cD0]o\xaa\x99\
\x9dui\x00\x05\x026\x10\xb0}\xfd\xbf\xcdQ\x5c6\
\x8c\x1f2$O\xe0/\x7f\xf9\x8b\xd8\xbc\x14\xa0X\xb1\
b\xd2\xad[\xb7\xe4\x15\xa5\x05\x08@\x00\x02\x96\x13\xc8\
\xcf\x96\xcf\xcf\x01\xc0\xfa\x7f\xcb\x076\xd5\xe2\xd9\xfe\xe3\
\xf1\xc8#\x8fL5\x12\xfa\xcb\x87\x80\xce\x86\xf6\xe8\xd1\
#\x9f\x1a\xc9_*T\xa8\x90\x0c\x1a4H\x8e8\xe2\
\x88\xe4\x1b\xa3\x05\x08$I\xc0v\x07\x00\xeb\xff\x93\x1c\
`n/\x90\xc0\xe2\xc5\x8b\xbd|/\x05VLc\x85\
\xee\xdd\xbb\x8b~wP \x00\x01\x08\x84\x99\x80q\x00\
\xe4i\xcb\xe7\xe7\x008)\xccP\xd0-~\x026G\
\x00\xa868\x00\xe2\x1f\xd3\xa0\xee\xd0\x1fW\x8f<\xf2\
HJ\xf6].Q\xa2\x84\xbc\xf0\xc2\x0bR\xaaT\xa9\
\xa0\xd4\xa1]\x08\xc4D\xc0\xf6%\x00\xb6\xff\x0f\x8f\x09\
2\x95\xac'0t\xe8P\x999s\xa6\xb5rV\xaf\
^]l\xdf\xae\xd3Zx\x08\x06\x01\x088C\xc08\
\x00\xf2\xb4\xe5su\x00\x98}\xb95\xc5\xb6\xe6\x00\xa0\
@`/\x81-[\xb6\xc8\x8a\x15+\xf6~\xb6\xed\x0d\
\x0e\x00{FDgX\x82\x0a\xfd\xcfMK\xcd\x09\xd0\
\xb7o\xdf\xdc.q\x0e\x02)!P\xabV-\xa9Y\
\xb3fJ\xfaJ\xb4\x13\x1c\x00\x89\x92\xe3\xbex\x09|\
\xf0\xc1\x07\xf1\xde\x92\xd2\xfa\xba#\x00\x05\x02\x10\x80@\
\xc8\x09\xd4\xcf\xb6\xe9\x0fR3W\x07\x80\xd9:\xe0\xd8\
\x83jr\x02\x02\x86\x80\xcd\x09~\xd4\xa3_\xbcxq\
\xc6)\xcd\x044\x1f\x83\xae\x03Mu\xe9\xd5\xab\x97\xa8\
#\x80\x02\x81t\x10h\xd3\xa6M:\xba\x8d\xb9\xcf\x1d\
;v\xc8o\xbf\xfd\x16s}*B \x19\x02c\xc7\
\x8eM\xe6\xf6\xc0\xef\xc5\x01\x108b:\x80\x00\x04,\
 \x90\x97M\x9f\xab\x03\xc0l\x1dp\x9c\x052#\x82\
\x85\x04\xbe\xfa\xea+\x0b\xa5\xfa\xafH\xbaW<\xbb\x01\
\xa4\x7fxn\xba\xe9&)S\xa6L\xca\x05Q\xe7\x8f\
:\x01(\x10H\x07\x01\xdb\x1d\x00\x8b\x16-\x12\x13\x0e\
\x98\x0e4\xf4\x19A\x02\xfa\xbc\xcd\x981\xc3Z\xcdq\
\x00X;4\x08\x06\x01\x08\xf8H /\x9b>W\x07\
\x80\xf9\x91\x80\x03\xc0G\xf8aj\xea\xcb/\xbf\xb4Z\
\x1d\x96\x01\xa4wxt\xdb\xbf\xf3\xcf??mB\x9c\
~\xfa\xe9i\xeb\x9b\x8e\xa3K@w\xa48\xfe\xf8\xe3\
\xad\x06@\xf8\xbf\xd5\xc3\x13J\xe1l\x8e\x02\xd0<\x00\
\xd5\xaaU\x0b%w\x94\x82\x00\x04 \x90C /\x9b\
>7\x07@!\xe3-8:\xe7F^!\xb0/\x01\
\xcd\x010w\xee\xdc}OY\xf5\xfe\xe8\xa3yt\xd3\
9 \xe7\x9e{\xae\x94,Y2m\x22\xd4\xa9SG\
\xea\xd6\xad\x9b\xb6\xfe\xe98\x9a\x04\x8e;\xee8\xeb\x97\
\x1f\xd9\xfc\x7f;\x9aOM\xf8\xb5\xb6\xd9\x01\xa0\xf4\xf9\
\xbd\x10\xfeg\x10\x0d!\x10u\x02\xd96\xfdA\xdb\x9e\
\x1c\xe4\x000?\x9e\x1b\x1aXe\xa3\x0e\x0c\xfd\xf3&\
`s\x14\xc0\xc9'\x9f,\xa5K\x97\xce[x\xae\x04\
J\xe0\xd2K/\x0d\xb4\xfdX\x1a?\xe9\xa4<\x93\x9e\
\xc6r;u \x107\x81SO\xcds\xa7\x9d\xb8\xdb\
\x0a\xea\x86)S\xa6\x04\xd54\xedB W\x02\xba\xed\
\xa4\xcd\x89\x83[\xb7n\x9d\xab\xdc\x9c\x84\x00\x04 \x10\
\x22\x02e\xb3m\xfb\xfdT:\xc8\x01\x90\x91\x91\xd1j\
\xbf\x1a|\x80\xc0\x01\x04lv\x00dffJ\x87\x0e\
\x1d\x0e\x90\x98\x8f\xa9 \xd0\xa2E\x0b\xb1a\x1b4\x0d\
\xed\xa4@ \x95\x04\xda\xb6m\x9b\xca\xee\xe2\xeeK\xd7\
\xfe\x7f\xf7\xddwq\xdf\xc7\x0d\x10H\x96\xc0\xaaU\xab\
\x92m\x22\xb0\xfbS\xb9SM`J\xd00\x04 \x00\
\x81\x02\x08\xe4f\xdb\x1f\xe4\x000\xa1\x028\x00\x0a\x00\
\x19\xf5\xcb\xdf|\xf3\x8d\xec\xdc\xb9\xd3Z\x0c\xe7\x9cs\
\x8e\xb5\xb2\x85Y0\x1bf\xff\x95o\xa5J\xba\x8b)\
\x05\x02\xa9!\xd0\xa8Q#\xeb\x97\x9d\xe8\x9e\xec\x7f\xfc\
\xf1Gj\x80\xd0\x0b\x04\xf6!\xb0z\xf5\xea}>\xd9\
\xf5\x96\xef\x0a\xbb\xc6\x03i \x00\x81`\x08\xe4f\xdb\
\x1f\xe4\x0003\x058\x00\x82\xe1\x1f\x9aV\xb7n\xdd\
*6\x87\x93j2.\xbe\xd8S\xfb\xb8\x95*UJ\
\xce>\xfb\xec\xd4v\x9aGo\x8c}\x1e`8\x1d\x08\
\x01[\x1c_\xf9)\xa7N[\x0a\x04\xd2A\xc0f\x07\
@\xb9r\xe5\xd2\x81\x84>!\x00\x01\x08\xa4\x94@n\
\xb6=\x0e\x80\x94\x0eAx:\xb3y;\xc0\xc2\x85\x0b\
K\xe7\xce\x9d\xc3\x03\xdb\x01M.\xb8\xe0\x02)Q\xa2\
\x84\x15\x92\x9aP'+\xe4@\x88\xf0\x13H\xf7\xae\x17\
\xb1\x12\x9e<yr\xacU\xa9\x07\x01_\x09\xd8\xbc\x04\
@\xff~u\xfb`\x0a\x04 \x00\x810\x13(\xd0\x01\
\xd0\xa0A\x83\x9a\x06\x00\xf1\xb3a~\x0a|\xd2\xed\x8b\
/\xbe\xf0\xa9\xa5`\x9aa\x19@0\x5csk\xb5P\
\xa1Br\xc5\x15W\xe4v)-\xe76n\xdc\x98\x96\
~\xe94z\x04\xbat\xe9\x22\x1a\xfdbs1\xa1\x7f\
\x82\x03\xc0\xe6\x11\x0a\xb7lk\xd6\xac\xb1ZA\xa2\x00\
\xac\x1e\x1e\x84\x83\x00\x04\xfc!P)\xdb\xc6\xdf\xdb\xda\
~Se\xc6C\xd0|\xef\x15\xde@ \x1f\x02\xd3\xa7\
O\x97\xdf\x7f\xff=\x9f\x1a\xe9\xbd\xd4\xaaU+\xa9Y\
S\xfdY\x94\xa0\x09\xb4k\xd7Nj\xd7\xae\x1dt7\
1\xb7\xbfi\xd3\xa6\x98\xebR\x11\x02\xc9\x10\xe8\xde\xbd\
{2\xb7\xa7\xe4\xdeY\xb3f\xc9\xfa\xf5\xebS\xd2\x17\
\x9d@\xe0@\x026G\x00\xa8\xac8\x00\x0e\x1c1>\
C\x00\x02a$p\xa0\x8d\xbf\x9f\x03\xc0\xcc\x144\x09\
\xa3\xd2\xe8\xe4?\x01\x9dU\x9a4i\x92\xff\x0d\xfb\xd8\
b\xd7\xae]}l\x8d\xa6\xf2\x22p\xe5\x95W\xe6u\
)-\xe7q\x00\xa4\x05{\xe4:\xb5e\xd7\x8b\x82\xc0\
\x8f\x1f?\xbe\xa0*\x5c\x87@d\x09\xe0\x00\x88\xec\xd0\
\xa38\x04\x22E\xe0@\x1b\x7f?\x07\xc0\xee\xdd\xbb\x9b\
F\x8a\x06\xca&E\xe0\xe3\x8f?N\xea\xfe\xa0o\xd6\
\xb0t]\xe3G\x09\x8e@\xe3\xc6\x8d\xe5\x84\x13N\x08\
\xae\x83\x04Z\xde\xb0aC\x02wq\x0b\x04\xe2#\xe0\
\xc2\xec\xbfj\xf4\xe1\x87\x1f\xc6\xa7\x18\xb5!\xe0#\x81\
*U\xaa\xf8\xd8\x9a\xffM\xe1\x00\xf0\x9f)-B\x00\
\x02\xf6\x118\xd0\xc6\xdf\xcf\x01`\xc4%\x02\xc0\xbe1\
\xb3V\xa2q\xe3\xc6\xc9\xda\xb5k\xad\x95O\xbf\xd8m\
\x9b\x9d\xb6\x16V\x82\x82\xd9\xc8w\xfe\xfc\xf9\x09j\xc3\
m\x10\x88\x8d@\xadZ\xb5\xe4\xdcs\xcf\x8d\xadr\x1a\
k-^\xbcXt\x0b@\x0a\x04\xd2E\xc0\xf6]Y\
p\x00\xa4\xeb\xc9\xa0_\x08@ \xc5\x04\xf6\xb3\xf1\x0f\
t\x00\x1c\x9eba\xe8\xcea\x02\xbbv\xed\x92\x11#\
FX\xadA\xaf^\xbd\x88\x02\x08h\x84*T\xa8 \
\x9a\x04\xcd\xb6\xf2\xeb\xaf\xbf\xda&\x12\xf2\x84\x8c\xc0\x1d\
w\xdc!\x99\x99\x99\xd6k\xf5\xd1G\x1fY/#\x02\
\x86\x9b\x80\xed\x0e\x003+\x16\xee\x01@;\x08@\x00\
\x02\xff%\xb0\x9f\x8d\xbf\xd7\x01P\xaf^\xbdZ\xe6z\
i(A \x1e\x02o\xbe\xf9\xa6h>\x00[K\xf9\
\xf2\xe5\xad\xcaPo+\xa7D\xe4\xd2\x10\xe8b\xc5\x8a\
%rk`\xf7l\xdf\xbe]\x16-Z\x14X\xfb4\
\x0c\x81\xa3\x8e:J:v\xec\xe8\x04\x08\xc2\xff\x9d\x18\
\xa6P\x0bY\xb9re\xab\xf5c\xc9\x98\xd5\xc3\x83p\
\x10\x80\x80\x7f\x04Jg\xdb\xfa^\x8b{\x1d\x00\xc6\x88\
k\xe4_\x1f\xb4\x14\x15\x02\x1ab\xfa\xe5\x97_Z\xad\
n\xef\xde\xbd\x89\x02\xf0y\x84tV\xa7O\x9f>>\
\xb7\x9a|ss\xe7\xce\x15\x93\xe94\xf9\x86h\x01\x02\
y\x10\xb8\xfb\xee\xbb\xf3\xb8b\xd7i\xcd\xbe\xfe\xc3\x0f\
?\xd8%\x14\xd2D\x8e\x80\xed\x0e\x00\xb6\x8d\x8d\xdc#\
\x89\xc2\x10\x88,\x81}m\xfd\xbd\x0e\x00\xb3\x97w\x83\
\xc8\x12A\xf1\xa4\x08\xbc\xfe\xfa\xebI\xdd\x1f\xf4\xcd\x1a\
\x05\xd0\xb3g\xcf\xa0\xbb\x89T\xfb\xf7\xdcs\x8f\x95\xfb\
\x9f\xff\xf2\xcb/\x91\x1a\x07\x94M-\x81s\xce9G\
Z\xb6l\x99\xdaN\x13\xecm\xf4\xe8\xd1\x09\xde\xc9m\
\x10\xf0\x8f@\xd5\xaaU\xfdk,\x80\x96\x88\x00\x08\x00\
*MB\x00\x02V\x12\xd8\xd7\xd6\xdf\xeb\x000^\x01\
\x1c\x00V\x0e\x97\xfdBM\x980AV\xae\x5ci\xb5\
\xa0W_}5\xfb\xfd\xfa4B\xc7\x1dw\x9c\x95k\
\xffU=\xdb\xb7\xa6\xf4i\x08h&\x0d\x04\x8a\x16-\
*\xb7\xdf~{\x1azN\xacK]\x9eE\x81@:\
\x09\xd4\xad[W\xaaU\xab\x96N\x11\x0a\xec\x1b\x07@\
\x81\x88\xa8\x00\x01\x08\x84\x84\x80\xb1\xf5\xeb\xe7\xa8\xb2\xd7\
\x01`\x12\xa1\xec=\x99s\x91W\x08\xc4B@\x93\xe8\
\xbc\xf5\xd6[\xb1TM[\x1d\x8d\x02x\xf8\xe1\x87\xd3\
\xd6\x7fX:.\x5c\xb8\xb0<\xf2\xc8#V\xaac\xfe\
\xb1Y\xbf\x1c\xc5Jp\x08\x15\x13\x81\xbb\xee\xbaK\xaa\
W\xaf\x1eS\xddtW\x9a<y\xb2\xe8r\x18\x0a\x04\
\xd2I\xc0\x85\x5c\x198\x00\xd2\xf9\x84\xd07\x04 \x90\
J\x02\xc6^\xdb;\xd9\xbf\xd7\x01`\x04\xd8{2\x95\
\xc2\xd0W8\x08\x0c\x1b6Ll\xcf\xa6\xdb\xb9sg\
\xd1\x10^J\xe2\x04\xae\xb9\xe6\x1a\xa9_\xdfN_\xe1\
\xf4\xe9\xd3e\xdd\xbau\x89+\xc7\x9d\x10\xc8\x83@\xa7\
N\x9d\x9cZFd\xfb\xb2\xac<0s:d\x04\xce\
<\xf3L\xab5\xda\xb1c\x87h\xe2X\x0a\x04 \x00\
\x81\x88\x10\xd8k\xeb\xe78\x00\x0a\x19\xc5\xebEDy\
\xd4\x0c\x80\xc0\xf2\xe5\xcb\xe5\xb3\xcf>\x0b\xa0e\x7f\x9b\
|\xe8\xa1\x87\xa4J\x95*\xfe6\x1a\x91\xd6t\xf6\xb3\
_\xbf~\xd6j;q\xe2DkeC0w\x09\xd4\
\xae][\xfa\xf7\xef\xef\x8c\x02\xea\x04\x1b7n\x9c3\
\xf2\x22h8\x09h\xe8\x7f\xf3\xe6\xcd\xadV\x8e\xd9\x7f\
\xab\x87\x07\xe1 \x00\x01\xff\x09\xa8\xad\xaf6\xbfx\x0e\
\x00\xf3\x03\xe7\x10\xf3\xbe\x84\x9e\xa0@ Q\x02.\xcc\
:\x95-[\xd6\xa9\x1f\xf3\x89\x8e\x85\xdf\xf7\x99\xc4!\
\xf2\xd7\xbf\xfeUJ\x94\xb0\xf7\xdf\x04\x0e\x00\xbfG\x9d\
\xf6t\xdd\xff3\xcf<ce\xc2\xcb\xbcF\xe7\xed\xb7\
\xdf\x96\x9d;w\xe6u\x99\xf3\x10H\x09\x81\x0e\x1d:\
\xa4\xa4\x9fd:\x993gN2\xb7s/\x04 \x00\
\x01\xd7\x08\x94\xc8\xb6\xf9\xff\xeb\x00\xc8\xc8\xc88\xd45\
\x0d\x90\xd7>\x02j\x80-]\xba\xd4>\xc1\x0e\x90\xa8\
M\x9b6r\xe9\xa5\x97\x1ep\x96\x8f\xf9\x11\xb8\xed\xb6\
\xdbD\xb9\xd9Z\xf4\xb9\xfb\xfe\xfb\xefm\x15\x0f\xb9\x1c\
%p\xff\xfd\xf7K\x93&M\x9c\x91^\xb7\xc0|\xe3\
\x8d7\x9c\x91\x17A\xc3K\xc0\x85\xe5v?\xfd\xf4S\
x\x07\x00\xcd \x00\x01\x08\xe4B \xc7\xe6\xf7\x22\x00\
\xcc\xec\x1e\x0e\x80\x5c q*>\x02\x9a\x84\xed\xa9\xa7\
\x9e\x8a\xef\xa64\xd5\xd6\x84^\x0d\x1a\xec]\x0a\x93&\
)\xdc\xe8\xf6\xc2\x0b/\x94\xbe}\xfbZ-\xec;\xef\
\xbcc\xb5|\x08\xe7\x1e\x81\x1e=z8\xe7(\xfc\xe0\
\x83\x0fd\xd1\xa2E\xee\xc1F\xe2P\x11\xd0\xef\x0c\x17\
\xb6\xcb\x9c6mZ\xa8\xb8\xa3\x0c\x04 \x00\x81\x82\x08\
\xe4\xd8\xfc\x9e\x03\xc0T\xaeU\xd0\x0d\x5c\x87@,\x04\
\xd4\x10\x9b9sf,U\xd3Z\xa7d\xc9\x92\xf2\xea\
\xab\xafJ\xcd\x9a5\xd3*\x87\xed\x9d\x1fs\xcc1^\
\xe8\xbf\xcdr\xaa\xe3I\xc3\x9e)\x10\xf0\x8b\xc0\x95W\
^)\x0f>\xf8\xa0_\xcd\xa5\xa4\x1d\x9d\xfd\xff\xfb\xdf\
\xff\x9e\x92\xbe\xe8\x04\x02y\x11\xa8P\xa1\x82\xa8\x83\xdd\
\x85B\x04\x80\x0b\xa3\x84\x8c\x10\x80\x80\xcf\x04<\x9b\xdf\
s\x00\x98\x1f\x0eD\x00\xf8L7\xaa\xcd\xa91\xa6k\
\xc5](\x87\x1cr\x88h\xde\x82\xca\x95+\xbb n\
\xcae\xacU\xab\x96<\xf7\xdcs\x92\x99\x99\x99\xf2\xbe\
\xe3\xe9\xf0\xdbo\xbfub\xe9I<:Q7}\x04\
z\xf7\xee-\xf7\xddw_\xfa\x04H\xb0\xe7\xd1\xa3G\
\xcb\xbcy\xf3\x12\xbc\x9b\xdb \xe0\x0f\x81{\xef\xbdW\
\xca\x95+\xe7Oc\x01\xb6\xb2v\xedZ\xd1\xe4\xc5\x14\
\x08@\x00\x02Q\x22\x90c\xf3{\x0e\x00c\xb4\xe1\x00\
\x88\xd2\xe8\x07\xac\xeb\xa4I\x93\x9c\xd8\x11@1\xa8\x91\
\xfb\xdak\xaf9\xf1\x83%\xe0a\xdb\xaf\xf9R\xa5J\
\xc9\xbf\xfe\xf5/)_\xbe\xfc~\xe7m\xfc\xc0\xec\xbf\
\x8d\xa3\xe2\xa6L\xba\xd4\xe5\xee\xbb\xefvNxf\xff\
\x9d\x1b\xb2P\x0a|\xf2\xc9'\xcb\xb9\xe7\x9e\xeb\x84n\
\xcc\xfe;1L\x08\x09\x01\x08\xf8L \xc7\xe6\xcfq\
\x00\xd4\xf0\xb9}\x9a\x8b8\x81\xff\xfb\xbf\xff\x93\xdd\xbb\
w;A\xa1a\xc3\x862t\xe8P\xc9\xca\xcarB\
\xde\xa0\x85\xd4\x10\xceW^yE\xea\xd7\xaf\x1ftW\
I\xb7\xbfj\xd5*\xd1u\xcf\x14\x08$K\xe0\x86\x1b\
n\x90\xdbo\xbf=\xd9f\xd2r\xff\xd8\xb1ce\xee\
\xdc\xb9i\xe9\x9bN!\xa0\x04t{\xdd\xbf\xfd\xedo\
\xce\xc0`\xfd\xbf3C\x85\xa0\x10\x80\x80\x8f\x04\x8c\x03\
\xc0\xb3\xf9sr\x00T\xf5\xb1m\x9a\x82\x80\xe8\xf6:\
\xc3\x86\x0ds\x86\x84\xeeW\xac3\xde:\xf3\x1d\xe5\xa2\
\x89\x11\xdf{\xef=i\xd5\xaa\x95\x13\x18\x9e\x7f\xfey\
\xd9\xb1c\x87\x13\xb2\x22\xa4\x9d\x044\xca\xe5\x9f\xff\xfc\
\xa7\xdc|\xf3\xcdv\x0aX\x80T\xbbv\xedr&\xf9\
j\x01\xaap\xd9Q\x02f[)\xd1\xfc?.\xe5\xd4\
\xf9\xe6\x9bo\x1c\xa5\x8d\xd8\x10\x80\x00\x04\x92\x22\xe0\xd9\
\xfc8\x00\x92b\xc8\xcd\xf9\x11x\xe2\x89'd\xf3\xe6\
\xcd\xf9U\xb1\xea\xda\xb1\xc7\x1e+\xba\x8e\xd6\xa5m\xbf\
\xfc\x04x\xe2\x89'\xca\xc8\x91#\xe5\xd0C\xddX\x11\
\xa4k8u\xf9\x06\x05\x02\x89\x12\xd0g\xfe\xc3\x0f?\
\x94\xd3O?=\xd1&\xd2~\x9fF/1\xfb\x9f\xf6\
a\x88\xac\x00\x8d\x1b7\xf6\x92\xb0\xbad\xfc/[\xb6\
L4w\x0c\x05\x02\x10\x80@\x04\x09\xfc\xd7\x01\xd0\xba\
uk\x8d{.\x19A\x00\xa8\x1c0\x015\xd04\x89\
\x9cKEg2\xd4\x08\xee\xd6\xad\x9bKb'-\xeb\
%\x97\x5c\x22/\xbf\xfc\xb2\x94.]:\xe9\xb6R\xd5\
\x80Fll\xdb\xb6-U\xdd\xd1O\x88\x08\x14)R\
\xc4\xcbT\xae;\x81h\xe8\xb2\xabE\x97\xc0\x0c\x1a4\
\xc8U\xf1\x91\xdbq\x02G\x1du\x94\x0c\x1f>\x5c*\
U\xaa\xe4\x94&\xef\xbe\xfb\xaeS\xf2\x22,\x04 \x00\
\x01\x1f\x09\x94T\xdb?c\xcd\x9a5\x84\xff\xfbH\x95\
\xa6\xf6'\xf0\xc2\x0b/\xc8\x8a\x15+\xf6?i\xf9\xa7\
b\xc5\x8ayk\x195\x82\xa1D\x89\x12\x96K\x9b\x9c\
x\x85\x0b\x17\x96;\xee\xb8C4g\x83\x1aE\xae\x94\
\x0d\x1b6xy\x1b\x5c\x91\x179\xed \xa0\xcf\xfb\xf9\
\xe7\x9f/\xe3\xc6\x8d\x93\xab\xaf\xbeZ\xcc~\xb8v\x08\
\x96\xa0\x14\xba\xe3\x8aKQV\x09\xaa\xc9m\x96\x11\xd0\
\xbf\x9b\x8b.\xba\xc8\xdbJ\xd7%\xa7q\x0eF\x1c\x00\
9$x\x85\x00\x04\xa2H@m\xff\x0c\xb3\xc5\x17\x0e\
\x80(\x8e~\x8at\xd6\x19\xda\x81\x03\x07\xa6\xa87\x7f\
\xbb9\xef\xbc\xf3d\xd4\xa8Q\xa2I\x02\xc3Xr\x96\
<\x5cs\xcd5\xce\xa97d\xc8\x10\x0c\x1f\xe7F-\
}\x02k\x82O\xdd\xde\xef\xcb/\xbf\x94\xc7\x1f\x7f\x5c\
4\xd7\x85\xebE\xd70\xbf\xff\xfe\xfb\xae\xab\x81\xfc\x8e\
\x118\xfe\xf8\xe3\xbd\xa5r\xfd\xfb\xf7\x97\xe2\xc5\x8b;\
&\xbd\x88&\xffc\xbbL\xe7\x86\x0d\x81!\x00\x01\x1f\
\x09\xa8\xed_\xc4djg\x13t\x1f\xa1\xd2\xd4\xc1\x04\
4\xa4\xbeG\x8f\x1e\xa2\x89\xf6\x5c+\x87\x1dv\x98h\
\x86\xed\x11#F\xc8\x93O>)+W\xaetM\x85\
\x83\xe4\xd5\x90\xe7\xbb\xee\xbaK\xbat\xe9r\xd05\x17\
N\xe8zgM\xdaF\x81@A\x04\xea\xd6\xad+\x17\
^x\xa1\x5cv\xd9eN-o)H/M\xfcw\
\xdf}\xf7\x15T\x8d\xeb\x10\xf0\x8d@\xbdz\xf5\xe4\xce\
;\xef\x94\xf6\xed\xdb\xfb\xd6f:\x1a\xd2\xdf#\x14\x08\
@\x00\x02Q&\xa0\xb6\x7f\x91\x8c\x8c\x8c\xf2\xael\xd7\
\x16\xe5\xc1rYw\xb3\xe5\x84\xdct\xd3M\xde\xacA\
\xc9\x92\xee\xa5\x9b\xd0\xb0a]#\xaf\xfb\x1b\xeb:\xf9\
g\x9f}V6n\xdc\xe8\xdc\x90\xa8\x1e\xbdz\xf5\x92\
\x1bo\xbcQ\x5c\x1c\x87\x1c\xe0\xf7\xdcs\x8f3[L\
\xe6\xc8\xcckj\x08\xe82\x16\x8dli\xdb\xb6\xad\x9c\
v\xdai\xa2\x0e\x800\x96\xc1\x83\x07{;\xad\x84Q\
7t\xb2\x8b\x80&\xf9\xd3\x9c8\x97^z\xa9S\xcb\
\xc4r\xa3\xa8\x8e3\xb6\x8d\xcd\x8d\x0c\xe7 \x00\x81(\
\x11P\xdb_\x17\xfd\x96\x8b\x92\xd2\xe8\x9a\x1e\x02\x0b\x17\
.\x145\xdc\x5cNX\xa5\xe1\x8e}\xfb\xf6\xf5~\x08\
irCMB\xb7}\xfb\xf6\xf4\x00\x8d\xa3W\xcdi\
\xd0\xb1cG\xe9\xd7\xaf\x9f\xd4\xaf_?\x8e;\xed\xab\
\xaa\xb37do\xb6o\x5c\xd2!\x91\xaeC\xd6\x1d+\
4\x9c_#ut\xeb\xca\x93N:\xc9i\xe7V,\
\x1c\xbf\xff\xfe{y\xfa\xe9\xa7c\xa9J\x1d\x08$D\
\xe0\x88#\x8e\xf0\xbe3:u\xea$u\xea\xd4I\xa8\
\x0d\x1bo\xfa\xe8\xa3\x8fd\xdd\xbau6\x8a\x86L\x10\
\x80\x00\x04RI\xa0\x5c\x113;\x8b\x03 \x95\xc8#\
\xdc\x97\xee/\xaf\xdbn]p\xc1\x05NS(S\xa6\
\x8c\xdcv\xdbm\xd2\xa7O\x1f\x193f\x8c\xb7\x0ew\
\xf2\xe4\xc9\xd6\xe9\xa4K.4\xfcYC\xfd]L\xd4\
t PM\xfc\xa7I\xcf(\xfe\x11(U\xaa\x94T\
\xabV\xcd\xbf\x06\xe3hI\x0dx\xe3\x85\xf6\x12\xf1\xe9\
\xab\xce\xde\x9bui\xa2\x0e+}\xd5\x04\x9czh\xb4\
\x8a\xcaY\xae\x5c9)_\xbe\xbcT\xacX\xd13\xfa\
5$\xd9\xc55\xc8q :\xa8\xaaF\x1ei4\xd5\
\x9e={\x0e\xba\xc6\x09\x08$J@\xff\xcet\xfb\xdb\
3\xcf<\xd33\xfc]\xda\xd2/V\x9du\xf6_\xf3\
\x7fP\xe2'\xa0\xffs\xd3\xf5=\x11\xbf\xb4n\xdf\xa1\
\x11\xd9\x7f\xfc\xf1\x87l\xd9\xb2\xc5mE\x90\xdej\x02\
j\xfb\x13\x01`\xf5\x10\x85O8]\xb7z\xe4\x91G\
\x8a\xfexw\xbd\xa8A\xd2\xbd{w\xef\xd0}\x855\
!\x97&\x0d\x9c5kV\xdaTS\x03I\x93\x17j\
\x86\xe6F\x8d\x1a\xa5M\x8e :~\xf4\xd1G\x99\xbd\
\xf1\x19\xec\x95W^)zP\xdc \xa0\xb9;\xf4\x7f\
\x0d\x05\x02\x89\x10PC_#f4\xb1m\xce\xabF\
\xcf\xa8\xc1\xef\xfa\x8e\x18\x05\xf1\x186l\x98,X\xb0\
\xa0\xa0j\x5c\xcf\x85\x80.9\xa2\xa4\x96\x80:\x026\
m\xda$:\xf11g\xce\x1c\xf9\xe9\xa7\x9f\xe4\xc7\x1f\
\x7f\xf4\x0eu\x10P \x90$\x01\x1c\x00I\x02\xe4\xf6\
8\x09l\xdd\xbaU\xae\xbf\xfez\xcfP.Z\xb4h\
\x9cw\xdb[\xbdz\xf5\xea\xde\xf2\x00]\x220{\xf6\
l/\xdb\xf8\x8c\x193\xe4\xe7\x9f\x7f\x96\xf9\xf3\xe7\x07\
6c\xa7k\x9cu\xa6\xbfE\x8b\x16\xd2\xb2eKi\
\xd6\xac\x99\xf3\xeb4s\x1beM\xc4\xf8\xd6[o\xe5\
v\x89s\x10\x88\x04\x01\xddo]#\x8e(\xa9!\xa0\
\x06\xb1\xae}w\xa1h\xf4\x8cF\xc9\xe4D\xcch\xd4\
L\xce\xa1;`\xe8{u\x0e\xeb\xf7T\xd8\x0d\xfd\xdc\
\xc6KgS5\x89/\x05\x02\xae\x10\xd0\x9cM:\xc9\
\xa4G\xed\xda\xb5\xf7&\xdf\xd4H\x16\xfd=\xf4\xca+\
\xaf\xc8\x94)S\x5cQ\x079\xed#P\xae\x88\x09%\
d\x09\x80}\x03\x13j\x89t\x86\xfc\x91G\x1e\x91\x87\
\x1ez(\x94z\xea\xec\xca\xbe[\x07\xaa\xd3c\xe6\xcc\
\x99\x9e3@\x9d\x02\x8b\x17/\xf6\x92\x08j8\xaf\x1e\
\xea\xcd\xd5D\x89\x07\x16\x0d\x8b\xd6\xd0\xfd\xb2e\xcb\x8a\
.;\xd0W\xfd2\xd0\x99}5\xf6\xd5\xf0\xd7sa\
/K\x96,\x91\xdbo\xbf=\xecj\xa2\x1f\x04\xf2$\
\xa0N\xc5\x07\x1ex \xcf\xeb\x5c\xf0\x9f\x80\xfe\xff\xfd\
\xdb\xdf\xfe\xe6\x7f\xc3\xb4\x98r\x02/\xbc\xf0\x82\x98}\
\xafS\xde/\x1dB\xc0o\x02\xea\xec;\xe7\x9cs\xbc\
c\xfa\xf4\xe9\xde\xce\x1c\xfaJ\x81@<\x04\xd4\xf6W\
\x07\x80{i\xd9\xe3\xd1\x92\xbaV\x12x\xf5\xd5W\xbd\
|\x00\xba\xe60\xecEget\xd9\x83\x1e\xb9\x155\
\xfe7o\xde\xec9\x03\xf4Ugl\xd4\xb0\xd7Y\x9b\
(\xce\xd6\xec\xcbH\xbd\xdd\x9a\xbc\xd0\xe5\x90\xb7\xdc\x9c\
;\xfb\xea\xc8{\x08\xe4G@\x0d\x17]\xa6\xa1\x8eD\
\x0a\x04 \x10\x1f\x81\xb5k\xd7\xca\x90!C\xe2\xbb\x89\
\xda\x10p\x80\x80&\xeb|\xf7\xddwe\xe0\xc0\x81\xde\
\xd6\xc8\xfc\xd6p`\xd0,\x11Qm\x7f\xcd\x01P\xc2\
\x12y\x10#b\x044\x91\x9e\x86\xackXb\x94\x8b\
\x1a\xf9\x1a\xbe\xa9\x07e\x7f\x02\xba\xee\x7f\xda\xb4i\xfb\
\x9ft\xec\xd3\xce\x9d;\x1d\x93\x18qm!\xb0m\xdb\
6\xe9\xdd\xbb7\xeb\xfem\x19\x10\xe4p\x8e\x80\xee\x98\
AB5\xe7\x86\x0d\x81c$\xa0\x11\x01w\xdcq\x87\
\xa83@\xb7x\xc6\x09\x10#8\xaa\x95\xc80\x0c\xb2\
\xe0\x00\x81t\x10\xd0\xf0w\xfd\x87\xa5\xc9N(\x108\
\x90\xc0\xf8\xf1\xe3\xe5\xc5\x17_<\xf0\xb4s\x9fq\x00\
87dV\x08\xac?\xe4n\xbe\xf9f/\xf9\x93\x15\
\x02!\x04\x04\x1c#0u\xeaTy\xfd\xf5\xd7\x1d\x93\
\x1aq!\x10?\x81\xce\x9d;\xcb\xddw\xdf\x1d\xff\x8d\
\xdc\x11U\x02Y8\x00\xa2:\xf4\x96\xe8\xadIL\xc2\
\x9a\x0b\xc0\x12\xc4N\x8a\xa19\x13\xfe\xf4\xa7?9)\
\xfb\x81B\xe3\x008\x90\x08\x9fc!0`\xc0\x00\x19\
7n\x5c,U\xa9\x03\x01\x08\x1c@@\xb3\xa7\xeb\xf2\
1&\x18\x0e\x00\xc3\xc7\xd0\x12\xe8\xd5\xab\x973\x89K\
C;\x08\xee(\xe69\x00X\x02\xe0\xce\x80\x85RR\
\xcdf\xfa\xd4SO\x85R7\x94\x8a\x9f\x80ns\xa6\
k\x9e\xc3\x12\xb6\x89\x03 \xfeg \xeaw\xbc\xf6\xda\
k\xf2\xec\xb3\xcf\x86\x1e\xc3\xf6\xed\xdbC\xaf#\x0a\xa6\
\x87\x80.1ti\xcb\xcc\x1d;v\xa4\x07\x14\xbd\x86\
\x8a\xc0_\xfe\xf2\x17\x96\x93\x86jD\x03S\x86%\x00\
\x81\xa1\xa5\xe1\xb8\x08\xe8\x16=\x9a\x18\x90\x12m\x02\xba\
\xef\xedUW]%+W\xae\x0c\x0d\x08\x97\x13\x18\x86\
f\x10\x1cRDC\x96\xef\xbd\xf7^\x87$N\x5cT\
\xfe6\x12g\xc7\x9dy\x13x\xe9\xa5\x97\xe4\xe3\x8f?\
\xce\xbb\x82\x85WtI$\x05\x02\xc9\x12\xd0\xed>\xaf\
\xbb\xee\xbad\x9b\xe1\xfe\xf0\x13\xf0\x22\x002\xc3\xaf'\
\x1a\xba@\xe0\xfe\xfb\xef\x97\x0f>\xf8\xc0\x05Q\x911\
\x00\x02\x9a\xf1\xbfo\xdf\xbe\xf2\xeb\xaf\xbf\x06\xd0z\xfa\
\x9a\xfc\xfd\xf7\xdf\xd3\xd79=;E@g\xfe\xef\xb9\
\xe7\x1e\xa7dNFX\x8c\x9ed\xe8qon\x044\
i\xac\x8b\xdb7\xaa\xf3\x9b\x02\x01?\x08\x5cq\xc5\x15\
R\xb4hQ?\x9a\xa2\x8d\xf0\x12\xc8\xd4\x1c\x00\x85\xc3\
\xab\x1f\x9a\xb9D@\x93^\xfd\xf9\xcf\x7f\x96/\xbe\xf8\
\xc2%\xb1\x91\xd5'\x02\xb7\xdf~\xbb|\xfd\xf5\xd7>\
\xb5fO38\x00\xec\x19\x0b\x9b%\xd1\x08\xa8\xa8\xcc\
\xfc\xe7\x8c\x83:\xfdX\x06\x90C\x83\xd7d\x09hD\
\xc9\x0d7\xdc \xfa\x5c\xb9Vp\x86\xb96b\xf6\xca\
\xab[O\x1f\x7f\xfc\xf1\xf6\x0a\x88d6\x10(\x8c\x03\
\xc0\x86a@\x86\xbd\x044aO\x9f>}\xe4\xb3\xcf\
>\xdb{\x8e7\xe1&\xa0\x8e\x1f5|F\x8e\x1c\x19\
JE\xd7\xad[\x17J\xbdP\xca?\x02\x9a\x07\xe5\xbe\
\xfb\xee\xf3\xafA\x87Zb\xe6\xd3\xa1\xc1\xb2XTu\
$i\xe8\xf3\xe2\xc5\x8b-\x962o\xd1\xf8;\xc8\x9b\
\x0dW\xe2'\xd0\xb6m\xdb\xf8o\xe2\x8e(\x11\xf0\x1c\
\x00E\xa2\xa41\xba\xdaO@\xbf\xc8\xaf\xbe\xfajy\
\xff\xfd\xf7\xed\x17\x16\x09\x93\x22\xa035\xba\xd5\x99\x86\
>\x87\xb5,_\xbe<\xac\xaa\xa1W\x92\x04\xf6\xec\xd9\
#\x8f?\xfe\xb8\xe8\xf2\xa7\xa8\x16f>\xa3:\xf2\xfe\
\xe9\x9d\xf3\x9b\xe1\xcb/\xbf\xf4\xaf\xd1\x14\xb7\x84\x03 \
\xc5\xc0C\xde\xdd\x91G\x1e\x19r\x0dQ/I\x02E\
\x88\x00H\x92 \xb7\x07C@#\x01t\x1b\xb80\x1b\
\x86\xc1\x90s\xa7U\xcdz|\xfd\xf5\xd7\xcb{\xef\xbd\
\xe7\x8e\xd0\x09H\xaa3RlE\x95\x00\xb8\x90\xdf\xa2\
\x91!={\xf6\x94\x7f\xfc\xe3\x1f!\xd74\x7f\xf5\xe6\
\xcd\x9b\x97\x7f\x05\xaeB \x1f\x02j\xfc\xf7\xee\xdd[\
\x5c6\xfeU\xbd\x05\x0b\x16\xe4\xa3%\x97 \x10\x1f\x81\
J\x95*\xc5w\x03\xb5\xa3F\x80%\x00Q\x1bq\x97\
\xf4\xcd\x09\x0d\x1f<x\xb0Kb#k\x0c\x04\xb6n\
\xdd*\xbag\xadk\x99\x9acP\xed\xa0*j\xfc/\
]\xba\xf4\xa0\xf3\x9c\x88.\x81\xa9S\xa7J\xe7\xce\x9d\
\xe5\xab\xaf\xbe\x8a.\x84l\xcd5i\x1b\x05\x02\x89\x10\
\xd8\xb6m\x9bg\xfc\x87\xe1\xef\xe8\xc7\x1f\x7fL\x04\x01\
\xf7@ W\x028\x00r\xc5\xc2\xc9\xff\x11\xf0\x1c\x00\
\x85\xfe\xf7\x99w\x10\xb0\x8f\xc0\xc0\x81\x03\xbd\xf5\xb1.\
&\xf6\xb1\x8ff\xfa%\xd2P\xc7\xcb/\xbf<R\xc6\
\xcf\xfc\xf9\xf3\xd3\x0f\x1e\x09\xac \xa0\xeb\xfd/\xba\xe8\
\x22ai\xc8\x7f\x87\xe3\xe7\x9f\x7f\xb6b\x5c\x10\xc2-\
\x02a2\xfe\x95\xfc/\xbf\xfc\xe2d\xf2B\xb7\x9e\x9a\
\xe8H\x9b\x99\x99)\x9a\x0c\x90\x02\x81<\x08\x14\xd2%\
\x00\x14\x08XO@3dw\xeb\xd6MV\xaf^m\
\xbd\xac\x08\x987\x81\x993gJ\x97.]d\xca\x94\
)yW\x0a\xe1\x15\x9d\xf1\xa5D\x9b\xc0\x96-[\xe4\
\xa6\x9bn\xf2\xd6\xfb\xe3\xcc\xfc\xdf\xb3\xf0\xd3O?\xfd\
\xef\x03\xef \x10\x03\x815k\xd6\x88nu6i\xd2\
\xa4\x18j\xbbQE\x97\xc4\xcd\x9a5\xcb\x0da\x91\xd2\
z\x02\xfa\x1d\xa3\x91\x96\x14\x08\xe4E\x00\x07@^d\
8o\x1d\x81\xef\xbf\xff\xde\x0b\x9b\xfd\xe1\x87\x1f\xac\x93\
\x0d\x81\x0a&\xf0\xd6[o\xc9y\xe7\x9d\x17\xc9\xb5\x8e\
Qsx\x14\xfc4D\xab\x86F\x80\x9c{\xee\xb9$\
6\xcde\xd8\xd7\xaf_/K\x96,\xc9\xe5\x0a\xa7 \
p0\x01]\xeb\xdf\xa1C\x07\xf9\xf6\xdbo\x0f\xbe\xe8\
\xf8\x19\x96\x018>\x80\x16\x89\xbfv\xedZ\x8b\xa4A\
\x14\x1b\x09\xe0\x00\xb0qT\x90)O\x02\xabV\xad\x92\
\x8b/\xbeX4\x22\x80\xe2\x06\x01\x9d\xf9\xd4L\xffw\
\xdeygd\xf7\xfc\xd6\x1fv\xcc\xfa\xba\xf1\xbc\xfa)\
\xa5\xe6\x7fx\xf3\xcd7\xe5\xec\xb3\xcf\x969s\xe6\xf8\
\xd9t\xa8\xdab\xc7\x97P\x0dg \xca\xe8\xff\xcf\xfe\
\xfd\xfbK\x8f\x1e=$\xac\xc6\xcd\xd8\xb1c\x03aG\
\xa3\xd1#@\xb4l\xf4\xc6<^\x8dq\x00\xc4K\x8c\
\xfai'\xa0?\x04t\xcf\xeck\xaf\xbd6\xb4?\x04\
\xd2\x0e\xd9'\x01f\xcf\x9e-\xe7\x9cs\x8e\xbc\xfb\xee\
\xbb>\xb5\xe8f3\xea\x04\xf9\xe4\x93O\xdc\x14\x1e\xa9\
\x13\x22\xf0\xf9\xe7\x9fK\xa7N\x9d\xe4\xae\xbb\xee\x12\x1d\
\x7fJ\xde\x04\xdex\xe3\x0d\xd1-\x11)\x10\xc8\x8d\x80\
&Q\xbd\xf0\xc2\x0b\xe5\xb9\xe7\x9e\xcb\xedrh\xce\xfd\
\xfb\xdf\xff\xc6Q\x18\x9a\xd1L\xaf\x22D\xca\xa6\x97\xbf\
\x0b\xbd\xe3\x00pa\x94\x901W\x02\x1f~\xf8\xa1\xb4\
o\xdf^F\x8d\x1a\x95\xebuN\xa6\x8f\x80\xfe\x98\xd7\
dg\xba\xde\x9fm\xbe\xfe;\x0e\xc3\x87\x0fO\xdf\x80\
\xd0s\xca\x08h\x9e\x0bMry\xe5\x95W\x8a:\xc0\
(\x05\x13X\xb6l\x99|\xf6\xd9g\x05W\xa4F\xe4\
\x08\xe8\xf7{\xc7\x8e\x1d%*\xe1\xf1\xfa\xbdI\x81@\
\xb2\x04>\xfd\xf4\xd3d\x9b\xe0\xfe\x90\x13(T\xabV\
\xad\xff\x84\x5cG\xd4\x8b\x00\x81\xd3O?]\xfe\xfa\xd7\
\xbfJ\xe5\xca\x95#\xa0\xad\xdd*j\xc2\xbb{\xef\xbd\
Wf\xcc\x98a\xb7\xa0)\x96.##C\xf4K\xb9\
v\xed\xda)\xee\x99\xeeRA`\xc5\x8a\x15\xf2\xf8\xe3\
\x8f\xcb;\xef\xbc#\xba\x85)%>\x02\xa7\x9ez\xaa\
\xbc\xfc\xf2\xcb\xf1\xddD\xed\xd0\x12\xd0\xd9\xf0\xc7\x1e{\
,2\x86\x7f\xce@feey\xf9\x0dJ\x95*\x95\
s\x8aW\x08\xc4E`\xf3\xe6\xcd\xd2\xaaU+\xd9\xb9\
sg\x5c\xf7Q9Z\x04\x88\x00\x88\xd6x\x87V\xdb\
\xf1\xe3\xc7{\xd1\x00\xea=g\xaduz\x86y\xdd\xba\
ur\xc7\x1dw\xc8\xf9\xe7\x9f\x8f\xf1\x9f\xcb\x10hT\
\x84:F(\xe1\x22\xa0?\xb6\xd4\xf0o\xdb\xb6\xad\xbc\
\xfd\xf6\xdb\x18\xff\x09\x0e\xef\xc4\x89\x13=\x07Y\x82\xb7\
s[H\x08\xe8\xae\x10\x1aAs\xe9\xa5\x97F\xce\xf8\
\xd7!\xd4\xe5B\x03\x06\x0c\x08\xc9h\xa2F:\x08\xbc\
\xf0\xc2\x0b\x18\xff\xe9\x00\xefX\x9fD\x0086`\x88\
[0\x81\xbau\xeb\xca_\xfe\xf2\x17/l\xb0\xe0\xda\
\xd4H\x96\x80\x1a\xb6\x9a\xe8L\x7f\xb4l\xd8\xb0!\xd9\
\xe6B\x7f\xff\xa0A\x83\xbc\x8c\xf0\xa1W4\xe4\x0aj\
\xd8\xba\xce\xf6\x0f\x1d:\x94\x5c$>\x8du\x85\x0a\x15\
d\xdc\xb8qR\xa5J\x15\x9fZ\xa4\x19W\x08\xcc\x9d\
;W\x06\x0e\x1c(\x1f}\xf4\x91+\x22\x07*\xe73\
\xcf<\xc3o\x98@\x09\x87\xb3qM\x94\xdd\xa6M\x1b\
\xb6\x00\x0c\xe7\xf0\xfa\xaa\x15\x0e\x00_q\xd2\x98M\x04\
Z\xb6l\xe9%\xe0:\xfa\xe8\xa3m\x12+T\xb2h\
\xa2\xb3'\x9exB~\xfe\xf9\xe7P\xe9\x15\xa42%\
J\x94\x90\xd7^{M\x8e<\xf2\xc8 \xbb\xa1\xed\x00\
\x08l\xdb\xb6M4\xf7\x88\xce\xf4\x7f\xfd\xf5\xd7\xcc\xf6\
\x07\xc0\xf8\x84\x13N\xf0vy\xd1%3\x94p\x13\xd0\
}\xca5\xf7\xc3\xe8\xd1\xa3=\xc3\x9fD\x90\xff\x1bo\
]\x020f\xcc\x181\xcbt\xffw\x92w\x10\xc8\x87\
\x80.=\xeb\xd7\xaf\x9f\xb0\x9bD>\x90\xb8\xb4\x97\x00\
\x0e\x80\xbd(x\x13V\x02\xba\xb6\xb4O\x9f>\xa2?\
,)\xc9\x13\xd0\x1fij\x04\x0d\x1e<X~\xf9\xe5\
\x97\xe4\x1b\x8c`\x0b\xa5K\x97\x96\xb7\xdezK\x9a4\
i\x12A\xed\xddS\xf9\xfb\xef\xbf\xf7\x8c~5T4\
\xe4\x9f\x12,\x01\x0d\xff~\xf0\xc1\x07\xa5H\x91\x22\xc1\
vD\xeb)'\xa0!\xeej\xf4\xab\x91\xa29Q\xd4\
\xa9F\xc9\x9d@\xa3F\x8dD\xc3\xb9k\xd6\xac\x99{\
\x05\xceB`\x1f\x02\xbaMf\xd8w\xca\xd8G]\xde\
&I\x00\x07@\x92\x00\xb9\xdd\x1d\x02\x8d\x1b7\x96^\
\xbdzy\x99\xe9333\xdd\x11\xdc\x12I5\xb7\x82\
fd\xd6\xd0\xc4\xf9\xf3\xe7[\x22\x95\xbbb\x94,Y\
\xd2K\x5c\xa9;%P\xec#\x90\x13\xe2?r\xe4H\
Y\xb8p\xa1}\x02\x86\x5c\x22\x8d\x90\xd1\xff5U\xab\
V\x0d\xb9\xa6\xe1WO\x8d\xfe\x09\x13&x\xcb;\xd4\
\xf8\xc7\xe8\x8f}\xcc\xcb\x94)\xe3E\xd9\xb5k\xd7.\
\xf6\x9b\xa8\x199\x02/\xbe\xf8\xa2<\xf2\xc8#\x91\xd3\
\x1b\x85\x13'\x80\x03 qv\xdc\xe9(\x81J\x95*\
I\x8f\x1e=\xbc}\x85\x0f9\xe4\x10G\xb5H\x9d\xd8\
\x1a\xa6\xa9k\x9d\xd5\xb3\xfc\xdbo\xbf\xa5\xae\xe3\x88\xf4\
\xa4I\x1359`\xb9r\xe5\x22\xa2\xb1}jjT\
\xcb\x9c9sDg\xfau\xff\xe4)S\xa6\xc8\xa2E\
\x8b\xec\x134b\x12\xe9\xffj\xcd\x99q\xd2I'E\
Ls\xb7\xd5\xdd\xb8q\xa3\x17\x1d6}\xfat\xefo\
J\x97\x8am\xdf\xbe\xddm\xa5\xd2,\xfd\xb5\xd7^+\
7\xddt\x93\x14+V,\xcd\x92\xd0\xbdM\x046m\
\xda$\xf7\xdcs\x8f\xbc\xff\xfe\xfb6\x89\x85,\x0e\x10\
\xc0\x01\xe0\xc0 !b0\x04\x0a\x15*$\xc7\x1e{\
\xac\x17\x11\xd0\xa9S'QO;\xe5\xbf\x04v\xef\xde\
-\x93&M\xf2f\xfc5\xdc_gp(\xc1\x11\xd0\
\xbc\x00\x1a\xf6|\xd5UWI\xf5\xea\xd5\x83\xeb\x88\x96\
=\x02\x1a\xc6\xaf\xfb\x8a\xab\xa1\x9fc\xf0\xff\xf1\xc7\x1f\
\xd0\xb1\x94@\x8b\x16-\xe4\xca+\xaf\x94\xb3\xce:\x8b\
e\x01\x96\x8d\xd1\xf2\xe5\xcb=c_\xb7}\xcd9p\
\x14\x073H\xe5\xcb\x97\x97n\xdd\xbaI\xf7\xee\xdd\xf9\
\x9e\x08\x06\xb13\xad\xaa\xd3Z\xa3j\x1ex\xe0\x01\xd1\
h5\x0a\x04\xe2%\x80\x03 ^b\xd4\x0f%\x01]\
kz\xdai\xa7\xc9\xd9g\x9f-\x9a3@\xd7hG\
\xb1h2?\x0d\xf3\xd7c\xcd\x9a5QD\x90V\x9d\
\x0b\x17.,\xa7\x9cr\x8a\x9c|\xf2\xc9\xdek\xfd\xfa\
\xf5\xd3*\x8f\xcb\x9d\xff\xfe\xfb\xef\xa2\xc6\x89\xfe8\xd2\
#\xe7\xbdf\x1b\x9f5k\x96\x90p\xcc\xbd\xd1\xd5\xe5\
\x00j\x00\x1d\x7f\xfc\xf1\xd2\xacY3Q\xc7\x19%x\
\x02k\xd7\xae\xf5\xfe~\xf4oH\x8f\xa5K\x97\xca\xcc\
\x993=\x83_\xff\xce(\xa9%\xa0\x092\xcf8\xe3\
\x0c\xe9\xdc\xb9\xb3h\xb2\xe3\x1a5j\xa4V\x00zK\
\x1b\x01\xddny\xc4\x88\x11^\x22a\xfd;\xa4@ \
Q\x028\x00\x12%\xc7}\xa1%\xa0_\xae:\xe3\xa4\
F\x98\x86\x9e\xb6j\xd5*\xb4\xb3N:\xd3\xaf?\xe4\
t]\xe6{\xef\xbd\xc7\xda~\xcb\x9ej]\xa2\xa2\xb9\
+\xea\xd4\xa9#\xb5k\xd7\xf6\x0e5\x82\xd4\xf0\xd1#\
++\xcb{\x0dSN\x0b}&5\x5cX\xd7\x09\xe7\
\xbc\xee\xfb>\xb7sj\xa0\xeck\xe8\xab\x91\xc2:c\
\xcb\x1ef\x9f\xc5\xd1\xff\xd3\x0d\x1b6\xf4\xfe?\xab3\
@\x97\x0bh\x14W\xce\xa1N\x5c\xcd\xa4\x1e\xa5\xdd\x04\
\xd4\xa9\xa5\x7f?9\x87~\xd6\xdc-\xfa\x9a\xf3w\xa3\
\xd1\x5c\xba\xacK_\xf5oD_5\x8cx\xfd\xfa\xf5\
\xde\xa1\x06\xbd\x1e\xba\xa5\xab\xfe]\xadX\xb1\x82=\xc5\
}~v\xfdnN\xb7\xcfTG\x80\xfenQ\xa7\xb1\
\xfe\x0d\xe8\xf3\xbf\xef+K\x07\xfc\xa6\x1eL{\xfa\xb7\
\xaa\xd1h\xfa7\xa9Ki\xf4\xefp\xf6\xec\xd92m\
\xda4\x99:u*\xbf\xd1\x82\xc1\x1e\xc9Vq\x00D\
r\xd8Q:\x1e\x02jd\xe5\xcc8\x1dv\xd8a\xa2\
G\xdd\xbau\x9dt\x0a\xe8\x0f>\x0d}\xfe\xee\xbb\xef\
\xbcCC\xa0\x09\xef\x8f\xe7i\xa0.\x04 \x00\x01\x08\
@\x00\x02\x10\x80\x00\x04\xdc%\x80\x03\xc0\xdd\xb1C\xf2\
4\x12\xd0Pm\x9d\x95\xcdq\x084h\xd0\xc0\x9b\x8d\
\xaaW\xaf\x9e\x14-Z4\x8d\x92\xfd\xafk5\xec\x17\
/^\xec%3S\xcf\xf1\xe4\xc9\x93EC\xfcuF\
\x88\x02\x01\x08@\x00\x02\x10\x80\x00\x04 \x00\x01\x08D\
\x8f\x00\x0e\x80\xe8\x8d9\x1a\x07H@\xc3M5T;\
\xc71\xa0!\xdc\x1a\x86\xaa[\xbe\xe5\x1c\xfaY\xa3\x0a\
r^\xd5\x99\x10o\xd9\xb1c\x87\x17\xc6\xa9ab\xba\
\x0eL\x0d\xfd%K\x96x\xaf\xfa^\x0f]+F\x81\
\x00\x04 \x00\x01\x08@\x00\x02\x10\x80\x00\x04 \x90C\
\x00\x07@\x0e\x09^!\x90&\x02\xc5\x8b\x17\xdf\xeb\x10\
\xc8q\x12\xe8k\x8e\x91\xaf\xeb5s\xd6l\xe6\xac\xdb\
\xd4ub\x14\x08@\x00\x02\x10\x80\x00\x04 \x00\x01\x08\
@\x00\x02\xf1\x10\xc0\x01\x10\x0f-\xeaB\x00\x02\x10\x80\
\x00\x04 \x00\x01\x08@\x00\x02\x10\x80\x00\x04\x1c%\x90\
\xe1\xa8\xdc\x88\x0d\x01\x08@\x00\x02\x10\x80\x00\x04 \x00\
\x01\x08@\x00\x02\x10\x80@\x1c\x04p\x00\xc4\x01\x8b\xaa\
\x10\x80\x00\x04 \x00\x01\x08@\x00\x02\x10\x80\x00\x04 \
\x00\x01W\x09\xe0\x00pu\xe4\x90\x1b\x02\x10\x80\x00\x04\
 \x00\x01\x08@\x00\x02\x10\x80\x00\x04 \x10\x07\x01\x1c\
\x00q\xc0\xa2*\x04 \x00\x01\x08@\x00\x02\x10\x80\x00\
\x04 \x00\x01\x08@\xc0U\x028\x00\x5c\x1d9\xe4\x86\
\x00\x04 \x00\x01\x08@\x00\x02\x10\x80\x00\x04 \x00\x01\
\x08\xc4A\x00\x07@\x1c\xb0\xa8\x0a\x01\x08@\x00\x02\x10\
\x80\x00\x04 \x00\x01\x08@\x00\x02\x10p\x95\x00\x0e\x00\
WG\x0e\xb9!\x00\x01\x08@\x00\x02\x10\x80\x00\x04 \
\x00\x01\x08@\x00\x02q\x10\xc0\x01\x10\x07,\xaaB\x00\
\x02\x10\x80\x00\x04 \x00\x01\x08@\x00\x02\x10\x80\x00\x04\
\x5c%\x80\x03\xc0\xd5\x91Cn\x08@\x00\x02\x10\x80\x00\
\x04 \x00\x01\x08@\x00\x02\x10\x80@\x1c\x04p\x00\xc4\
\x01\x8b\xaa\x10\x80\x00\x04 \x00\x01\x08@\x00\x02\x10\x80\
\x00\x04 \x00\x01W\x09\xe0\x00pu\xe4\x90\x1b\x02\x10\
\x80\x00\x04 \x00\x01\x08@\x00\x02\x10\x80\x00\x04 \x10\
\x07\x01\x1c\x00q\xc0\xa2*\x04 \x00\x01\x08@\x00\x02\
\x10\x80\x00\x04 \x00\x01\x08@\xc0U\x028\x00\x5c\x1d\
9\xe4\x86\x00\x04 \x00\x01\x08@\x00\x02\x10\x80\x00\x04\
 \x00\x01\x08\xc4A\x00\x07@\x1c\xb0\xa8\x0a\x01\x08@\
\x00\x02\x10\x80\x00\x04 \x00\x01\x08@\x00\x02\x10p\x95\
\x00\x0e\x00WG\x0e\xb9!\x00\x01\x08@\x00\x02\x10\x80\
\x00\x04 \x00\x01\x08@\x00\x02q\x10\xc0\x01\x10\x07,\
\xaaB\x00\x02\x10\x80\x00\x04 \x00\x01\x08@\x00\x02\x10\
\x80\x00\x04\x5c%\x80\x03\xc0\xd5\x91Cn\x08@\x00\x02\
\x10\x80\x00\x04 \x00\x01\x08@\x00\x02\x10\x80@\x1c\x04\
p\x00\xc4\x01\x8b\xaa\x10\x80\x00\x04 \x00\x01\x08@\x00\
\x02\x10\x80\x00\x04 \x00\x01W\x09\xe0\x00pu\xe4\x90\
\x1b\x02\x10\x80\x00\x04 \x00\x01\x08@\x00\x02\x10\x80\x00\
\x04 \x10\x07\x81B_}\xf5\xd5\x7f\xe2\xa8OU\x08\
@\x00\x02\x10\x80\x00\x04 \x00\x01\x08@\x00\x02\x10\x80\
\x00\x04\x1c$@\x04\x80\x83\x83\x86\xc8\x10\x80\x00\x04 \
\x00\x01\x08@\x00\x02\x10\x80\x00\x04 \x00\x81x\x09\xe0\
\x00\x88\x97\x18\xf5!\x00\x01\x08@\x00\x02\x10\x80\x00\x04\
 \x00\x01\x08@\x00\x02\x0e\x12\xc0\x01\xe0\xe0\xa0!2\
\x04 \x00\x01\x08@\x00\x02\x10\x80\x00\x04 \x00\x01\x08\
@ ^\x028\x00\xe2%F}\x08@\x00\x02\x10\x80\
\x00\x04 \x00\x01\x08@\x00\x02\x10\x80\x80\x83\x04p\x00\
88h\x88\x0c\x01\x08@\x00\x02\x10\x80\x00\x04 \x00\
\x01\x08@\x00\x02\x10\x88\x97\x00\x0e\x80x\x89Q\x1f\x02\
\x10\x80\x00\x04 \x00\x01\x08@\x00\x02\x10\x80\x00\x04 \
\xe0 \x01\x1c\x00\x0e\x0e\x1a\x22C\x00\x02\x10\x80\x00\x04\
 \x00\x01\x08@\x00\x02\x10\x80\x00\x04\xe2%\x80\x03 \
^b\xd4\x87\x00\x04 \x00\x01\x08@\x00\x02\x10\x80\x00\
\x04 \x00\x01\x088H\x00\x07\x80\x83\x83\x86\xc8\x10\x80\
\x00\x04 \x00\x01\x08@\x00\x02\x10\x80\x00\x04 \x00\x81\
x\x09\xe0\x00\x88\x97\x18\xf5!\x00\x01\x08@\x00\x02\x10\
\x80\x00\x04 \x00\x01\x08@\x00\x02\x0e\x12\xc0\x01\xe0\xe0\
\xa0!2\x04 \x00\x01\x08@\x00\x02\x10\x80\x00\x04 \
\x00\x01\x08@ ^\x028\x00\xe2%F}\x08@\x00\
\x02\x10\x80\x00\x04 \x00\x01\x08@\x00\x02\x10\x80\x80\x83\
\x04p\x0088h\x88\x0c\x01\x08@\x00\x02\x10\x80\x00\
\x04 \x00\x01\x08@\x00\x02\x10\x88\x97@\xa1Z\xb5j\
\xfd'\xde\x9b\xa8\x0f\x01\x08@\x00\x02\x10\x80\x00\x04 \
\x00\x01\x08@\x00\x02\x10\x80\x80[\x04\x88\x00pk\xbc\
\x90\x16\x02\x10\x80\x00\x04 \x00\x01\x08@\x00\x02\x10\x80\
\x00\x04 \x90\x10\x01\x1c\x00\x09a\xe3&\x08@\x00\x02\
\x10\x80\x00\x04 \x00\x01\x08@\x00\x02\x10\x80\x80[\x04\
p\x00\xb85^H\x0b\x01\x08@\x00\x02\x10\x80\x00\x04\
 \x00\x01\x08@\x00\x02\x10H\x88\x00\x0e\x80\x84\xb0q\
\x13\x04 \x00\x01\x08@\x00\x02\x10\x80\x00\x04 \x00\x01\
\x08@\xc0-\x028\x00\xdc\x1a/\xa4\x85\x00\x04 \x00\
\x01\x08@\x00\x02\x10\x80\x00\x04 \x00\x01\x08$D\x00\
\x07@B\xd8\xb8\x09\x02\x10\x80\x00\x04 \x00\x01\x08@\
\x00\x02\x10\x80\x00\x04 \xe0\x16\x01\x1c\x00n\x8d\x17\xd2\
B\x00\x02\x10\x80\x00\x04 \x00\x01\x08@\x00\x02\x10\x80\
\x00\x04\x12\x22\x90aJB7r\x13\x04 \x00\x01\x08\
@\x00\x02\x10\x80\x00\x04 \x00\x01\x08@\x00\x02n\x10\
P\xdb?\xa3H\x91\x22\x82\x13\xc0\x8d\x01CJ\x08@\
\x00\x02\x10\x80\x00\x04 \x00\x01\x08@\x00\x02\x10\x80@\
\xbc\x04\xd4\xe6W\xdb\xbfHff\xa6\xe8A\x81\x00\x04\
 \x00\x01\x08@\x00\x02\x10\x80\x00\x04 \x00\x01\x08@\
 \xbc\x04\x88\xff\x0f\xef\xd8\xa2\x19\x04 \x00\x01\x08@\
\x00\x02\x10\x80\x00\x04 \x00\x01\x08@`/\x01\x1c\x00\
{Q\xf0\x06\x02\x10\x80\x00\x04 \x00\x01\x08@\x00\x02\
\x10\x80\x00\x04 \x10^\x028\x00\xc2;\xb6h\x06\x01\
\x08@\x00\x02\x10\x80\x00\x04 \x00\x01\x08@\x00\x02\x10\
\xd8K\x00\x07\xc0^\x14\xbc\x81\x00\x04 \x00\x01\x08@\
\x00\x02\x10\x80\x00\x04 \x00\x01\x08\x84\x97\x00\x0e\x80\xf0\
\x8e-\x9aA\x00\x02\x10\x80\x00\x04 \x00\x81\xffg\xef\
N\x83\xad\xba\xce\x03a/\xb8\xcc\xc3E\x08\x10B \
\x84\x10B\xa0\xd1\x1a\x10\xb2FK\xb2\x06[\x96-;\
e\xbb\x93N\x9c\xb8\xd2\xddU\xe9\xaa\xa4\xaa\xbf\x1f_\
\xea\xcb/W\xa7\xfaWw\xba\x7fu\xa5\xba\xd3\x1d\xa7\
\xddv\x5crl)\x8a5D\x03\xc8\x80\x04\x08\x90\x90\
\xc4 \x091\xcfb\x86\x0b\x97\x19>\xde\x9d@$\xb8\
\xdc\x893\xec\xe1\xd9U\xb78\xf7\x9c\xbd\xf7Z\xeby\
\x0f\xf7\x9c\xfd\xee5\x10 @\x80\x00\x01\x02\xe7\x04$\
\x00\xceQx@\x80\x00\x01\x02\x04\x08\x10 @\x80\x00\
\x01\x02\x04\xca+ \x01P\xde\xd8j\x19\x01\x02\x04\x08\
\x10 @\x80\x00\x01\x02\x04\x08\x108' \x01p\x8e\
\xc2\x03\x02\x04\x08\x10 @\x80\x00\x01\x02\x04\x08\x10 \
P^\x01\x09\x80\xf2\xc6V\xcb\x08\x10 @\x80\x00\x01\
\x02\x04\x08\x10 @\x80\xc09\x01\x09\x80s\x14\x1e\x10\
 @\x80\x00\x01\x02\x04\x08\x10 @\x80\x00\x81\xf2\x0a\
H\x00\x947\xb6ZF\x80\x00\x01\x02\x04\x08\x10 @\
\x80\x00\x01\x02\x04\xce\x09H\x00\x9c\xa3\xf0\x80\x00\x01\x02\
\x04\x08\x10 @\x80\x00\x01\x02\x04\x08\x94W@\x02\xa0\
\xbc\xb1\xd52\x02\x04\x08\x10 @\x80\x00\x01\x02\x04\x08\
\x10 pN@\x02\xe0\x1c\x85\x07\x04\x08\x10 @\x80\
\x00\x01\x02\x04\x08\x10 @\xa0\xbc\x02\x12\x00\xe5\x8d\xad\
\x96\x11 @\x80\x00\x01\x02\x04\x08\x10 @\x80\x00\x81\
s\x02\x12\x00\xe7(< @\x80\x00\x01\x02\x04\x08\x10\
 @\x80\x00\x01\x02\xe5\x15\x90\x00(ol\xb5\x8c\x00\
\x01\x02\x04\x08\x10 @\x80\x00\x01\x02\x04\x08\x9c\x13\x90\
\x008G\xe1\x01\x01\x02\x04\x08\x10 @\x80\x00\x01\x02\
\x04\x08\x10(\xaf\x80\x04@yc\xabe\x04\x08\x10 \
@\x80\x00\x01\x02\x04\x08\x10 @\xe0\x9c\x80\x04\xc09\
\x0a\x0f\x08\x10 @\x80\x00\x01\x02\x04\x08\x10 @\x80\
@y\x05$\x00\xca\x1b[-#@\x80\x00\x01\x02\x04\
\x08\x10 @\x80\x00\x01\x02\xe7\x04$\x00\xceQx@\
\x80\x00\x01\x02\x04\x08\x10 @\x80\x00\x01\x02\x04\xca+\
 \x01P\xde\xd8j\x19\x01\x02\x04\x08\x10 @\x80\x00\
\x01\x02\x04\x08\x108' \x01p\x8e\xc2\x03\x02\x04\x08\
\x10 @\x80\x00\x01\x02\x04\x08\x10 P^\x01\x09\x80\
\xf2\xc6V\xcb\x08\x10 @\x80\x00\x01\x02\x04\x08\x10 \
@\x80\xc09\x01\x09\x80s\x14\x1e\x10 @\x80\x00\x01\
\x02\x04\x08\x10 @\x80\x00\x81\xf2\x0aH\x00\x947\xb6\
ZF\x80\x00\x01\x02\x04\x08\x10 @\x80\x00\x01\x02\x04\
\xce\x09H\x00\x9c\xa3\xf0\x80\x00\x01\x02\x04\x08\x10 @\
\x80\x00\x01\x02\x04\x08\x94W@\x02\xa0\xbc\xb1\xd52\x02\
\x04\x08\x10 @\x80\x00\x01\x02\x04\x08\x10 pN@\
\x02\xe0\x1c\x85\x07\x04\x08\x10 @\x80\x00\x01\x02\x04\x08\
\x10 @\xa0\xbc\x02\x12\x00\xe5\x8d\xad\x96\x11 @\x80\
\x00\x01\x02\x04\x08\x10 @\x80\x00\x81s\x02\x12\x00\xe7\
(< @\x80\x00\x01\x02\x04\x08\x10 @\x80\x00\x01\
\x02\xe5\x15\x90\x00(ol\xb5\x8c\x00\x01\x02\x04\x08\x10\
 @\x80\x00\x01\x02\x04\x08\x9c\x13\x90\x008G\xe1\x01\
\x01\x02\x04\x08\x10 @\x80\x00\x01\x02\x04\x08\x10(\xaf\
@\xbf\xd6\xd6\xd6\xf2\xb6N\xcb\x08\x10 @\x80\x00\x01\
\x02\x04\x08\x10 @\x80\x00\x81L@\x0f\x00o\x04\x02\
\x04\x08\x10 @\x80\x00\x01\x02\x04\x08\x10 P\x01\x01\
\x09\x80\x0a\x04Y\x13\x09\x10 @\x80\x00\x01\x02\x04\x08\
\x10 @\x80\x80\x04\x80\xf7\x00\x01\x02\x04\x08\x10 @\
\x80\x00\x01\x02\x04\x08\x10\xa8\x80\x80\x04@\x05\x82\xac\x89\
\x04\x08\x10 @\x80\x00\x01\x02\x04\x08\x10 @@\x02\
\xc0{\x80\x00\x01\x02\x04\x08\x10 @\x80\x00\x01\x02\x04\
\x08T@@\x02\xa0\x02A\xd6D\x02\x04\x08\x10 @\
\x80\x00\x01\x02\x04\x08\x10  \x01\xe0=@\x80\x00\x01\
\x02\x04\x08\x10 @\x80\x00\x01\x02\x04*  \x01P\
\x81 k\x22\x01\x02\x04\x08\x10 @\x80\x00\x01\x02\x04\
\x08\x10\x90\x00\xf0\x1e @\x80\x00\x01\x02\x04\x08\x10 \
@\x80\x00\x01\x02\x15\x10\x90\x00\xa8@\x905\x91\x00\x01\
\x02\x04\x08\x10 @\x80\x00\x01\x02\x04\x08H\x00x\x0f\
\x10 @\x80\x00\x01\x02\x04\x08\x10 @\x80\x00\x81\x0a\
\x08H\x00T \xc8\x9aH\x80\x00\x01\x02\x04\x08\x10 \
@\x80\x00\x01\x02\x04$\x00\xbc\x07\x08\x10 @\x80\x00\
\x01\x02\x04\x08\x10 @\x80@\x05\x04$\x00*\x10d\
M$@\x80\x00\x01\x02\x04\x08\x10 @\x80\x00\x01\x02\
\xfd\x10\x10h\xa6@\x9f>}R\xdf\xbe}\xb3\x9f\xe1\
\xc3\x87\xa7)S\xa6\xa4\x89\x13'\xa6S\xa7N\xa5\x13\
'N\xa4\xa3G\x8f\xa6={\xf6\xa45k\xd6\xa4\xb6\
\xb6\xb6\xec\xf9x\xed\xf4\xe9\xd3\xcd\xac\xb6\xb2\x09\x10 \
@\x80\x00\x01\x02\x04\x08\x10 P8\x01\x09\x80\xc2\x85\
\xac\x1c\x15\x8e\x0b\xff\xfe\xfd\xfb\xa71c\xc6\xa4{\xef\
\xbd7\xddy\xe7\x9d\xe9\xaa\xab\xaeJ---\x1d6\
0\x12\x01\x1b6lH+W\xaeL\x1f~\xf8a\xda\
\xbauk:t\xe8P\x96\x10\xe8\xf0\x00O\x12 @\
\x80\x00\x01\x02\x04\x08\x10 @\x80\xc0\x17\x04\xfa\xcc\x9c\
9\xd3\xad\xd4/\x90\xf8\xa5\xde\x02q\x91?r\xe4\xc8\
t\xd7]w\xa5G\x1ey$\xbb\xf0\x8f\x84@w\xb7\
#G\x8e\xa4\xf7\xdf\x7f?\xcd\x9d;7m\xda\xb4)\
\xed\xdb\xb7O\x22\xa0\xbbx\xf6#@\x80\x00\x01\x02\x04\
\x08\x10 @\xa0\xb2\x02\x12\x00\x95\x0d}s\x1a\x1e\x17\
\xfaq\xa7\xff[\xdf\xfaV\xba\xfb\xee\xbb\xb3^\x00\xbd\
\xadI\xf4\x0aX\xbati\x9a?\x7f~Z\xbbvm\
\xda\xbbwooO\xe58\x02\x04\x08\x10 @\x80\x00\
\x01\x02\x04\x08\x94^\xa0e\xc2\x84\x09?*}+5\
0\x17\x02q\xf1\x7f\xf9\xe5\x97\xa7'\x9ex\x22\xdd\x7f\
\xff\xfd\x97t\xf1\x1f\x0d\xea\xd7\xaf_:\xf3\xfeM\xb7\
\xdf~{\x1a:th\x8a\x9e\x011, \xe6\x0e\xb0\
\x11 @\x80\x00\x01\x02\x04\x08\x10 @\x80\xc0\x17\x05\
$\x00\xbe\xe8\xe1\xb7:\x0a\x0c\x1e<8\xddw\xdf}\
\xe9\xf1\xc7\x1fO\xf1\xb8V[$\x02&O\x9e\x9c\xfd\
\x0c\x180 \x1d>|8\x1d<x\xd0D\x81\xb5\x02\
v\x1e\x02\x04\x08\x10 @\x80\x00\x01\x02\x04J! \
\x01P\x8a0\x16\xa3\x11W^ye\xfa\xeew\xbf\x9b\
M\xfcW\x8f\x1a\xb7\xb6\xb6f\xab\x08\x8c\x1d;6\xeb\
\x1d\xb0\x7f\xff\xfe\xacW@=\xcarN\x02\x04\x08\x10\
 @\x80\x00\x01\x02\x04\x08\x14M\xc0*\x00E\x8bX\
A\xeb\x1bw\xe9\xaf\xb9\xe6\x9a4~\xfc\xf8\xba\xb6`\
\xe0\xc0\x81\xe9\xd6[oMW_}u\xba\xfe\xfa\xeb\
\xd3\x82\x05\x0b\xd2\xaaU\xab\xd2\xb1c\xc7\xeaZ\xae\x93\
\x13 @\x80\x00\x01\x02\x04\x08\x10 @ \xef\x02z\
\x00\xe4=B%\xa9\xdf\x90!C\xd2SO=\x95]\
\x98\xd7\xbbI1\xd7@\x94\x17\x93\x0d\xc6\xd0\x80\xe8\x19\
\xb0k\xd7\xae\xd4\xde\xde^\xef\xa2\x9d\x9f\x00\x01\x02\x04\
\x08\x10 @\x80\x00\x01\x02\xb9\x15\xd0\x03 \xb7\xa1)\
W\xc5\xe2\xce\xfc\xf4\xe9\xd3\x1b\xda\xa8\x98\x0f z\x02\
\xc4\xc4\x83\xd3\xa6MK\xb3g\xcfNK\x96,\xd1\x1b\
\xa0\xa1QP\x18\x01\x02\x04\x08\x10 @\x80\x00\x01\x02\
y\x11\x90\x00\xc8K$J\x5c\x8f\xb8#\x1f\x93\xfe\x0d\
\x1f>\xbc\xe1\xad\x8c\xb2\x87\x0d\x1b\x96n\xb8\xe1\x86l\
\xf8A\xac\x18\xf0\xfc\xf3\xcf\xa7\xad[\xb76\xbc.\x0a\
$@\x80\x00\x01\x02\x04\x08\x10 @\x80@3\x05$\
\x00\x9a\xa9_\x91\xb2\xe3\x22\xfc\xb2\xcb.K\xf1o\xb3\
\xb6\xbe}\xfbfC\x01f\xce\x9c\x99n\xbe\xf9\xe6\xf4\
\xca+\xafd?\xc7\x8f\x1foV\x95\x94K\x80\x00\x01\
\x02\x04\x08\x10 @\x80\x00\x81\x86\x0a\xf4mhi\x0a\
\xab\xa4@\x5c\xf8\x8f\x181\x22\x17moii\xc9\x12\
\x01\xdf\xfb\xde\xf7\xd2\x7f\xfc\x8f\xff\xb1\xe1\xc3\x12r\x81\
\xa0\x12\x04\x08\x10 @\x80\x00\x01\x02\x04\x08TR\xc0\
$\x80\x95\x0c{c\x1b\x1d+\x00\xc4\xf8\xff\x98\x9d?\
/\xdb\xd9\xa4D\xf4\x08\x889\x02\xb6o\xdf\x9e-\x19\
x\xea\xd4\xa9\xbcTQ=\x08\x10 @\x80\x00\x01\x02\
\x04\x08\x10 PS\x01C\x00j\xca\xe9d\x17\x13\xe8\
\xdf\xbf\xff\xc5^j\xea\xf319\xe1\xa3\x8f>\x9an\
\xbc\xf1\xc6lH\xc0\xd2\xa5KS[[[:q\xe2\
DS\xeb\xa5p\x02\x04\x08\x10 @\x80\x00\x01\x02\x04\
\x08\xd4Z@\x0f\x80Z\x8b:\xdf\x05\x02\xd1\xed\xfe\xfa\
\xeb\xaf\xcf\xc6\xde_\xf0b\x0e\x9e\x88\xde\x001A\xe1\
M7\xdd\x94\xc6\x8d\x1b\x97-\x17x\xe8\xd0\xa1d~\
\x80\x1c\x04G\x15\x08\x10 @\x80\x00\x01\x02\x04\x08\x10\
\xa8\x99\x80\x1e\x005\xa3t\xa2\xa2\x0bDo\x80\x193\
f\xa4I\x93&\xa5\xf9\xf3\xe7gK\x06n\xda\xb4I\
\x22\xa0\xe8\x81U\x7f\x02\x04\x08\x10 @\x80\x00\x01\x02\
\x042\x01=\x00\xbc\x11\xea.\x90\xf7\x1e\x00\xe7\x03\x0c\
\x1d:4\xeb\xb10~\xfc\xf8\x14u\x8f!\x01\x87\x0f\
\x1f>\x7f7\xbf\x13 @\x80\x00\x01\x02\x04\x08\x10 \
@\xa0P\x02z\x00\x14*\x5c*\xdb(\x81\xb8\xf0\x9f\
6mZ\xba\xfa\xea\xab\xd3\xd4\xa9S\xd3\xe2\xc5\x8b\xd3\
\xb2e\xcb\xb2\x89\x02\x1bU\x07\xe5\x10 @\x80\x00\x01\
\x02\x04\x08\x10 @\xa0\x96\x02\x12\x00\xb5\xd4t\xae\xd2\
\x09Do\x80\xfb\xee\xbb/M\x9e<9K\x04,\x5c\
\xb80\xad]\xbb6\x9d>}\xbatm\xd5 \x02\x04\
\x08\x10 @\x80\x00\x01\x02\x04\xca- \x01P\xee\xf8\
j]\x8d\x04br\xc0\xd1\xa3G\xa7\xeb\xae\xbb.\x9b\
\x1b`\xc1\x82\x05i\xef\xde\xbd5:\xbb\xd34[ \
z|\x0c\x192$\xc5j\x151)\xa4\x8d\x00\x01\x02\
\x04..\x10K\xe6\x1e9r$\xfb\x91\x10\xbf\xb8\x93\
W\x08\x10 \x90G\x01\x09\x80<FE\x9dr)\x10\
\x17\x871\x1c \x92\x017\xdcpC\x9a3gNZ\
\xbe|y:v\xecX.\xeb\xabR\x17\x0a\xc4\xc5}\
\xf4\xea\x982eJ\xba\xf6\xdak\xd3\xc8\x91#\xd3\xb0\
a\xc3\xd2\xa0A\x83\xd2\x80\x01\x03\xb29\x1f.<\xca\
3\x04\x08\x10 \xf0y\x81\xb8\xe8\x8f\xe5r\xe3\xf3\xaf\
\xbd\xbd=\x1d<x0m\xdf\xbe=\xad^\xbd:m\
\xde\xbc\xd9\xe7\xe2\xe7\xb1<&@\x80@\xce\x04$\x00\
r\x16\x10\xd5\xc9\xb7@\x5c@\xb6\xb6\xb6\xa6\xdbo\xbf\
=\x9b\x1f\xe0\xfd\xf7\xdfOo\xbc\xf1F\xda\xb6m\x9b\
a\x019\x0e]$ob\x85\x87X\xeaq\xd2\x99U\
\x1e\xe2\xa2\xff\xec\x1d\xff\xb8\xfb\xdf\xb7o\xdf\x1c\xd7^\
\xd5\x08\x10 \x90O\x81H\x04Do\x80H\x06\x1c=\
z4K\x06\xec\xde\xbd;K\x04\xc4\xdc9\x1b6l\
\xc8^\xcfg\xed\xd5\x8a\x00\x01\x02\xd5\x14\xe83s\xe6\
L\x83\x99\xab\x19\xfb\x86\xb5:.\xbe\xbe\xf6\xb5\xaf\xa5\
\xef\x7f\xff\xfb\x0d+\xb3\x11\x05\xc5\x17\x9f\xe3\xc7\x8f\xa7\
\xad[\xb7\xa6\xd7_\x7f=-Z\xb4(\xfb\xf2\xd3\x88\
\xb2\x95\xd1=\x81\xb8\xb8\xff\xd2\x97\xbe\x94\x9ez\xea\xa9\
\x14\xab:\xc4R\x8f\xf1~\xb4\x11 @\x80@}\x04\
\x22!\x10\x9f\x8d\xb1z\xce{\xef\xbd\x97^x\xe1\x85\
\xb4k\xd7\xae\xfa\x14\xe6\xac\x04\x08\x10 \xd0c\x01\xcb\
\x00\xf6\x98\xcc\x01=\x15\x88\x8b\xb0\xeb\xaf\xbf>\xdd|\
\xf3\xcd==4\xd7\xfbGo\x80h\xdb\x88\x11#\xd2\
m\xb7\xdd\x96&N\x9c\x98\xb6l\xd9\x92\x0e\x1c8\x90\
\xebzW\xa5r\xf1\x9e\xfb\xe1\x0f\x7f\x98%\x9f\xae\xbc\
\xf2J]\xfc\xab\x12x\xed$@\xa0\xa9\x02\xf1\xd9\xd8\
\xaf_\xbflh\xd55\xd7\x5c\x93\x1e~\xf8\xe1\xec\xf1\
\xbau\xeb\xb2\xc4@S+\xa7p\x02\x04\x08\x10H\x12\
\x00\xde\x04u\x17(k\x02\xe0,\x5c|\xd9\x89.\xe4\
17@\xac\x18\x10\x8f7n\xdc\x98u\x89<\xbb\x8f\
\x7f\x1b'\x10_<\x1f|\xf0\xc1\xf4\x83\x1f\xfc \x9b\
\xb41~\xb7\x11 @\x80@\xe3\x05\xe2\xf31z]\
\xc5\xbc97\xdexc\xfa\xe4\x93O\xd2\xa1C\x87\x1a\
_\x11%\x12 @\x80\xc09\x01\x09\x80s\x14\x1e\xd4\
K\xa0\xec\x09\x80\xcf\xbb\xc5\x17\x9d\x18g\x1e\xdd\xcew\
\xec\xd8\x91\xda\xda\xda$\x02>\x0fT\xc7\xc7\xf1E3\
\xe6gx\xfc\xf1\xc7\xd33\xcf<\x93.\xbf\xfc\xf2:\
\x96\xe6\xd4\x04\x08\x10 \xd0]\x81\xf8\xfb\x1c\x93\xaeF\
\x12 >\x1bc\x15\x9d\x93'Ov\xf7p\xfb\x11 \
@\x80@\x0d\x05$\x00j\x88\xe9T\x1d\x0bT)\x01\
pV \x86\x05Do\x80\xf8w\xcf\x9e=\xd9\xe4H\
1I\x92\xad>\x02\xf1\xe52\x96i\xfc\xc67\xbe\x91\
\x9ex\xe2\x89l\xa6\xff\xfa\x94\xe4\xac\x04\x08\x10 \xd0\
\x1b\x81\xf8;\x1d\x9f\x89\xb1\x9aN\xf4\x02\xf8\xec\xb3\xcf\
$\xc8{\x03\xe9\x18\x02\x04\x08\x5c\xa2\x80\x04\xc0%\x02\
:\xbck\x81*&\x00B%\xbe\xec\xc4\xf8\xc7[o\
\xbd5[! \xbe\xf0\xc4\xa4H1A\x92\xadv\x02\
\xe1<|\xf8\xf0\xf4\xd8c\x8fe\x17\xff1\xd1\x9f\x8d\
\x00\x01\x02\x04\xf2)\x10K\xb1\xc6\xbc,\xfb\xf6\xed\xcb\
\x92\x00>\x13\xf3\x19'\xb5\x22@\xa0\xbc\x02\x12\x00\xe5\
\x8dmnZV\xd5\x04@\x04 .N\xe3\xcbN\x8c\
\x7f\xbc\xea\xaa\xab\xb2.\x8f\x91\x088r\xe4Hn\xe2\
S\xf4\x8a\x0c\x1a4(\xebm\xf1\xf5\xaf\x7f=\x0d\x1e\
<\xb8\xe8\xcdQ\x7f\x02\x04\x08\x94^ \x92\xb61$\
 z\x01\xc4p\x00I\x80\xd2\x87\x5c\x03\x09\x10\xc8\x91\
\x80\x04@\x8e\x82Q\xd6\xaaT9\x01p6\xa6a0\
v\xec\xd84e\xca\x94l\x9cz,\x91d~\x80\xb3\
:\xbd\xff7\x5co\xbf\xfd\xf6\xf4\xedo\x7f\xdb\x98\xff\
\xde3:\x92\x00\x01\x02\x0d\x15\x88\xe4x$\x00\x86\x0c\
\x19\x926o\xdel\xf5\x9c\x86\xea+\x8c\x00\x81\xaa\x0b\
H\x00T\xfd\x1d\xd0\x80\xf6K\x00\xfc\x13r|\xe1\x89\
;\xd41,\xe0\xea\xab\xaf\xcez\x06\xc4\x92\x81\xed\xed\
\xed\xd9\x10\x81\x06\x84\xa2tE\xc4\xb8\xff\xdf\xfb\xbd\xdf\
\xcb<K\xd78\x0d\x22@\x80@\x89\x05\xe23q\xd4\
\xa8Q\xd9\xd0\xb8X9\xe7\xd8\xb1c%n\xad\xa6\x11\
 @ ?\x02}\xf3S\x155!P\x0d\x81X\x96\
n\xf2\xe4\xc9\xd9\xfa\xf4\xbf\xf3;\xbf\x93\xee\xb8\xe3\x8e\
l\x99\xa4j\xb4\xbev\xad\x8c/\x8f\xf7\xdcsOf\
Y\xbb\xb3:\x13\x01\x02\x04\x084J \xe6l\x999\
sf\x9a0aB6d\xaeQ\xe5*\x87\x00\x01\x02\
U\x16\xb0@v\x95\xa3\xaf\xedM\x15\x186lX\xb6\
\x5c`L\x864q\xe2\xc4\xf4\xe2\x8b/f\xab\x054\
\xb5R\x05*<\xee\xfe\xc7\xc4\x7f\x91\x08\xb0\x11 @\
\x80@1\x05bx\xdc]w\xdd\x95\xb6l\xd9b(\
@1C\xa8\xd6\x04\x08\x14L@\x0f\x80\x82\x05Lu\
\xcb%\x10\x17\xaf\xe3\xc6\x8d\xcbf\xaf\xff\xde\xf7\xbe\x97\
\xa2w\x80\xad{\x02O>\xf9d\xd6}\xb4{{\xdb\
\x8b\x00\x01\x02\x04\xf2(\xd0\xb7o\xdf\xac7\xd7\xf8\xf1\
\xe3S<\xb6\x11 @\x80@}\x05\xfc\xa5\xad\xaf\xaf\
\xb3\x13\xe8\x96@\xac\x14\xf0\xf0\xc3\x0f\xa7\xdf\xfa\xad\xdf\
\xea\xd6\xfeU\xdf)\xba\x8d>\xf0\xc0\x03Ug\xd0~\
\x02\x04\x08\x94B`\xc4\x88\x11\xe9\xa6\x9bnJ\x03\x06\
\x0c(E{4\x82\x00\x01\x02y\x16\x90\x00\xc8st\
\xd4\xadR\x02qQ\x1b]\xdao\xb9\xe5\x96J\xb5\xbb\
7\x8d\x9d>}z6\x89bo\x8eu\x0c\x01\x02\x04\
\x08\xe4K z\xc3E\x02 >\x07m\x04\x08\x10 \
P_\x01\x09\x80\xfa\xfa:;\x81\x1e\x09\xc4\x9a\xf6\xbf\
\xfd\xdb\xbfmR\xc0.\xd4b\xe9?\x1b\x01\x02\x04\x08\
\x94G\xe0\xec2\xb9\xe6u)OL\xb5\x84\x00\x81|\
\x0aH\x00\xe43.jUQ\x81\xf8\xe2\x13\x93\xdb\xcd\
\x981\xa3\xa2\x02]7;\xc6\x88\xdez\xeb\xad]\xef\
h\x0f\x02\x04\x08\x10(\x8c@\xfcm\x8f\xde]\xe6\xc2\
)L\xc8T\x94\x00\x81\x82\x0aH\x00\x144p\xaa]\
^\x81\xc1\x83\x07g\x13\x22\x99\x0c\xa9\xe3\x18_q\xc5\
\x15\xa9\xb5\xb5\xb5\xe3\x17=K\x80\x00\x01\x02\x85\x15\x88\
%r[ZZ\x0a[\x7f\x15'@\x80@\x11\x04$\
\x00\x8a\x10%u\xac\x94@\x5c\xf8\xc7\xca\x00\xa3F\x8d\
\xaaT\xbb\xbb\xdb\xd8\x98,J\x17\xd1\xeej\xd9\x8f\x00\
\x01\x02\xc5\x11\x88\xbf\xef\x92\xdf\xc5\x89\x97\x9a\x12 P\
L\x01\x09\x80b\xc6M\xadK.\x10s\x01\x5c}\xf5\
\xd5%oe\xef\x9a\x17w\xff%\x00zg\xe7(\x02\
\x04\x08\xe4Y\xc0\xdf\xf7<GG\xdd\x08\x10(\x8b\x80\
\x04@Y\x22\xa9\x1d\xa5\x12\xe8\xdf\xbf\x7f\x8a\xae\xee\xb6\
\x0b\x05\x86\x0f\x1f.\x01p!\x8bg\x08\x10 Px\
\x81H\x00\xe8\x01P\xf80j\x00\x01\x029\x17\x90\x00\
\xc8y\x80T\xaf\x9a\x021\x09\xd2\xd0\xa1C\xab\xd9\xf8\
.Z\x1d.z\x00t\x81\xe4e\x02\x04\x08\x14P\xc0\
\xe7^\x01\x83\xa6\xca\x04\x08\x14N@\x02\xa0p!S\
\xe1\xaa\x08\x98\x08\xa9\xe3H\x9f8q\x22\x9d>}\xba\
\xe3\x17=K\x80\x00\x01\x02\x85\x15\x88\xbf\xef6\x02\x04\
\x08\x10\xa8\xaf\x80\x04@}}\x9d\x9d@\xaf\x04N\x9d\
:\x95\x8e\x1e=\xda\xabc\xcb~\xd0\x81\x03\x07\xca\xde\
D\xed#@\x80@%\x05\xe2\xef\xbb\x04o%C\xaf\
\xd1\x04\x084P@\x02\xa0\x81\xd8\x8a\x22\xd0]\x81\x93\
'O\xa6\xb6\xb6\xb6\xee\xee^\xa9\xfd\xc2%\x12$6\
\x02\x04\x08\x10(\x97@$\x00\xfc}/WL\xb5\x86\
\x00\x81\xfc\x09H\x00\xe4/&jD \xbb\xfb\xbfu\
\xebV\x12\x1d\x08\xe8\x01\xd0\x01\x8a\xa7\x08\x10 P\x02\
\x01=\x00J\x10DM @ \xf7\x02\x12\x00\xb9\x0f\
\x91\x0aVQ\xe0\xf0\xe1\xc3i\xe3\xc6\x8dUlz\x97\
m\xde\xb9sg\x8a\x1e\x126\x02\x04\x08\x10(\x97\xc0\
\xf6\xed\xdb\xf5\x00(WH\xb5\x86\x00\x81\x1c\x0aH\x00\
\xe40(\xaaTm\x81\xe3\xc7\x8f\xa7\x8f?\xfe8E\
\x12\xc0v\xa1@{{{Z\xbdz\xf5\x85/x\x86\
\x00\x01\x02\x04\x0a-\xb0r\xe5\xca\x14\x9f\x816\x02\x04\
\x08\x10\xa8\x9f\x80\x04@\xfdl\x9d\x99@\xaf\x04\xe2\x02\
\xf7\xad\xb7\xde2\x11\xd2E\xf4b\x82\xa8\xa5K\x97^\
\xe4UO\x13 @\x80@\x11\x05\xf6\xec\xd9\x93\xb6l\
\xd9\xa2\x07@\x11\x83\xa7\xce\x04\x08\x14J@\x02\xa0P\
\xe1R\xd9\xb2\x0b\xc4\xe4G\xcb\x96-Kk\xd7\xae-\
{S/\xa9}\x1f|\xf0\x81/\x89\x97$\xe8`\x02\
\x04\x08\xe4K`\xc5\x8a\x15V\xbf\xc9WH\xd4\x86\x00\
\x81\x92\x0aH\x00\x944\xb0\x9aUL\x81m\xdb\xb6\xa5\
_\xfc\xe2\x17\xee\xfew\x11\xbe\xcf>\xfbL\x92\xa4\x0b\
#/\x13 @\xa0(\x02\xd1\xed?\xba\xff[\xfe\xb6\
(\x11SO\x02\x04\x8a, \x01P\xe4\xe8\xa9{\xa9\
\x04b\xf2\xa3\x9f\xfe\xf4\xa7i\xf7\xee\xdd\xa5jW\xbd\
\x1a\xf3\xc2\x0b/\xa4c\xc7\x8e\xd5\xeb\xf4\xceK\x80\x00\
\x01\x02\x0d\x12\x88y]b\xee\x1b\xe3\xff\x1b\x04\xae\x18\
\x02\x04*- \x01P\xe9\xf0k|\x1e\x04\xa2\xdb\xff\
\x86\x0d\x1b\xd2\xdf\xfe\xed\xdf\xa6\x0f?\xfc0\x0fU*\
D\x1d\xc2j\xf9\xf2\xe5\x85\xa8\xabJ\x12 @\x80@\
\xc7\x021\xef\xcd\xbcy\xf3\xd2\xde\xbd{;\xde\xc1\xb3\
\x04\x08\x10 PS\x81~5=\x9b\x93\x11 \xd0#\
\x81\xf8\xe2\x13\x17\xb1\xb3f\xcdJ1\xfe\xd1\xd6}\x81\
X\x0a\xf0\x95W^I\xd7_\x7f}\x1a>|x\xf7\
\x0f\xb4'\x01\x02\x04\x08\xe4F >\xfb\xdc\xfd\xcfM\
8T\x84\x00\x81\x0a\x08H\x00T \xc8\x9a\x98?\x81\
\xb8x\xdd\xb8qcZ\xb2dIZ\xb8pa\x8a1\
\xed1\xbb\xbd\xad\xfb\x02\xe1\x15\x93%\xce\x993'=\
\xf1\xc4\x13\xa9\x7f\xff\xfe\xdd?\xd8\x9e\x04\x08\x10 \xd0\
t\x81\x98Q\xa5\xfd}\x00\x00@\x00IDAT\xf7\
f\xfe\xfc\xf9)V\x00\xb0\x11 @\x80@c\x04$\
\x00\x1a\xe3\xac\x14\x02\xe7\x04\xe2\x8bN\x5c\xf8\xbf\xfb\xee\
\xbb\xd9z\xf6G\x8e\x1c9\xf7\x9a\x07=\x13\x88\x09\xa3\
f\xcf\x9e\x9dF\x8e\x1c\x99\xee\xbd\xf7\xde\xd4\xa7O\x9f\
\x9e\x9d\xc0\xde\x04\x08\x10 \xd0\x14\x81\xe8\xf2\xff\xe6\x9b\
of\xbd\xdf\x8c\xfdoJ\x08\x14J\x80@E\x05$\
\x00*\x1ax\xcdn\xbc@\x5c\xac\xc6,\xc7o\xbd\xf5\
V\xfa\xe4\x93O\xd2\xbe}\xfb\xdc\xf5\xbf\xc40D/\
\x80]\xbbv\xa5W_}5\xb5\xb6\xb6\xa6[n\xb9\
\xe5\x12\xcf\xe8p\x02\x04\x08\x10\xa8\xb7\xc0\xe1\xc3\x87\xd3\
\x82\x05\x0b\xb2\xbb\xff\x87\x0e\x1d\xaawq\xceO\x80\x00\
\x01\x02\x9f\x13\x90\x00\xf8\x1c\x86\x87\x04\xea!\x10\x17\xa9\
\xd1\xcd\xf1\xf5\xd7_\xcf&\xf9\x8b\x0b\xd6\x13'N\xd4\
\xa3\xa8J\x9e3\x86S\xc4$\x8a1\x1f\xc0\xd0\xa1C\
\xd3\xe4\xc9\x93+\xe9\xa0\xd1\x04\x08\x10(\x82@\xac\xde\
\x12=\xe0b\xee\x9bH\x84\xdb\x08\x10 @\xa0\xb1\x02\
\x12\x00\x8d\xf5VZ\xc5\x04\xe2\x8b\xceo~\xf3\x9b\xec\
\x8bN\x5c\xf8\xeb\xee_\x9f7@$T\xa2w\xc5\xb3\
\xcf>\x9b\xbe\xf5\xado\xa5\x1bo\xbc\xb1>\x059+\
\x01\x02\x04\x08\xf4Z \xee\xfc\xc7\x98\xff_\xff\xfa\xd7\
Y\xef-s\xdf\xf4\x9a\xd2\x81\x04\x08\x10\xe8\xb5\x80\x04\
@\xaf\xe9\x1cH\xa0s\x81X\xd7\xf8\xe7?\xffyZ\
\xbf~}\x8a\xee\xff\xbe\xe8t\xeeu\xa9\xaf\xc6\x18\xd2\
\x8f>\xfa(\xed\xdf\xbf?}\xe7;\xdfIw\xdcq\
G\xea\xd7\xcf\x9f\xb8Kuu<\x01\x02\x04j!\x10\
\x17\xffq\xe1\xff\xdak\xafe\xc9p\x9f\x89\xb5Pu\
\x0e\x02\x04\x08\xf4\x5c\xc0\xb7\xe3\x9e\x9b9\x82@\xa7\x02\
\x07\x0e\x1cH\x7f\xf7w\x7f\x97Mn\xe4\x0bN\xa7T\
5\x7f1\x86\x03l\xda\xb4)\xfd\xf8\xc7?\xce\xd6\x94\
~\xf0\xc1\x07\xd3\xe0\xc1\x83k^\x8e\x13\x12 @\x80\
@\xf7\x05\xa2\xab\xffO~\xf2\x93\xb4h\xd1\x22\xc9\xf0\
\xee\xb3\xd9\x93\x00\x01\x02u\x11\x90\x00\xa8\x0b\xab\x93V\
M\xe0\xd4\xa9S\xd9]\xfeX\xd2\xef\xf9\xe7\x9f\xcf\x96\
4r\xf1\xdf\xbcwA$a\xe2\xcbf\xc4\xe3\x99g\
\x9eIS\xa7NM\x83\x06\x0d\xb2J@\xf3B\xa2d\
\x02\x04*&\x10\x09\xd9\xf6\xf6\xf6l\x08\xdcK/\xbd\
\x94=\xae\x18\x81\xe6\x12 @ \x97\x02\x12\x00\xb9\x0c\
\x8bJ\x15E .\xf2\xa3[\xe3\x9a5k\xb2I\xe8\
b\x1c\xba\xe5\x8c\xf2\x13\xbdU\xabV\xa5\xff\xf2_\xfe\
K\xba\xfd\xf6\xdb\xd3\x93O>\x99\xc6\x8e\x1d\x9b\x06\x0e\
\x1c\x98%\x03\x0c\x0f\xc8O\x9c\xd4\x84\x00\x81\xe2\x0b\xc4\
\xe7a\xcc{\x13C\xde\xe2\xc2\xff\xc3\x0f?\xcc>\x17\
w\xec\xd8Q\xfc\xc6i\x01\x01\x02\x04J$ \x01P\
\xa2`jJ\xe3\x04\xce~\xd1\xd9\xb2eKv\x97\xf9\
\xed\xb7\xdf6\x9bq\xe3\xf8{TR\xf4\xce\x88\x19\xa7\
\xe3\xe7\xaa\xab\xaeJ\xd3\xa7OO\xd3\xa6MK\xe3\xc6\
\x8dK\xfd\xfb\xf7\xcf~ZZZ\xb2\xf9\x02\xfa\xf6\xed\
\xdb\xa3s\xdb\x99\x00\x01\x02U\x14\x88\xcf\xc0\xb8\xc3\x1f\
?1\x09k\xfc\x1c<x0[\x91%\xe6b\x89\xe4\
k[[\x9b\xee\xfeU|sh3\x01\x02\xb9\x17\x90\
\x00\xc8}\x88T0o\x02\xf1\x85'\xeeh,[\xb6\
,\xcd\x9d;7\xfb\xc2\x13\x17\x99\xb6\xfc\x0bl\xdd\xba\
5\xc5\xcf\x9bo\xbe\x99\x86\x0d\x1b\x96.\xbb\xec\xb2l\
\xe9\xc0x\x1cK\x08\x0e\x180 \xff\x8dPC\x02\x04\
\x084Y\xe0l\xef\xb7C\x87\x0ee\x17\xfe\xf1\xef\xde\
\xbd{\xb3\x1eqM\xae\x9a\xe2\x09\x10 @\xa0\x0b\x01\
\x09\x80.\x80\xbcL\xe0\xac@|\xe1\x89;\x1a+V\
\xacH\xef\xbc\xf3N\x96\x00\xb0\xac\xdfY\x9db\xfd\x1b\
\x09\x9b\x98' ~l\x04\x08\x10 @\x80\x00\x01\x02\
\x04\xaa\x22 \x01P\x95Hk\xe7%\x09\xc4]\xff\x8f\
?\xfe8\xebF\xbed\xc9\x92\xb4{\xf7\xeeK:\x9f\
\x83\x09\x10 @\x80\x00\x01\x02\x04\x08\x10 \xd0h\x01\
\x09\x80F\x8b+\xafp\x02\x9b7o\xce\xee\xf8/]\
\xba4\xad_\xbf\xde\x98\xc6\xc2EP\x85\x09\x10 @\
\x80\x00\x01\x02\x04\x08\x10\x08\x01\x09\x00\xef\x03\x02\x17\x11\
\x88\xee\xfe\x8b\x17/\xce~bB#\xdd\xfd/\x02\xe5\
i\x02\x04\x08\x10 @\x80\x00\x01\x02\x04\x0a! \x01\
P\x880\xa9d#\x05b6\xe3\x98\xc5x\xce\x9c9\
Y\xb7\xff}\xfb\xf6\xb9\xeb\xdf\xc8\x00(\x8b\x00\x01\x02\
\x04\x08\x10 @\x80\x00\x81\xba\x08H\x00\xd4\x85\xd5I\
\x8b*\xb0m\xdb\xb6l\x86\xf8\xe8\xee\xbfs\xe7\xcet\
\xfc\xf8\xf1\xa26E\xbd\x09\x10 @\x80\x00\x01\x02\x04\
\x08\x10 \xf0\x05\x01\x09\x80/p\xf8\xa5\xaa\x02\x87\x0f\
\x1fN\x8b\x16-Jo\xbc\xf1F\xda\xb2eK:v\
\xec\x98\xbb\xfeU}3h7\x01\x02\x04\x08\x10 @\
\x80\x00\x81\x92\x0aH\x00\x944\xb0ykV\xcc\xa2\x9f\
\xc7-\x96\x83\xdb\xb8qcz\xee\xb9\xe7\xb2e\xfd\xe2\
\x8e\x7f,\xf7g#@\x80\x00\x01\x02\x04\x08\x10 @\
\x80@\xd9\x04$\x00\xca\x16\xd1\x1c\xb6'.\xb2\xf7\xef\
\xdf\x9f\xab\x9a\xc5E~\xdc\xf5\x7f\xf1\xc5\x17\xd3\xab\xaf\
\xbej\x82\xbf\x5cEGe\x08\x10 @\x80\x00\x01\x02\
\x04\x08\x10\xa8\x87\x80\x04@=T\x9d\xf3\x0b\x02q\xb1\
\xbdw\xef\xde/<\xd7\xac_\xce^\xf8\xafX\xb1\x22\
=\xfb\xec\xb3)\xc6\xfc\xdb\x08\x10 @\x80\x00\x01\x02\
\x04\x08\x10 P\x05\x01\x09\x80*D\xb9\xc9m\x8c\x8b\
\xee\xe8\x01\x10\xff\xf6\xe9\xd3\xa7)\xb5\x89\xb2\xdb\xdb\xdb\
\xb3\xf1\xfd/\xbf\xfcr\xb6\xb4_S*\xa2P\x02\x04\
\x08\x10 @\x80\x00\x01\x02\x04\x084I@\x02\xa0I\
\xf0U*6.\xbe\x8f\x1c9\x92\x0e\x1e<\x98\x86\x0f\
\x1f\xde\xf0\xa6\x1f=z4}\xf6\xd9g\xe9\x9dw\xde\
\xc9f\xf8?p\xe0@\xc3\xeb\xa0@\x02\x04\x08\x10 \
@\x80\x00\x01\x02\x04\x084[@\x02\xa0\xd9\x11\xa8H\
\xf9q\x11\xfe\xf1\xc7\x1f\xa7\x193f4\xac\xc51\xf7\
@,\xe5\xb7|\xf9\xf24o\xde\xbc\xb4n\xdd\xbat\
\xe2\xc4\x89\x86\x95\xaf \x02\x04\x08\x10 @\x80\x00\x01\
\x02\x04\x08\xe4I@\x02 O\xd1(q]\xa2\x07\xc0\
\xbb\xef\xbe\x9b\xee\xb8\xe3\x8e\xd4\xd2\xd2R\xd7\x96F\x8f\
\x83\xb6\xb6\xb6,\xe1\x10K\xfb-[\xb6,\xeb}P\
\xd7B\x9d\x9c\x00\x01\x02\x04\x08\x10 @\x80\x00\x01\x02\
9\x17\x90\x00\xc8y\x80\xcaR\xbdX^/\xee\xc0o\
\xdd\xba5]}\xf5\xd5ukV\x94\xb3v\xed\xdal\
\x8c\xff\xd2\xa5K\xb3\xae\xff\x91\x10\xb0\x11 @\x80\x00\
\x01\x02\x04\x08\x10 @\xa0\xea\x02\x12\x00U\x7f\x074\
\xb0\xfd\xbbw\xefNs\xe7\xceM\xdf\xfe\xf6\xb7\xd3\x90\
!CjZr\x5c\xe4\xef\xda\xb5+\xcd\x9f??\xc5\
\x85\xff\xfa\xf5\xebS$\x03l\x04\x08\x10 @\x80\x00\
\x01\x02\x04\x08\x10 \xf0O\x02\x12\x00\xde\x09\x0d\x13\x88\
a\x001\x11\xdf\x981c\xd2\xc3\x0f?\x9c\xfa\xf7\xef\
_\x93\xb2c\x5c\xff\x82\x05\x0b\xb2\x8b\xff\xe8e\x10\xdd\
\xffm\x04\x08\x10 @\x80\x00\x01\x02\x04\x08\x10 \xf0\
E\x01\x09\x80/z\xf8\xad\x8e\x02q\x97~\xcf\x9e=\
\xe9\x8d7\xdeHC\x87\x0eM3g\xceL\xfd\xfa\xf5\
\xfe-\x18\x93\xfc\xc5\xf8\xfe9s\xe6\xa4\xd5\xabWg\
\xe7\xd6\xdd\xbf\x8e\x01tj\x02\x04\x08\x10 @\x80\x00\
\x01\x02\x04\x0a-\xd0\xe7\xccE\x98\x01\xd2\x85\x0ea\xf1\
*\xdf\xb7o\xdf4r\xe4\xc8lE\x80\xaf~\xf5\xab\
i\xdc\xb8q=j\xc4\xc9\x93'\xd3\x8a\x15+\xd2\xec\
\xd9\xb3\xb3\xf1\xfe\xfb\xf7\xef7\xbb\x7f\x8f\x04\xedL\x80\
\x00\x01\x02\x04\x08\x10 @\x80@\x15\x05$\x00\xaa\x18\
\xf5\x1c\xb4\xb9O\x9f>\xd9\x10\x80\xd1\xa3G\xa7\xfb\xef\
\xbf?\xdd}\xf7\xddi\xec\xd8\xb1)\x92\x03\x1dmq\
\xd1\x1fK\xfa\xad\x5c\xb92-Y\xb2$\x1b\xe3\x7f\xf0\
\xe0\xc1\x14\xcf\xdb\x08\x10 @\x80\x00\x01\x02\x04\x08\x10\
 @\xa0k\x01\x09\x80\xae\x8d\xecQg\x81H\x06\xc4\
\xcf\xe5\x97_\x9e\xa6N\x9d\x9a\xae\xbb\xee\xba\xac\xc4\x18\
\xdb\x7f\xec\xd8\xb1\xb4w\xef\xde\xf4\xc9'\x9fd3\xfa\
\x9f\xbd\xe0\xd7\xd5\xbf\xceAqz\x02\x04\x08\x10 @\
\x80\x00\x01\x02\x04J' \x01P\xba\x90j\x10\x01\x02\
\x04\x08\x10 @\x80\x00\x01\x02\x04\x08\x10\xb8P\xa0\xe3\
\xfe\xd6\x17\xee\xe7\x19\x02\x04\x08\x10 @\x80\x00\x01\x02\
\x04\x08\x10 @\xa0\xc0\x02\x12\x00\x05\x0e\x9e\xaa\x13 \
@\x80\x00\x01\x02\x04\x08\x10 @\x80\x00\x81\xee\x0aH\
\x00tW\xca~\x04\x08\x10 @\x80\x00\x01\x02\x04\x08\
\x10 @\xa0\xc0\x02\x12\x00\x05\x0e\x9e\xaa\x13 @\x80\
\x00\x01\x02\x04\x08\x10 @\x80\x00\x81\xee\x0aH\x00t\
W\xca~\x04\x08\x10 @\x80\x00\x01\x02\x04\x08\x10 \
@\xa0\xc0\x02\x12\x00\x05\x0e\x9e\xaa\x13 @\x80\x00\x01\
\x02\x04\x08\x10 @\x80\x00\x81\xee\x0aH\x00tW\xca\
~\x04\x08\x10 @\x80\x00\x01\x02\x04\x08\x10 @\xa0\
\xc0\x02\x12\x00\x05\x0e\x9e\xaa\x13 @\x80\x00\x01\x02\x04\
\x08\x10 @\x80\x00\x81\xee\x0aH\x00tW\xca~\x04\
\x08\x10 @\x80\x00\x01\x02\x04\x08\x10 @\xa0\xc0\x02\
\x12\x00\x05\x0e\x9e\xaa\x13 @\x80\x00\x01\x02\x04\x08\x10\
 @\x80\x00\x81\xee\x0aH\x00tW\xca~\x04\x08\x10\
 @\x80\x00\x01\x02\x04\x08\x10 @\xa0\xc0\x02\x12\x00\
\x05\x0e\x9e\xaa\x13 @\x80\x00\x01\x02\x04\x08\x10 @\
\x80\x00\x81\xee\x0aH\x00tW\xca~\x04\x08\x10 @\
\x80\x00\x01\x02\x04\x08\x10 @\xa0\xc0\x02\x12\x00\x05\x0e\
\x9e\xaa\x13 @\x80\x00\x01\x02\x04\x08\x10 @\x80\x00\
\x81\xee\x0aH\x00tW\xca~\x04\x08\x10 @\x80\x00\
\x01\x02\x04\x08\x10 @\xa0\xc0\x02\xfd\x0e\x1c8P\xe0\
\xea\xab:\x01\x02\x04\x08\x10 @\x80\x00\x01\x02\x04\x08\
\x10 \xd0\x1d\x01=\x00\xba\xa3d\x1f\x02\x04\x08\x10 \
@\x80\x00\x01\x02\x04\x08\x10 Pp\x01\x09\x80\x82\x07\
P\xf5\x09\x10 @\x80\x00\x01\x02\x04\x08\x10 @\x80\
@w\x04$\x00\xba\xa3d\x1f\x02\x04\x08\x10 @\x80\
\x00\x01\x02\x04\x08\x10 Pp\x01\x09\x80\x82\x07P\xf5\
\x09\x10 @\x80\x00\x01\x02\x04\x08\x10 @\x80@w\
\x04$\x00\xba\xa3d\x1f\x02\x04\x08\x10 @\x80\x00\x01\
\x02\x04\x08\x10 Pp\x01\x09\x80\x82\x07P\xf5\x09\x10\
 @\x80\x00\x01\x02\x04\x08\x10 @\x80@w\x04$\
\x00\xba\xa3d\x1f\x02\x04\x08\x10 @\x80\x00\x01\x02\x04\
\x08\x10 Pp\x01\x09\x80\x82\x07P\xf5\x09\x10 @\
\x80\x00\x01\x02\x04\x08\x10 @\x80@w\x04$\x00\xba\
\xa3d\x1f\x02\x04\x08\x10 @\x80\x00\x01\x02\x04\x08\x10\
 Pp\x01\x09\x80\x82\x07P\xf5\x09\x10 @\x80\x00\
\x01\x02\x04\x08\x10 @\x80@w\x04$\x00\xba\xa3d\
\x1f\x02\x04\x08\x10 @\x80\x00\x01\x02\x04\x08\x10 P\
p\x01\x09\x80\x82\x07P\xf5\x09\x10 @\x80\x00\x01\x02\
\x04\x08\x10 @\x80@w\x04$\x00\xba\xa3d\x1f\x02\
\x04\x08\x10 @\x80\x00\x01\x02\x04\x08\x10 Pp\x01\
\x09\x80\x82\x07P\xf5\x09\x10 @\x80\x00\x01\x02\x04\x08\
\x10 @\x80@w\x04$\x00\xba\xa3d\x1f\x02\x04\x08\
\x10 @\x80\x00\x01\x02\x04\x08\x10 Pp\x01\x09\x80\
\x82\x07P\xf5\x09\x10 @\x80\x00\x01\x02\x04\x08\x10 \
@\x80@w\x04\xfaug'\xfb\x10\xa8\x97@\x9f>\
}R\xdf\xbe}\xb3\x9f\xd6\xd6\xd6t\xc3\x0d7\xa4k\
\xaf\xbd6\x9d<y2\x1d?~<\x1d;v,\xed\
\xda\xb5+\xadZ\xb5*\x1d8p \x9d:u*\xfb\
9}\xfat\xbd\xaa\xe4\xbc\x04\x08\x10 @\x80\x00\x01\
\x02\x04\x08\x10(\xa5\x80\x04@)\xc3\x9a\xffF\xc5\x85\
\xff\x80\x01\x03\xd2\x15W\x5c\x91\x1ez\xe8\xa1t\xf7\xdd\
w\xa7\x09\x13&\xa4~\xfd:~K\x1e9r$\xad\
[\xb7.-[\xb6,\xbd\xf7\xde{i\xd3\xa6M\xe9\
\xd0\xa1CY2 \xff\xadUC\x02\x04\x08\x10 @\
\x80\x00\x01\x02\x04\x084_\xa0\xcf\xf4\xe9\xd3\xddJm\
~\x1c*U\x83\x96\x96\x964j\xd4\xa84s\xe6\xcc\
\xf4\xe4\x93O\xa6\xf1\xe3\xc7g=\x00\xba\x8bp\xf8\xf0\
\xe1\xb4d\xc9\x924{\xf6\xec\xb4~\xfd\xfa\xb4w\xef\
^\x89\x80\xee\xe2\xd9\x8f\x00\x01\x02\x04\x08\x10 @\x80\
\x00\x81\xca\x0aH\x00T6\xf4\xcdixt\xf7\x8f\x0b\
\xfe\xef~\xf7\xbb\xe9\xbe\xfb\xeeK\xfd\xfb\xf7\xefuE\
\xa2W@$\x02\xe6\xcc\x99\x93>\xfd\xf4\xd3\xb4g\xcf\
\x9e^\x9f\xcb\x81\x04\x08\x10 @\x80\x00\x01\x02\x04\x08\
\x10(\xbb@\xcb\x981c~T\xf6Fj_>\x04\
\xa2\xdb\x7f\xdc\xf9\x7f\xfa\xe9\xa7\xd3\xc3\x0f?\x9c\x0d\x01\
\xb8\x94\x9a\xc5p\x81\x89\x13'\xa6\x193f\xa4a\xc3\
\x86\xa5\xa3G\x8f\xa6\x83\x07\x0ffs\x07\x5c\xcay\x1d\
K\x80\x00\x01\x02\x04\x08\x10 @\x80\x00\x812\x0aH\
\x00\x941\xaa9m\xd3\x90!C\xd2W\xbe\xf2\x95\xf4\
\xd4SO\xa5x\x5c\xab-z\x11L\x992%\xfb\x19\
8p`\x8a!\x02mmm\xc9D\x81\xb5\x12v\x1e\
\x02\x04\x08\x10 @\x80\x00\x01\x02\x04\xca  \x01P\
\x86(\x16\xa4\x0d\xe3\xc6\x8dK\xbf\xfb\xbb\xbf\x9b\xc6\x8e\
\x1d[\xf3\x1aG\xef\x82\xcb.\xbb,[E \xca\x89\
\xa4\xc0\xfe\xfd\xfb\xb3d@\xcd\x0bsB\x02\x04\x08\x10\
 @\x80\x00\x01\x02\x04\x08\x14P@\x02\xa0\x80A+\
b\x95\xa3\xbb\xfem\xb7\xdd\x96\x1e{\xec\xb1\x1eM\xf8\
\xd7\xd3\xb6F9\x91`\xb8\xee\xba\xeb\xd2\x99\xe1-\xd9\
\xb0\x80}\xfb\xf6e\xcb\x0a\xf6\xf4\x5c\xf6'@\x80\x00\
\x01\x02\x04\x08\x10 @\x80@\x99\x04$\x00\xca\x14\xcd\
\x1c\xb7e\xe8\xd0\xa1\xe9\x99g\x9eI\x93&M\xaa{\
-c\xa2\xc1(/\x96\x15\x8c\xa1\x01\xad\xad\xadi\xe7\
\xce\x9d\xa9\xbd\xbd\xdd\xb0\x80\xba\xeb+\x80\x00\x01\x02\x04\
\x08\x10 @\x80\x00\x81\xbc\x0at\xbc\xe8z^k\xab\
^\x85\x15\x184hP\xba\xe5\x96[\x1aZ\xff\x98\x0f\
 \x12\x0e\xa3G\x8fN7\xddtSz\xed\xb5\xd7\xd2\
\xc2\x85\x0b\xb3^\x01\x0d\xad\x88\xc2\x08\x10 @\x80\x00\
\x01\x02\x04\x08\x10 \x90\x03\x01\x09\x80\x1c\x04\xa1\xecU\
\x88\xf1\xf9\x83\x07\x0f\xce\xee\xc47\xba\xadQ\xf6\xf0\xe1\
\xc3\xd3\x8d7\xde\x98\xae\xbe\xfa\xeat\xd7]w\xa5g\
\x9f}6m\xde\xbc\xb9\xd1UQ\x1e\x01\x02\x04\x08\x10\
 @\x80\x00\x01\x02\x04\x9a*`\x08@S\xf9\xabQ\
xt\xc9\xbf\xe6\x9ak\xd2#\x8f<\xd2\xb4\x06G\x1d\
\xa2\x17B\x0c\x0bx\xe0\x81\x07RKKK\xfa\xf4\xd3\
O\xd3\xa9S\xa7\x9aV'\x05\x13 @\x80\x00\x01\x02\
\x04\x08\x10 @\xa0\x91\x02}\x1bY\x98\xb2\xaa)\x10\
\x17\xdf1C\x7f\x1e\xb6\x98$0\xea\xf2{\xbf\xf7{\
\xe9/\xfe\xe2/\x1a>,!\x0f\x06\xea@\x80\x00\x01\
\x02\x04\x08\x10 @\x80@5\x05\xf4\x00\xa8f\xdc\x1b\
\xda\xea\xb8\xdb\x1e\xe3\xff\xef\xb8\xe3\x8e\x86\x96\xdbYa\
g\x97\x0d\xbc\xef\xbe\xfb\xb29\x02\xb6l\xd9\x92\xcd\x0d\
\xa0G@gj^#@\x80\x00\x01\x02\x04\x08\x10 \
@\xa0\xc8\x02\x12\x00E\x8e^A\xea\x1ew\xddc\x0c\
~,\x03\x98\xb7-\xea\x16K\x06Fr\xe2\xd8\xb1c\
i\xef\xde\xbd\xe9\xf8\xf1\xe3\x86\x06\xe4-P\xeaC\x80\
\x00\x01\x02\x04\x08\x10 @\x80\xc0%\x0bH\x00\x5c2\
\xa1\x13t%\x10=\x00n\xb8\xe1\x86\x5c&\x00\xa2\xee\
\xd1\x1b \x96\x0a\xbc\xf5\xd6[\xd3\xf8\xf1\xe3\xd3\xa1C\
\x87\xd2\xc1\x83\x07\xd3\x89\x13',\x1b\xd8Up\xbdN\
\x80\x00\x01\x02\x04\x08\x10 @\x80@a\x04\xac\x02P\
\x98P\xa9h\xbd\x05b\x92\xc0/\x7f\xf9\xcbi\xf2\xe4\
\xc9i\xce\x9c9\xe9\x9dw\xdeI\x1b6l\xc8z\x06\
\xd4\xbbl\xe7'@\x80\x00\x01\x02\x04\x08\x10 @\x80\
@\xbd\x05\xf4\x00\xa8\xb7\xb0\xf3g3\xee\xe7\xb9\x07\xc0\
\xf9!\x1a6lX\x9a6mZ\xb6l`\xf4^h\
kkK\xed\xed\xed\xe7\xef\xe6w\x02\x04\x08\x10 @\
\x80\x00\x01\x02\x04\x08\x14J@\x0f\x80B\x85Ke\x1b\
%\x10\x17\xfe7\xddtS\xb6|a\xcc_0\x7f\xfe\
\xfc\xb4t\xe9\xd2t\xe4\xc8\x91FUA9\x04\x08\x10\
 @\x80\x00\x01\x02\x04\x08\x10\xa8\xa9\x80\x04@M9\
\x9d\xacl\x02\xd1\x1b\xe0\xa1\x87\x1eJS\xa6LI\xd3\
\xa7OOo\xbd\xf5V\xfa\xf4\xd3O\xcd\x0dP\xb6@\
k\x0f\x01\x02\x04\x08\x10 @\x80\x00\x81\x0a\x08H\x00\
T \xc8\x9ax\xe9\x0219\xe0\x981c\xd2\xf5\xd7\
_\x9f\xcd\x0d0o\xde\xbc\xb4{\xf7\xeeK?\xb13\
\xe4B V\x83\x18<xp\x1a0`@6)d\
.*\xa5\x12\x04\x08\x10\xc8\xa9\xc0\xe9\xd3\xa7\xd3\xe1\xc3\
\x87\xb3^q\x96\xcf\xcdi\x90T\x8b\x00\x01\x02\x17\x11\
\x90\x00\xb8\x08\x8c\xa7\x09\x9c/\x10\x17\x87\xd1\x0b \x92\
\x01\xf1\xef\xacY\xb3\xd2\xfb\xef\xbfo\x92\xc0\xf3\xa1r\
\xfc{\xac\xf8\x10\xbd:\xa6N\x9d\x9a\xf5\xea\x185j\
T\xf6\xfb\xd9\x8b\xff\x18\xfaa#@\x80\x00\x81\xce\x05\
\x22\x01\x10+\xe5\xc4\xf2\xb9\xb1rN\xcc\x95\xb3u\xeb\
\xd6\xf4\xc9'\x9f\xa4M\x9b6\xa5\xa3G\x8fv~\x02\
\xaf\x12 @\x80@\xd3\x04$\x00\x9aF\xaf\xe0\x22\x0a\
\xf4\xed\xdb7]v\xd9ei\xc6\x8c\x19i\xd2\xa4I\
i\xc9\x92%\xe9\x95W^I[\xb6l1, \xc7\
\x01\x8d\xe4M\xac\xf0\x10K=^w\xddu\xd9E\xff\
\xd0\xa1CS\xff\xfe\xfdS\xdc\xfd\x8f\xb8\xda\x08\x10 \
@\xa0g\x02\x91\x088y\xf2d\x96\x0c\x88\x8b\xfeH\
\x06\xec\xda\xb5+K\x04,X\xb0 \xad]\xbb6\xe9\
!\xd03S{\x13 @\xa0\xde\x02}\xce\xdc\xc9<\
]\xefB\x9c\xbf\xda\x02q\xf1\xf5\xcdo~3\xfd\xe0\
\x07?(\x15D|\xf1\x89\xbb\x1fq\xf1\xff\xd2K/\
\xa5\xb7\xdf~\xdbj\x019\x8bp\xdc\xd1\xbf\xeb\xae\xbb\
\xd23\xcf<\x93&N\x9c\x98\x06\x0e\x1c\x98u\xf3\xcf\
Y5U\x87\x00\x01\x02\xa5\x11\x88\x84\xc0\xf1\xe3\xc7\xb3\
!\x02\xb1\x9c\xee/\x7f\xf9\xcb\xb4c\xc7\x8e\xd2\xb4O\
C\x08\x10 Pt\x01\xcb\x00\x16=\x82\x05\xa8\x7f\x5c\
\x84\x15i\x19\xc0\xee\x92Fw\xf2\xb8{\x1c=\x02\xee\
\xb8\xe3\x8et\xed\xb5\xd7f]\x1f\xf7\xef\xdf\xdf\xddS\
\xd8\xaf\x8e\x02\xb1\x94\xe3\x1f\xfd\xd1\x1f\xa5o}\xeb[\
i\xdc\xb8q\xd9\xc5\xbf.\xfeu\x04wj\x02\x04\x08\
\x9c\x11\x88\x1eUg\xe7U\x99<yrz\xec\xb1\xc7\
\xd2\xa0A\x83\xd2\x9a5k\xb2\xc4\x00$\x02\x04\x08\x10\
h\xae\x80\x04@s\xfd+QzY\x13\x00g\x83\x17\
\x89\x80hc\xcc\x0d\xf0\xe0\x83\x0ff_~\xd6\xad[\
\x97u\x8b\x8c^\x02\xb6\xc6\x0a\xc4\x17\xcfG\x1f}4\
\xfd\xdb\x7f\xfbo\xb3\xb1\xfe\xd1\xcd?bd#@\x80\
\x00\x81\xc6\x0a\xc4\xdf\xde\xf8\x1b\x1c\xf3\xe6\xdcr\xcb-\
i\xe5\xca\x95\xd90\x01\x9f\x8d\x8d\x8d\x83\xd2\x08\x10 \
\xf0y\x01\x09\x80\xcfkx\x5c\x17\x81\xb2'\x00>\x8f\
\x16\xc3\x1db\x9c\xf9\x9dw\xde\x99\xb6o\xdf\x9e\x0e\x1c\
8\x90\x8d\x8d\xfc\xfc>\x1e\xd7G \xee:\xb5\xb6\xb6\
\xa6o|\xe3\x1b\xe9\xbb\xdf\xfdn\x1a=zt}\x0a\
rV\x02\x04\x08\x10\xe8\x91@$\x02.\xbf\xfc\xf2\xec\
\xf31>\x1bc\x15\x9d\x18*`#@\x80\x00\x81\xc6\
\x0bH\x004\xde\xbcr%V)\x01p6\xb8#G\
\x8eL\x0f=\xf4P\x8a\x7fcB\xa4\x98\x1c)\xc6D\
\xda\xea#\x10_.c\x99\xc6\xef|\xe7;\xe9\xe9\xa7\
\x9fN\xc3\x87\x0f\xafOA\xceJ\x80\x00\x01\x02\xbd\x12\
\x88\xbf\xd31d.\x86g\x1d<x0[5 V\
\x12\xb0\x11 @\x80@c\x05$\x00\x1a\xeb]\xc9\xd2\
\xaa\x98\x00\x88@\xc7\x97\x9d\x98\x17\xe0\xf6\xdbo\xcfV\
\x08\x88/<\xed\xed\xedfD\xae\xf1\xff\x82p\x1e1\
bD\xfa\xfa\xd7\xbf\x9e\xdd\xfd\x8f\xb1\xa66\x02\x04\x08\
\x10\xc8\xa7@,\xc5z\xd5UW\xa5}\xfb\xf6\xa5m\
\xdb\xb6\xe9\x09\x90\xcf0\xa9\x15\x01\x02%\x16\x90\x00(\
qp\xf3\xd2\xb4\xaa&\x00\xc2?.N\xe3\xcb\xce\x8d\
7\xde\x98&L\x98\x90]\xfcG\x22 z\x04\x18\x03\
Y\x9bw\xe8\xe0\xc1\x83\xd3W\xbe\xf2\x95l\xa6\xff!\
C\x86\xd4\xe6\xa4\xceB\x80\x00\x01\x02u\x13\x88\xe1Z\
\xd1C.\x12\x001\x1c\xc0R\x81u\xa3vb\x02\x04\
\x08\x5c  \x01p\x01\x89'j-P\xe5\x04\xc0Y\
\xcb\x98\x98.f\xa2\x9f:ujv\xb7:\x96\x0f4\
?\xc0Y\x9d\xde\xff\x1b\xae\xb1\xcc\xdf\xf7\xbf\xff\xfd4\
j\xd4\xa8\xde\x9f\xc8\x91\x04\x08\x10 \xd00\x81H\x8e\
\xc7\x9c\x00C\x87\x0eM\x1b7nLV\xcfi\x18\xbd\
\x82\x08\x10 \x90$\x00\xbc\x09\xea. \x01\xf0O\xc4\
\xf1\x85'\xeeP\xc7\xb0\x80I\x93&e_|\xe2K\
\xcf\xa1C\x87\xf4\x06\xe8\xe5\xbb0&\xfa\xfb7\xff\xe6\
\xdf\xa4k\xae\xb9\xa6\x97gp\x18\x01\x02\x04\x084C\
 &n\x8d\xb9[\x0e\x1f>\x9c\xd6\xaf_\x9f\xf5\x8c\
kF=\x94I\x80\x00\x81\xaa\x09\xf4\xadZ\x83\xb5\x97\
@\xb3\x05bI\xa4\xeb\xaf\xbf>[\x9f\xfe\x87?\xfc\
a\xba\xfb\xee\xbb\xb3e\x92\x9a]\xaf\xa2\x95\x1f_\x1e\
\x1fx\xe0\x814e\xca\x94\xa2U]}\x09\x10 @\
\xe0\x8c@\xcc\xd9r\xef\xbd\xf7fI\xdc\xf8\x9bn#\
@\x80\x00\x81\xfa\x0b\xf4\xab\x7f\x11J @\xa0#\x81\
\x98\xa9>\x96\x0b\x8c\xa1\x01\xd1#\xe0\xf9\xe7\x9fOG\
\x8e\x1c\xe9hW\xcfu \x10w\xffc\xe2?_\x1a\
;\xc0\xf1\x14\x01\x02\x04\x0a\x22\x10\x9f\x813g\xce4\
\x14\xa0 \xf1RM\x02\x04\x8a/ \xddZ\xfc\x18j\
A\x81\x05\xe2\xe25&\x07\x8c\xa5\xeb~\xf7w\x7f7\
\xc5\x98v[\xf7\x04\xbe\xf9\xcdof\xddG\xbb\xb7\xb7\
\xbd\x08\x10 @ \x8f\x021L0zs]}\xf5\
\xd5\x12\xbay\x0c\x90:\x11 P:\x01\x09\x80\xd2\x85\
T\x83\x8a(\x10+\x05<\xfe\xf8\xe3\xe9w~\xe7w\
\x8aX\xfd\x86\xd7y\xe0\xc0\x81\xe9\x91G\x1eix\xb9\
\x0a$@\x80\x00\x81\xda\x0b\x5cv\xd9e\xe9\xb6\xdbn\
K\xf1\xb7\xddF\x80\x00\x01\x02\xf5\x15\x90\x00\xa8\xaf\xaf\
\xb3\x13\xe8\xb6@\x8c\x85\x8c.\xed_\xfa\xd2\x97\xba}\
LUw\xbc\xf9\xe6\x9b\xb3\xe5\x15\xab\xda~\xed&@\
\x80@\x99\x04b\x92\xdc[o\xbdU\x02\xa0LA\xd5\
\x16\x02\x04r+ \x01\x90\xdb\xd0\xa8X\x15\x05bM\
\xfb?\xf8\x83?H\x03\x06\x0c\xa8b\xf3\xbb\xdd\xe6\x19\
3ft{_;\x12 @\x80@\xfe\x05\xce.\x93\
\x1b\xc9\x00\x1b\x01\x02\x04\x08\xd4O@\x02\xa0~\xb6\xce\
L\xa0\xc7\x02\xf1\xc5\xe7\x8a+\xaeH_\xfe\xf2\x97{\
|lU\x0e\x88y\x13\xee\xb8\xe3\x8e\xaa4W;\x09\
\x10 P\x09\x81\x98\x0b zw\x99\x0b\xa7\x12\xe1\xd6\
H\x02\x04\x9a( \x01\xd0D|E\x13\xe8H z\
\x01\xdc\x7f\xff\xfd&C\xea\x08\xe7\xccsW^ye\
\x1a1b\xc4E^\xf54\x01\x02\x04\x08\x14U \x96\
\xc8\x95\x00(j\xf4\xd4\x9b\x00\x81\xa2\x08H\x00\x14%\
R\xeaY\x19\x81\xb8\x0b2~\xfc\xf8\x14\xcb\xdc\xd9.\
\x14\x88\xc9\xa2t\x11\xbd\xd0\xc53\x04\x08\x10(\xba\x80\
\xbf\xefE\x8f\xa0\xfa\x13 P\x04\x01\x09\x80\x22DI\
\x1d+'\x10\x13\x02N\x9a4\xa9r\xed\xeeN\x83\xe3\
\xee\xbf\x04@w\xa4\xecC\x80\x00\x81b\x09\xc4\xdf\xf7\
\x18\xe6e#@\x80\x00\x81\xfa\x09\xf8+[?[g\
&\xd0k\x81\x98\x04p\xec\xd8\xb1\xbd>\xbe\xcc\x07\xb6\
\xb6\xb6\xfa\x82X\xe6\x00k\x1b\x01\x02\x95\x15\xd0\x03\xa0\
\xb2\xa1\xd7p\x02\x04\x1a( \x01\xd0@lE\x11\xe8\
\xae@\x0c\x03\x186lXww\xaf\xd4~C\x87\x0e\
\xadT{5\x96\x00\x01\x02U\x11\x88\xbf\xefzxU\
%\xda\xdaI\x80@\xb3\x04$\x00\x9a%\xaf\x5c\x02\x9d\
\x08\xc4\x17 \x13!u\x0ct\xf2\xe4\xc9t\xfa\xf4\xe9\
\x8e_\xf4,\x01\x02\x04\x08\x14V\xe0\xf8\xf1\xe3\x85\xad\
\xbb\x8a\x13 @\xa0(\x02\x12\x00E\x89\x94zVJ\
\xe0\xd4\xa9S\xe9\xc8\x91#\x95jsw\x1b\xbb\x7f\xff\
\xfe\xee\xeej?\x02\x04\x08\x10(\x90@\xfc}\x97\xe0\
-P\xc0T\x95\x00\x81B\x0aH\x00\x142l*]\
v\x81\x13'N\xa4\x03\x07\x0e\x94\xbd\x99\xbdj_|\
A\x8c\x04\x89\x8d\x00\x01\x02\x04\xca%\xe0\xef{\xb9\xe2\
\xa95\x04\x08\xe4S@\x02 \x9fqQ\xab\x8a\x0b\x1c\
=z4m\xde\xbc\xb9\xe2\x0a\x1d7_\x0f\x80\x8e]\
<K\x80\x00\x81\xa2\x0bD\xe2[\x0f\x80\xa2GQ\xfd\
\x09\x10\xc8\xbb\x80\x04@\xde#\xa4~\x95\x14hoo\
O\xeb\xd7\xaf\xafd\xdb\xbbj\xf4\x8e\x1d;R\xcc\x03\
`#@\x80\x00\x81r\x09l\xdd\xbaU\x0f\xafr\x85\
Tk\x08\x10\xc8\xa1\x80\x04@\x0e\x83\xa2J\xd5\x168\
v\xecXZ\xb1bE\x8a$\x80\xedB\x81C\x87\x0e\
\xa5O>\xf9\xe4\xc2\x17<C\x80\x00\x01\x02\x85\x16X\
\xb6lY\x8a\xcf@\x1b\x01\x02\x04\x08\xd4O@\x02\xa0\
~\xb6\xceL\xa0W\x02q\x81\xfb\x9b\xdf\xfcF7\xc8\
\x8b\xe8E\xf7\xd0\xc5\x8b\x17_\xe4UO\x13 @\x80\
@\x11\x05v\xed\xda\x956n\xdc\xa8\x07@\x11\x83\xa7\
\xce\x04\x08\x14J@\x02\xa0P\xe1R\xd9\xb2\x0b\xc4\xe4\
vK\x97.M\x9f~\xfai\xd9\x9bzI\xed{\xef\
\xbd\xf7|I\xbc$A\x07\x13 @ _\x02\x1f~\
\xf8a\x8a\xf9ol\x04\x08\x10 P_\x01\x09\x80\xfa\
\xfa:;\x81\x1e\x09\xc4\xc4\x7f?\xfd\xe9O\xdd\xfd\xef\
Bm\xdb\xb6mi\xd5\xaaU]\xec\xe5e\x02\x04\x08\
\x10(\x82@t\xfb\x8f\x04\x80\xe5o\x8b\x10-u$\
@\xa0\xe8\x02\x12\x00E\x8f\xa0\xfa\x97F &?\xfa\
\xeb\xbf\xfe\xeb\x14\xdd m]\x0b\xfc\xf2\x97\xbft\xb7\
\xa8k&{\x10 @ \xf7\x021\xaf\xcb\xca\x95+\
\xd3\xf1\xe3\xc7s_W\x15$@\x80@\xd1\x05$\x00\
\x8a\x1eA\xf5/\xbc@\xcch\xbfv\xed\xda\xf4\xe3\x1f\
\xff8E\xd7v[\xf7\x04b\xa8\xc4\xfb\xef\xbf\xdf\xbd\
\x9d\xedE\x80\x00\x01\x02\xb9\x14\x88yo\xde|\xf3\xcd\
\xb4g\xcf\x9e\x5c\xd6O\xa5\x08\x10 P6\x01\x09\x80\
\xb2ET{\x0a%\x10_|\xdey\xe7\x9d\xf47\x7f\
\xf37&\xb6\xeba\xe4N\x9c8\x91\xfe\xe1\x1f\xfe!\
\xc5\xba\xd16\x02\x04\x08\x10(\xa6\xc0\x07\x1f|\x90\xad\
|c\xf6\xffb\xc6O\xad\x09\x10(\x9e@\xbf\xe2U\
Y\x8d\x09\x14_ .^\xd7\xaf_\x9f\x16.\x5c\x98\
\xe6\xcd\x9b\x97>\xfb\xec3\x93\xda\xf50\xac\xb1\x1a@\
L\x96\xf8\xc6\x1bo\xa4\xa7\x9f~:\xf5\xef\xdf\xbf\x87\
g\xb0;\x01\x02\x04\x084S \xe6\xbd\x99;w\xae\
\xa1o\xcd\x0c\x82\xb2\x09\x10\xa8\x9c\x80\x04@\xe5B\xae\
\xc1\xcd\x16\x881\xfeq\xd7?.\xfec\x22\xbb\xc3\x87\
\x0f7\xbbJ\x85-?f\x8c~\xf5\xd5W\xd3\xa8Q\
\xa3\xd2\x03\x0f<\x90\xfa\xf6\xd5\xa9\xa9\xb0\xc1Tq\x02\
\x04*%\xb0{\xf7\xee\xf4\xdak\xafe\x93\xff\x19\xfb\
_\xa9\xd0k,\x01\x02M\x16\x90\x00hr\x00\x14_\
\x1d\x81\x98\xddx\xd9\xb2e\xd9X\xc7\x8f>\xfa(\xed\
\xdd\xbb\xd7]\xffK\x0c\x7f\xf4\x02\xd8\xb1cG\xfa\xf5\
\xaf\x7f\x9dZ[[\xd3\xed\xb7\xdf~\x89gt8\x01\
\x02\x04\x08\xd4[ \x86\xbfE\xef\xb7\xb8\xfb\x7f\xf0\xe0\
\xc1z\x17\xe7\xfc\x04\x08\x10 \xf09\x01\x09\x80\xcfa\
xH\xa0\x1e\x02\xa7N\x9dJ1\xc3\xff\xcb/\xbf\x9c\
\xde}\xf7\xdd\xb4s\xe7\xce\x14C\x00l\xb5\x118;\
\x89b\xcc\x070l\xd8\xb0t\xfd\xf5\xd7\xd7\xe6\xc4\xce\
B\x80\x00\x01\x025\x17\x88\x9e[\x8b\x16-J\xaf\xbc\
\xf2J\x96\x08\xafy\x01NH\x80\x00\x01\x02\x9d\x0aH\
\x00t\xca\xe3E\x02\x97&\x10_t^\x7f\xfd\xf5\xf4\
\x8f\xff\xf8\x8f\xd9\x9djk\x1c_\x9a\xe7\xc5\x8e\x8e\x84\
J\xac!\x1d\xff~\xef{\xdfK7\xdf|s\xea\xd3\
\xa7\xcf\xc5v\xf7<\x01\x02\x04\x084A\xa0\xbd\xbd=\
\xcd\x993'\xfd\xeaW\xbf\xca\xc6\xfdG/.\x1b\x01\
\x02\x04\x084V@\x02\xa0\xb1\xdeJ\xab\x90\xc0\xc7\x1f\
\x7f\x9c\xfe\xcf\xff\xf9?i\xcd\x9a5\xd9z\xf5\xbe\xe8\
\xd47\xf81\x86t\xf9\xf2\xe5i\xdf\xbe}\xe9\xb7\x7f\
\xfb\xb7\xd3\x8c\x193L\x0cX_rg'@\x80@\
\xb7\x05\xa2\xdb\xffs\xcf=\x97^z\xe9\xa5l\xee\x1b\
\x9f\x89\xdd\xa6\xb3#\x01\x02\x04j* \x01PSN\
'#\x90\xb2\x0b\xd0\x9f\xfd\xecg\xd9\x9d\xff\xe8\xfeo\
k\x9c@\x0c\x07\xd8\xb0aC\xfa\xcb\xbf\xfc\xcb\x14\x13\
L=\xfa\xe8\xa3i\xc8\x90!\x8d\xab\x80\x92\x08\x10 \
@\xe0\x02\x81\x98\xf3\xe6\x7f\xfe\xcf\xff\x99\xe6\xcf\x9f\x9f\
\x5c\xf8_\xc0\xe3\x09\x02\x04\x084T@\x02\xa0\xa1\xdc\
\x0a+\xab@\x5cxF\xf7\xfe\xb7\xdez+\xfd\xe2\x17\
\xbf\xd0\xb5\xb1\xc9\x81\xde\xbf\x7f\x7f\xfa\xab\xbf\xfa\xab,\
\x1e1$`\xfa\xf4\xe9i\xd0\xa0AV\x09hr\x5c\
\x14O\x80@u\x04bHVt\xf9\x8f!p\xcf?\
\xff|\x8a\x1e\x006\x02\x04\x08\x10h\xbe\x80\x04@\xf3\
c\xa0\x06\x05\x16\x88;\xfc\xb1\x8c_,\xe7\x17\x93\xd0\
\xc58t\xcb\x19\xe5'\xa0\xb1\xda\xc2\x9f\xff\xf9\x9fg\
\xc3\x01\x9e~\xfa\xe94n\xdc\xb8,\x11\x10\xc9\x80\xfe\
\xfd\xfb\xe7\xa7\xa2jB\x80\x00\x81\x82\x0b\xc4\xe7\xe1\xb1\
c\xc7\xb2dx\x5c\xf8/]\xba4\xbd\xf0\xc2\x0bi\
\xfb\xf6\xed\x05o\x99\xea\x13 @\xa0\x5c\x02\x12\x00\xe5\
\x8a\xa7\xd64H \xba0\xc6\x04\x7f\x9b6m\xca\x96\
2\x8aI\x8d\xa2\x8b\xa3-\x7f\x02\xf1\xa5\xf4\x9dw\xde\
\xc9~&L\x98\x90M\x10x\xd3M7\xa5\xf1\xe3\xc7\
\xa7\x01\x03\x06d\x89\x80\x96\x96\x96\xd4\xaf_?=\x04\
\xf2\x17>5\x22@ \x87\x02\xf1\x19\x18=\xdf\xe2'\
\xee\xf4\xc7\xcf\x81\x03\x07\xd2\xbau\xeb\xb2\xb9X\x22\xf9\
\x1a\xbf\xeb\xee\x9f\xc3\xe0\xa9\x12\x01\x02\x95\x17\x90\x00\xa8\
\xfc[\x00@O\x05\xe2\x8bN\xdc\xd1x\xff\xfd\xf7\xd3\
\xec\xd9\xb3\xd3\xda\xb5k\x93\xb1\xfe=Ul\xce\xfe\x9b\
7oN\xf1\xf3\xdak\xaf\xa5\xe1\xc3\x87\xa7\xcb/\xbf\
<[:0\x96\x0f\x1c:th\x1a8p\xa0\xd5\x03\
\x9a\x13\x1a\xa5\x12 P \x81\xb3\xbd\xdf\x0e\x1e<\x98\
\xda\xda\xdaR\xfc\xbbg\xcf\x9e\xac\xcb\x7f\x81\x9a\xa1\xaa\
\x04\x08\x10\xa8\xa4\x80\x04@%\xc3\xae\xd1\xbd\x11\x88;\
\x19qG#\xba\xf9\xc7X\xffH\x00D\xf7\x7f[\xf1\
\x04\xe2\xcbk\xcc\x13\x10?6\x02\x04\x08\x10 @\x80\
\x00\x01\x02U\x11\x90\x00\xa8J\xa4\xb5\xf3\x92\x04\xe2\xae\
\xff\xca\x95+\xd3\xc2\x85\x0b\xb3\xae\xe4;w\xee\xbc\xa4\
\xf39\x98\x00\x01\x02\x04\x08\x10 @\x80\x00\x01\x02\x8d\
\x16\x90\x00h\xb4\xb8\xf2\x0a'\x10\xcb\xca\xbd\xfd\xf6\xdb\
i\xc9\x92%\xba\xfb\x17.z*L\x80\x00\x01\x02\x04\
\x08\x10 @\x80\xc0Y\x01\x09\x80\xb3\x12\xfe%p\x9e\
@t\xf7\x8f5\x8b\x17,X\x90bB\xa3X\xe6\xcf\
F\x80\x00\x01\x02\x04\x08\x10 @\x80\x00\x81\xa2\x0aH\
\x00\x145r\xea]7\x81X\xc6o\xf9\xf2\xe5\xe9\x8d\
7\xde\xc8\xba\xfd\xc7\xec\xfe&\xf9\xab\x1b\xb7\x13\x13 \
@\x80\x00\x01\x02\x04\x08\x10 \xd0 \x01\x09\x80\x06A\
+\xa6\x18\x02[\xb6l\xc9f\x88_\xbcxq\xfa\xec\
\xb3\xcfR$\x03l\x04\x08\x10 @\x80\x00\x01\x02\x04\
\x08\x10(\x83\x80\x04@\x19\xa2\xa8\x0d\x97,p\xe8\xd0\
\xa1\xac\xab\xff\xcb/\xbf\x9c6m\xda\x94\x8e\x1d;f\
\xfd\xe2KVu\x02\x02\x04\x08\x10 @\x80\x00\x01\x02\
\x04\xf2$ \x01\x90\xa7h\x94\xb4.\xb1|^\xcc\xa2\
\x9f\xc7\xed\xe4\xc9\x93i\xfd\xfa\xf5\xe9\xe7?\xffy\xb6\
\xac_\xdc\xf1\x8f\xfa\xda\x08\x10 @\x80\x00\x01\x02\x04\
\x08\x10 P6\x01\x09\x80\xb2E4\x87\xed\x89\x0b\xea\
\xbc\xad\xb7\x1eujooO\xcf=\xf7\x5cz\xf1\xc5\
\x17\xd3\xe1\xc3\x87s(\xa7J\x04\x08\x10 @\x80\x00\
\x01\x02\x04\x08\x10\xa8\x9d\x80\x04@\xed,\x9d\xe9\x22\x02\
1\x81\xde\x9e={.\xf2jc\x9f\x8e\xba\xc4\xc5\xfe\
\x07\x1f|\x90\xfe\xef\xff\xfd\xbf)\xc6\xfc\xdb\x08\x10 \
@\x80\x00\x01\x02\x04\x08\x10 P\x05\x01\x09\x80*D\
\xb9\xc9m\x8c\xbb\xed1\x93~\xfc\xdb\xa7O\x9f\xa6\xd4\
&\xca\x8eq\xfe1\xbe\xff\xef\xff\xfe\xef\xb3\xf1\xfeM\
\xa9\x88B\x09\x10 @\x80\x00\x01\x02\x04\x08\x10 \xd0\
$\x01\x09\x80&\xc1W\xa9\xd8\xb8\xf8>r\xe4Hj\
kkK\xad\xad\xad\x0doz\x94\xbdm\xdb\xb6\xf4\xf6\
\xdbog3\xfc\xe7m8B\xc3A\x14H\x80\x00\x01\
\x02\x04\x08\x10 @\x80@%\x05$\x00*\x19\xf6\xc6\
7:.\xc2\x97/_\x9e\xee\xbd\xf7\xde\x86\x15\x1e\x13\
\xfc\xc5R~\x1f~\xf8a\x9a5kVZ\xbbv\xad\
e\xfd\x1a\xa6\xaf \x02\x04\x08\x10 @\x80\x00\x01\x02\
\x04\xf2& \x01\x90\xb7\x88\x94\xb4>1\xee~\xd1\xa2\
E\xe9\xee\xbb\xefN\xfd\xfa\xd5\xf7m\x17=\x0e\x0e\x1c\
8\x90%\x1c\xe6\xcf\x9f\x9f\xcd\xee\x1f\xbd\x0fl\x04\x08\
\x10 @\x80\x00\x01\x02\x04\x08\x10\xa8\xb2@}\xaf\xc4\
\xaa,\xab\xed_\x10\x88\xe5\xf5V\xaf^\x9d6o\xde\
\x9c&M\x9a\xf4\x85\xd7j\xf9\xcb\xb1c\xc7\xd2\xa7\x9f\
~\x9a\x8d\xf1_\xb2dI\xda\xbe}{\x8a\x89\xffl\
\x04\x08\x10 @\x80\x00\x01\x02\x04\x08\x10\xa8\xba@\xcb\
\x981c~Tu\x04\xedo\x8c@$\x01b\x12\xc0\
\x1bn\xb8!\x0d\x180\xa0\xa6\x85\xc6]\xff\x1d;v\
dc\xfc_z\xe9\xa5\x14\x17\xff\xfb\xf6\xed\xcb&\x1e\
\xaciANF\x80\x00\x01\x02\x04\x08\x10 @\x80\x00\
\x81\x82\x0a\xe8\x01P\xd0\xc0\x15\xb1\xda1\x0c \xba\xe4\
\x8f\x1d;6=\xfe\xf8\xe35K\x02Dba\xde\xbc\
yi\xce\x9c9Y/\x03\xdd\xfd\x8b\xf8\xeePg\x02\
\x04\x08\x10 @\x80\x00\x01\x02\x04\xea- \x01Po\
a\xe7?'\x10w\xe9w\xef\xde\x9d^y\xe5\x954\
l\xd8\xb0t\xdf}\xf7\xa5\xfe\xfd\xfb\x9f{\xbd\xa7\x0f\
b\x92\xbf\xf7\xdf\x7f?\x9b\xe0\xef\x93O>I\xbbv\
\xedr\xc7\xbf\xa7\x88\xf6'@\x80\x00\x01\x02\x04\x08\x10\
 @\xa02\x02}\xa6O\x9f~\xba2\xad\xd5\xd0\x5c\
\x08\xf4\xed\xdb7\x8d\x1a5*\xdds\xcf=\xe9k_\
\xfbZ\x1a?~|64\xa0\xbb\x95;q\xe2DZ\
\xb6lY\xfa\xc7\x7f\xfc\xc7\xec\x8e\xff\xde\xbd{S<\
g#@\x80\x00\x01\x02\x04\x08\x10 @\x80\x00\x81\x8b\
\x0bH\x00\x5c\xdc\xc6+u\x14\x88\xb9\x00\xe2\xee\xff\x15\
W\x5c\x91\x1e~\xf8\xe1ly\xc0q\xe3\xc6\xa5H\x0e\
t\xb4}~I\xbfw\xdey'\xadY\xb3&EW\
\xffx\xdeF\x80\x00\x01\x02\x04\x08\x10 @\x80\x00\x01\
\x02]\x0bH\x00tmd\x8f:\x0b\x9c\xbd\xe8\x1f=\
zt\x9a6mZ\x9a:ujVb\xdc\xd5?z\
\xf4h\xda\xb3gOZ\xb9re6\xa3\x7f\x5c\xf0\xc7\
P\x82\xf8\xb1\x11 @\x80\x00\x01\x02\x04\x08\x10 @\
\x80@\xf7\x05$\x00\xbaoeO\x02\x04\x08\x10 @\
\x80\x00\x01\x02\x04\x08\x10 PX\x81\x8e\xfb[\x17\xb6\
9*N\x80\x00\x01\x02\x04\x08\x10 @\x80\x00\x01\x02\
\x04\x08t$ \x01\xd0\x91\x8a\xe7\x08\x10 @\x80\x00\
\x01\x02\x04\x08\x10 @\x80@\xc9\x04$\x00J\x16P\
\xcd!@\x80\x00\x01\x02\x04\x08\x10 @\x80\x00\x01\x02\
\x1d\x09H\x00t\xa4\xe29\x02\x04\x08\x10 @\x80\x00\
\x01\x02\x04\x08\x10 P2\x01\x09\x80\x92\x05Ts\x08\
\x10 @\x80\x00\x01\x02\x04\x08\x10 @\x80@G\x02\
\x12\x00\x1d\xa9x\x8e\x00\x01\x02\x04\x08\x10 @\x80\x00\
\x01\x02\x04\x08\x94L@\x02\xa0d\x01\xd5\x1c\x02\x04\x08\
\x10 @\x80\x00\x01\x02\x04\x08\x10 \xd0\x91\x80\x04@\
G*\x9e#@\x80\x00\x01\x02\x04\x08\x10 @\x80\x00\
\x01\x02%\x13\x90\x00(Y@5\x87\x00\x01\x02\x04\x08\
\x10 @\x80\x00\x01\x02\x04\x08t$ \x01\xd0\x91\x8a\
\xe7\x08\x10 @\x80\x00\x01\x02\x04\x08\x10 @\x80@\
\xc9\x04$\x00J\x16P\xcd!@\x80\x00\x01\x02\x04\x08\
\x10 @\x80\x00\x01\x02\x1d\x09H\x00t\xa4\xe29\x02\
\x04\x08\x10 @\x80\x00\x01\x02\x04\x08\x10 P2\x01\
\x09\x80\x92\x05Ts\x08\x10 @\x80\x00\x01\x02\x04\x08\
\x10 @\x80@G\x02\x12\x00\x1d\xa9x\x8e\x00\x01\x02\
\x04\x08\x10 @\x80\x00\x01\x02\x04\x08\x94L@\x02\xa0\
d\x01\xd5\x1c\x02\x04\x08\x10 @\x80\x00\x01\x02\x04\x08\
\x10 \xd0\x91\x80\x04@G*\x9e#@\x80\x00\x01\x02\
\x04\x08\x10 @\x80\x00\x01\x02%\x13\x90\x00(Y@\
5\x87\x00\x01\x02\x04\x08\x10 @\x80\x00\x01\x02\x04\x08\
t$ \x01\xd0\x91\x8a\xe7\x08\x10 @\x80\x00\x01\x02\
\x04\x08\x10 @\x80@\xc9\x04$\x00J\x16P\xcd!\
@\x80\x00\x01\x02\x04\x08\x10 @\x80\x00\x01\x02\x1d\x09\
H\x00t\xa4\xe29\x02\x04\x08\x10 @\x80\x00\x01\x02\
\x04\x08\x10 P2\x01\x09\x80\x92\x05Ts\x08\x10 \
@\x80\x00\x01\x02\x04\x08\x10 @\x80@G\x02\x12\x00\
\x1d\xa9x\x8e\x00\x01\x02\x04\x08\x10 @\x80\x00\x01\x02\
\x04\x08\x94L@\x02\xa0d\x01\xd5\x1c\x02\x04\x08\x10 \
@\x80\x00\x01\x02\x04\x08\x10 \xd0\x91\x80\x04@G*\
\x9e#@\x80\x00\x01\x02\x04\x08\x10 @\x80\x00\x01\x02\
%\x13\x90\x00(Y@5\x87\x00\x01\x02\x04\x08\x10 \
@\x80\x00\x01\x02\x04\x08t$ \x01\xd0\x91\x8a\xe7\x08\
\x10 @\x80\x00\x01\x02\x04\x08\x10 @\x80@\xc9\x04\
\xfa\xb5\xb6\xb6\x96\xacI\x9aC\x80\x00\x01\x02\x04\x08\x10\
 @\x80\x00\x01\x02\x04\x08\x9c/\xa0\x07\xc0\xf9\x22~\
'@\x80\x00\x01\x02\x04\x08\x10 @\x80\x00\x01\x02%\
\x14\x90\x00(aP5\x89\x00\x01\x02\x04\x08\x10 @\
\x80\x00\x01\x02\x04\x08\x9c/ \x01p\xbe\x88\xdf\x09\x10\
 @\x80\x00\x01\x02\x04\x08\x10 @\x80@\x09\x05$\
\x00J\x18TM\x22@\x80\x00\x01\x02\x04\x08\x10 @\
\x80\x00\x01\x02\xe7\x0bH\x00\x9c/\xe2w\x02\x04\x08\x10\
 @\x80\x00\x01\x02\x04\x08\x10 PB\x01\x09\x80\x12\
\x06U\x93\x08\x10 @\x80\x00\x01\x02\x04\x08\x10 @\
\x80\xc0\xf9\x02\x12\x00\xe7\x8b\xf8\x9d\x00\x01\x02\x04\x08\x10\
 @\x80\x00\x01\x02\x04\x08\x94P@\x02\xa0\x84A\xd5\
$\x02\x04\x08\x10 @\x80\x00\x01\x02\x04\x08\x10 p\
\xbe\x80\x04\xc0\xf9\x22~'@\x80\x00\x01\x02\x04\x08\x10\
 @\x80\x00\x01\x02%\x14\x90\x00(aP5\x89\x00\
\x01\x02\x04\x08\x10 @\x80\x00\x01\x02\x04\x08\x9c/ \
\x01p\xbe\x88\xdf\x09\x10 @\x80\x00\x01\x02\x04\x08\x10\
 @\x80@\x09\x05$\x00J\x18TM\x22@\x80\x00\
\x01\x02\x04\x08\x10 @\x80\x00\x01\x02\xe7\x0bH\x00\x9c\
/\xe2w\x02\x04\x08\x10 @\x80\x00\x01\x02\x04\x08\x10\
 PB\x01\x09\x80\x12\x06U\x93\x08\x10 @\x80\x00\
\x01\x02\x04\x08\x10 @\x80\xc0\xf9\x02\x12\x00\xe7\x8b\xf8\
\x9d\x00\x01\x02\x04\x08\x10 @\x80\x00\x01\x02\x04\x08\x94\
P@\x02\xa0\x84A\xd5$\x02\x04\x08\x10 @\x80\x00\
\x01\x02\x04\x08\x10 p\xbe\x80\x04\xc0\xf9\x22~'@\
\x80\x00\x01\x02\x04\x08\x10 @\x80\x00\x01\x02%\x14\x90\
\x00(aP5\x89\x00\x01\x02\x04\x08\x10 @\x80\x00\
\x01\x02\x04\x08\x9c/\xd0\xef\xfc'\xfcN\xa0Q\x02}\
\xfa\xf4Ig\x7f\xfa\xf6\xadf.\xea\xd4\xa9S\xe9\xf4\
\xe9\xd3\xe7~\x1ae\xaf\x1c\x02\x04\x08\x10 @\x80\x00\
\x01\x02\x04\xaa' \x01P\xbd\x987\xb5\xc5\xfd\xfb\xf7\
O\x83\x06\x0dJ\x03\x07\x0e\xcc\xfe\x1d1bD\x1a9\
rd\x8a\x7f[ZZ\x9aZ\xb7F\x17~\xfc\xf8\xf1\
t\xe0\xc0\x81\xb4\x7f\xff\xfe\xb4o\xdf\xbet\xf8\xf0\xe1\
t\xf4\xe8\xd1t\xe4\xc8\x91t\xe2\xc4\x89FWGy\
\x04\x08\x10 @\x80\x00\x01\x02\x04\x08\x94\x5c@\x02\xa0\
\xe4\x01\xceC\xf3\xe2.\x7f\x5c\xf4\x8f\x1a5*]{\
\xed\xb5\xe9\xce;\xefL\xd3\xa6MK\xc3\x86\x0d\xcbz\
\x00\xe4\xa1\x8e\xcd\xaeC\xf4\x02hkkK\x1f}\xf4\
Qz\xf7\xddw\xd3\x86\x0d\x1b\xd2\xee\xdd\xbb\xb3d@\
\xbcf#@\x80\x00\x01\x02\x04\x08\x10 @\x80\xc0\xa5\
\x0a\xf4\x999s\xa6\xab\x8bKUt\xfcE\x05\xe2\xe2\
\xff\xf2\xcb/Og\xdeg\xe9\xc1\x07\x1fLW]u\
U\xe5\xee\xf4_\x14\xe7\x22/\x9c<y2m\xd9\xb2\
%\xcd\x9d;7-Z\xb4(\xed\xd9\xb3'\x1b\x22p\
\x91\xdd=M\x80\x00\x01\x02\x04\x08\x10 @\x80\x00\x81\
n\x09\xb4L\x980\xe1G\xdd\xda\xd3N\x04z(\x10\
\xe3\xfa\xe3\x82\xff\xc9'\x9fLO<\xf1D\x1a=z\
t\xaa\xeaX\xff\x9e\xd0\x85Q\x0c\x89\x98<yr\xd6\
sb\xd7\xae]\xa9\xbd\xbd]\x12\xa0'\x88\xf6%@\
\x80\x00\x01\x02\x04\x08\x10 @\xe0\x02\x01\x09\x80\x0bH\
<Q\x0b\x81\xb3w\xfe\x7f\xeb\xb7~+\xdd\x7f\xff\xfd\
\xd9\x85l-\xce[\xa5s\x0c\x180 ]s\xcd5\
i\xf8\xf0\xe1i\xed\xda\xb5\xd9\x1c\x01Uj\xbf\xb6\x12\
 @\x80\x00\x01\x02\x04\x08\x10 P[\x81jN\xbd\
^[Cg\xeb@ &\xfb\x9b1cF\xd6\xf5?\
\x1e\xdbz'\x10vw\xdf}w\xba\xeb\xae\xbb\x12\xc7\
\xde\x19:\x8a\x00\x01\x02\x04\x08\x10 @\x80\x00\x81\x7f\
\x12\x90\x00\xf0N\xa8\x8b@t\xf7\xff\xeaW\xbf\x9a\xfa\
\xf53\xcf\xe4\xa5\x02\xc7\x85\xff#\x8f<\x92\xc6\x8c\x19\
c\xd2\xc4K\xc5t<\x01\x02\x04\x08\x10 @\x80\x00\
\x81\x0a\x0bH\x00T8\xf8\xf5jzt\xff\x8fn\xff\
\xe3\xc6\x8d\xabW\x11\x95;o\xcc\xa5p\xef\xbd\xf7\x9a\
C\xa1r\x91\xd7`\x02\x04\x08\x10 @\x80\x00\x01\x02\
\xb5\x13\x90\x00\xa8\x9d\xa53\xfd\xb3@$\x00\xa2\xdb\xba\
\xadv\x02a\x1a\xcb'\x9aD\xb1v\xa6\xceD\x80\x00\
\x01\x02\x04\x08\x10 @\xa0j\x02\x12\x00U\x8bx\x03\
\xda\x1b\xcb\xfe\x8d\x1d;\xb6\x01%U\xab\x88\xe8\x05\x10\
\x13\x02\xda\x08\x10 @\x80\x00\x01\x02\x04\x08\x10 \xd0\
\x1b\x01\x09\x80\xde\xa89\xa6S\x81\xa9S\xa7\xbaS\xdd\
\xa9P\xef^liiIS\xa6L\xe9\xdd\xc1\x8e\x22\
@\x80\x00\x01\x02\x04\x08\x10 @\xa0\xf2\x02\x12\x00\x95\
\x7f\x0b\xd4\x1e\xe0\xba\xeb\xae\xab\xfdI\x9d1\x13\x988\
q\x22\x09\x02\x04\x08\x10 @\x80\x00\x01\x02\x04\x08\xf4\
J@\x02\xa0Wl\x0e\x22\xd0\x1c\x81S\xa7N5\xa7\
`\xa5\x12 @\x80\x00\x01\x02\x04\x08\x10 Px\x01\
\x09\x80\xc2\x870\x7f\x0d8q\xe2D\xfe*U\x92\x1a\
\xb1-I 5\x83\x00\x01\x02\x04\x08\x10 @\x80@\
\x13\x04$\x00\x9a\x80^\xf6\x22\x8f\x1d;V\xf6&6\
\xad}G\x8f\x1emZ\xd9\x0a&@\x80\x00\x01\x02\x04\
\x08\x10 @\xa0\xd8\x02\xfd\x8a]}\xb5\xcf\xa3\xc0\xde\
\xbd{\xf3X\xadR\xd4i\xcf\x9e=\xa5hG\xde\x1a\
\x11\x13,\x0e\x192$\xf5\xef\xdf?\xc5\x92\x8b6\x02\
\x04\x08\x10\xb8\xb8@\x0cG;r\xe4H\xf6s\xfa\xf4\
\xe9\x8b\xef\xe8\x15\x02\x04\x08\x10\xc8\x9d\x80\x04@\xeeB\
R\xfc\x0a}\xf2\xc9'\xe9\xe4\xc9\x93).\xaal\xb5\
\x13\x88\xbb\xffk\xd6\xac\xa9\xdd\x09+x\xa6\xb8\xb8\x1f\
:th\xb6\x9a\xc2\xb5\xd7^\x9bF\x8e\x1c\x99\x86\x0d\
\x1b\x96\x06\x0d\x1a\x94\x06\x0c\x18\xe0=[\xc1\xf7\x84&\
\x13 \xd0s\x81\xb8\xe8\x8f!i\xd1\xe3\xaf\xbd\xbd=\
\x1d<x0m\xdf\xbe=\xad^\xbd:m\xde\xbc9\
{\xbe\xe7gu\x04\x01\x02\x04\x084B@\x02\xa0\x11\
\xca\x15+\xe3\xb3\xcf>K;w\xeeLW^ye\
\xc5Z^\xdf\xe6n\xd8\xb0!\xb5\xb5\xb5\xd5\xb7\x90\x92\
\x9e=\xee\xec\xcf\x981#\xddt\xd3Mi\xd2\xa4I\
\xd9E\xff\xd9;\xfe\x91\xa8\xea\xdb\xd7h\xa8\x92\x86^\
\xb3\x08\x10\xa8\xa3@$\x02\xa27@$\x03\x22I\x1d\
\xc9\x80\xdd\xbbwg\x89\x80\xc5\x8b\x17\xa7\xf8\xdc2y\
m\x1d\x03\xe0\xd4\x04\x08\x10\xe8\x85\x80\x04@/\xd0\x1c\
\xd2\xb9@\xdc\xfd_\xb9r\xa5\x04@\xe7L=~5\
L}\x91\xea\x19[\x5c\xdc\x7f\xe9K_JO=\xf5\
T\x1a?~|\x1a8p`\xd6\xcd\xbfgg\xb17\
\x01\x02\x04\x08t$\x10\xbd\xaa\xe2\xefl\xfc\xc4\xdf\xd7\
\xd6\xd6\xd6t\xc5\x15Wd\xbd\xac\x1ez\xe8\xa1\xf4\xde\
{\xef\xa5\x17^x!\xed\xda\xb5\xab\xa3\xc3=G\x80\
\x00\x01\x02M\x10\x90\x00h\x02z\x15\x8a\x5c\xb2dI\
\x8a\x0f\xff\xf8R`\xbbt\x81\x18k\xf9\xe1\x87\x1fJ\
\x00\xf4\x80\xf2\xfa\xeb\xafO\xcf<\xf3L\x9a6mZ\
\xd6\xc5\xbf\x07\x87\xda\x95\x00\x01\x02\x04z)\x10=\xaa\
\x22\x19\x10?_\xf9\xcaW\xd2\x97\xbf\xfc\xe5\xf4\xdak\
\xaf\xa5\x17_|1\xeb!\xd0\xcb\xd3:\x8c\x00\x01\x02\
\x04j$\xd02a\xc2\x84\x1f\xd5\xe8\x5cNC\xe0\x9c\
@\x5c\xb0^s\xcd5i\xec\xd8\xb1\xe7\x9e\xf3\xa0\xf7\
\x02\x91P\x997o^\xd6\xc5\xb2\xf7g\xa9\xc6\x91\xfd\
\xfa\xf5K\x0f>\xf8`\xfa\xc1\x0f~\x90\xae\xbb\xee\xba\
\x14\xbf\xdb\x08\x10 @\xa0\xf1\x02\xd1C \x86`\xdd\
p\xc3\x0d\xe9\xc6\x1boL1G\xd0\xa1C\x87\x1a_\
\x11%\x12 @\x80\xc09\x01\x09\x80s\x14\x1e\xd4R\
 \xc6\x03F\x12\xe0\xee\xbb\xef6\xab\xfa%\xc2\xc6\xb8\
\xca_\xfc\xe2\x17\xd9\xc4Jf[\xbe8f|\xd1\x8c\
\xee\xa7\x8f?\xfexv\xe7\xff\xf2\xcb/\xbf\xf8\xce^\
!@\x80\x00\x81\x86\x09\xc4\xdf\xe7\x98t5\x92\x00;\
v\xecH\xb1ZP\x0c\x17\xb4\x11 @\x80@\xe3\x05\
$\x00\x1ao^\x89\x12\xe3B5.\x5cc\xdc\xb5\xc9\
\x00/-\xe4q\xf7\xff\xad\xb7\xde\xd2u\xb2\x13\xc6\xf8\
r9z\xf4\xe8\xf4\x8do|#=\xf1\xc4\x13\xd9L\
\xff\x9d\xec\xee%\x02\x04\x08\x10h\xb0@\xfc\x9d\x1e1\
bD\x9a:uj\xd6\x0b &\x0c\x8e\x9b\x056\x02\
\x04\x08\x10h\xac\x80\xa9\xaf\x1b\xeb]\xa9\xd2\xf6\xef\xdf\
\x9f\xe6\xcc\x99\xe3\x03\xfe\x12\xa2\x1e\xbd(\xe6\xcf\x9f\x9f\
\xf6\xed\xdbw\x09g)\xf7\xa1\xf1\xa5r\xf8\xf0\xe1\xe9\
\xe1\x87\x1fN\x8f>\xfa\xa8\xf1\xfe\xe5\x0e\xb7\xd6\x11 \
Pp\x81\x98$0&f\xbd\xfd\xf6\xdbM\xcaZ\xf0\
X\xaa>\x01\x02\xc5\x14\x90\x00(f\xdc\x0aQ\xeb\xc8\
\xec\xc7\x9a\xc0\x0b\x16,H\xba\xae\xf7.do\xbf\xfd\
vZ\xbbv\xad\xc9\xff:\xe1\x8b\x89\xa6\xee\xb9\xe7\x9e\
\xf4\xc8#\x8f\xf82\xd9\x89\x93\x97\x08\x10 \x90\x17\x81\
\xab\xae\xba*\x1b\xae\x15\xbd\x01\xcc\xd3\x92\x97\xa8\xa8\x07\
\x01\x02U\x11\x90\x00\xa8J\xa4\x9b\xd4\xce={\xf6d\
w\xb0-\x01\xd4\xf3\x00l\xde\xbc9K\x9e\xc4XI\
[\xc7\x02\xb1\xca\xc4\xad\xb7\xde\x9a\xbe\xf6\xb5\xafe\xbd\
\x00:\xde\xcb\xb3\x04\x08\x10 \x90'\x81\xe8\xb95e\
\xca\x94,\x09\x10\xc9\x80\xf8\xddF\x80\x00\x01\x02\x8d\x11\
\x90\x00h\x8cseK\x89;\xff\xeb\xd6\xad\xcb\x92\x00\
\xc7\x8f\x1f\xaf\xacCO\x1b\x1e\xf3'D\xd7\xff\xf5\xeb\
\xd7\xf7\xf4\xd0J\xed\x1f\x13\xfd\xc5\xb8\xff\xe8Rj#\
@\x80\x00\x81\xe2\x08\xc4r\x81\xb7\xdcrK\x9a9s\
f\x1a6lXq*\xae\xa6\x04\x08\x10(\xb8\x80\x04\
@\xc1\x03X\x84\xea\xb7\xb5\xb5\xa5\xa5K\x97f]\xd9\
\x0d\x05\xe8:b\xa7N\x9dJ\x1f}\xf4Qfv\xf8\
\xf0\xe1\xae\x0f\xa8\xe8\x1eq\xc7(\xba\xfeO\x9e<\xb9\
\xa2\x02\x9aM\x80\x00\x81b\x0b\xc4\x10\xaeH\x00\x9cY\
\x92Z/\x80b\x87R\xed\x09\x10(\x90\x80\x04@\x81\
\x82U\xe4\xaa\xc6\x9d\xec\xc5\x8b\x17\xa7H\x06\xd8:\x17\
\x88.\xffa\xb5e\xcb\x96\xcew\xac\xf8\xab1\xeb\xff\
c\x8f=\xe6Kc\xc5\xdf\x07\x9aO\x80@\xb1\x05\xc6\
\x8e\x1d\x9b\xee\xba\xeb.\xc3\xb8\x8a\x1dF\xb5'@\xa0\
@\x02\x12\x00\x05\x0aV\x91\xab\x1a\xdd\xff\xa3\x17\xc0\xc7\
\x1f\x7flB\xbbN\x02y\xec\xd8\xb1\xb4l\xd9\xb2\xf4\
\xc1\x07\x1fX#\xb9\x13\xa7x\xe9\xc9'\x9fL\xa3F\
\x8d\xeab//\x13 @\x80@\x9e\x05b(@\xf4\
\xe6\x8ae\x83\xe3\xb1\x8d\x00\x01\x02\x04\xea+\xe0/m\
}}\x9d\xfds\x02\xb1\xe6\xef\xa2E\x8b\xd2\xce\x9d;\
?\xf7\xac\x87g\x05bx\xc4\xf6\xed\xdbM\xfcw\x16\
\xa4\x93\x7f\xa3\xdb\xe8\x03\x0f<\xd0\xc9\x1e^\x22@\x80\
\x00\x81\xa2\x08\x8c\x181\x22\xddt\xd3Mi\xc0\x80\x01\
E\xa9\xb2z\x12 @\xa0\xb0\x02\x12\x00\x85\x0d]\xf1\
*\x1e\x17\xb8qw{\xf9\xf2\xe5)&\xb9\xb3}Q\
\xe0\xd0\xa1C\xe9\xddw\xdfM\xabV\xad\xfa\xe2\x0b~\
\xbb@`\xfa\xf4\xe9i\xe8\xd0\xa1\x17<\xef\x09\x02\x04\
\x08\x10(\x9e@\xcc\xe9\x12\x09\x80H\xee\xda\x08\x10 \
@\xa0\xbe\x02\x12\x00\xf5\xf5u\xf6\xf3\x04\x0e\x1e<\x98\
\xe6\xcd\x9b\x97\xa27\x80\x09\x01\xff\x05'&\xfe\xdb\xb4\
iS\x9a;wn\x8aa\x00\xb6\xce\x05n\xbf\xfd\xf6\
\xcew\xf0*\x01\x02\x04\x08\x14J \x96\x05lmm\
5\xafK\xa1\xa2\xa6\xb2\x04\x08\x14Q@\x02\xa0\x88Q\
+x\x9dcY\xc0w\xdey'\xb5\xb7\xb7\x17\xbc%\
\xb5\xab~$Ff\xcf\x9emxD7Hc\x8c\xe8\
\xad\xb7\xde\xda\x8d=\xedB\x80\x00\x01\x02E\x11\x88\xbf\
\xed\xd1\xbb\xab_\xbf~E\xa9\xb2z\x12 @\xa0\x90\
\x02\x12\x00\x85\x0c[\xb1+}\xe2\xc4\x89\xf4\xe6\x9bo\
f\xb3\xdc\xeb\x05\x90\xb2\xc9\xfebX\xc4\x92%K\xf4\
\x8a\xe8\xc6[\xfb\x8a+\xae\xc8\xee\x12ucW\xbb\x10\
 @\x80@\x81\x04bY\xd7\x96\x96\x96\x02\xd5XU\
\x09\x10 P<\x01\x09\x80\xe2\xc5\xac\x145>p\xe0\
@z\xf9\xe5\x97\x93u\xeeS\x8a\xb1\xff\xcf?\xff\xbc\
\xae\xff\xdd|g\xc7dQ1^\xd4F\x80\x00\x01\x02\
\xe5\x12\x88\xbf\xefV\x02(WL\xb5\x86\x00\x81\xfc\x09\
H\x00\xe4/&\x95\xa8Q\xdc\xf9\x8f\xb5\xeeW\xacX\
Q\xe9\xbb\xde\xe1\xf0\xca+\xaf\xa4\xad[\xb7V\x22\xee\
\xb5h\xa41\xa2\xb5Pt\x0e\x02\x04\x08\xe4O\xc0\xdf\
\xf7\xfc\xc5D\x8d\x08\x10(\x9f\x80\x04@\xf9bZ\xa8\
\x16=\xfb\xec\xb3\x95\xee\x05\x10\x13\xffE\x02\xc0\xd6}\
\x81\xe1\xc3\x87\xeb\x01\xd0}.{\x12 @\xa00\x02\
\x91\x00\xd0\x03\xa00\xe1RQ\x02\x04\x0a* \x01P\
\xd0\xc0\x95\xa5\xda\xdb\xb6mK/\xbe\xf8b\x8aY\xf0\
\xab\xb6\xc5R\x88?\xf9\xc9O\xd2\xf1\xe3\xc7\xab\xd6\xf4\
Kjo,\xffg\x08\xc0%\x11:\x98\x00\x01\x02\xb9\
\x14\xb0\xbck.\xc3\xa2R\x04\x08\x94L@\x02\xa0d\
\x01-bs^}\xf5\xd5\xb4q\xe3\xc6\x22V\xbd\xd7\
u\x8e\xae\xff\xb1\x1c\xe2G\x1f}\xd4\xebsT\xf5\xc0\
\x98D\xd2\xe4\x91U\x8d\xbev\x13 Pf\x81\xf8\xfb\
n#@\x80\x00\x81\xfa\x0aH\x00\xd4\xd7\xd7\xd9\xbb!\
p\xe4\xc8\x91\xf4\xdcs\xcfUj(@\xf4|\xd0\xf5\
\xbf\x1bo\x8e\x0ev\x89\x09$m\x04\x08\x10 P>\
\x81\xf8\xfb.\xc1[\xbe\xb8j\x11\x01\x02\xf9\x12\x90\x00\
\xc8W<*[\x9be\xcb\x96\xa5E\x8b\x16U\xa2\xfd\
\xd1\xf5?.\xfew\xed\xdaU\x89\xf6\xd6\xba\x91mm\
m\x95\x1c2RkG\xe7#@\x80@\xde\x04\x22\x01\
P\xc5!\x81y\x8b\x83\xfa\x10 Pn\x01\x09\x80r\
\xc7\xb70\xad\x8bq\xf0o\xbc\xf1F\x8a;\xe3e\xdf\
>\xfc\xf0\xc3\xb4t\xe9\xd2\xa4\xabc\xef\x22\xad\x07@\
\xef\xdc\x1cE\x80\x00\x81\xbc\x0b\xe8\x01\x90\xf7\x08\xa9\x1f\
\x01\x02e\x10\x90\x00(C\x14K\xd0\x86\xe8\xf2\xb7e\
\xcb\x96\xf4\xe6\x9bo\x96\xfa\xc2x\xe7\xce\x9d\xe97\xbf\
\xf9M\x8a\xbb\xd8\xb6\xde\x09\x84\xe1\xc9\x93'{w\xb0\
\xa3\x08\x10 @ \xb7\x02\xdb\xb7o\xd7\x03 \xb7\xd1\
Q1\x02\x04\xca\x22 \x01P\x96H\x96\xa0\x1d\xc7\x8e\
\x1d\xcb\xee\x8c\x97ub\xbc\xb8h\x9d?\x7f~Z\xb3\
fM\xa9\x93\x1c\xf5~+\xb6\xb7\xb7\xa7\xd5\xabW\xd7\
\xbb\x18\xe7'@\x80\x00\x81\x06\x0b\xac\x5c\xb9\xd2\xca8\
\x0d6W\x1c\x01\x02\xd5\x13\x90\x00\xa8^\xccs\xdb\xe2\
\xe8\x05\x10ww\xe7\xcc\x99S\xca;\xe4\x9f~\xfai\
Z\xb2dI:x\xf0`ncP\x84\x8a\xc5\xfb$\
\x86P\xd8\x08\x10 @\xa0<\x02{\xf6\xec\xc9z\x02\
\x9a\x03\xa0<1\xd5\x12\x02\x04\xf2) \x01\x90\xcf\xb8\
T\xb6V1\x17\xc0\xc7\x1f\x7f\x9c\x16/^\x5c*\x83\
C\x87\x0e\xa5\x05\x0b\x16\xa4M\x9b6\x99\xe1\xb8\x06\x91\
\xfd\xe0\x83\x0ft\x13\xad\x81\xa3S\x10 @ /\x02\
+V\xacH1I\xae\x8d\x00\x01\x02\x04\xea+ \x01\
P__g\xef\x85\xc0\xbe}\xfb\xb2\x04\xc0\xe6\xcd\x9b\
{qt>\x0fy\xff\xfd\xf7S\x5c\xb4F\x82\xc3v\
\xe9\x02\x9f}\xf6YZ\xbbv\xed\xa5\x9f\xc8\x19\x08\x10\
 @\xa0\xe9\x02\xf1\xd9\x18\xdd\xff%\x00\x9a\x1e\x0a\x15\
 @\xa0\x02\x02\x12\x00\x15\x08r\xd1\x9a\x18]\xbcW\
\xadZ\x95\xdey\xe7\x9dRL\xf6\x16+\x1bD\x8f\x06\
\xcb\xfe\xd5\xf6\x9d\xf8\xc2\x0b/\xa4\x987\xc2F\x80\x00\
\x01\x02\xc5\x16\x88y]\xa2\xf7\x9f$y\xb1\xe3\xa8\xf6\
\x04\x08\x14C@\x02\xa0\x18q\xaa\x5c-\x8f\x1c9\x92\
\x8d\xf3\x8e/\x04\x91\x10(\xea\x16_fb\xbc\xfa\xb2\
e\xcb\x0a\xdd\x8e<\xfa\xc7r\x8a\xcb\x97/\xcfc\xd5\
\xd4\x89\x00\x01\x02\x04\xba)\x10\x13\xbb\xce\x9b7/\xed\
\xdd\xbb\xb7\x9bG\xd8\x8d\x00\x01\x02\x04.E@\x02\xe0\
R\xf4\x1c[W\x81\xf5\xeb\xd7\xa7w\xdf}\xb7\xb0\x13\
\x02F\xe2\x22\xba\xa9/\x5c\xb80EB\xc3V[\x81\
XU\xe1\x95W^)\xec\xfb\xa3\xb6\x1a\xceF\x80\x00\
\x81b\x0a\xc4\xd8\x7fw\xff\x8b\x19;\xb5&@\xa0\x98\
\x02\x12\x00\xc5\x8c[%j\x1d\x17\xd01k~|9\
(\xe2\xba\xefmmmY\xfd\x8dU\xaf\xcf\xdb\xf5l\
\x82%V\x8d\xd0m\xb4>\xc6\xceJ\x80\x00\x81z\x0a\
\xc4\x10\xb9X\x1e7V\x00\xb0\x11 @\x80@c\x04\
$\x00\x1a\xe3\xac\x94^\x0a\xec\xde\xbd;\x9b\x0b`\xc7\
\x8e\x1d\x85\xeaB\x1f\x09\x8b\x98\xc7 f\xfe/\xf2\x10\
\x86^\x86\xada\x87\xc5\x84Q\xb3g\xcfN\x8b\x16-\
\xe2\xdc0u\x05\x11 @\xe0\xd2\x05\xa2\xcb\xff\x9bo\
\xbe\x99%\xf9%q/\xdd\xd3\x19\x08\x10 \xd0]\x01\
\x09\x80\xeeJ\xd9\xafi\x021~>~\x8a2\xe1[\
\x5c\xf0\xc7\x84\x7fqg\xda\x98\xc6\xfa\xbem\xceZ\xbf\
\xfa\xea\xab\xe6\x03\xa8/\xb5\xb3\x13 @\xa0f\x02\x87\
\x0f\x1f\xce\x12\xe4q\xf7?\x96\xc9\xb5\x11 @\x80@\
\xe3\x04$\x00\x1ag\xad\xa4^\x0a\xc4\xf8\xf9\xb9s\xe7\
\xa6-[\xb6\x14\xe2.o\xdc\xc9\x88e\xffLP\xd7\
\xcb\x80\xf7\xf0\xb0\xe8m\xb1a\xc3\x86l>\x00\xc3-\
z\x88gw\x02\x04\x084X \x92\xf91\xbf\xcf\xac\
Y\xb3R,\xfbk#@\x80\x00\x81\xc6\x0a\xb4L\x98\
0\xe1G\x8d-Ri\x04z.p\xe0\xc0\x814x\
\xf0\xe04e\xca\x94\xd4\xbf\x7f\xff\x9e\x9f\xa0AG\xc4\
\x1d\xe9\xcd\x9b7\xa7g\x9f}\xd6\x17\x9b\x06\x99G1\
\xa7N\x9d\xca\xc6\x90n\xdf\xbe=\x8d\x1a5*\x8d\x19\
3\xa6\x81\xa5+\x8a\x00\x01\x02\x04\xba#\x10w\xfe\xdf\
~\xfb\xed\xf4\xf7\x7f\xff\xf7i\xe7\xce\x9d\x85H\xeaw\
\xa7]\xf6!@\x80@\x91\x04$\x00\x8a\x14\xad\x0a\xd7\
5.\xac\xe3\xcb\xc2u\xd7]\x97]\xdc\xf5\xe9\xd3'\
\x97\x1aq7\xfaW\xbf\xfa\x95\xbb\xffM\x88N$\x01\
b\xce\x88\xe8\x05\xd0\xda\xda\x9a\xc6\x8e\x1d\x9b\xfa\xf6\xd5\
\xc9\xa9\x09\xa1P$\x01\x02\x04.\x10\x88\x8b\xff_\xff\
\xfa\xd7\xe9\x85\x17^H\x91\xd4\x8f\xcfu\x1b\x01\x02\x04\
\x084^@\x02\xa0\xf1\xe6J\xec\xa5@\x0c\x05\x88\x99\
\xf5\xef\xbc\xf3\xce\xdc\xf6\x02\x88\xae\xff\xf1\xe5\xc6\x84F\
\xbd\x0c\xf2%\x1e\x16_(\xe3\x8b\xe5G\x1f}\x94\x06\
\x0e\x1c\x98\xc6\x8f\x1f\x9f\xdb\xf7\xca%6\xd5\xe1\x04\x08\
\x10(\x8c@t\xf5\xff\xf1\x8f\x7f\x9cM\xda\xea\xf3\xb1\
0aSQ\x02\x04J* \x01P\xd2\xc0\x96\xb5Y\
\xb1T\xd0\xe8\xd1\xa3\xd3\xb5\xd7^\x9b\xbb&\xc6\xdd\x8d\
\xbf\xfc\xcb\xbf\xcc&\x00\xcc]\xe5*V\xa1X\x1d\xe0\
\x83\x0f>\xc8\xd6\x96\x1e9rd\x1a1bD\xea\xd7\
\xaf_\xcak\xcf\x91\x8a\x85Gs\x09\x10\xa8\x80@\xf4\
\x88\x8b\x09\xfe^y\xe5\x95\xf4\xdf\xff\xfb\x7fO\xeb\xd7\
\xaf\xaf@\xab5\x91\x00\x01\x02\xf9\x17\x90\x00\xc8\x7f\x8c\
\xd4\xf0s\x02\xd1\xcd;&|\xbb\xef\xbe\xfb\xb2;\xbc\
\x9f{\xa9\xe9\x0fcLc,Gg\xcb\x8f@\x0c\x09\
\x88\xa5\x18c^\x86\xcb.\xbb,\x1b\x12\x10\xef\xa1\x18\
\x1a`x@~\xe2\xa4&\x04\x08\x14_ z`\xc5\
\x04\x7f\xed\xed\xed\xd9\x0a8\x0b\x17.L\x7f\xf5W\x7f\
\x95\x16/^\xacW\x5c\xf1\xc3\xab\x05\x04\x08\x94H\xa0\
\xcf\xcc\x993\x0d\xc2*Q@\xab\xd0\x94\xb8\x8b\xfb\xf0\
\xc3\x0f\xa7?\xfc\xc3?\xccMs7n\xdc\x98\xfe\xfc\
\xcf\xff<\xfb\xe2\x93\x9bJ\xa9\xc8\x05\x02W]uU\
\x9a>}z\x9a6mZ\x1a7n\x5c6< &\
\x95lii\xc9z\x08H\x0a\x5c@\xe6\x09\x02\x04\x08\
\x5c \x10\x17\xfbq\x87?~N\x9c8\x91\xfd\x1c<\
x0K\xd0\xc7\x10\xacU\xabVeC\xf6\x8c\xf3\xbf\
\x80\xce\x13\x04\x08\x10h\xba@\xbf\xa6\xd7@\x05\x08\xf4\
P \xbeP\xbc\xf9\xe6\x9b\xe9\xa1\x87\x1e\xcaV\x05\xe8\
\xe1\xe15\xdf=\xea\xf3\xf3\x9f\xff<\xc5\x10\x00[\xbe\
\x05\xb6n\xdd\x9a\xe2'\xde?\xc3\x86\x0d\xcbz\x05\x0c\
\x1d:4{\x1c\xff\x0e\x180 \xdf\x0dP;\x02\x04\
\x08\xe4@ >\xf7\xe23/\xba\xf8\xc7\x85\x7f\xfc\xbb\
w\xef^\x9f\x839\x88\x8d*\x10 @\xa0+\x01\x09\
\x80\xae\x84\xbc\x9eK\x81\xb3\x17\xdd\x7f\xfa\xa7\x7f\xda\xd4\
\x8b\xb6\xa8\xc7\xdc\xb9s\xd3\xea\xd5\xab\xcdh\x9c\xcbw\
J\xc7\x95\x8aa\x001Y`\xfc\xd8\x08\x10 @\x80\
\x00\x01\x02\x04\x08TE\xc0\x1aYU\x89t\x09\xdb\x19\
\x13\x0a\xfd\xe67\xbfi\xea\x85\xf7\xae]\xbb\xd2\xeb\xaf\
\xbf\xee\xaeG\x09\xdf_\x9aD\x80\x00\x01\x02\x04\x08\x10\
 @\xa0l\x02\x12\x00e\x8bh\x85\xda\x133\xbd\xcf\
\x9a5+m\xdb\xb6\xad)\xad\x8e\xc9\x8e\xe2\xe2\x7f\xfb\
\xf6\xedMMB4\xa5\xf1\x0a%@\x80\x00\x01\x02\x04\
\x08\x10 @\xa0p\x02\x12\x00\x85\x0b\x99\x0a\x9f\x15\x88\
\xee\xf7g\xef\xc0G2\xa0\x91[\x94\x1d\x13\x1d-]\
\xba\xd4\xdd\xffF\xc2+\x8b\x00\x01\x02\x04\x08\x10 @\
\x80\x00\x81^\x0bH\x00\xf4\x9a\xce\x81y\x108r\xe4\
H\xfa\xf0\xc3\x0f\xd3\xca\x95+\x1bZ\x9d\x98\xec\xe8\xad\
\xb7\xdeJ;v\xechh\xb9\x0a#@\x80\x00\x01\x02\
\x04\x08\x10 @\x80@o\x05$\x00z+\xe7\xb8\xdc\
\x08D/\x80\xb8\x18\xdf\xb3gOC\xea\x14K\x1e\xbd\
\xfb\xee\xbb\xe9\xe3\x8f?\xce\x96>jH\xa1\x0a!@\
\x80\x00\x01\x02\x04\x08\x10 @\x80\xc0%\x0aH\x00\x5c\
\x22\xa0\xc3\x9b/\x10\x17\xe4\x9f|\xf2IZ\xb2dI\
\xb6&q\xbdk\xb4q\xe3\xc6\xb4x\xf1\xe2l\xc9\xa3\
z\x97\xe5\xfc\x04\x08\x10 @\x80\x00\x01\x02\x04\x08\x10\
\xa8\x95\x80\x04@\xad$\x9d\xa7\xa9\x02\xfb\xf6\xed\xcb\xee\
\xca\xc7\xc5y=\xb7X\xef8\xee\xfe\xafY\xb3\xc6\xc4\
\x7f\xf5\x84vn\x02\x04\x08\x10 @\x80\x00\x01\x02\x04\
j. \x01PsR'l\x86@L\xca\xb7z\xf5\
\xea\xac\x17@{{{]\xaa\x10e|\xfa\xe9\xa7i\
\xd1\xa2E)\xe6\x1e\xb0\x11 @\x80\x00\x01\x02\x04\x08\
\x10 @\xa0H\x02\x12\x00E\x8a\x96\xbav*\x10\x17\
\xe5\x0b\x17.L\xcb\x97/O\xa7N\x9d\xeat\xdf\xde\
\xbc\x18\xcb\xfd\xcd\x993'}\xf6\xd9g\xbd9\xdc1\
\x04\x08\x10 @\x80\x00\x01\x02\x04\x08\x10h\xaa\x80\x04\
@S\xf9\x15^k\x81\xb88\x9f5kV\xda\xb4i\
SMO}\xe8\xd0\xa1\xb4`\xc1\x82\xf4\xfe\xfb\xef7\
d\x9e\x81\x9aV\xde\xc9\x08\x10 @\x80\x00\x01\x02\x04\
\x08\x10 pF@\x02\xc0\xdb\xa0T\x02\xd1M\x7f\xc5\
\x8a\x15\xe9W\xbf\xfaU\x8a;\xf6\xb5\xd8\x8e\x1e=\x9a\
\xe6\xcd\x9b\x97^|\xf1\xc5t\xfc\xf8\xf1Z\x9c\xd29\
\x08\x10 @\x80\x00\x01\x02\x04\x08\x10 \xd0p\x81\x96\
\x09\x13&\xfc\xa8\xe1\xa5*\x90@\x9d\x05\xb6m\xdb\x96\
%\x00\xae\xbd\xf6\xda4l\xd8\xb0\xd4\xa7O\x9f\x1e\x97\
\x18\xc9\x84\x18V\xf0\xdak\xaf\xa5_\xfc\xe2\x17.\xfe\
{,\xe8\x00\x02\x04\x08\x10 @\x80\x00\x01\x02\x04\xf2\
$ \x01\x90\xa7h\xa8KM\x05b8\xc0{\xef\xbd\
\x97Z[[\xd3\x88\x11#RKKK\xf6\xd3U!\
1\x7f@L$\x18I\x84\xff\xf5\xbf\xfeW\x9a={\
v]\xe6\x14\xe8\xaa\x1e^'@\x80\x00\x01\x02\x04\x08\
\x10 @\x80@-\x05\xfa\xcc\x9c9\xf3t-O\xe8\
\x5c\x04\xf2&\x10w\xff'O\x9e\x9c\xee\xbf\xff\xfe4\
m\xda\xb44x\xf0\xe04p\xe0\xc0,\x19\xd0\xb7\xef\
?\x8d\x829q\xe2Dv\x87?\xee\xf8\xc7\x85\x7fL\
&\xb8x\xf1bw\xfd\xf3\x16L\xf5!@\x80\x00\x01\
\x02\x04\x08\x10 @\xa0\xd7\x02\x12\x00\xbd\xa6s`\xd1\
\x04\x22\x11\x10\x17\xff\x13'NLW]uU\x1a>\
|x\x96\x088y\xf2d\x8aI\xfev\xec\xd8\x91M\
\x1e\xb8{\xf7nw\xfc\x8b\x16\x5c\xf5%@\x80\x00\x01\
\x02\x04\x08\x10 @\xa0K\x01\x09\x80.\x89\xec@\x80\
\x00\x01\x02\x04\x08\x10 @\x80\x00\x01\x02\x04\x8a/`\
\x15\x80\xe2\xc7P\x0b\x08\x10 @\x80\x00\x01\x02\x04\x08\
\x10 @\x80@\x97\x02\x12\x00]\x12\xd9\x81\x00\x01\x02\
\x04\x08\x10 @\x80\x00\x01\x02\x04\x08\x14_@\x02\xa0\
\xf81\xd4\x02\x02\x04\x08\x10 @\x80\x00\x01\x02\x04\x08\
\x10 \xd0\xa5\x80\x04@\x97Dv @\x80\x00\x01\x02\
\x04\x08\x10 @\x80\x00\x01\x02\xc5\x17\x90\x00(~\x0c\
\xb5\x80\x00\x01\x02\x04\x08\x10 @\x80\x00\x01\x02\x04\x08\
t) \x01\xd0%\x91\x1d\x08\x10 @\x80\x00\x01\x02\
\x04\x08\x10 @\x80@\xf1\x05$\x00\x8a\x1fC- \
@\x80\x00\x01\x02\x04\x08\x10 @\x80\x00\x01\x02]\x0a\
H\x00tId\x07\x02\x04\x08\x10 @\x80\x00\x01\x02\
\x04\x08\x10 P|\x01\x09\x80\xe2\xc7P\x0b\x08\x10 \
@\x80\x00\x01\x02\x04\x08\x10 @\x80@\x97\x02\x12\x00\
]\x12\xd9\x81\x00\x01\x02\x04\x08\x10 @\x80\x00\x01\x02\
\x04\x08\x14_@\x02\xa0\xf81\xd4\x02\x02\x04\x08\x10 \
@\x80\x00\x01\x02\x04\x08\x10 \xd0\xa5\x80\x04@\x97D\
v @\x80\x00\x01\x02\x04\x08\x10 @\x80\x00\x01\x02\
\xc5\x17\x90\x00(~\x0c\xb5\x80\x00\x01\x02\x04\x08\x10 \
@\x80\x00\x01\x02\x04\x08t) \x01\xd0%\x91\x1d\x08\
\x10 @\x80\x00\x01\x02\x04\x08\x10 @\x80@\xf1\x05\
$\x00\x8a\x1fC- @\x80\x00\x01\x02\x04\x08\x10 \
@\x80\x00\x01\x02]\x0aH\x00tId\x07\x02\x04\x08\
\x10 @\x80\x00\x01\x02\x04\x08\x10 P|\x01\x09\x80\
\xe2\xc7P\x0b\x08\x10 @\x80\x00\x01\x02\x04\x08\x10 \
@\x80@\x97\x02\x12\x00]\x12\xd9\x81\x00\x01\x02\x04\x08\
\x10 @\x80\x00\x01\x02\x04\x08\x14_@\x02\xa0\xf81\
\xd4\x02\x02\x04\x08\x10 @\x80\x00\x01\x02\x04\x08\x10 \
\xd0\xa5\x80\x04@\x97Dv @\x80\x00\x01\x02\x04\x08\
\x10 @\x80\x00\x01\x02\xc5\x17\xe8w\xe0\xc0\x81\xe2\xb7\
B\x0b\x08\x10 @\x80\x00\x01\x02\x04\x08\x10 @\x80\
\x00\x81N\x05\xf4\x00\xe8\x94\xc7\x8b\x04\x08\x10 @\x80\
\x00\x01\x02\x04\x08\x10 @\xa0\x1c\x02\x12\x00\xe5\x88\xa3\
V\x10 @\x80\x00\x01\x02\x04\x08\x10 @\x80\x00\x81\
N\x05$\x00:\xe5\xf1\x22\x01\x02\x04\x08\x10 @\x80\
\x00\x01\x02\x04\x08\x10(\x87\x80\x04@9\xe2\xa8\x15\x04\
\x08\x10 @\x80\x00\x01\x02\x04\x08\x10 @\xa0S\x01\
\x09\x80Ny\xbcH\x80\x00\x01\x02\x04\x08\x10 @\x80\
\x00\x01\x02\x04\xca! \x01P\x8e8j\x05\x01\x02\x04\
\x08\x10 @\x80\x00\x01\x02\x04\x08\x10\xe8T@\x02\xa0\
S\x1e/\x12 @\x80\x00\x01\x02\x04\x08\x10 @\x80\
\x00\x81r\x08H\x00\x94#\x8eZA\x80\x00\x01\x02\x04\
\x08\x10 @\x80\x00\x01\x02\x04:\x15\x90\x00\xe8\x94\xc7\
\x8b\x04\x08\x10 @\x80\x00\x01\x02\x04\x08\x10 @\xa0\
\x1c\x02\x12\x00\xe5\x88\xa3V\x10 @\x80\x00\x01\x02\x04\
\x08\x10 @\x80\x00\x81N\x05$\x00:\xe5\xf1\x22\x01\
\x02\x04\x08\x10 @\x80\x00\x01\x02\x04\x08\x10(\x87\x80\
\x04@9\xe2\xa8\x15\x04\x08\x10 @\x80\x00\x01\x02\x04\
\x08\x10 @\xa0S\x01\x09\x80Ny\xbcH\x80\x00\x01\
\x02\x04\x08\x10 @\x80\x00\x01\x02\x04\xca! \x01P\
\x8e8j\x05\x01\x02\x04\x08\x10 @\x80\x00\x01\x02\x04\
\x08\x10\xe8T@\x02\xa0S\x1e/\x12 @\x80\x00\x01\
\x02\x04\x08\x10 @\x80\x00\x81r\x08H\x00\x94#\x8e\
ZA\x80\x00\x01\x02\x04\x08\x10 @\x80\x00\x01\x02\x04\
:\x15\x90\x00\xe8\x94\xc7\x8b\x04\x08\x10 @\x80\x00\x01\
\x02\x04\x08\x10 @\xa0\x1c\x02\x12\x00\xe5\x88\xa3V\x10\
 @\x80\x00\x01\x02\x04\x08\x10 @\x80\x00\x81N\x05\
$\x00:\xe5\xf1\x22\x01\x02\x04\x08\x10 @\x80\x00\x01\
\x02\x04\x08\x10(\x87\x80\x04@9\xe2\xa8\x15\x04\x08\x10\
 @\x80\x00\x01\x02\x04\x08\x10 @\xa0S\x01\x09\x80\
Ny\xbcH\x80\x00\x01\x02\x04\x08\x10 @\x80\x00\x01\
\x02\x04\xca! \x01P\x8e8j\x05\x01\x02\x04\x08\x10\
 @\x80\x00\x01\x02\x04\x08\x10\xe8T@\x02\xa0S\x1e\
/\x12 @\x80\x00\x01\x02\x04\x08\x10 @\x80\x00\x81\
r\x08H\x00\x94#\x8eZA\x80\x00\x01\x02\x04\x08\x10\
 @\x80\x00\x01\x02\x04:\x15\x90\x00\xe8\x94\xc7\x8b\x04\
\x08\x10 @\x80\x00\x01\x02\x04\x08\x10 @\xa0\x1c\x02\
\x12\x00\xe5\x88\xa3V\x10 @\x80\x00\x01\x02\x04\x08\x10\
 @\x80\x00\x81N\x05$\x00:\xe5\xf1\x22\x01\x02\x04\
\x08\x10 @\x80\x00\x01\x02\x04\x08\x10(\x87@\xbfr\
4C+\x08\x10 @\x80\x00\x01\x02\x04\x08\x94K\xa0\
o\xdf\xbe\xa9\xa5\xa5%\xf5\xef\xdf?\x0d\x1d:4\x0d\
\x1b6,\xfb\x192dH\x8a\x9f\xc1\x83\x07\x17\xaa\xc1\
'N\x9cHG\x8e\x1cI\x87\x0e\x1dJ\xed\xed\xed\xa9\
\xad\xad\xed\xdc\xe3\x93'O\xa6S\xa7Ne?\x85j\
\x94\xca\x12(\x98\x80\x04@\xc1\x02\xa6\xba\x04\x08\x10 \
@\x80\x00\x01\x02\xe5\x15\x88\x0b\xfe\xb8\xb8\x1f1bD\
\x9a4iRz\xe8\xa1\x87\xd2\xddw\xdf\x9d\xfd^\xc6\
V\x9f>}:m\xd9\xb2%\xbd\xf6\xdak\xe9\xbdQ\
\xb3;\xc7\x00\x00@\x00IDAT\xf7\xdeK\x9f}\
\xf6Y:x\xf0`:z\xf4\xa8d@\x19\x03\xaeM\
M\x17\xe83}\xfa\xf4\xd3M\xaf\x85\x0a\x10 @\x80\
\x00\x01\x02\x04\x08\x10\xa8\xb0@\xdc\xed\xbf\xfc\xf2\xcb\xd3\
\xe4\xc9\x93\xd3#\x8f<\x92\xbe\xf2\x95\xaf\xa4A\x83\x06\
UJ\xe4l2`\xf6\xec\xd9i\xc9\x92%i\xfd\xfa\
\xf5Y/\x81x\xdeF\x80@m\x04$\x00j\xe3\xe8\
,\x04\x08\x10 @\x80\x00\x01\x02\x04z,\xd0\xa7O\
\x9f4j\xd4\xa84u\xea\xd4\xec\xc2\xff\xd1G\x1fM\
\xf1\x5c\xd5\xb7={\xf6\xa4W_}5\xcd\x9f??\
\xad^\xbd:\x1d>|\xb8\xea$\xdaO\xa0&\x02\x12\
\x005at\x12\x02\x04\x8a*\x10_\xb2\xfa\xf5\xeb\x97\
\x8d\xaf\x8c\x7f\xcf\xfe\x14\xb5=\xeaM\x80\x00\x81Z\x0a\
\xc4\x98\xed\xb3?\xc7\x8f\x1fOg\xc7i\xd7\xb2\x8c*\
\x9f+\xee\xf0\xdfv\xdbm\xe9\xbe\xfb\xeeK_\xfd\xea\
W\xb3\xae\xffU\xf6\xe8\xa8\xedk\xd6\xacI\xb3f\xcd\
Js\xe7\xceM\x9b7o\xeeh\x17\xcf\x11 \xd0\x03\
\x01\x09\x80\x1e`\xd9\x95\x00\x81r\x08\xc4\xf8\xca\xe8f\
y\xed\xb5\xd7\xa6\x89\x13'f\x13*\x0d\x1c80\x0d\
\x180 \xfb\x89$@t\xc5\xb4\x11 @\xa0\xca\x02\
\xd1\xed:.\xfe\x8f\x1d;\x96\xfd\xc4\x98\xec\x98\xbcm\
\xd3\xa6Mi\xed\xda\xb5i\xf7\xee\xdd\xd9\xebU6\xba\
\x94\xb6\x8f\x1c92=\xf0\xc0\x03\xe9\xbb\xdf\xfdn\x9a\
0a\x82\xbb\xfe]`\xce\x993'\xbd\xf4\xd2K\xd9\
\xd0\x80\x98,\xd0F\x80@\xef\x04L\x02\xd8;7G\
\x11 P@\x81\x98E\xf9\xd6[oM3f\xccH\
W\x5cqE\x9atfr\xa5\xf1\xe3\xc7\xa7\xb8\xf8\xb7\
\x11 @\x80@\xd7\x02\xd1\x0b &l[\xb7n]\
\xda\xb9sg6i\xdb\xd2\xa5K\xb3\x09\xdb\xba>\xda\
\x1e!\x10=\xcf\xe2\x82\xff\xc9'\x9fL\x8f?\xfex\
\x1a3f\x0c\x98n\x08\xc4d\x88\xe1\x16\x9f\xdb\x91\x08\
\x88\xc4\x94\x8d\x00\x81\x9e\x0b\xe8\x01\xd0s3G\x10 \
P0\x81\xb8\x9b\x7ff\xc2\xd3\xf4\xf4\xd3O\xa7)S\
\xa6dw\xfe\xa3\x17\x80\x8d\x00\x01\x02\x04z/\x10=\
\x04b\x92\xb6\xe8\xa2\xfd\xca+\xaf\xa4\x0f>\xf8@\x8f\
\x80.8\xe3\xe2?\xc6\xfa\xff\xab\x7f\xf5\xaf\xd2\x9dw\
\xde\x99Z[[\xbb8\xc2\xcb\xe7\x0b\xc4\xdc\x00/\xbe\
\xf8b\xfa\xe5/\x7f\x99\x0e\x1c8p\xfe\xcb~'@\
\xa0\x0b\x01\x09\x80.\x80\xbcL\x80@\xb1\x05bb\xa5\
?\xf8\x83?\xc8\x12\x001\xb3\xb2\xae\xfd\xc5\x8e\xa7\xda\
\x13 \x90?\x81H\x04l\xd8\xb0!}\xfc\xf1\xc7\xe9\
g?\xfbY6D \x7f\xb5l~\x8d\xe2\xe2?>\
\x87\xfe\xfd\xbf\xff\xf7\xe9\x96[n\xc9\x86\x9c5\xbfV\
\xc5\xabA\xbc\xdfb\x99\xc0H:\xfd\xe4'?\xc9\x1e\
\x17\xaf\x15jL\xa0y\x02-g\xba\x1d\xfd\xa8y\xc5\
+\x99\x00\x01\x02\xf5\x13\xb8\xe1\x86\x1b\xd2\x9f\xfc\xc9\x9f\
d\x93+E\x17\xcb\xf8\xf2e#@\x80\x00\x81\xda\x0a\
\xc4\xdf\xd6\xcb.\xbb,]s\xcd5)\xfe\xee\xb6\xb5\
\xb5I\x02t@<z\xf4\xe8\xf4\xc3\x1f\xfe0\xdds\
\xcf=\xd9\xc4\xb3\x1d\xec\xe2\xa9n\x08\xc4\xfb-\x86\xee\
]}\xf5\xd5\xd9\xe7\xfa\x8a\x15+\x929\x01\xba\x01g\
\x17\x02\xff, \x01\xe0\xad@\x80@\xe9\x04\xe2\xcbA\
\xcc\xa8\xfcG\x7f\xf4G\xe9\xa6\x9bn\xf2E\xabt\x11\
\xd6 \x02\x04\xf2(\x10C\xab\x22\xd9\x1a\x7fw\xe3\xef\
\xf0\xa7\x9f~\xea\xc2\xec\x9f\x035x\xf0\xe0\xf4\xedo\
\x7f;}\xf3\x9b\xdf\xf4\x99T\xa37oL\xdc\x1bI\
\x80\xf6\xf6\xf6\xb4j\xd5\xaa\x1a\x9d\xd5i\x08\x94_@\
\x02\xa0\xfc1\xd6B\x02\x95\x12\x88.\xfeO<\xf1D\
\xfaw\xff\xee\xdfew\xa3t\xf9\xafT\xf85\x96\x00\
\x81&\x0b\xc4\x85\xff\xd0\xa1C\xd3\xcd7\xdf\x9c%\x01\
bX@,\x1dX\xe5-L\xee\xbf\xff\xfe\xf4\xc7\x7f\
\xfc\xc7\xd9R\xb3U\xb6\xa8e\xdb\xc35\x12+\xd1\xb3\
\x22&\xa6\xdc\xb6m[-O\xef\x5c\x04J+ \x01\
P\xda\xd0j\x18\x81\xea\x09\xc4\xc5\xfe\xcc\x993\xd3\xef\
\xff\xfe\xef\x9f\xeb\x1aX=\x05-&@\x80@s\x05\
\xe2\xc2,V]\x89IWc8\xc0\xea\xd5\xab+\xdd\
\x13 \xc6\xfd\xff\xc5_\xfcE2\xf9l\xed\xdf\x97\xf1\
^\x8b\xb9~\xe2\xf3?z\x9c\xc4\xdc\x006\x02\x04:\
\x17\xb0\xd0u\xe7>^%@\xa0 \x02\xf1\xe1\x1f_\
6\xbf\xf3\x9d\xefd\xb3\xfc\x17\xa4\xda\xaaI\x80\x00\x81\
\xd2\x0a\x0c\x1f><=\xf3\xcc3\xd9l\xf7U\xbd\xf8\
\x8dn\xea\x7f\xf6g\x7ff\x02\xda:\xbf\xcb\x1fy\xe4\
\x91\xf4\xe5/\x7f\xd9\xf0\x8a:;;}9\x04$\x00\
\xca\x11G\xad Pi\x81\xb8\x03p\xc5\x15Wd\xe3\
+g\xcc\x98Qi\x0b\x8d'@\x80@\x9e\x04&M\
\x9a\x94%\x01b\x82\xc0\xf8[]\xb5\xed\x81\x07\x1e\xc8\
\x92\xd3Ukw\xa3\xdb\x1b\x09\xa6\xb0\x9e8qb%\
\xdfg\x8d\xf6V^\xb1\x05$\x00\x8a\x1d?\xb5'@\
\xe0\x8c\xc0\xa0A\x83\xd2\x83\x0f>\x98\x9e|\xf2I\x1e\
\x04\x08\x10 \x903\x81\xb83\x1bs\xb3D\x8f\x80*\
m\xb12B\xcc\xfaok\x8c\xc0\xed\xb7\xdf\x9e\xee\xb8\
\xe3\x8el\x85\x80\xc6\x94\xa8\x14\x02\xc5\x14\x90\x00(f\
\xdc\xd4\x9a\x00\x81\x7f\x16\x88;J\x13&L\xc8\xbe\x5c\
V\xf1\xee\x927\x02\x01\x02\x04\x8a \xf0\xf5\xaf\x7f=\
\xbb\x13^\xa5\x89Y#)=v\xec\xd8\x22\x84\xa7\x14\
u\x8c\xef\x00\x8f=\xf6X\xba\xea\xaa\xabJ\xd1\x1e\x8d\
 P/\x01\x09\x80z\xc9:/\x01\x02\x0d\x11\x88\x19\
\x80c\xec\xdfu\xd7]\xd7\x90\xf2\x14B\x80\x00\x01\x02\
=\x17\x88\xbb\xffO=\xf5T\x1a2dH\xcf\x0f.\
\xe0\x11\xf1\xd9\x14\x09\x80~\xfd\xfa\x15\xb0\xf6\xc5\xad\xf2\
\xd4\xa9S\xd3\x0d7\xdc\x90b\xee\x05\x1b\x01\x02\x1d\x0b\
H\x00t\xec\xe2Y\x02\x04\x0a \x10\xd9\xfe\x18\xfb\x1f\
]Km\x04\x08\x10 \x90o\x81X\x0a/\xd6m\xaf\
Bo\xad\x98\x94\xb6\xb5\xb5\xb5\x12m\xcd\xdb\xbb\xee\xa1\
\x87\x1e\xca\x96\x07\xcc[\xbd\xd4\x87@^\x04$\x00\xf2\
\x12\x09\xf5 @\xa0\xc7\x02\xd1\x95\xf4\xb6\xdbnK\x97\
_~y\x8f\x8fu\x00\x01\x02\x04\x084V`\xe0\xc0\
\x81\xd9DmUH\x00D\xb2\xa3*\xbd\x1d\x1a\xfb.\
\xea\xba\xb4\xf8^P\xb5\xf9&\xbaV\xb1\x07\x81\x7f\x11\
\x90\x00\xf8\x17\x0b\x8f\x08\x10(\x98@\xcc\xfa\x1b\xe3\xfd\
l\x04\x08\x10 P\x0c\x81\xf8\x9b]\xf6n\xf1\xfd\xfb\
\xf7O\xd3\xa6M3\x19]\x93\xde\x921\xfcb\xd2\x99\
\xd5'\xaa4\xdfD\x93\xa8\x15[P\x01\x09\x80\x82\x06\
N\xb5\x09\x10H\xd9\xdd\x95\xf8\x92e#@\x80\x00\x81\
b\x08\x8c\x1e=:\x8d\x1b7\xae\x18\x95\xede-\xc7\
\x8c\x19\xa3\xfb\x7f/\xedju\xd8}\xf7\xdd'\x01P\
+L\xe7)\x9d\x80\x04@\xe9B\xaaA\x04\xaa#\x10\
\xebJ\x97\xfdNRu\xa2\xa9\xa5\x04\x08TA \xba\
\xff\xc7z\xede\xde\xe2\xb3)\xeeB\xdb\x9a'p\xd7\
]w\xf9~\xd0<~%\xe7\x5c@\x02 \xe7\x01R\
=\x02\x04..\x103\xfd\xda\x08\x10 @\xa0X\x02\
\xf7\xde{o\xb1*\xdc\xc3\xda\xc6\xd2\xb4\x12\x00=D\
\xab\xf1\xee\xa3F\x8d2\x01c\x8dM\x9d\xae<\x02\x12\
\x00\xe5\x89\xa5\x96\x10\xa8\x9c@,\xf7c#@\x80\x00\
\x81b\x09\xc4\xc5Y\x99\xb7\xb1c\xc7\x1a\xff\xdf\xe4\x00\
\xc7\xf8\xff\x98t\xd2F\x80\xc0\x85\x02\x12\x00\x17\x9ax\
\x86\x00\x81\x82\x08L\x9c8\xb1 5UM\x02\x04\x08\
\x108+0r\xe4\xc8R\xdf\x9d\x8d\x19\xe8\x0dO;\
\x1b\xed\xe6\xfd;t\xe8\xd0\xe6\x15\xaed\x029\x16\x90\
\x00\xc8qpT\x8d\x00\x81\xce\x05,\xff\xd7\xb9\x8fW\
\x09\x10 \x90G\x81\x01\x03\x06\xa4\x98)\xbf\x8c[\xcc\
q0l\xd8\xb0\x14\xab\xd4\xd8\x9a+`\x19\xc6\xe6\xfa\
+=\xbf\x02\x12\x00\xf9\x8d\x8d\x9a\x11 \xd0\x85\x80\xec\
~\x17@^&@\x80@N\x05\x22\x09P\xc6-\xba\
\x9e\xc7\xc5\x7f$\x02l\xcd\x15(\xeb{\xac\xb9\xaaJ\
/\x83\x80\x04@\x19\xa2\xa8\x0d\x04**\xd0\xde\xde^\
\xd1\x96k6\x01\x02\x04\x8a-p\xfc\xf8\xf1b7\xe0\
\x22\xb5?u\xeaT:q\xe2D:}\xfa\xf4E\xf6\
\xf0t\xa3\x04\x8e\x1e=\xda\xa8\xa2\x94C\xa0P\x02\x12\
\x00\x85\x0a\x97\xca\x12 \xf0y\x81={\xf6|\xfeW\
\x8f\x09\x10 @\xa0\x00\x02qav\xec\xd8\xb1\x02\xd4\
\xb4\xe7U\x8c\x0b\xffHN\x9f<y\xb2\xe7\x07;\xa2\
\xa6\x02n\x12\xd4\x94\xd3\xc9J$ \x01P\xa2`j\
\x0a\x81\xaa\x09l\xdb\xb6\xadjM\xd6^\x02\x04\x08\x14\
^`\xdf\xbe}\xa5\xbeC~\xe0\xc0\x81\xac\x17@\xe1\
\x03U\xf0\x06\x1c>|\xb8\xe0-P}\x02\xf5\x11\x90\
\x00\xa8\x8f\xab\xb3\x12 \xd0\x00\x81\xd5\xabW7\xa0\x14\
E\x10 @\x80@-\x056n\xdcX\xcb\xd3\xe5\xee\
\x5c\xbbv\xedJ\xba\x9f77,1\x0cC\x0c\x9a\x1b\
\x03\xa5\xe7W@\x02 \xbf\xb1Q3\x02\x04\xba\x10X\
\xb1bE\x17{x\x99\x00\x01\x02\x04\xf2&\xb0p\xe1\
\xc2\xbcU\xa9\xa6\xf5\xd9\xb4iSr\xf7\xb9\xa6\xa4=\
>Y\xf4\xc2\x88\xf9\x18l\x04\x08\x5c( \x01p\xa1\
\x89g\x08\x10(\x88\xc0\x9a5k\x8c\xb3,H\xacT\
\x93\x00\x01\x02g\x05\x16/^|\xf6a)\xff\x8d\xcf\
&\xe3\xcf\x9b\x1b\xdaE\x8b\x16\x19\x86\xd1\xdc\x10(=\
\xc7\x02\x12\x009\x0e\x8e\xaa\x11 \xd0\xb9@\xdca\x89\
/Z6\x02\x04\x08\x10(\x86@[[[\xda\xbe}\
{1*\xdb\xcbZ\xee\xdc\xb93\xeb\x01`%\x80^\
\x02\xd6\xe0\xb0y\xf3\xe6\xe9\x01P\x03G\xa7(\xa7\x80\
\x04@9\xe3\xaaU\x04*!\x10c\xfc^z\xe9\xa5\
J\xb4U#\x09\x10 P\x06\x81W_}\xb5\xf4w\
fc\x05\x80w\xdf}\xd7\x18\xf4&\xbda\xe3\xbb\xc1\
\xbau\xeb$\x00\x9a\xe4\xaf\xd8\xfc\x0bH\x00\xe4?F\
jH\x80\xc0E\x04b|\xdf{\xef\xbd\xa7\xab\xe5E\
|<M\x80\x00\x81<\x09\xc4\x85\xf1\xacY\xb3J\xbd\
\x02\xc0Y\xef\xb7\xdf~;\x1d:t\xe8\xec\xaf\xfem\
\xa0\xc0\xfc\xf9\xf3\xd3\xc1\x83\x07\x1bX\xa2\xa2\x08\x14K\
@\x02\xa0X\xf1R[\x02\x04>'\x10\xdd+c\xb6\
\xe5_\xfe\xf2\x97\x95\xf8B\xf9\xb9\xa6{H\x80\x00\x81\
\xc2\x09\xbc\xf3\xce;i\xf3\xe6\xcd\x95\xf8{\xbd~\xfd\
\xfa\x14\x13\xd1\x19\x06\xd0\xd8\xb7ixG\xf2\xc5$\x8c\
\x8duWZ\xb1\x04$\x00\x8a\x15/\xb5%@\xe0<\
\x81#G\x8e\xa4\x18\xebW\xf61\xa5\xe75\xdb\xaf\x04\
\x08\x10(\x94\xc0\xfe\xfd\xfb\xd3\xb3\xcf>[\x99\xbb\xe2\
\xb1\x04\xdd\x1bo\xbcQ\xfa\xe1\x0ey{\x13\xc6w\x81\
X\x228\x86\x01\xd8\x08\x10\xe8X@\x02\xa0c\x17\xcf\
\x12 P\x10\x81\xc8\xf6o\xdd\xba5\xfd\xc3?\xfcC\
:~\xfcxAj\xad\x9a\x04\x08\x10\xa8\x8e@\x0c\xd7\
z\xfd\xf5\xd7+7.\xfb\x85\x17^\xc8z<T'\
\xd2\xcdmi\x5c\xf4\xff\xfa\xd7\xbfN\xdb\xb6m\xd3\xf3\
\xa2\xb9\xa1Pz\xce\x05$\x00r\x1e \xd5#@\xa0\
k\x81Xni\xc1\x82\x05\xd9\xa4K\xd6\xfd\xed\xda\xcb\
\x1e\x04\x08\x10h\xa4\xc0\xb2e\xcbRL\xfe\x17+\x00\
Ti\x8bq\xe8?\xfb\xd9\xcf\x5c\x8c6(\xe8q\xe7\
?&_\xd4\xfd\xbfA\xe0\x8a)\xac@$\x00N\x17\
\xb6\xf6*N\x80\x00\x813\x02\xd1\x0b`\xd3\xa6M\xe9\
o\xff\xf6o\xd3\xca\x95+\x99\x10 @\x80@N\x04\
V\xadZ\x95]\x04\xc7\xac\xecU\x1c\x0f?w\xee\xdc\
\xb4d\xc9\x92\x9cD\xa3\xbc\xd5\x88!\x17o\xbe\xf9f\
\xda\xb8qc%\xdfg\xe5\x8d\xac\x96\xd5A\xe0t$\
\x00\x0c\x92\xa9\x83\xacS\x12 \xd0X\x81\x98]\xfa\xa3\
\x8f>\xca\xc6\x98\xaeY\xb3\xa6\xb1\x85+\x8d\x00\x01\x02\
\x04.\x10\xd8\xb0aC\xfa\xbb\xbf\xfb\xbb\xf4\xe1\x87\x1f\
VvL\xf6\xb1c\xc7\xd2\xdf\xfc\xcd\xdfT\xae\xf7\xc3\
\x05o\x86:>\x11\x89\xa5H\xb2\xc4$\x93\xee\xfe\xd7\
\x11\xda\xa9\xcb\x22p\xa2e\xcc\x981\x7fv\xa65\xfd\
\xca\xd2\x22\xed @\xa0\xba\x02\xd1\xfd\x7f\xe7\xce\x9di\
\xdf\xbe}i\xd2\xa4I\xe9\xb2\xcb.\xab.\x86\x96\x13\
 @\xa0\x89\x02\xd1++&\xfd{\xeb\xad\xb7*\xbf\
T\xeb\x9e={2\x83;\xef\xbc3\xb5\xb4\xb441\
*\xe5,:z\xfe\xfd\xf4\xa7?M\x9f~\xfa\xa9\xbb\
\xff\xe5\x0c\xb1V\xd5V\xe0x$\x00\xfe\xbf3\xe7\x1c\
P\xdb\xf3:\x1b\x01\x02\x04\x9a#\x10\x93\x00\xc5,\xc0\
\xf1\xe53\x92\x00#G\x8eL}\xfa\xf4iNe\x94\
J\x80\x00\x81\x0a\x0a\xc4\x9d\xff\xff\xfd\xbf\xffw\x8a\xf5\
\xd8\x0f\x1d:TA\x81/69\xeeP\xc7\xf2\x87\xd1\
S\xed\xb6\xdbn\xf3\x99\xf4E\x9eK\xfa-\xdek1\
\xfc/z\x00\x98\xf9\xff\x92(\x1d\x5c\x1d\x81\xa3\x91\x00\
\xf8\xd33\xed\x1dX\x9d6k)\x01\x02e\x178\x9b\
\x04X\xbe|y\xba\xfe\xfa\xeb\xd3\xe8\xd1\xa3}\xe1*\
{\xd0\xb5\x8f\x00\x81\xa6\x0b\xc4\x85\xee\xda\xb5k\xd3\x7f\
\xfe\xcf\xff9}\xf0\xc1\x07)\x96i\xb5\xfd\x93@\xac\
R\xb3e\xcb\x964`\xc0\x804m\xda4,5\x10\
\xd8\xbd{wz\xee\xb9\xe7\xd2\xacY\xb3R\x0c\xb5\xb0\
\x11 \xd0-\x81#\x91\x00\xf8\x7f\xcf\xec:\xb8[\xbb\
\xdb\x89\x00\x01\x02\x05\x11\x88\xe1\x00{\xf7\xeeMo\xbf\
\xfdv\x8a\xf5\xa7\xe3\xae\x8b\xae\x97\x05\x09\x9ej\x12 \
P8\x81H\xbc>\xff\xfc\xf3\xe9\xbf\xfd\xb7\xffv\xee\
nw\xe1\x1aQ\xe7\x0a\xc7\xf8\xf4\xe8\x090b\xc4\x88\
4y\xf2\xe4:\x97V\xee\xd3\xc7\xea?/\xbf\xfcr\
6\xcc$&\x00\xb4\x11 \xd0m\x81\xf6\x963w\xc6\
\xfe\x9f3\xddc\x87v\xfb\x10;\x12 @\xa0@\x02\
q\x07*z\x02\xc4]\x82A\x83\x06\xa5\xe9\xd3\xa7\xeb\
\x0dP\xa0\xf8\xa9*\x01\x02\xf9\x16\x88\xbb\xfeq\xb7\xff\
?\xfc\x87\xff\x90\xcd\xc2\x1e\x17\xb9\xf1\x9c\xadc\x81\x03\
\x07\x0e\xa4O>\xf9$\xb5\xb6\xb6\xa6\xeb\xae\xbb\xce\xe7\
Q\xc7L\x9d>\x1b\xef\xb1\x18\xf3\xff\x93\x9f\xfcD\xb7\
\xffN\xa5\xbcH\xe0B\x813\x7f\x9f\xdb\xfa\x9c\xf92\
\xbc\xee\xccK\x93.|\xd93\x04\x08\x10(\x9f\xc0\x95\
W^\x99\xbe\xf6\xb5\xaf\xa5\xaf~\xf5\xab\xd9\x17\xb0\xe8\
\x8e\xd9\xaf_\xbf\xd4\xb7o__\xc4\xca\x17n-\x22\
@\xa0F\x02qQ\x1f=\xab\xe2N\x7ft\xb7\x8e;\
\xb0\xd1\xc3\xea\xa5\x97^\xca\xba\xfd\xbb\xe8\xef\x19tL\
R\xfb\xaf\xff\xf5\xbfNO=\xf5T\x1a<x\xb0\xcf\
\x9fn\xf2\xc5$\xbf\xff\xf5\xbf\xfe\xd74o\xde<\x89\
\xa6n\x9a\xd9\x8d\xc0y\x02\xeb#\x01\xb0\xe2\xcc\x937\
\x9e\xf7\x82_\x09\x10 Pj\x81\xb8\xf0\xbf\xe6\x9ak\
\xd2=\xf7\xdc\x93\x8d\xc7\x8c/c\xf1%,\x92\x01&\
\x0d,u\xe85\x8e\x00\x81\x1e\x08\xc4\x85}L^\x17\
\xbd\xa9\xe2\xe2+\xee^/\x5c\xb80\xad[\xb7.\xe9\
z\xdd\x03\xc8\x0ev\x8d^i\xdf\xff\xfe\xf7\xb3\xa4\xf4\
\x99!\xb9\x86\xa9u`t\xf6\xa9H<\xc5\x1c\x0a\xff\
\xe9?\xfd\xa7\xb4j\xd5\xaa\xb3O\xfb\x97\x00\x81\x9e\x0b\
\xac\x8c\x04\xc0\x923\xc7\xdd\xd9\xf3c\x1dA\x80\x00\x81\
r\x09\xc4\x1c\x01\x03\x07\x0e\xcc&i\x92\x04(Wl\
\xb5\x86\x00\x81\x9e\x0b\xc4\xc5\x7f\xdc\xed\x8f\x0b\xfdH\x02\
\xd8j/\x10\x9f;\xf7\xde{o\xd6\x13 \x86\xa8\xc5\
\xd0\x00\x9f?\xff\xe2|vR\xdfH<\xfd\x8f\xff\xf1\
?\xd2\x8e\x1d;\xfe\xe5E\x8f\x08\x10\xe8\x8d\xc0\xbb\x91\
\x00\x98{\xe6\xc8\x07zs\xb4c\x08\x10 @\x80\x00\
\x01\x02\x04\x08\x10\xb84\x81\xe1\xc3\x87\xa7o|\xe3\x1b\
\xe9\x8e;\xeeH7\xddtS\x1a2d\xc8\xa5\x9d\xb0\
\xe0G\xff\xff\xed\xdd\x0b\x94U\xd5\x9d\xe7\xf1S/\xa4\
\x8a\x02\x01\x91\xe2\x0d\x0a\x02U\x05\x04)\x9f\xd10\xa3\
\xa0\xc6h\x8f\xd1n\x13\xa3\xd3\x9d\xe7\xac6\xc9\xf4J\
w:\x9dt\xd6\xf4Z\x93t\xc7\xe9I\xc78\xe9t\
;I\xa731N\xd2\x9dD\xa31\x89\xd1\xa0\x92\x8c\
b\x8c\x02\xc5\xb3\x1e\x14\x8a\x16oJ@@\xaa\x0a\xa1\
\xa0\x98\xdf\xffX\x17\x8bz\xde\xc7y\x9f\xef]\xebp\
_\xe7\x9c\xbd\xf7\xe7\x5cn\xdd\xff\xff\xec\xbd\x8f\x0d7\
\xd9\xb3g\x8f\xb3e\xcb\x16g\xc5\x8a\x15\xee<\x13\xcc\
\xf4\x1f\xf3\x83J\xf5\xa3\x22\xb0\xaa\xa8\xa6\xa6\xe6\xd7\xca\
\xf0\xde\x10\x95\x1aQ\x0f\x04\x10@\x00\x01\x04\x10@\x00\
\x01\x04\xd2(PUU\xe5\xbc\xf7\xbd\xefuf\xcd\x9a\
\xe5\x0eS\x9b6m\x9a\xdb+-\x0d\x16\xd6\xe3\xc4&\
I\xb4\xe1%;w\xeet\xea\xeb\xeb\xdd\xa5\xbd\xbd\x9d\
\xf1\xfei\xf8\x00\xd0\xc6@\x04\xd4\xc3h\x85\xf5\x00x\
T\xa5\xdd\x1aH\x89\x14\x82\x00\x02\x08 \x80\x00\x02\x08\
 \x80\x00\x02\x83\x0a\xd8\x10\x80\xf1\xe3\xc7;s\xe6\xcc\
q\xaf\x140y\xf2d\xf7~\xca\x94)n\xcf\x80\xb2\
\xb2\xb2D\x0c\x13\xb0\x80\xdf\xe6\x968z\xf4\xa8\xb3m\
\xdb6g\xfb\xf6\xed\xeeY\x7f\xeb\xeeo\x09\x00\x9bh\
\x92\x1b\x02\x08x.\xf0\xb3R\xfd\xe7;\xccX#\xcf\
a\xd9!\x02\x08 \x80\x00\x02\x08 \x80\x00\x029\x0b\
X`|\xf0\xe0AwY\xbbv\xad;/\x80\xf5\x04\
\xd0\xa5\xbb\xdd\xcb\xd9f\xe6\xaa\xb1\xc9l\xe3\x96\x0c\xb0\
\xb9$\xba\xba\xba\xdc\xb9%2\xf3KX\xa0o\x01\x7f\
[[\x9b\x9b\x10\xb0\xf6sC\x00\x01\x7f\x04,\xf6/\
U\xf0\x7f\xd8\x9f\xdd\xb3W\x04\x10@\x00\x01\x04\x10@\
\x00\x01\x04\x10\xc8W\xc0\x02\xe6C\x87\x0e\xb9Kf\x1f\
v\xe2\xce\xaeXc\x13\x08\xda\x12\xa7\x80\xd9\xea\x9a\xb9\
\x9c\xa4\xdd\xc7\xa9\xee\x19\x7f\xee\x11\x88\xb3\x80\xc5\xfe\xf4\
\x00\x88\xf3\x11\xa4\xee\x08 \x80\x00\x02\x08 \x80\x00\x02\
\xa9\x12\xb0\xa0\xd9\xce\xa2\xdb\xc2\x0d\x01\x04\x10\xc8E@\
\xdf\x1f\x87\x8bu\xa3\x07@.j\xac\x8b\x00\x02\x08 \
\x80\x00\x02\x08 \x80\x00\x02\x08 \x80@\xcc\x04,\xf6\
/\xb6,@\xcc\xeaMu\x11@\x00\x01\x04\x10@\x00\
\x01\x04\x10@\x00\x01\x04\x10@ \x07\x01\xc5\xfe\x87,\
\x01p(\x87mX\x15\x01\x04\x10@\x00\x01\x04\x10@\
\x00\x01\x04\x10@\x00\x01\x04b&\xe0\x0e\x01\xd0D\x00\
\xfbcVo\xaa\x8b\x00\x02\x08 \x80\x00\x02\x08 \x80\
\x00\x02\x08 \x80\x00\x029\x08X\xec_\xac\x198\xdb\
r\xd8\x86U\x11@\x00\x01\x04\x10@\x00\x01\x04\x10@\
\x00\x01\x04\x10@ f\x02\x16\xfb\x17WVV\x92\x00\
\x88\xd9\x81\xa3\xba\x08 \x80\x00\x02\x08 \x80\x00\x02\x08\
 \x80\x00\x02\x08\xe4\x22`\xb1\x7f\x91mP]]\xdd\
\xae\xbbQ\xb9l\xcc\xba\x08 \x80\x00\x02\x08 \x80\x00\
\x02\x08 \x80\x00\x02\x08 \x10\x0b\x81\xf6\xe6\xe6\xe6\xd1\
\xc5VU\x8d\x05\xa0\x17@,\x8e\x19\x95D\x00\x01\x04\
\x10@\x00\x01\x04\x10@\x00\x01\x04\x10@ 7\x01\xc5\
\xfc\xaf\xdb\x16n\x02@\xb3\x01\x92\x00\xc8\xcd\x8f\xb5\x11\
@\x00\x01\x04\x10@\x00\x01\x04\x10@\x00\x01\x04\x10\x88\
\x85@&\xe6\xcf\xf4\x00\xd8\x1d\x8bZSI\x04\x10@\
\x00\x01\x04\x10@\x00\x01\x04\x10@\x00\x01\x04\x10\xc8I\
@=\x00\xdc\x98?\xd3\x03`gN[\xb32\x02\x08\
 \x80\x00\x02\x08 \x80\x00\x02\x08 \x80\x00\x02\x08\xc4\
B@=\x00\xdc\x98\xdfM\x00\xa8\xc6$\x00bq\xd8\
\xa8$\x02\x08 \x80\x00\x02\x08 \x80\x00\x02\x08 \x80\
\x00\x029\x0b\xbc\x93\x00P6`G\xce\x9b\xb3\x01\x02\
\x08 \x80\x00\x02\x08 \x80\x00\x02\x08 \x80\x00\x02\x08\
D^ \x13\xf3\xbb=\x00JJJ\xe8\x01\x10\xf9C\
F\x05\x11@\x00\x01\x04\x10@\x00\x01\x04\x10@\x00\x01\
\x04\x10\xc8] \x13\xf3\xbb\x09\x80\xee\xeen\x12\x00\xb9\
\x1b\xb2\x05\x02\x08 \x80\x00\x02\x08 \x80\x00\x02\x08 \
\x80\x00\x02\x91\x17\xc8\xc4\xfcE=5-\xaa\xae\xae\xee\
\xd0\xe3\xf2\xc8\xd7\x9c\x0a\x22\x80\x00\x02\x08 \x80\x00\x02\
\x08 \x80\x00\x02\x08 \x80@\xb6\x02\xc7\x9a\x9b\x9bG\
i\xe5\xd3\x99I\x00O\xeb\xc9\xab\xd9n\xcdz\x08 \
\x80\x00\x02\x08 \x80\x00\x02\x08 \x80\x00\x02\x08 \x10\
\x0b\x01\x8b\xf5-\xe6w2\x09\x00{\xfc\x8a\xfd\xc3\x0d\
\x01\x04\x10@\x00\x01\x04\x10@\x00\x01\x04\x10@\x00\x01\
\x04\x12#p&\xd6?\x93\x00(**\xda\x96\x98\xe6\
\xd1\x10\x04\x10@\x00\x01\x04\x10@\x00\x01\x04\x10@\x00\
\x01\x04\x10p\x14\xeb\xf7O\x00\xe8\xb2\x00g^\xc4\x08\
\x01\x04\x10@\x00\x01\x04\x10@\x00\x01\x04\x10@\x00\x01\
\x04\xe2/\xa0X\xff\xcc\xc9\xfe3=\x00\xd4,\x12\x00\
\xf1?\xb6\xb4\x00\x01\x04\x10@\x00\x01\x04\x10@\x00\x01\
\x04\x10@\x00\x81\xde\x02gb\xfd3\x09\x80\xe2\xe2\xe2\
\x96\xdek\xf0\x18\x01\x04\x10@\x00\x01\x04\x10@\x00\x01\
\x04\x10@\x00\x01\x04\xe2-\xd0;\xd6\xcf\x5c\x06\xd0m\
\x91.\x05\xf8\xa6\x1e\x8c\x8ew\xf3\xa8=\x02\x08 \x80\
\x00\x02\x08 \x80\x00\x02\x08 \x80\x00\x02\x08H\xe0\xa8\
.\x018&#q\xa6\x07@\xcf\x0b\xcd\x997\xb8G\
\x00\x01\x04\x10@\x00\x01\x04\x10@\x00\x01\x04\x10@\x00\
\x81X\x0b\x9c\x15\xe3\x9f\x95\x00\xd0\xec\x80M\xb1n\x1a\
\x95G\x00\x01\x04\x10@\x00\x01\x04\x10@\x00\x01\x04\x10\
@\x00\x01W@\x13\x006\xf6\xa68+\x01\xa07\xce\
z\xb3\xf7\x8a<F\x00\x01\x04\x10@\x00\x01\x04\x10@\
\x00\x01\x04\x10@\x00\x81\xf8\x08h\xfc\xffY'\xf9\xcf\
J\x00(;p\xd6\x9b\xf1i\x165E\x00\x01\x04\x10\
@\x00\x01\x04\x10@\x00\x01\x04\x10@\x00\x81\xde\x02}\
c\xfc\xb3\x12\x00eee\x9bz\xaf\xccc\x04\x10@\
\x00\x01\x04\x10@\x00\x01\x04\x10@\x00\x01\x04\x10\x88\xa7\
@\xdf\x18\xff\xac\xab\x00X\x93t%\x80\xfd\xba\x9b\x10\
\xcf\xe6Qk\x04\x10@\x00\x01\x04\x10@\x00\x01\x04\x10\
@\x00\x01\x04\x10\x90\xc0\x01]\x01\xe0\xfc\xde\x12\xa5\xbd\
\x9f\xd8\xe3\xf2\xf2\xf2\x0ee\x09H\x00\xf4\x85\xe19\x02\
\x08 \x80\x00\x02\x08 \x80\x00\x02\x08 \x80\x00\x021\
\x11\xe8\xea\xea\xea\xe8[\xd5\xb3\x86\x00\xd8\x9b\x1a#\xb0\
\xad\xefJ<G\x00\x01\x04\x10@\x00\x01\x04\x10@\x00\
\x01\x04\x10@\x00\x81\xf8\x08\x0c\x14\xdb\xf7K\x00\xa89\
\x0d\xf1i\x125E\x00\x01\x04\x10@\x00\x01\x04\x10@\
\x00\x01\x04\x10@\x00\x81\x01\x04\xfa\xc5\xf6\xfd\x12\x00E\
EE/\x0c\xb0!/!\x80\x00\x02\x08 \x80\x00\x02\
\x08 \x80\x00\x02\x08 \x80@L\x04\x06\x8a\xed\xfb%\
\x00JKK\x9f\xe9\xee\xee>\x15\x936QM\x04\x10\
@\x00\x01\x04\x10@\x00\x01\x04\x10@\x00\x01\x04\x10\xe8\
%`1\xbd\xc5\xf6\xbd^r\x1f\xf6K\x00\xac^\xbd\
\xfa\xa0V~\xbd\xef\x8a<G\x00\x01\x04\x10@\x00\x01\
\x04\x10@\x00\x01\x04\x10@\x00\x81\xe8\x0bXLo\xb1\
}\xdf\x9a\xf6K\x00\xd8\x0a\x9a,\xa0\xb9\xef\x8a<G\
\x00\x01\x04\x10@\x00\x01\x04\x10@\x00\x01\x04\x10@\x00\
\x81\xe8\x0b\x0c\x16\xd3\x0f\x98\x00Ps\x9e\x8b~\x93\xa8\
!\x02\x08 \x80\x00\x02\x08 \x80\x00\x02\x08 \x80\x00\
\x02\x08\x0c 0`L?`\x02\xe0\xd4\xa9S?\xd5\
2\xc0>x\x09\x01\x04\x10@\x00\x01\x04\x10@\x00\x01\
\x04\x10@\x00\x01\x04\xa2*`\xb1\xbc\xc5\xf4\x03\xd5\xaf\
h\xa0\x17\xed\xb5%K\x96\x1c-++\xab\x1c\xec}\
^G\x00\x01\x04\x10@\x00\x01\x04\x10@\x00\x01\x04\x10\
@\x00\x81h\x09tuu\xb5\xaf[\xb7n\xf4@\xb5\
\x1a\xb0\x07@\xcf\x8a[\x07\xda\x80\xd7\x10@\x00\x01\x04\
\x10@\x00\x01\x04\x10@\x00\x01\x04\x10@ \xb2\x02-\
\x83\xd5l\xd0\x04\x80f\x0d|v\xb0\x8dx\x1d\x01\x04\
\x10@\x00\x01\x04\x10@\x00\x01\x04\x10@\x00\x01\x04\xa2\
'\xa0X~\xc0\xf1\xffV\xd3A\x13\x00\x1a3\xf00\
\xf3\x00D\xef`R#\x04\x10@\x00\x01\x04\x10@\x00\
\x01\x04\x10@\x00\x01\x04\x06\x12\xe8\x19\xff\xff\xf0@\xef\
\xd9k\x83\xce\x01`o\xd6\xd5\xd5u\x96\x96\x96\x96\xdb\
cn\x08 \x80\x00\x02\x08 \x80\x00\x02\x08 \x80\x00\
\x02\x08 \x10]\x81\x93'O\x1e\xab\xaf\xaf\xaf\x18\xac\
\x86\x83\xf6\x00\xb0\x0d\xd4u\x80y\x00\x06\x93\xe3u\x04\
\x10@\x00\x01\x04\x10@\x00\x01\x04\x10@\x00\x01\x04\x22\
$0\x5c\x0c?d\x02@\xedX\x15\xa1\xb6P\x15\x04\
\x10@\x00\x01\x04\x10@\x00\x01\x04\x10@\x00\x01\x04\x10\
\x18\x5c`\xc8\x18~\xc8\x04\x80\xba\x0f\xfc;\xf3\x00\x0c\
.\xcb;\x08 \x80\x00\x02\x08 \x80\x00\x02\x08 \x80\
\x00\x02\x08DA\xc0bw\x8b\xe1\x87\xaa\xcb\x90s\x00\
\xd8\x86\x9a\x07\xe0\xa8\xe6\x01\xa8\x1cj'\xbc\x87\x00\x02\
\x08 \x80\x00\x02\x08 \x80\x00\x02\x08 \x80\x00\x02\xe1\
\x09(\xf8o\xd7\xf8\xff\xd1C\xd5`\xc8\x1e\x00\xb6\xa1\
\xc6\x104\x0d\xb5\x03\xdeC\x00\x01\x04\x10@\x00\x01\x04\
\x10@\x00\x01\x04\x10@\x00\x81p\x05\xb2\x89\xdd\x87M\
\x00\x14\x15\x15=\x1dn3(\x1d\x01\x04\x10@\x00\x01\
\x04\x10@\x00\x01\x04\x10@\x00\x01\x04\x86\x12\xc8&v\
\x1f6\x01\xa0\x02\xbe\xcf<\x00C1\xf3\x1e\x02\x08 \
\x80\x00\x02\x08 \x80\x00\x02\x08 \x80\x00\x02\xe1\x09\xf4\
\xc4\xec\xdf\x1f\xae\x06\xc3\xce\x01`;X\xb2dI[\
YY\xd9\xc4\xe1v\xc6\xfb\x08 \x80\x00\x02\x08 \x80\
\x00\x02\x08 \x80\x00\x02\x08 \x10\xac@WW\xd7\xeb\
\xeb\xd6\xad\xab\x1a\xae\xd4lz\x008\xa7O\x9f~~\
\xb8\x1d\xf1>\x02\x08 \x80\x00\x02\x08 \x80\x00\x02\x08\
 \x80\x00\x02\x08\x04/\x90m\xcc\x9eU\x02@\xd5\x7f\
P\x13\x0a\x04\xdf\x0aJD\x00\x01\x04\x10@\x00\x01\x04\
\x10@\x00\x01\x04\x10@\x00\x81A\x05zb\xf5\x07\x07\
]\xa1\xd7\x1bY\x0d\x01\xb0\xf55\x0c\xa0S\xc3\x00\xca\
{m\xcbC\x04\x10@\x00\x01\x04\x10@\x00\x01\x04\x10\
@\x00\x01\x04\x10\x08Q@\xdd\xff\x8f\xa9\xfb\x7fE6\
U\xc8\xb6\x07\x80\x0d\x03\xd8\x9c\xcd\x0eY\x07\x01\x04\x10\
@\x00\x01\x04\x10@\x00\x01\x04\x10@\x00\x01\x04\x82\x11\
\xc8%V\xcf:\x01\xa0K\x0a<\x11L\xf5)\x05\x01\
\x04\x10@\x00\x01\x04\x10@\x00\x01\x04\x10@\x00\x01\x04\
\xb2\x11\xc8%V\xcf:\x01p\xf2\xe4\xc9\xff\xa3K\x0b\
0\x11@6G\x80u\x10@\x00\x01\x04\x10@\x00\x01\
\x04\x10@\x00\x01\x04\x10\xf0Y\xc0bt\x8b\xd5\xb3-\
&\xeb\x04\xc0\xa6M\x9bv\xa9kAk\xb6;f=\
\x04\x10@\x00\x01\x04\x10@\x00\x01\x04\x10@\x00\x01\x04\
\x10\xf0O\xc0bt\x8b\xd5\xb3-\xa14\xdb\x15m=\
\xcd.\xb8Bw\x9f\xcce\x1b\xd6E\x00\x01\x04\x10@\
\x00\x01\x04\x10@\x00\x81\xdc\x05\x8a\x8b\x8b\x9d\x92\x92\x12\
\xa7\xb4\xb4\xd4)//wF\x8d\x1a\xe5.\xf6x\xe4\
\xc8\x91\xee\xa2\xae\xbf\xb9\xef8\xa4-t\x96\xd29~\
\xfc\xb8\xd3\xd9\xd9\xe9\x1c;v\xcc\xe9\xe8\xe88\xf3X\
g1-\xd6\xb0y\xc7B\xaa\x1d\xc5\x22\x10O\x81\x9e\
\x18=\xeb\xca\xe7\x94\x00\xd0\x97\xcf\xfd*\xe0n}\x19\
\xc5\xe7\x9b&k\x0aVD\x00\x01\x04\x10@\x00\x01\x04\
\x10@ \x5c\x01\x0b\xfa+**\x9c1c\xc68\xd3\
\xa7Ow\xae\xba\xea*\xa7\xae\xae\xce9\xf7\xdcs\xc3\
\xad\x98O\xa5[\xd0\xbfw\xef^g\xe5\xca\x95\x8e\xce\
b:\x07\x0e\x1cp\xda\xdb\xdb\x9d\x13'N\xb8\x09\x01\
\x9f\x8ae\xb7\x08$B@\xff\x7fN[\x8c\x9eKc\
r\x0e\xe4u9\xc0\xed\xba\x1c\xe0\x8c\x5c\x0aa]\x04\
\x10@\x00\x01\x04\x10@\x00\x01\x04\x10\x18\x5c\xc0\xce\xe4\
\x8f\x1b7\xce\x999s\xa6\xf3\x9e\xf7\xbc\xc7Y\xbat\
\xa9{\x86\x7f\xf0-\x92\xf7\x8e%\x03\xf6\xec\xd9\xe3<\
\xf7\xdcs\xce\x86\x0d\x1b\x9c\x1d;v\xb8\xbd\x04\xe8\x15\
\x90\xbccM\x8b\xbc\x11\xd0\xe5\xffv\xe8\xf2\x7f3s\
\xd9[I.+\xdb\xbaUUU\xb5\xca2,\xc9u\
;\xd6G\x00\x01\x04\x10@\x00\x01\x04\x10@\x00\x81\xb3\
\x05,\xf0\x1f?~\xbc\xb3p\xe1B\xe7\x96[nq\
>\xfa\xd1\x8f:s\xe6\xccq\xbb\xfd\x9f\xbdf\xf2\x9f\
\x99\x85\xf5|0\x8bK.\xb9\xc4\x1d\xf6`C\x06\xac\
G\x80\x0d\x1f\xe0\x86\x00\x02g\x0b\xe8\xff\xc5\xc3\xfb\xf6\
\xed\xfb\xe5\xd9\xaf\x0e\xfd,\xe7\x1e\x00\xea\x82\xb4P]\
\x9362\x0c`hX\xdeE\x00\x81x\x08\xd8\x8f\x8d\
\xcc\xf8J\xf5nr\x1f\xdbsn\x08 \x80\x00\x02\x8e\
c\xe3\xb2-\xf0\xea}ogi\xb9y#p\xce9\
\xe78\x0b\x16,p.\xbb\xec2\xe7\x9ak\xaeq\xbb\
\xfe{\xb3\xe7\xe4\xec\xe5\xd5W_u\x9e}\xf6Y\xe7\
\x85\x17^p\x87\x0a$\xa7e\xb4\x04\x81\xc2\x04\xac\xfb\
\xbf\x96w\xd5\xd7\xd7o\xceeO9'\x00l\xe7\x1a\
\x06\xf0\x9a~(\xcf\xca\xa5 \xd6E\x00\x01\x04\xa2\x22\
`\x01\xfe\xd8\xb1c\xddn\x96\xd3\xa6Ms'T\x1a\
1b\x84cK&\x09`c0\xb9!\x80\x00\x02i\
\x16\xb0n\xd7\x16\xf8\xdbXlu3u\xefm\xf2\xb6\
\xdd\xbbw;\xad\xad\xad\xce\x1bo\xbc\xe1\xbe\x9ff\xa3\
B\xdanc\xfa\xaf\xbc\xf2J\xe7\xd6[ou\xa6L\
\x99\xe2XB\x9a\xdb\xe0\x02\xabV\xadr\x9e~\xfai\
wh\x00I\xa8\xc1\x9dx'=\x02\xfa^nU\xf7\
\xff\x0brmqN\x93\x00\xf6\xda\xf9\xaf\xf4\xf8\xd3\xbd\
\x9e\xf3\x10\x01\x04\x10\x88\xbc\x80\xcd\xa2\x5c[[kI\
Lg\xc2\x84\x09\xce\x8c\x193\xdc\x1f]v\x06\x86\x1b\
\x02\x08 \x80\xc0\xf0\x02\x96\x08\xb01\xda\xdb\xb7ow\
\x0e\x1e<\xe8\x06c\x9b7ov\x93\x03\xc3o\xcd\x1a\
&`\x81\xfe\xe4\xc9\x93\x9d\xe5\xcb\x97;\xd7^{\xad\
\xfb\xf7\x08\x99\xe1\x05l^\x84\xa9S\xa7:+V\xac\
p\x9ez\xea)7)5\xfcV\xac\x81@\xa2\x05,\
&\xcf\xf9\x96W\xaaQcr\xe6\xe9\xcb\xabIg\xc8\
8E\x9639\x1b \x80@\xd0\x02\xf6ck\xee\xdc\
\xb9\xce\x8d7\xde\xe8\x5cp\xc1\x05\xce\xacY\xb3\xdc\xae\
\xfeA\xd7\x83\xf2\x10@\x00\x81$\x09\xd8YXK\x04\
\xd8b\x01Ycc#=\x02\x869\xc0\xf6\xf7h\xf6\
\xec\xd9\xcem\xb7\xdd\xe6,^\xbc\xd8\x1d\xef>\xcc&\
\xbc\xddG\xc0z\x9e\xd8\xe7\xed\xb1\xc7\x1es\xe7\x06\xe8\
\xf36O\x11H\x85\x80\xbe\x7f\xbb\xd5K\xabf\xed\xda\
\xb5-\xb968\xaf\x04\x80\x15\xa2\xb9\x00Zt6m\
n\xae\x05\xb2>\x02\x08 \x10\xa4\x80\xcd\xa8|\xe7\x9d\
w:\xf3\xe6\xcds\xbb\xfc3\xbe?H}\xcaB\x00\
\x814\x08\xd8P\x01\x9b\xad\xfd\xe5\x97_v\x1ez\xe8\
!\xb7\x87@\x1a\xda\x9dk\x1b-\xf8\x9f\xa5\x04\xf4\xc7\
?\xfeq\xa7\xa6\xa6\xc6\x1dv\x96\xeb>X\xdfq\xec\
\xf3f\x93\x02>\xf3\xcc3\xce\x8f~\xf4#\xc7\x86\xa5\
pC m\x02\x9a\x9be\xab\xc6\xfe\xcf\xcb\xa7\xddy\
\xcft5i\xd2\xa4\xa9\xfa!}u>\x85\xb2\x0d\x02\
\x08 \x10\x84\x80\x9de\xb9\xfb\xee\xbb\x9d+\xae\xb8\xc2\
\xedbI\xa7\xa5 \xd4)\x03\x01\x04\xd2&`\x81\xad\
\xcd\xabbs\xaa\x5ct\xd1E\xce\xd1\xa3GI\x02\x0c\
\xf0!8\xef\xbc\xf3\x9c\x0f}\xe8C\xce\xa5\x97^\xea\
\xce73\xc0*\xbc\x94\x85\x80}\xdel\xe8\x9e\x0d\x07\
\xb0\xc7---\x0es\x02d\x01\xc7*\x89\x12P\x02\
\xe0_5\xfb\xff\xca|\x1a\x95w\x02`\xe2\xc4\x89\x9b\
\xf5c\xfa3Z\xf2\xdeG>\x15f\x1b\x04\x10@`\
8\x01\xfbA`3*\xdbY\x96\xea\xeaj~h\x0d\
\x07\xc6\xfb\x08 \x80\x80\x07\x02\xd6\xc3\xca\x82\x5c\xfb\xde\
\xb5\xdb\xb6m\xdb\x08\xccz\x5cG\x8e\x1c\xe9\xdct\xd3\
M\xeeP4\x9bl\x96[\xe1\x026q\xafM\x9ex\
\xec\xd81\xf7\xb3V\xf8\x1e\xd9\x03\x02\xf1\x10\xd0\xe4\xac\
'\x94\x00\xf8@[[[G>5\xce;x\xb7\x02\
\xd5\x0b\xe0z}\xd9\xcf\xcc\xa7`\xb6A\x00\x01\x04\xfc\
\x10\xb0\xe0\xdf.\xa5\xf4\x91\x8f|\xc4\x9d\xe4\x8f\xb3\xfe\
~(\xb3O\x04\x10@``\x01\xfb\xce\x1d5j\xd4\
\x99$\x80\x0d\x0b\xb0+\x09\xa4\xf9f\x7f\x97.\xbf\xfc\
r\xb7G\x1a\xc1\xbfw\x9f\x04s-//wl\xa8\
\x9fML\xa9\xd8\xc4\xbb\x9d\xb3'\x04\x22,\xa0\xef\xd4\
\x176l\xd8\xf0\xcf\xf9V1\xef\x04\x80\x15\xa8\xae^\
G4\x0e\xe7\x83\xf6\x1f\x90\x1b\x02\x08 \x10\xb6\x80\xfd\
\xf0\xd4$\xa5\xce\x1dw\xdc\xe1L\x9f>\x9dK*\x85\
}@(\x1f\x01\x04R)`\xbf\x0b-\xd0\xb5aX\
6\x1c\xc0\xae\xe3n\xe3\xb6\xd3z\xb3+\xce\xdcs\xcf\
=L>\xeb\xc3\x07\xc0>k\xd6\xeb\xc4n\xf69\xeb\
\xe8\xc8\xeb\x84\xa8\x0f5c\x97\x08\xf8#`\xc3]\xf4\
{\xf7\xb3Jz5\xe7[BA\x09\x00+X\x971\
\xf9\xa4*Q\x99o\x05\xd8\x0e\x01\x04\x10\xf0B\xc0\x82\
\x7f\x9b\xe1\xff\xf6\xdbow'W\xf2b\x9f\xec\x03\x01\
\x04\x10@ \x7f\x01\xeb\xa2\xad!\xa3\xce\xde\xbd{\xdd\
\xb3\xb3iL\x02X\x22\xe4\xcb_\xfe\xf2\x99 5\x7f\
M\xb6\x1cJ`\xe6\xcc\x99\x8e\xc6C;\xad\xad\xad\x0c\
;\x19\x0a\x8a\xf7b/\xa0\xb3\xffm\x9a\xf9\xff\xe3\x85\
4\xa4\xe0\xcb\xf8\xe9\xcb\xfc\xe7\x85T\x80m\x11@\x00\
\x81B\x052g\x00l|\xa5\xaePR\xe8\xee\xd8\x1e\
\x01\x04\x10@\xc0#\x01\x0b\xcc\xde\xf7\xbe\xf7\xa5\xb6W\
\xd6\x95W^\xe9\x5cx\xe1\x85\x1ei\xb2\x9b\xc1\x04l\
\xfe\x09\x9b\xf0731\xe0`\xeb\xf1:\x02q\x17\xf0\
\x22\xf6.8\x01PQQq\x8f\xba\x22\xa4{pW\
\xdc?I\xd4\x1f\x81\x98\x0b\xd8l\xc0\xef~\xf7\xbb\x9d\
\xe5\xcb\x97\xc7\xbc%T\x1f\x01\x04\x10H\x9e\x80\x8d\x7f\
\xbf\xf6\xdak\xdd\xb9\x01\x92\xd7\xba\xc1[4f\xcc\x18\
\xe7\xae\xbb\xee\x1a|\x05\xde\xf1T`\xf1\xe2\xc5\xce\xa2\
E\x8b\xb8\xbc\xa2\xa7\xaa\xec,J\x02\x16s[\xec]\
h\x9d\x0aN\x00<\xff\xfc\xf3;4\x0ba}\xa1\x15\
a{\x04\x10@ \x1f\x01;\xfbo\xb3\x00/[\xb6\
\xcc\xc6D\xe5\xb3\x0b\xb6A\x00\x01\x04\x10\xf0Y\xe0\x86\
\x1bnp\xcf\x84\xa7\xe9{\xda\xfe.\xd9\x10\x08n\xc1\
\x08\xd8\xef\x01\x9b\x04X\x93\x94\x07S \xa5 \x10\xb0\
\x80\xc5\xdc\x16{\x17Z\xac'\xbf\x96KKK\xef\xe3\
\xfa\x9b\x85\x1e\x0a\xb6G\x00\x81|\x04l\x06\xe0\xa5K\
\x97\xd2\xc52\x1f<\xb6A\x00\x01\x04\x02\x12\xa8\xac\xac\
t\xae\xbf\xfezw\xd6\xf6\x80\x8a\x0c\xb5\x18\xbb\xec\x9f\
\xf5J\xd3o\xe4P\xeb\x91\xb6\xc2/\xba\xe8\x22g\xce\
\x9c9\x5c\xfe7m\x07>\x05\xed\xb5X\xdbbn/\
\x9a\xeaI\x02`\xcd\x9a5?Q\xa5\xb8\xf6\x86\x17G\
\x84} \x80@\xd6\x02\x99\xb1\xffv\x96\x85\x1b\x02\x08\
 \x80@\xb4\x05l\x8c\xb6\xf5\xd8\xb2\xef\xee\xa4\xdfl\
RZ\x1b\x02\x90\x86\xb6F\xedX^}\xf5\xd5\xa9I\
4E\xcd\x9e\xfa\xf8'`\xb1\xb6\xc5\xdc^\x94\xe0I\
\x02\xc0*\xa2J=\xeaE\x85\xd8\x07\x02\x08 \x90\xad\
\x80u%\xad\xad\xadu\xaf\x01\x9c\xed6\xac\x87\x00\x02\
\x08 \x10\x8e\x80\x9d\x15\xb7I\xf1\xd2\x10\x14[\xb2\xc3\
z\xa8q\x0b^`\xc1\x82\x05\x8e\xf58\xe1\x86@\x92\
\x044\xf9\xdf#^\xb5\xc7\xb3\x04\x80*\xf4\x15]\x96\
\xa0\xcb\xab\x8a\xb1\x1f\x04\x10@`8\x01\x9b\xf5\xd7&\
\x96\xe2\x86\x00\x02\x08 \x10\x0f\x01\x1b\xa3m\xdf\xddI\
\xbeY\xb7\xff\xb9s\xe72\x19]H\x07\xd9\x12/\xd3\
\xa6Mc^\xa0\x90\xfc)\xd6{\x01\x8b\xb1\x95\x00(\
x\xf2\xbfL\xcd<K\x00\xac_\xbf~\x8f*\xf6|\
f\xc7\xdc#\x80\x00\x02~\x0b\xd8\xd9$\x1b\xef\xc7\x0d\
\x01\x04\x10@ \x1e\x02\x13&Lp\xaa\xaa\xaa\xe2Q\
\xd9<ky\xdey\xe79\xa3G\x8f&\x00\xcd\xd3\xcf\
\x8b\xcd\xac\x07F\x9a&\x9c\xf4\xc2\x8c}DW\xc0b\
l\x8b\xb5\xbd\xaa\xa1g\x09\x00\xab\x90\x86\x01|I\x19\
\x8a\xd3^U\x8e\xfd \x80\x00\x02C\x09X\x86\xbf\xac\
\xacl\xa8Ux\x0f\x01\x04\x10@ B\x02\xd6\xfd\xdf\
\x82\xb3$\xdf\xeco\x93%\xa8\xb9\x85'\xb0d\xc9\x92\
\xc4\xf74\x09O\x97\x92\x83\x14\xb0\xd8\xdabl/\xcb\
\xf44\x01\xa0\xcc\xc4s\xcaP4yYA\xf6\x85\x00\
\x02\x08\x0c&`3\xfdrC\x00\x01\x04\x10\x88\x97@\
\x1a\x12\x00\x8c\xff\x0f\xf739n\xdc\xb8T\xcc5\x11\
\xae2\xa5\x07!\xa0\xd8\xba\xd1bl/\xcb\xf24\x01\
`\x15S%\xefU\x96\xc2\xcb:\xb2/\x04\x10@`\
@\x01\xba\xff\x0f\xc8\xc2\x8b\x08 \x80@\xa4\x05\xc6\x8f\
\x1f\x1f\xe9\xfa\x15Z\xb9\x89\x13':\xe7\x9csN\xa1\
\xbba\xfb\x02\x04l\x9e\x89\x11#F\x14\xb0\x076E\
 |\x01\x8b\xa9\x15[\x7f\xdd\xeb\x9ax\x9e\x00X\xb7\
n\xdd\xf7\xd5U\xe1u\xaf+\xca\xfe\x10@\x00\x81\xbe\
\x02\xd3\xa7O\xef\xfb\x12\xcf\x11@\x00\x01\x04\x22.0\
v\xec\xd8D\x9f\x9d\xb5\x19\xe8m\x22@n\xe1\x0aT\
TT\x84[\x01JG\xa0@\x01\x8b\xa9-\xb6.p\
7\xfd6\xf7<\x01\xd0S\xc2\xbf\xf5+\x89\x17\x10@\
\x00\x01\x8f\x05\xac\x8b\x1f7\x04\x10@\x00\x81x\x09\xd8\
\x99\xd9\xa4\x06\xc86\xc7\x81%\x00\x92~\xa5\x838|\
\xe2\x18\x86\x11\x87\xa3D\x1d\x87\x11\xf0%\xa6\xf6%\x01\
\xa0\xae\x0a\x7f\xaf.\x0b\x9d\xc34\x88\xb7\x11@\x00\x81\
\x82\x04\xc8\xee\x17\xc4\xc7\xc6\x08 \x80@h\x02I\x9d\
\xc0\xd5f\x9e\xb7\xc5\x12\x01\xdc\xc2\x15H\xeag,\x5c\
UJ\x0fJ\xc0bi\x8b\xa9\xfd(\xcf\x97\x04\x80&\
*\xd8\xaf\x0a?\xe9G\x85\xd9'\x02\x08 \x90\x118\
v\xecX\xe6!\xf7\x08 \x80\x00\x021\x128y\xf2\
d\x8cj\x9b}Um\xcc\xae\xba\xed\xda\xb8\xdd\xec7\
bM_\x04N\x9c8\xe1\xcb~\xd9)\x02A\x08X\
,m1\xb5\x1fe\xf9\x92\x00\xb0\x8a\xaa\xeb\xd3\xdf\xea\
K\xb0\xcb\x8fJ\xb3O\x04\x10@\xc0\x04\x0e\x1d:\x04\
\x04\x02\x08 \x80@\xcc\x04\x8e\x1f?\xeetu%\xf3\
'\xa2\x05\xfe\x9d\x9d\x9dn\x12 f\x87%q\xd5}\
\xeb\xad\xb7\x12\xd7&\x1a\x94\x0e\x01\x8b\xa1\xd5\x83\xe5\xcb\
~\xb5\xd6\xb7\x04\xc0K/\xbd\xb4I\x95\xff\x7f~U\
\x9c\xfd\x22\x80\x00\x02\xfb\xf6\xed\x03\x01\x01\x04\x10@ \
f\x02G\x8e\x1cI\xf4\x19\xf2\xa3G\x8f:I\xed\xe1\
\x10\xa7\x8f\x1a\xbd\x04\xe3t\xb4\xa8ko\x01\x8b\xa1\x7f\
\xff\xfb\xdfo\xee\xfd\x9a\x97\x8f}K\x00X%5\xc9\
\xcb\xdf\xa8\x01\xa7\xbc\xac0\xfbB\x00\x01\x042\x02\xdb\
\xb6m\xcb<\xe4\x1e\x01\x04\x10@ &\x02;w\xee\
\x8cIM\xf3\xab\xe6\x81\x03\x07\x1c\xba\x9f\xe7g\xe7\xd5\
V\x96\x80\xe1\x18x\xa5\xc9~\x82\x14\xb0\xd8\xd9bh\
?\xcb\xf45\x01\xa0\xcc\xc5j5\xe29?\x1b\xc0\xbe\
\x11@ \xbd\x02[\xb6lIo\xe3i9\x02\x08 \
\x10S\x81\xd5\xabW\xc7\xb4\xe6\xd9U{\xf7\xee\xdd\x0e\
g\x9f\xb3\xb3\xf2k-\xeb\x85\xa1\x18\xc4\xaf\xdd\xb3_\
\x04|\x13\xb0\xd8\xd9bh\xdf\x0a\xd0\x8e}M\x00X\
\xc55~\xe1\x8b\x96\xc9\xf0\xb3\x11\xec\x1b\x01\x04\xd2)\
\xb0}\xfbv\xc6Y\xa6\xf3\xd0\xd3j\x04\x10\x88\xb1\x80\
&\xb6\x8aq\xed\x87\xaf\xfak\xaf\xbd\xe6\xce\x030\xfc\
\x9a\xac\xe1\x97\xc0\xda\xb5k\xf9}\xe0\x17.\xfb\xf5M\
\xc0bf\x8b\x9d}+\xa0g\xc7\xbe'\x00^|\xf1\
\xc5\x97,\x93\xe1wC\xd8?\x02\x08\xa4O\xc0\xce\xb0\
\xd8\x0f-n\x08 \x80\x00\x02\xf1\x10hoow\xac\
\x8b|\x92oo\xbc\xf1\x86c\x13\xd0q%\x80\xf0\x8e\
\xf2\x0b/\xbc@\x0f\x80\xf0\xf8)9O\x01\x8b\x99-\
v\xces\xf3\xac7\xf3=\x01`5\xa1\x17@\xd6\xc7\
\x83\x15\x11@ \x07\x01\xbb\xd4\xd2\xaf\x7f\xfd\xeb\x1c\xb6\
`U\x04\x10@\x00\x810\x05\x9ey\xe6\x99\xc4O\x90\
g\x7f\x9b6l\xd8\xe0&\x01\xc2\xb4Nk\xd96\xfe\
\xdf\xe6\x99P0\x95V\x02\xda\x1dC\x81\xa0\xce\xfe\x1b\
M \x09\x00\xcbd(\x0b\xba*\x86\xc7\x82*#\x80\
@\x84\x05\xec\x8f\xfb\xa6M\x9b\xe8j\x19\xe1cD\xd5\
\x10@\x00\x81\x8c\x80\x05\xc6\xcf>\xfbl*\xce\x8c\xeb\
\xb7/\xf3\x00d\x0e|\xc0\xf7f\xdf\xd1\xd1\x11p\xa9\
\x14\x87@a\x02\xfaM\xbb*\x88\xb3\xffV\xcb@\x12\
\x00V\x90z\x01|A\x0d;i\x8f\xb9!\x80\x00\x02\
^\x08X\xf7\xcaC\x87\x0e9\x8f=\xf6X*~P\
za\xc6>\x10@\x00\x81\xb0\x04l\x5c\xf6\xde\xbd{\
S\xf1}\xbdc\xc7\x0e\xe7\xcd7\xdfLE[\xc3\xfa\
<\x0dT\xae\xfd.\xd0\xa5\xc8I\xbe\x0c\x84\xc3k\x91\
\x15\xb0\x18Y3\xff\x7f!\xa8\x0a\x06\x96\x00\xe8\xb9\x22\
\xc0o\x82j\x18\xe5 \x80@:\x04l\x9c\xa5e\xfb\
\xf7\xed\xdb\x97\x8e\x06\xd3J\x04\x10@ \x86\x02G\x8e\
\x1cq\x1e}\xf4\xd1\xd4\xf4\xd8\xea\xea\xear{;X\
wtn\xc1\x09\xd8o\x81\xd6\xd6V&\x00\x0c\x8e\x9c\
\x92<\x10P\x02\xe07~\xcf\xfc\xdf\xbb\x9a\x81%\x00\
\xac\xd0\xd2\xd2\xd2\xbfR\xf7\xaf\x13\xbd+\xc0c\x04\x10\
@\xa0\x10\x01\xcb\xf6\xdb\x1f\xfc'\x9f|\xd2\xb1\x1f\x5c\
\xdc\x10@\x00\x01\x04\xa2%`]\xff\x7f\xfb\xdb\xdf:\
vV\x5c?t\xa3U9\x1fk\xf3\xc4\x13O8v\
I@n\xc1\x08X\xb2\xc5\xe6\x05\xb2\xdf\x04\xf6\xdb\x80\
\x1b\x02q\x10\xb0\xd8\xd8b\xe4 \xeb\x1ah\x02@]\
r6\xe9?\xe4\xcf\x83l e!\x80@\xf2\x05\xec\
j\x00\xd6\xb5\xd4&]\xb2\x1f\x9a\xdc\x10@\x00\x01\x04\
\xa2#\xd0\xd4\xd4\xe4\xac\x5c\xb9\xd2\xb1+\x00\xa4\xe9f\
\xe3\xd0\x1f~\xf8\xe1T%=\xc2<\xbe\xaf\xbe\xfa\xaa\
\xb3q\xe3F&_\x0c\xf3 Pv\xce\x02\x16\x1b[\
\x8c\x9c\xf3\x86\x05l\x10h\x02\xc0\xea\xa93t\xffU\
\x19\xbat\xfd\x05(\xe0\x00\xb1)\x02\x08\x0c/`\x99\
\xfe]\xbbv\xb9?\xb4ZZZ\x86\xdf\x805\x10@\
\x00\x01\x04\x02\x11x\xf9\xe5\x97\xdd\xeff;\xfb\x9f\xc6\
\xb3\xb2v9\xba\xf5\xeb\xd7\x07b\x9d\xe6B\x8e\x1f?\
\xee\xacZ\xb5\xca\xfd-\x90\xc6\xcfY\x9a\x8f}\x9c\xdb\
n1\xb1\xc5\xc6A\xb7\xa1$\xe8\x02\xdb\xda\xda:&\
M\x9a4\xa6\xb8\xb8\xf8\xea\xa2\xa2\xa2\xa0\x8b\xa7<\x04\
\x10H\xa8\x80\xfd\xc1?|\xf8\xb0c\xe3L\xa7M\x9b\
\xe6\x8c\x1b7.\xa1-\xa5Y\x08 \x80@<\x04,\
\xe8\xb7q\xff\xeb\xd6\xadK\xed\x10-\x1b\xf2`\x13\x1f\
^u\xd5U\x8e&\xf9\x8a\xc7\x81\x8bY-\xed\xef\xbf\
\xf5\x02\xb4\xee\xff\x07\x0f\x1e\x8cY\xed\xa9nZ\x05\xec\
s\xab^\xab\xf7\xa9\xd7\xca/\x826\x08<\x01`\x0d\
\xd4\xd8\x9c\x95\x13'N\xfcDII\xc9\x98\xa0\x1bL\
y\x08 \x90\x5c\x01\xfb\xa1u\xe0\xc0\x017\x090}\
\xfat\xe7\xdcs\xcfMnci\x19\x02\x08 \x10a\
\x01\xeb\x95\xf5\xc8#\x8f\xb8\x93\xb4\xdad\xadi\xbeY\
r\xba\xb3\xb3\xd3Y\xbcx\xb1\xa3\xdf\xbei\xa6\xf0\xa5\
\xed\xcd\xcd\xcd\xceC\x0f=\xe4\xd8\x10\x00\xce\xfe\xfbB\
\xccN}\x10\xd0\x99\xff]\xea\x1dt\x93\x0f\xbb\x1ev\
\x97\xa1}\x0bM\x992\xe5u\xf5\x00\xb8\x8d^\x00\xc3\
\x1e#V@\x00\x81\x1c\x04l\x12 \xf54r\xbb\x01\
\xce\x981\xc3\xed\x09\xc0\xf7L\x0e\x80\xac\x8a\x00\x02\x08\
\x14(`g\xfe\x7f\xf0\x83\x1f8k\xd6\xacI\xcd\xac\
\xffC\x91YP\xbag\xcf\x1e\xc7\xfe>-\x5c\xb8\xd0\
\xe1o\xd2PZ\xb9\xbdg\x9f5\x9bg\xc1\xc6\xfe\x9b\
/7\x04\xe2 `'\xac\xf4\xbd\xf0)\xf5\x0e\xda\x1c\
F}CK\x00X\x835\x14\xe06eB\xab\xc2h\
8e\x22\x80@r\x05\xecG\xc0\xfe\xfd\xfb\x1d\x9bx\
j\xf6\xec\xd9\xce\xf8\xf1\xe3\xf9\xc1\x95\xdc\xc3M\xcb\x10\
@ \x22\x02\x16\xe8\xbe\xf6\xdak\xce7\xbf\xf9M\xa7\
\xb1\xb1\xd1\xb1q\xd9\xdc\xde\x16\xb0\xbfK\x96\x04\xd0l\
\xdf\xce\xbcy\xf3`\xf1@\xc0\xba\xfb\xff\xf2\x97\xbft\
\xc7\xfe\x9f8\xc1E\xc6< e\x17\x01\x09\xe8\xfb`\
\x93\x86F}*\xa0\xe2\xfa\x15\x13Z\x02\xc0jRU\
U\xb5EY\xd0?\xd1|\x00L\x06\xd0\xef\xd0\xf0\x02\
\x02\x08\x14\x22`\xd9U\x9b\x0f\xe0\xc5\x17_t\xef\xed\
\xac\x0b]/\x0b\x11e[\x04\x10@`p\x01\x0bp\
\x7f\xf1\x8b_8\xdf\xfa\xd6\xb7\xdc1\xef\x5c\x91\xa5\xbf\
\x95\x0d\x85\xb0$\xc0\xe8\xd1\xa3\x9dY\xb3f\xf5_\x81\
W\xb2\x16\xb0+,<\xf5\xd4S\xcec\x8f=\xe6\x10\
\xfcg\xcd\xc6\x8a\x11\x10\xd0wc\xb7\x96\x0fiH|\
kX\xd5\x095\x01`\x0d\x9f<y\xf2UJ\x00\xcc\
\x0e\x0b\x80r\x11@ \xd9\x02v\x06j\xcb\x96-\xee\
\x0fS\x9b\x80\xc9\xce\xbc\xd0\xfd2\xd9\xc7\x9c\xd6!\x80\
@p\x02v\xd6\x7f\xf3\xe6\xcd\xce\x17\xbf\xf8E\xe7w\
\xbf\xfb\x9d{\x096{\x8d\xdb\xc0\x02G\x8f\x1eu\xec\
\xca\x08\x95\x95\x95\xce\x05\x17\x5c\xc0\xdf\xa3\x81\x99\x86|\
\xd5\xe6S\xf8\xc9O~\xe2.$\x9a\x86\xa4\xe2\xcd\x08\
\x0a\xe8\x04\xd5\xd3\x1a\xfb\xff\x950\xab\x16\xfa\x99\xf7\x8b\
/\xbex\x8a\xce\xca\xbd\xac\xa5\x22L\x08\xcaF\x00\x81\
t\x08L\x980\xc1\xb9\xee\xba\xeb\x9ck\xae\xb9\xc6=\
\x0bcI\x01\xeb\x92\xa9D$?\xc4\xd2\xf1\x11\xa0\x95\
\x08 \x90\x87\x80\x05\xf5\xd6\xb3\xca\xce\xf4\xdb\x19\xd7c\
\xc7\x8e\xb9=\xacV\xacX\xe1\xa4\xf5\x12\x7fy0\x9e\
\xd9d\xcc\x981\xce\x07>\xf0\x01\xe7\xfa\xeb\xafw\xca\
\xcb\xcb\xf9\xfbsFf\xe8\x076\xa1\xe2\xfd\xf7\xdf\xef\
~\xf6H4\x0dm\xc5\xbb\xd1\x13P\xc2\xaaS\xcbE\
J\x00\xec\x09\xb3v\xa1'\x00\xac\xf1J\x02\xfc\xcf\xb2\
\xb2\xb2/pV.\xcc\x8f\x02e#\x90.\x01}\xe7\
\xb8\x97\x0b\xbc\xf4\xd2K\x9d\xb9s\xe7\xbaW\x0c\xb0\x1f\
a6L\x80\xef\xa2t}\x16h-\x02\x08\x0c.`\
A\x96\x9de\xb5\xdeT6\xac\xca\xce^\xdb\xe4~\x16\
\xf4\xd3\xf5zp\xb7l\xde9\xe7\x9cs\x9c[o\xbd\
\xd5MJ[r\x9aaj\x83\xabi\xc6t\xbb\x8a\x98\
\xf3\xb5\xaf}\xcd\x9d\xed\x7f\xf05y\x07\x81h\x0a\xd8\
w\xa9>\xc7_U\xf0\xff\xd7a\xd70\x12\x09\x00C\
X\xb2dI\xab~\x90\xcf\x0c\x1b\x84\xf2\x11@ \xbd\
\x02\xf6\xe3\xcbz\x04Xr\x80$@z?\x07\xb4\x1c\
\x01\x04\xde\x16\xe8\xf9\xc1\xea\x06\xfat\xb5\xf6\xe7Sa\
\xbd\xcf.\xbb\xec2\xe7\x86\x1bnp\x93\xd1\xd63\x80\
\xbf?\xefX[\x8f\x13\xbb\xb2\xcf+\xaf\xbc\xe2<\xf0\
\xc0\x03\xee\xa5~\xdfy\x97G\x08\xc4G@\xc1\xffv\
M\xfc7+\x0a5\x8eL\x02\xa0\xae\xae\xee\xfd\xfa\xc2\
{T?\xc0#S\xa7(\x1c \xea\x80\x00\x02\x08 \
\x80\x00\x02\x08 \x90l\x01\x9b\x13\xc0\x92\x00\xefz\xd7\
\xbb\x9c\xf9\xf3\xe7;\x15\x15\xe9\x1e\x19k\x09';\xe3\
o=NV\xae\x5c\xe9444\xd8\xd9\xd3d\x7f\x08\
h]b\x05\xf4yV>\xf5\xf4m\xf5\xf5\xf5\x8fE\
\xa1\x91\x91\x0a\xb6\xd5\x0b\xe07:\xf3vM\x14`\xa8\
\x03\x02\x08 \x80\x00\x02\x08 \x80\x00\x02A\x0a\x9c\x7f\
\xfe\xf9\xce\xf2\xe5\xcb\x9d\xe9\xd3\xa7\xbb\xcb\xd4\xa9S\xdd\
\x9eiA\xd6!\xac\xb2\xac\xc7\x89M\x92\xd8\xda\xda\xea\
\xec\xde\xbd\xdb\xd9\xb0a\x83\xbb\xd8\xa4\x7f\xf6\x1e7\x04\
\xe2*\xa0\xe4\xd5ou\xf6\xff\xda\xa8\xd4?R\x09\x00\
e=\xa7*\x01\xb0U\xbd\x00\xd2\x9d\xf6\x8c\xca\xa7\x83\
z \x80\x00\x02\x08 \x80\x00\x02\x08\x04*`C\x00\
\xc6\x8e\x1d\xeb\x5cx\xe1\x85\xee\x95\x02t\xd9l\xf7~\
\xd2\xa4In\xcf\x80\xa4\x0cS\xb3\xa0\xde.\x8d\xd8\xde\
\xde\xee\x8e\xeb\xdf\xb9s\xa7{\xd6\xdf\xba\xfb[\x02\xc0\
&\x9a\xe4\x86@\xdc\x05t\xf6\xbfS\x09\x80\xb9\x1b7\
n\xdc\x1d\x95\xb6D*\x01`(\xea\x05\xf0\xdf5#\
\xf7\x97\x18\xff\x14\x95\x8f\x08\xf5@\x00\x01\x04\x10@\x00\
\x01\x04\x10\x08C\xc0\xe6\x08\xb0y\x01t\xd9l\xc7&\
\x0a\xb4\x89\x03m\xb1$@f\x09\xa3^\xf9\x96iW\
\x92\xb0\xae\xfc\x99\xc5&\x97\xb4@\x7f\xd7\xae]\xce\xfe\
\xfd\xfb\xdd\xc9&9\xdb\x9f\xaf.\xdbEM\xc0>\xcb\
\x9a\xc7\xe2K:\xfb\xff\xe5(\xd5-r\x09\x00\xc3\xd1\
|\x00\x0dJ\x02\xd4F\x09\x8a\xba \x80\x00\x02\x08 \
\x80\x00\x02\x08 \x10\xb6\x80\x9d$\xb3Ikm\xb1\x04\
A\x9cn\x16\x10Y\x12\xc0\xc6\xf8\xdb=\xc1~\x9c\x8e\
\x1eu\xcdU@\xc1\x7f\xa3\xc6\xfd/\xc8u;\xbf\xd7\
/\xf5\xbb\x80|\xf6\xaf/\x84\xbb\xf4\xc5\xb0F_l\
e\xf9l\xcf6\x08 \x80\x00\x02\x08 \x80\x00\x02\x08\
$Q\xa0\xe7\xac\xa2\x9dYLb\xf3h\x13\x02\x89\x10\
P,\xdbe1m\x14\x1bS\x12\xc5Ji\xd6\xcf6\
\x8dw\x9a\xa8\xac\xe6e\x0c\x05\x88\xe2\x11\xa2N\x08 \
\x80\x00\x02\x08 \x80\x00\x02\x08 \x80\x00\x02}\x05z\
\x92t\xdfZ\xbf~\xfd\x03}\xdf\x8b\xc2\xf3H\x0e\x01\
\xc8\xc0h>\x80m\x1a\xdfta\xe69\xf7\x08 \x80\
\x00\x02\x08 \x80\x00\x02\x08 \x80\x00\x02\x08DU@\
s\x5c\xbc\xaaq\xff\xb3\xa3Z\xbfH\x0f\x1cR\xb7\x89\
;\xd4}\x82\xfeMQ\xfd\xf4P/\x04\x10@\x00\x01\
\x04\x10@\x00\x01\x04\x10@\x00\x01W\xc0bW\x8ba\
\xa3\xcc\x11\xc9!\x00\x190\x0d\x05\xd8\xa3\xa1\x00S4\
\x14\xe0\x12\x86\x02dT\xb8G\x00\x01\x04\x10@\x00\x01\
\x04\x10@\x00\x01\x04\x10\x88\x92@O\xd7\xff\xefl\xd8\
\xb0\xe1;Q\xaaW\xdf\xbaDz\x08@\xa6\xb2\x1a\x0a\
\xd0\xaa\xa1\x0033\xcf\xb9G\x00\x01\x04\x10@\x00\x01\
\x04\x10@\x00\x01\x04\x10@ *\x02\xea\xfa\xbf]]\
\xffgE\xa5>\x83\xd5#\xd2C\x002\x95\xd6,\xa7\
\x1fd(@F\x83{\x04\x10@\x00\x01\x04\x10@\x00\
\x01\x04\x10@\x00\x81\xa8\x08X\xacj1kT\xea3\
T=\x22=\x04 S\xf1\xb6\xb6\xb6\xdd\x1a\x0ap\xbe\
\x86\x02\x5c\xceP\x80\x8c\x0a\xf7\x08 \x80\x00\x02\x08 \
\x80\x00\x02\x08 \x80\x00\x02a\x0a\xf4t\xfd\xbf\x7f\xe3\
\xc6\x8d\xdf\x0d\xb3\x1e\xd9\x96\x1d\x8b!\x00\x99\xc6\xd4\xd5\
\xd5m)--\x9d\x97y\xce=\x02\x08 \x80\x00\x02\
\x08 \x80\x00\x02\x08 \x80\x00\x02a\x09\xe8\xcc\x7fK\
}}\xfd\xfc\xb0\xca\xcf\xb5\xdcX\x0c\x01\xe8\xd5\xa8\xdb\
\xd5\xbd\xe2D\xaf\xe7<D\x00\x01\x04\x10@\x00\x01\x04\
\x10@\x00\x01\x04\x10@ p\x01\xc5\xa6\xc7U\xe8\xed\
\x81\x17\x5c@\x81\xb1\x18\x02\x90i\xdf\xde\xbd{_\x9f\
4i\xd2H\x0d\x05X\xcaP\x80\x8c\x0a\xf7\x08 \x80\
\x00\x02\x08 \x80\x00\x02\x08 \x80\x00\x02A\x0aX\xd7\
\x7f%\x00\xbe\xaa\x89\xff~\x1cd\xb9\x85\x96\x15\xab!\
\x00\x99\xc6\xea\xaa\x00\xabuU\x80K3\xcf\xb9G\x00\
\x01\x04\x10@\x00\x01\x04\x10@\x00\x01\x04\x10@ (\
\x01\xcd\xfa\xbfF\xc1\xffeA\x95\xe7U9q\x1b\x02\
\xe0\xb6[\xd9\x96\xf7k\xac\xc5\x11\xaf\x10\xd8\x0f\x02\x08\
 \x80\x00\x02\x08 \x80\x00\x02\x08 \x80\x00\x02\xd9\x08\
X,j1i6\xebFm\x9dX&\x00\xd6\xaf_\
\xbfG\x90\x9f\xea\xd6-j\xa0\xd4\x07\x01\x04\x10@\x00\
\x01\x04\x10@\x00\x01\x04\x10@ \x99\x02=1\xe8\xa7\
zb\xd2\xd852Vs\x00\xf4\xd6\xd5|\x00\x9bu\
i\xc0\x19%%%Kz\xbf\xcec\x04\x10@\x00\x01\
\x04\x10@\x00\x01\x04\x10@\x00\x01\x04\xfc\x10P\xd7\xff\
\xef\xa9\xeb\xff=~\xec;\x88}\xc6r\x0e\x80\xde0\
\x9a\x0f\xa0Q\xf3\x01\xd4\xf4~\x8d\xc7\x08 \x80\x00\x02\
\x08 \x80\x00\x02\x08 \x80\x00\x02\x08x)\xa0\xe0\xbf\
I\xc1\x7f\xad\x97\xfb\x0cz_\xb1\x1c\x02\xd0\x1bi\xc4\
\x88\x117i\x0c\xc6\xd1\xde\xaf\xf1\x18\x01\x04\x10@\x00\
\x01\x04\x10@\x00\x01\x04\x10@\x00\x01\xaf\x04,\xe6\xb4\
\xd8\xd3\xab\xfd\x85\xb5\x9f\xd8\x0e\x01\xc8\x80\xed\xda\xb5\xeb\
\xf0\xe4\xc9\x93w\xe8\xb2\x80\xef\xd7\x12\xfb\x1e\x0d\x99v\
q\x8f\x00\x02\x08 \x80\x00\x02\x08 \x80\x00\x02\x08 \
\x10\xbe\x80\x8d\xfb\xd7\xed\x13k\xd6\xacY\x15~m\x0a\
\xabA\xec\x13\x00\xd6|\x9b\x0f`\xd2\xa4IS4\x1f\
\xc0%\x85q\xb05\x02\x08 \x80\x00\x02\x08 \x80\x00\
\x02\x08 \x80\x00\x02\xef\x08\xe8\xec\xffw\xd4\xf5\xff\xef\
\xdfy%\xbe\x8f\x12u\xc6\xbc\xae\xae\xae\xbe\xb4\xb4\x94\
I\x01\xe3\xfby\xa4\xe6\x08 \x80\x00\x02\x08 \x80\x00\
\x02\x08 \x80@d\x04\x14\xfc\xaf\xab\xaf\xaf\xaf\x8bL\
\x85\x0a\xacH\xec\xe7\x00\xe8\xd3\xfe\x9bO\x9d:u\xb0\
\xcfk<E\x00\x01\x04\x10@\x00\x01\x04\x10@\x00\x01\
\x04\x10@ '\x81\x9e\xd8\xf2\xe6\x9c6\x8a\xf8\xca\x89\
J\x00(3\xb3Wc3\xee\xd2\x81:\x11qw\xaa\
\x87\x00\x02\x08 \x80\x00\x02\x08 \x80\x00\x02\x08 \x10\
Q\x01\x8b)-\xb6\xb4\x183\xa2U\xcc\xabZ\x89\x98\
\x03\xa0w\xcb5\x1f\xc06\xcd\x07\xd0\xa1\xf9\x00\xafg\
R\xc0\xde2<F\x00\x01\x04\x10@\x00\x01\x04\x10@\
\x00\x01\x04\x10\x18N@\x81\xffi-\x9f\xd7\xb8\xff\x1f\
\x0e\xb7n\xdc\xdeO\x5c\x02\xc0\x0e\x80\x92\x00/*\x09\
0K\x93\x02.\x8e\xdb\x01\xa1\xbe\x08 \x80\x00\x02\x08\
 \x80\x00\x02\x08 \x80\x00\x02\xe1\x09h\xdc\xff\x83\x0a\
\xfe\xff:\xbc\x1a\xf8Wr\xa2&\x01\xec\xcb\xa4I\x01\
\xd7jR\xc0\xc4L\xd8\xd0\xb7}<G\x00\x01\x04\x10\
@\x00\x01\x04\x10@\x00\x01\x04\x10\xf0N@\xc1\xbfz\
\xfd\xd7'\xf6\xear\x89\x9a\x03\xa0\xefa?~\xfc\xf8\
M:\x80m}_\xe79\x02\x08 \x80\x00\x02\x08 \
\x80\x00\x02\x08 \x80\x00\x02\xbd\x05,v\xb4\x18\xb2\xf7\
kI{\x9c\xe8\x04@CCC\x9b\x86\x01\xdc\xae\x09\
\x1c:\x93v\xe0h\x0f\x02\x08 \x80\x00\x02\x08 \x80\
\x00\x02\x08 \x80\x807\x02\x163Z\xech1\xa47\
{\x8c\xe6^\x129\x07@o\xea\xdd\xbbw\xef\x982\
e\xcak\xa7O\x9f\xbe\xa5X\xb7\xde\xef\xf1\x18\x01\x04\
\x10@\x00\x01\x04\x10@\x00\x01\x04\x10@ \xdd\x02\x0a\
\xfeOJ\xe0\xa3k\xd6\xac\xf9U\xd2%\x12\x9f\x00\xb0\
\x03\xb8g\xcf\x9e\x06M\x0axT\x0foP\x0e \xd1\
\xf3\x1e$\xfd\x03K\xfb\x10@\x00\x01\x04\x10@\x00\x01\
\x04\x10@\x00\x01\xaf\x04\x14\xfc\xdb\x8c\xff\x9f\xd3\xb8\xff\
\xefz\xb5\xcf(\xef'\x15\x09\x00;\x00=W\x06\x18\
\xa5K\x03^\xa5%\xca\xc7\x84\xba!\x80\x00\x02\x08 \
\x80\x00\x02\x08 \x80\x00\x02\x08\xf8,\xa0\xc0\xdf\xd1r\
\xaff\xfc\xff;\x9f\x8b\x8a\xcc\xeeS\x93\x000q%\
\x01\x9eVO\x80\x1a\xf5\x02\xa8%\x09\x10\x99\xcf \x15\
A\x00\x01\x04\x10@\x00\x01\x04\x10@\x00\x01\x04\x02\x15\
\xd0\x10qGg\xff\x1fR\xf0\xff\xa7\x81\x16\x1cra\
\xa9<\x15~\xc9%\x97\xac\xd6\x04\x0f\x97\x86lO\xf1\
\x08 \x80\x00\x02\x08 \x80\x00\x02\x08 \x80\x00\x02!\
\x08(\xf8_\xb3v\xed\xda\xcbB(:\xd4\x22S9\
)\x9e\x0e\xf6MZv\x85*O\xe1\x08 \x80\x00\x02\
\x08 \x80\x00\x02\x08 \x80\x00\x02\x81\x0bX,h1\
a\xe0\x05G\xa0\xc0T&\x00\xd6\xaf_\xbf\xbf\xe7\xf2\
\x80\x87#p\x0c\xa8\x02\x02\x08 \x80\x00\x02\x08 \x80\
\x00\x02\x08 \x80@\x00\x02\x0a\xfc\x0f[,h1a\
\x00\xc5E\xae\x88T\x0e\x01\xc8\x1c\x85\xda\xda\xdaJM\
\xfa\xb0R\xcfS\xd7\xf5#c\xc0=\x02\x08 \x80\x00\
\x02\x08 \x80\x00\x02\x08 \x90\x12\x81\xd5\x9a\x0fnY\
ccc{J\xda\xdb\xaf\x99\xa9N\x00\x98\xc6\xfc\xf9\
\xf3\xcf\xd3\x84\x80\xcf\xe9aM?\x1d^@\x00\x01\x04\
\x10@\x00\x01\x04\x10@\x00\x01\x04\x10H\x82@\x93&\
\xfe[\xbae\xcb\x96\x83IhL\xbemH}\x02\xc0\
\xe0\xe6\xcd\x9b7E\x99\xa0\xdf\xe9\xe1,{\xce\x0d\x01\
\x04\x10@\x00\x01\x04\x10@\x00\x01\x04\x10@ 1\x02\
\xad\xea\xf9}UKK\xcb\x9e\xc4\xb4(\xcf\x86\xa4r\
\x0e\x80\xbeV\xf6A\xd08\x90\xe5z}o\xdf\xf7x\
\x8e\x00\x02\x08 \x80\x00\x02\x08 \x80\x00\x02\x08 \x10\
[\x81\xbd\x16\xeb\x11\xfc\xbf}\xfcH\x00\xf4|\x8e\x1b\
\x1a\x1a\xb6\xe9\x83\xb1L\xddB^\x8f\xedG\x9b\x8a#\
\x80\x00\x02\x08 \x80\x00\x02\x08 \x80\x00\x02\x08\xb8\x02\
\x16\xdbY\x8cg\xb1\x1e$o\x0b0\x04\xa0\xcf'A\
s\x02,\xd4\x9c\x00\xbf\xd5\xcb\xe7\xf5y\x8b\xa7\x08 \
\x80\x00\x02\x08 \x80\x00\x02\x08 \x80\x00\x02\xf1\x108\
\xa8\x04\xc05\x1a\xf3\xbf9\x1e\xd5\x0d\xa6\x96\xf4\x00\xe8\
\xe3l\x1f\x10\xcd\x07`\xc3\x01\x0e\xf5y\x8b\xa7\x08 \
\x80\x00\x02\x08 \x80\x00\x02\x08 \x80\x00\x02\xd1\x178\
d1\x1d\xc1\x7f\xff\x03E\x0f\x80\xfe&\xee+\x9a\x18\
\xf0\x12}h\x9e\xd1\x93s\x07Y\x85\x97\x11@\x00\x01\
\x04\x10@\x00\x01\x04\x10@\x00\x01\x04\xa2%pD\x13\
\xfe\xd9\x98\xff\xb5\xd1\xaaV4jC\x0f\x80A\x8e\x83\
}`\xec\x83\xa3\xb7\xe9\x090\x88\x11/#\x80\x00\x02\
\x08 \x80\x00\x02\x08 \x80\x00\x02\x11\x128D\xf0?\
\xf4\xd1 \x010\x84\x8f%\x01\xd4\x0b\xe0Z\xad\x92\xea\
kE\x0eA\xc4[\x08 \x80\x00\x02\x08 \x80\x00\x02\
\x08 \x80@\x14\x04\x0eZ\xec\xc6\x99\xff\xa1\x0f\x05C\
\x00\x86\xf6q\xdf\xb5\x89\x01\xf5\xe0\x19M\x0e81\x8b\
\xd5Y\x05\x01\x04\x10@\x00\x01\x04\x10@\x00\x01\x04\x10\
@  \x81\x9e+\xb91\xe6?\x0boz\x00d\x81\
d\x93G\x94\x96\x96\xfeG\xad\xba/\x8b\xd5Y\x05\x01\
\x04\x10@\x00\x01\x04\x10@\x00\x01\x04\x10@ \x18\x81\
\xbd\x16\xab1\xe1_v\xd8$\x00\xb2srt\xed\xc8\
f]C\xf2j\xad\xde\x9a\xe5&\xac\x86\x00\x02\x08 \
\x80\x00\x02\x08 \x80\x00\x02\x08 \xe0\x9f@\xabb\xb4\
\xf7X\xac\xe6_\x11\xc9\xda3C\x00r<\x9e\xba:\
\xc0\x14\x8d-yZ\x9b\xd5\xe4\xb8)\xab#\x80\x00\x02\
\x08 \x80\x00\x02\x08 \x80\x00\x02\x08x#\xd0\xa4\x09\
\xff\xae\xd3\x98\xff=\xde\xec.\x1d{\xa1\x07@\x8e\xc7\
\xd9>`\x1ac\xb2T\x9b\xad\xceqSVG\x00\x01\
\x04\x10@\x00\x01\x04\x10@\x00\x01\x04\x10(\x5c`\xb5\
\xc5d\x04\xff\xb9C\x92\x00\xc8\xdd\xcc\xd1\xf8\x12\x9ba\
r\x99>t\xbf\xc9cs6A\x00\x01\x04\x10@\x00\
\x01\x04\x10@\x00\x01\x04\x10\xc8C\xc0b0\x8b\xc5,\
&\xcbc\xf3\xd4oB\x02 \xcf\x8f@ccc\xbb\
\xc6\x9b\xdc\xa8\xcd\x7f\x9c\xe7.\xd8\x0c\x01\x04\x10@\x00\
\x01\x04\x10@\x00\x01\x04\x10@ {\x81\x1f[\x0cf\
\xb1X\xf6\x9b\xb0fo\x01\xe6\x00\xe8\xad\x91\xdf\xe3\xa2\
\x9a\x9a\x9a\xaf)\x13\xf5\x97\xf9m\xceV\x08 \x80\x00\
\x02\x08 \x80\x00\x02\x08 \x80\x00\x02C\x09\xe8\x92\xec\
_ojj\xfa+\xadsz\xa8\xf5xoh\x81\x92\
\xa1\xdf\xe6\xddl\x04\xf6\xef\xdf\xff\xd4\xf9\xe7\x9f\x7fX\
\xeb^\xaf\x85\xa4J6h\xac\x83\x00\x02\x08 \x80\x00\
\x02\x08 \x80\x00\x02\x08\x0c/\xd0\xadU\xfe\xa2\xb9\xb9\
\xf9\xef\x86_\x955\x86\x13 \x010\x9cP\x96\xef\x1f\
8p\xe0\xa5\xaa\xaa\xaa&\xf5\x04\xf8O\xda\xa44\xcb\
\xcdX\x0d\x01\x04\x10@\x00\x01\x04\x10@\x00\x01\x04\x10\
@``\x81\xb74\xde\xffN\x9d\xf9\x7f`\xe0\xb7y\
5W\x01\xceV\xe7*6\xcc\xfa\xd5\xd5\xd5W(\x09\
\xf0suQ\x998\xcc\xaa\xbc\x8d\x00\x02\x08 \x80\x00\
\x02\x08 \x80\x00\x02\x08 0\x80\x80b\xaa\xd7\x15S\
\xdd\xa23\xff/\x0e\xf06/\xe5)@\x02 O\xb8\
\xa16S\x12`\xa6\xde\x7f\x5c\xcb\x82\xa1\xd6\xe3=\x04\
\x10@\x00\x01\x04\x10@\x00\x01\x04\x10@\x00\x81~\x02\
\x0dz\xe5f\x05\xff\xdb\xfb\xbd\xc3\x0b\x05\x09p\x15\x80\
\x82\xf8\x06\xde\xd8>\xa8\xdd\xdd\xdd\xef\xd6\xbbO\x0e\xbc\
\x06\xaf\x22\x80\x00\x02\x08 \x80\x00\x02\x08 \x80\x00\x02\
\x08\x0c \xf0\xa4\xc5R\x04\xff\x03\xc8x\xf0\x12=\x00\
<@\x1cb\x17%\xea\x0d\xf0u\xbd\xff\x99!\xd6\xe1\
-\x04\x10@\x00\x01\x04\x10@\x00\x01\x04\x10@\x00\x01\
\xc7\xf9G\x05\xfevu\xb5S`\xf8#\xc0$\x80\xfe\
\xb8f\xf6zZ\x93\x03\xfez\xc2\x84\x09\xad\x1a\xbfr\
\xa3^dr\xc0\x8c\x0c\xf7\x08 \x80\x00\x02\x08 \x80\
\x00\x02\x08 \x80\xc0\xdb\x02oi\xcc\xff'\xb6l\xd9\
\xf2U=\xe52\x7f>~*\xe8\x01\xe0#n\xef]\
\xd7\xd6\xd6^\xaa\xae,?\xd3kS{\xbf\xcec\x04\
\x10@\x00\x01\x04\x10@\x00\x01\x04\x10@ \xc5\x02\xbb\
5\xd3\xff\xad\x8d\x8d\x8dkRl\x10X\xd3\x99\x03 \
 j\xfb@\x97\x94\x94\xd4\xa9'\xc0\xef\x02*\x92b\
\x10@\x00\x01\x04\x10@\x00\x01\x04\x10@\x00\x81\xc8\x0a\
Xld1\x12\xc1\x7fp\x87\x88\x04@p\xd6NC\
CC[yy\xf95\xfa\xa0\xffs\x80\xc5R\x14\x02\
\x08 \x80\x00\x02\x08 \x80\x00\x02\x08 \x10)\x01\x8b\
\x89,6\xb2\x18)R\x15Kxe\x18\x02\x10\xd2\x01\
\xd6\xe4\x80\x1fT\xd1\xdf\xd5R\x19R\x15(\x16\x01\x04\
\x10@\x00\x01\x04\x10@\x00\x01\x04\x10\x08Z\xa0]\x05\
~B\x93\xfd\xfd$\xe8\x82)\xcfqH\x00\x84\xf8)\
\x98;w\xee|uy\xf9\xa9\xaaP\x1bb5(\x1a\
\x01\x04\x10@\x00\x01\x04\x10@\x00\x01\x04\x10\x08B\xa0\
\xf1\xd4\xa9S\x7f\xb4u\xeb\xd6-A\x14F\x19\xfd\x05\
\x18\x02\xd0\xdf$\xb0W\xec\x83_VVv\xb9\x0a\xfc\
a`\x85R\x10\x02\x08 \x80\x00\x02\x08 \x80\x00\x02\
\x08 \x10\xbc\xc0\x0f-\xf6!\xf8\x0f\x1e\xbew\x89\xf4\
\x00\xe8\xad\x11\xe2\xe3\xf9\xf3\xe7\x7fX\xe3`\xeeW\x15\
F\x85X\x0d\x8aF\x00\x01\x04\x10@\x00\x01\x04\x10@\
\x00\x01\x04\xbc\x14\xe8\xd0%\xfe>\xadK\xfc=\xe8\xe5\
N\xd9W~\x02$\x00\xf2s\xf3e+%\x01\xe6*\
\x09\xf0c\xed\xfcb_\x0a`\xa7\x08 \x80\x00\x02\x08\
 \x80\x00\x02\x08 \x80@p\x02\xeb\x15\xfc\xdf\xa1\xe0\
\x7fkpER\xd2P\x02\x0c\x01\x18J'\xe0\xf7\xec\
?\x86\xae\x81y\x85\x8a\xfdF\xc0ES\x1c\x02\x08 \
\x80\x00\x02\x08 \x80\x00\x02\x08 \xe0\xa5\xc07,\xb6\
!\xf8\xf7\x92\xb4\xf0}\xd1\x03\xa0pC_\xf6PS\
Ss\xa3\xb2e\xdf\xd3\xce'\xf9R\x00;E\x00\x01\
\x04\x10@\x00\x01\x04\x10@\x00\x01\x04\xbc\x17\xd8\xa7^\
\xcd\x1fkjjz\xd2\xfb]\xb3\xc7B\x05\xe8\x01P\
\xa8\xa0O\xdb\xdb\x7f\x18%\x00\x16\xe8?\x8f]%\x80\
\x1b\x02\x08 \x80\x00\x02\x08 \x80\x00\x02\x08 \x10i\
\x01\x8b],\x86!\xf8\x8f\xeea\xa2\x07@t\x8f\xcd\
\x99\x9aUWW\xff\xb1\x9e\xfc\x93\x96s\xcf\xbc\xc8\x03\
\x04\x10@\x00\x01\x04\x10@\x00\x01\x04\x10@ \x1a\x02\
GT\x8d?knn\xfeA4\xaaC-\x06\x13 \
\x010\x98L\xc4^\xaf\xad\xad\x9d\xd1\xdd\xddmC\x02\
\x96E\xacjT\x07\x01\x04\x10@\x00\x01\x04\x10@\x00\
\x01\x04\xd2+\xb0Rc\xfd?\xd6\xd8\xd8\xb8#\xbd\x04\
\xf1i9\x09\x80\xf8\x1c+\xb7\xa6\xbaR\xc0\x7fQ\xd7\
\x9a{\xf5dL\xcc\xaaNu\x11@\x00\x01\x04\x10@\
\x00\x01\x04\x10@ 9\x02o\xaa\xbb\xff\xe74\xc9\xdf\
\xbf&\xa7I\xc9o\x09s\x00\xc4\xec\x18\xdb\x7f\xb0\xb2\
\xb2\xb2ZU\x9bI5bv\xec\xa8.\x02\x08 \x80\
\x00\x02\x08 \x80\x00\x02\x09\x11x\xd2b\x12\x82\xff\xf8\
\x1dMz\x00\xc4\xef\x98\x9d\xa9\xb1z\x03|X\xbd\x01\
\xee\xd3\x0b\xe3\xcf\xbc\xc8\x03\x04\x10@\x00\x01\x04\x10@\
\x00\x01\x04\x10@\xc0\x1f\x817t\xd6\xff\xb3\x0a\xfc\x1f\
\xf4g\xf7\xec\xd5o\x81\x12\xbf\x0b`\xff\xfe\x09\x1c8\
p`\xe3\xd8\xb1c\x1f())\x99\xacR\x16\xf9W\
\x12{F\x00\x01\x04\x10@\x00\x01\x04\x10@\x00\x81\x94\
\x0b\xfc\xb0\xab\xab\xeb\x0f\xb6n\xdd\xfaB\xca\x1db\xdd\
|z\x00\xc4\xfa\xf0\xbdS\xf9\x9a\x9a\x9ae\xca\xc6}\
K\xaf\x5c\xf4\xce\xab<B\x00\x01\x04\x10@\x00\x01\x04\
\x10@\x00\x01\x04\x0a\x12xY\xbd\x8e?\xa9K\xfb\xad\
,h/l\x1c\x09\x01z\x00D\xe20\x14^\x89\xfd\
\xfb\xf7\xbfVYYi\xf3\x03\x9c\xd6\xde\xae\xd4\xc2\xb1\
-\x9c\x95= \x80\x00\x02\x08 \x80\x00\x02\x08 \x90\
V\x81\x13j\xf8\xff8v\xec\xd8\x9d/\xeb\x96V\x84\
\xa4\xb5\x9b\x1e\x00I;\xa2jOuu\xb5\xf5\x02\xf8\
\x86\x96\xf7%\xb0y4\x09\x01\x04\x10@\x00\x01\x04\x10\
@\x00\x01\x04\xfc\x15xB\xbb\xff\xf3\xe6\xe6f\x02\x7f\
\x7f\x9d\x03\xdf;\x09\x80\xc0\xc9\x83+P\x93\x04\xfe\x81\
\xba\xeb\xfc/\x958;\xb8R)\x09\x01\x04\x10@\x00\
\x01\x04\x10@\x00\x01\x04b*\xb0M\xc3\x8a\xffB\x93\
\xfc\xfd2\xa6\xf5\xa7\xda\xc3\x08\xd0M|\x18\xa08\xbf\
\xadI\x02\xb7j\x92\xc0\x7f\xd1$\x81o\xa9\x1d\x97k\
\x19\x11\xe7\xf6Pw\x04\x10@\x00\x01\x04\x10@\x00\x01\
\x04\x10\xf0E\xa0C{\xfd[M\xf2\xf7\x9f5\xc9_\
\x93/%\xb0\xd3H\x08\xd0\x03 \x12\x87\xc1\xffJ\xcc\
\x9b7o\x8az\x03|E\xcb\x87UZ\xb1\xff%R\
\x02\x02\x08 \x80\x00\x02\x08 \x80\x00\x02\x08D\x5c\xa0\
[g\xfc\x1f\xd4\xf27---{\x22^W\xaa\xe7\
\x81\x00\x09\x00\x0f\x10\xe3\xb4\x8b\xda\xda\xdawuww\
\x7f]u^\x16\xa7zSW\x04\x10@\x00\x01\x04\x10\
@\x00\x01\x04\x10\xf0T`eqq\xf1_666\
n\xf4t\xaf\xec,\xd2\x02$\x00\x22}x\xfc\xab\x9c\
&\x0a\xbcI{\xff\x07-5\xfe\x95\xc2\x9e\x11@\x00\
\x01\x04\x10@\x00\x01\x04\x10@ b\x02\xd6\xc5\xff\xf3\
\x9a\xe0\xefW\x11\xab\x17\xd5\x09@\x80\x04@\x00\xc8\x11\
.\xa2X\x13\x05\xfe\xb1\x86\x05|Iu\x9c\x15\xe1z\
R5\x04\x10@\x00\x01\x04\x10@\x00\x01\x04\x10(L\
\xa0U]\xfd\xbf\xa4\x09\xfe~\xa0\xddt\x17\xb6+\xb6\
\x8e\xab\x00\x09\x80\xb8\x1e9\x0f\xeb\xada\x01#\xf4e\
\xf0\xa7Z\xfe\x9bv[\xe5\xe1\xae\xd9\x15\x02\x08 \x80\
\x00\x02\x08 \x80\x00\x02\x08\x84+\xd0\xa6\x13~\xf7h\
\xf9\x17u\xf7?\x11nU(=l\x01\x12\x00a\x1f\
\x81\x08\x95\xbfh\xd1\xa2Q'O\x9e\xfc\x8c\x12\x01\x9f\
U\xb5\xce\x8bP\xd5\xa8\x0a\x02\x08 \x80\x00\x02\x08 \
\x80\x00\x02\x08\xe4&pPA\xff}\xa5\xa5\xa5\xff\xb8\
i\xd3&\x9b\xe5\x9f\x1b\x02\x0e\x09\x00>\x04\xfd\x04\xd4\
#\xa0\xf2\xd4\xa9S\x7f\xa6/\x0cK\x04L\xe8\xb7\x02\
/ \x80\x00\x02\x08 \x80\x00\x02\x08 \x80@T\x05\
\x0e\xe8\x84\xde}\xba\x14\xf8?\xe9\x8c\x7f{T+I\
\xbd\xc2\x11 \x01\x10\x8e{,J\xb5D\x80\xae\x18\xf0\
iU\xf6sZH\x04\xc4\xe2\xa8QI\x04\x10@\x00\
\x01\x04\x10@\x00\x81\x94\x0a\x1cP\xbb\xef\xd5\xcc\xfe\xf7\
\x13\xf8\xa7\xf4\x13\x90E\xb3I\x00d\x81\x94\xf6Ul\
h@WW\xd7'\xe4`=\x02f\xa4\xdd\x83\xf6#\
\x80\x00\x02\x08 \x80\x00\x02\x08 \x10\xda\x91dF\x00\
\x00\x06\x1eIDAT!\x81\x1d\xaa\xcb}eee\
\xdf\xa5\xab\x7f\x84\x8eJD\xabB\x02 \xa2\x07&\x8a\
\xd5\xaa\xab\xab+\xeb\xec\xec\xfc\x90\xea\xf6y-\xb5Q\
\xac#uB\x00\x01\x04\x10@\x00\x01\x04\x10@ %\
\x02\x8dj\xe7?TTT\xfc\xa8\xbe\xbe\xbe+%m\
\xa6\x99\x05\x0a\x90\x00(\x100\xa5\x9b\x17\xe9\xf2\x817\
k\x8e\x00\x1b\x1a\xb04\xa5\x064\x1b\x01\x04\x10@\x00\
\x01\x04\x10@\x00\x810\x04\x9e\xd3\x18\xff{u9\xbf\
\xc7U\xf8\xe90*@\x99\xf1\x15 \x01\x10\xdfc\x17\
\x89\x9a\xd7\xd4\xd4\x5c\xac/\xa0?We\xee\xd02\x22\
\x12\x95\xa2\x12\x08 \x80\x00\x02\x08 \x80\x00\x02\x08$\
K\xc0.\xdf\xf7c\x9d\x80\xfbFSS\xd3\xfad5\
\x8d\xd6\x04)@\x02 H\xed\x04\x97\xb5`\xc1\x82*\
M\x18\xf8)-w\xeb\x8bib\x82\x9bJ\xd3\x10@\
\x00\x01\x04\x10@\x00\x01\x04\x10\x08D@'\xda^\xd7\
\xa4~\xdf\xd6\xf2\xbf\x1b\x1a\x1a\xda\x02)\x94B\x12-\
@\x02 \xd1\x877\xf8\xc6\xe9\xca\x01#t\x09\xc1?\
T\x12\xe0n\x95\xce\xf0\x80\xe0\x0f\x01%\x22\x80\x00\x02\
\x08 \x80\x00\x02\x08\xc4_\xc0\xba\xf9\x7f[\x97\xf2{\
D3\xfa\xdb\xd9\x7fn\x08x\x22@\x02\xc0\x13Fv\
2\x90\x80\x92\x015J\x06X\x8f\x80?\xd1\xfb\xe7\x0e\
\xb4\x0e\xaf!\x80\x00\x02\x08 \x80\x00\x02\x08 \x80\x80\
+pDA\xff\xffU\xd0\xffm\x05\xfdM\x98 \xe0\
\x87\x00\x09\x00?T\xd9\xe7Y\x02\xbaz@EGG\
\xc7\xedJ\x04|Lo\xbcG\x0b\x9f\xbb\xb3\x84x\x82\
\x00\x02\x08 \x80\x00\x02\x08 \x90R\x01\x9b\xc4o\x95\
\x02\xff\xef\x8d\x1a5\xeaa\xcd\xe6\xdf\x99R\x07\x9a\x1d\
\x90\x00\x81X@\xd0\x14\xf3\xb6\x80\xe6\x0a\x98\xad^\x01\
\x1f\xd1\xb3\x0fk\x99\xfe\xf6\xab\xfc\x8b\x00\x02\x08 \x80\
\x00\x02\x08 \x80@\xaa\x04v\xaa\xb5\x0f\xeal\xff\xf7\
5\xb6\x7f[\xaaZNcC\x15 \x01\x10*\x7f\xaa\
\x0b/\xae\xae\xae^&\x81\xbb\xb4\xdc\xaaeL\xaa5\
h<\x02\x08 \x80\x00\x02\x08 \x80@\xd2\x05\xdeT\
\x03\x7f\xa6\xe5\xdf\x9a\x9b\x9bW\xea\xbe;\xe9\x0d\xa6}\
\xd1\x13 \x01\x10\xbdc\x92\xba\x1a\xcd\x9a5k\xa4\xba\
<\xdd\xac+\x08\xdc\xa9\xc6\xbfO\xcb9\xa9C\xa0\xc1\
\x08 \x80\x00\x02\x08 \x80\x00\x02I\x148\xaeF=\
\xa1Y\xfc\xff]Cb\x1fomm}+\x89\x8d\xa4\
M\xf1\x11 \x01\x10\x9fc\x95\x8a\x9a.^\xbcx\xec\
[o\xbdu\x8b\xe6\x0b\xf8#5\xf8:-$\x03R\
q\xe4i$\x02\x08 \x80\x00\x02\x08 \x90\x18\x01\x0b\
\xfa\x9f\xd6\xb8\xfe\x9f\x8e\x1c9\xf2\xe7\x1b6l8\x9c\
\x98\x96\xd1\x90\xd8\x0b\x90\x00\x88\xfd!Ln\x03\xe6\xcd\
\x9b7Z\x89\x80\x9b\x951\xfdC}\x81\xde\xa8\x96V\
$\xb7\xb5\xb4\x0c\x01\x04\x10@\x00\x01\x04\x10@ \xc6\
\x02\x9d\xfa\xdd\xfa\xa4z\xb4>\xa2\xdf\xad\x8f\xb7\xb4\xb4\
\x1c\x8dq[\xa8z\x82\x05H\x00$\xf8\xe0&\xa9i\
\xd3\xa6M+\xaf\xac\xac\x5c\xaed\xc0\xcd\xfaR\xbdI\
m\x9b\x9a\xa4\xf6\xd1\x16\x04\x10@\x00\x01\x04\x10@\x00\
\x81\xd8\x09\xecV\xd0\xff+\x05\xfd\x8f\xb7\xb7\xb7?\xb3\
k\xd7\xaec\xb1k\x01\x15N\x9d\x00\x09\x80\xd4\x1d\xf2\
d4\xb8\xa6\xa6\xe6b%\x02nVkl\xb9DK\
q2ZF+\x10@\x00\x01\x04\x10@\x00\x01\x04\x22\
*`\x93\xf6\xad\xd5\xf2\xb8\x02\xff\xc7\x9b\x9a\x9a\xd6G\
\xb4\x9eT\x0b\x81A\x05H\x00\x0cJ\xc3\x1bq\x11X\
\xb8p\xe18e^\x97)!p\x9d-\xaa\xf7\x05q\
\xa9;\xf5D\x00\x01\x04\x10@\x00\x01\x04\x10\x88\xb4\xc0\
k\x0a\xf6\x9f\xb6E=QWn\xde\xbc\xf9P\xa4k\
K\xe5\x10\x18F\x80\x04\xc00@\xbc\x1d?\x81\xda\xda\
\xda9J\x04XB\xe0?\xa8\xf6K\xb50\x5c ~\
\x87\x91\x1a#\x80\x00\x02\x08 \x80\x00\x02a\x08\xecV\
\xa1\xcf)\xe0\x7fV\xcb\xca\xc6\xc6\xc6W\xc2\xa8\x04e\
\x22\xe0\x97\x00\x09\x00\xbfd\xd9od\x04\x16,X0\
[=\x04\x96\xf6$\x04\xaeV\xc5fG\xa6rT\x04\
\x01\x04\x10@\x00\x01\x04\x10@ L\x81m*\xfcy\
\x0b\xf8u\x86\xff\xb9\x86\x86\x06{\xce\x0d\x81\xc4\x0a\x90\
\x00H\xec\xa1\xa5a\x83\x09\xcc\x9d;wBII\xc9\
\xe5z\xff\x8a\x9e\xe5R\xdd\x9f;\xd8\xfa\xbc\x8e\x00\x02\
\x08 \x80\x00\x02\x08 \x90\x08\x81#j\xc5\x1a-/\
\xdar\xea\xd4\xa9\x97\xb6n\xddz \x11-\xa3\x11\x08\
d)@\x02 K(VK\xb4@\x91.98W\
Y\xdf\x8b\xd5\xca\xde\xcb\x84D\xb7\x9a\xc6!\x80\x00\x02\
\x08 \x80\x00\x02\xc9\x15\xb0\xc0\xde&\xe9s\x17\xf5\x06\
]\xafK\xf3m\xd5\xf3\xd3\xc9m2-C`x\x01\
\x12\x00\xc3\x1b\xb1FJ\x05\x16-Z4\xad\xab\xabk\
\x91\xba\x84\xd5\x88\xa0VC\x08\xec\xbeZ\xcb\xe8\x94\x92\
\xd0l\x04\x10@\x00\x01\x04\x10@ j\x02GU\xa1\
f\xfd^k\xd2}\xa3~\xaf5\x95\x95\x95m\xd2m\
W\xd4*J}\x10\x88\x82\x00\x09\x80(\x1c\x05\xea\x10\
'\x81\x22M28]Y\xe4y\xaa\xf4\x1c\xfd\xb1\xb1\
\x09\x07mN\x819Z.\xd4R\xae\x85\x1b\x02\x08 \
\x80\x00\x02\x08 \x80\x80w\x02\xc7\xb4\xabW\xb5\xbc\xa2\
\xdf^\xdb\xf4\xdb\xcb&\xe6{E\xbd7[4I\xdf\
\x0e\xef\x8aaO\x08$_\x80\x04@\xf2\x8f1-\x0c\
N\xa0\xa8\xba\xbaz\x92\xfe\x18M\xd7\x98\xb2\xe9\xfa\x03\
5CE\xdb\xfdt\xfd\xa1\x9a\xaa\xfb*\xddW\xe9\xb5\
Q\xc1U\x89\x92\x10@\x00\x01\x04\x10@\x00\x81H\x0b\
t\xe87R\x9b~#\xb5\xe9~\xb7\xeew\xaa\xb6;\
u\xbfCs6\xed\xd4I\x97\x9d\xcd\xcd\xcd\xfb\xf4\x1a\
]\xf7#}\x18\xa9\x5c\x5c\x04H\x00\xc4\xe5HQ\xcf\
\xc4\x08\xd4\xd5\xd5U\xb4\xb7\xb7W)Q`\x09\x81\xf3\
\xf5\xc7n\x9c\x96\xb1\xfa\x037\xd6\xee\xf5\x9a{\xaf\x06\
[\xa2\xc0z\x14T\xf4,\xe5z\xafB\xeb\x94\xe9y\
I\xcfR\xda\xeb1\xff\x9f\x85\xc1\x0d\x01\x04\x10@\x00\
\x01\x04|\x11\xb0\x00\xfcT\xcfr2\xf3X\xbfM\xba\
\xf4\xdb\xa4S\xcf\xed,\xbd\xddg\x1ew\xe8\xbd\xc3z\
\xef\xb0\xdd\xebw\x8f{\xaf\xc7\x87\xf4\xda~\xfd\xeei\
\xab\xac\xacl\xab\xaf\xaf\xb7\xf5\xb9!\x80@@\x02\xff\
\x1f\x9f\xe5\x1b\x1b\x5c\xa00\xef\x00\x00\x00\x00IEN\
D\xaeB`\x82\
\x00\x00\x06l\
\x89\
PNG\x0d\x0a\x1a\x0a\x00\x00\x00\x0dIHDR\x00\
\x00\x00\x17\x00\x00\x00\x11\x08\x06\x00\x00\x006s7\xbd\
\x00\x00\x00\x01sRGB\x00\xae\xce\x1c\xe9\x00\x00\x00\
\xc6eXIfMM\x00*\x00\x00\x00\x08\x00\x06\x01\
\x12\x00\x03\x00\x00\x00\x01\x00\x01\x00\x00\x01\x1a\x00\x05\x00\
\x00\x00\x01\x00\x00\x00V\x01\x1b\x00\x05\x00\x00\x00\x01\x00\
\x00\x00^\x01(\x00\x03\x00\x00\x00\x01\x00\x02\x00\x00\x01\
1\x00\x02\x00\x00\x00\x15\x00\x00\x00f\x87i\x00\x04\x00\
\x00\x00\x01\x00\x00\x00|\x00\x00\x00\x00\x00\x00\x00H\x00\
\x00\x00\x01\x00\x00\x00H\x00\x00\x00\x01Pixel\
mator Pro 3.6.6\x00\
\x00\x00\x04\x90\x04\x00\x02\x00\x00\x00\x14\x00\x00\x00\xb2\xa0\
\x01\x00\x03\x00\x00\x00\x01\x00\x01\x00\x00\xa0\x02\x00\x04\x00\
\x00\x00\x01\x00\x00\x00\x17\xa0\x03\x00\x04\x00\x00\x00\x01\x00\
\x00\x00\x11\x00\x00\x00\x002024:08:1\
5 10:14:17\x00\xab\xe3\x8f\xda\x00\
\x00\x00\x09pHYs\x00\x00\x0b\x13\x00\x00\x0b\x13\x01\
\x00\x9a\x9c\x18\x00\x00\x03\xb0iTXtXML:\
com.adobe.xmp\x00\x00\x00\
\x00\x00<x:xmpmeta xml\
ns:x=\x22adobe:ns:m\
eta/\x22 x:xmptk=\x22X\
MP Core 6.0.0\x22>\x0a\
   <rdf:RDF xmln\
s:rdf=\x22http://ww\
w.w3.org/1999/02\
/22-rdf-syntax-n\
s#\x22>\x0a      <rdf:\
Description rdf:\
about=\x22\x22\x0a       \
     xmlns:tiff=\
\x22http://ns.adobe\
.com/tiff/1.0/\x22\x0a\
            xmln\
s:exif=\x22http://n\
s.adobe.com/exif\
/1.0/\x22\x0a         \
   xmlns:xmp=\x22ht\
tp://ns.adobe.co\
m/xap/1.0/\x22>\x0a   \
      <tiff:YRes\
olution>720000/1\
0000</tiff:YReso\
lution>\x0a        \
 <tiff:XResoluti\
on>720000/10000<\
/tiff:XResolutio\
n>\x0a         <tif\
f:ResolutionUnit\
>2</tiff:Resolut\
ionUnit>\x0a       \
  <tiff:Orientat\
ion>1</tiff:Orie\
ntation>\x0a       \
  <exif:PixelYDi\
mension>17</exif\
:PixelYDimension\
>\x0a         <exif\
:PixelXDimension\
>23</exif:PixelX\
Dimension>\x0a     \
    <xmp:Metadat\
aDate>2024-08-15\
T10:14:39+02:00<\
/xmp:MetadataDat\
e>\x0a         <xmp\
:CreateDate>2024\
-08-15T10:14:17+\
02:00</xmp:Creat\
eDate>\x0a         \
<xmp:CreatorTool\
>Pixelmator Pro \
3.6.6</xmp:Creat\
orTool>\x0a      </\
rdf:Description>\
\x0a   </rdf:RDF>\x0a<\
/x:xmpmeta>\x0a\xd5uM\xc9\
\x00\x00\x01\x83IDAT8\x11\xb5\x94\xcf+\x04a\
\x18\xc7g\xb0qr\x95$rpR\x0eJnn+\
I\x94R$\xc5\x01\x17\xfc\x01\xac\x92\xd6I\xa2\xb8Q\
r\xf4\x07\x90-G\x07\x07N[r\xf43\xb4qQ\
(\x1a\x9f\xef4\xb3=vS3\xd8\xa7>\xf3<\xef\
\xf3>\xcfw\x9e\x99\xde\x19\xc7)\xa1\xb9V\xdb\xf3\xbc\
J\xd6\xf5 \x1f\xc7<\x8a\x1f]\xd7\xcd\xd9\xa6\xbc8\
\xc2\xedllB\xb5-\x88\x19\xefq\x83T\xd8c\xc5\
\xb7I\xd6\xc1\x02\xbc\x85\x05\x11\xbdt\xbaa\x0c\x92\xdc\
\xe0R}\x15\xba\x04V\x8b?\x86\xd30\x11\xd3\xbfP\
/q\xe9\x14\x89\xbb$G\x02p\xbf6\xe9\xf8f'\
W\xe2\x1e\xae\xfc\x9d\xf8\x17\x1d\x82V\xdbV(\x9e\xe1\
}\xa5mA\xd4\x98\x03\xd1@m\xc6\xd6\x97\xd9\xc5\x7f\
\xc7\x85\x93\xffE_g\xbc\x1f\x1eB\x91X\x93\xf3\xe8\
\xbd0\x0a\x09\x98\x86U\xe8\x0c\xc4z\xf0S0@\xce\
\xd7\x8d<9\x0d\xf34\xf6\xc1\x1d\xa8\xaf\x03\xf6a\x83\
\xbdI\xfc\x0c\xac\x83\xe2\x1b8\xb0\x93\x7f\x92(\x87\x9f\
L\x1f\xd9\x5c\xb0y\x88\x9f\x853\xf8\x80s\x98\x80\x1a\
\xa8\x82k\xf8\xf6\x11\xe9\xe0'\x99\xe2\x02\xff\xaaMc\
\x12\xc8\x82\xbc\xc3\x89\xba\xa5\xae\x99p\x0bR\xac\x9fY\
KT\xc3\xbdC\x0bd\xedkY#\xb1\x02\x8b\x90\xff\
\x10\x88C\xdb!8\xd1\x22\x10\xde%<\x82\x1c\xeb.\
\xfc8,\x83\x84\x1b\xa1X\x84\xc2\x04yQh\x9a\xba\
\x09\x86A\xafc\x08d\xfa#.\xc1 \xb4\x81\x9e<\
\xcd\xd3<\xe1Kg_\xc4\xd2v\x9f\xa1\x85@\xfb\x00\
\x00\x00\x00IEND\xaeB`\x82\
\x00\x00\x02=\
\x89\
PNG\x0d\x0a\x1a\x0a\x00\x00\x00\x0dIHDR\x00\
\x00\x00,\x00\x00\x00,\x08\x06\x00\x00\x00\x1e\x84Z\x01\
\x00\x00\x00\x01sRGB\x00\xae\xce\x1c\xe9\x00\x00\x00\
8eXIfMM\x00*\x00\x00\x00\x08\x00\x01\x87\
i\x00\x04\x00\x00\x00\x01\x00\x00\x00\x1a\x00\x00\x00\x00\x00\
\x02\xa0\x02\x00\x04\x00\x00\x00\x01\x00\x00\x00,\xa0\x03\x00\
\x04\x00\x00\x00\x01\x00\x00\x00,\x00\x00\x00\x00\xdf\xa6\xc5\
\x99\x00\x00\x01\xb3IDATX\x09\xed\x98\xb9J\x04\
A\x10\x86\xbd\x02#\x05\x03o]5Q<\xf1\x02\x03\
\x13A04\x14\x0c\x0c4V\xf0|\x02cA\xd0W\
\xf0\x11\x043\x03\x13_@\xc5\x03\x15\x11\xef\x13\x0f\x04\
E\xbf\x1f\xb6\xa1\x19ve\xc1\xabV\xba\xe0c\xba\xaa\
\x87\x99\xaf\x8bf\xa7\xd9\x8c\x8c\x10\xa1\x03\xa1\x03\xa1\x03\
\xa1\x03\xff\xbd\x03\x05,0']\x169\x81\xe8;\xec\
Am:H\xaf\xc5\x85%}\x02u\xd6\xa5\x87<a\
I\x9fB\xbdu\xe9\xb1\x88\xf4\x19y\x83u\xe9\xf1\x88\
\xf49y\xa3u\xe9\xc9\x88\xf4\x05y\xb3u\xe9\xe9\x88\
\xf4%y\x8bu\xe9\x11\x04_=qI\xb7Z\x97\xee\
G\xf0\xd9\x93\xbeb\xdcf]\xba\x1b\xc1\x1bO\xfa\x9a\
q\x87u\xe9&\x04\x8f=i-\xa0\xf33\xe9\xcc$\
\x93\xaa\xc7 7\xc9\xfcW\xcbo<\xe0\x0en\xa1\x04\
V\xc0}\xbaU\xef\x83uH9\x96\xb8S_\xa6\xdf\
\xe0\x89\xf7H\xd2\x7f\x97\x16R\x0d)\xc7\x03w\xfa\x0f\
\xf8\x8b\xf1p\x22\xdb\xecDEjy\xd0\x05YI\xe6\
\xbf\xa3\xac\xce\xea\xe3q\x04\xfa\xc5\xc8\x07\x17\xaaM\xc1\
\xa3+\xb8k\xb2=\xacy-\xe6\xa7\xce\xb1\xda\xc3\xfa\
-V\xb4\xc32\x14*!$\xdb\x03:\x92\x9a\x8b^\
\x8c\xee\xc1m\xb9C\xc65\xe6,\xe3B\x03\x5c_\xc0\
\xc9\x1e0\xae\x02\x931\x8a\x95\xb6\x85\x93\xddg\x1c3\
i\x8a\xd4\xac'*a\xed\xd5J0\x19\x8bX\xb9\xae\
\xea\xba\x0b\x15&M\x91Z\x00_v\x87\xbc\xdc\xaa\xec\
|Dv\x9b\xbc\xcc\xaa\xec\x5cDv\x8b\xbc\xd4\xaa\xec\
LDv\x93\x5c\x87\x1d\xb3\xe1\xff/\xb1\x81e\xb1Y\
\xd3\xb8\xd8 W\x9dqW\xa1\x08B\x84\x0e\x84\x0e\x84\
\x0e\x84\x0e\xa4y\x07>\x00\x12s\xaf\x06`v\x81%\
\x00\x00\x00\x00IEND\xaeB`\x82\
\x00\x00\x14\xb6\
\x89\
PNG\x0d\x0a\x1a\x0a\x00\x00\x00\x0dIHDR\x00\
\x00\x00 \x00\x00\x00 \x08\x06\x00\x00\x00szz\xf4\
\x00\x00\x0a\xd7iCCPICC Prof\
ile\x00\x00H\x89\x95\x97\x07TS\xc9\x1a\xc7\xe7\
\xde\xf4FK@@J\xe8\xbd\xb7\x00RB\x0fEz\
\x15\x95\x90\x04\x12J\x8c\x09AEl\xc8\xe2\x0a\xae\x05\
\x15\x11\xac\xe8\xaa\x88\x82e\xa5\xd9\x10\x0b\x16\x16\xc5\x86\
}\x83,\x0a\xca\xbaX\xb0\xa1\xe6]\xe0\x11\xdc}\xed\
\xbc\xef\x9c\xc9\xfc\xce\x97\x99\xaf\xcc\xbds\xce\xff\x02@\
\x09a\x8bD9\xb0\x0a\x00\xb9\xc2<qL\xb0\x1f=\
)9\x85\x8e{\x060@\x15P\x01\x1d\xd8\xb19\x12\
\x113**\x1c 69\xff\xd5\xde\xdf\x05\xd0\xd8|\
\xcbf,\xd6\xbf\xfe\xff_M\x8d\xcb\x93p\x00\x80R\
\x11N\xe7J8\xb9\x08\xb7!\xe3\x05G$\xce\x03\x00\
u\x08\xf1\x1b-\xc8\x13\x8d\xf1\x0d\x84ib\xa4@\x84\
\x7f\x1f\xe3\xcc\x09\xfe8\xc6\xe9\xe3\x8c&\x8f\xaf\x89\x8b\
\xf1G\x98\x0e\x00\x9e\xccf\x8b3\x01 [#~z\
>'\x13\x89C\x1e\xeb\xc1^\xc8\x15\x08\x11.D\xd8\
\x9b\xc3gs\x11>\x85\xb0un\xee\xbc1\x1e@\xd8\
\x1cY/\x02\x80\x82\x9c\x0e`\xa4\x7f\x173\xf3/\xf1\
\xd3\x15\xf1\xd9\xecL\x05O\xf45n\xf8\x00\x81D\x94\
\xc3^\xf4\x7f\x1e\xcd\xff\xb6\xdc\x1c\xe9d\x0eSd\x90\
\xf9\xe2\x90\x98\xb1|\xc8\xf9\xdd\xcb\x9e\x17\xa6`a\xfa\
\xcc\xc8I\x16p'j\x1ac\xbe4$~\x929\x12\
\xff\x94I\xe6\xb2\x03\xc2\x14{sf\x86Or\x86 \
\x88\xa5\x88\x93\xc7\x8a\x9bd\x9e$0v\x92\xc5\xf3b\
\x14\xb92\xc4\xfe\xccIf\x8b\xc7\xf3\x12\x11\x96I\xb3\
\xe3\x15~>\x8f\xa5\x88_\xc0\x8fK\x9c\xe4|A\xc2\
\xccI\x96d\xc7\x86M\xad\xf1W\xf8\xc5\xd2\x18E\xfd\
<a\xb0\xdfT\xde E\xef\xb9\x92\xef\xfa\x15\xb0\x14\
{\xf3\xf8q!\x8a\xde\xd9S\xf5\xf3\x84\xcc\xa9\x98\x92\
$Em\x5c^@\xe0\xd4\x9ax\xc5zQ\x9e\x9f\x22\
\x97('J\xb1\x9e\x97\x13\xac\xf0K\xf2c\x15{\xf3\
\x90\x97sjo\x94\xe2\x0c\xb3\xd8\xa1Q\x93\x0c\x04 \
\x02\xb0\x01\x87\xae<I\x00\xe4\xf1\x16\xe6\x8d5\xe2?\
O\xb4H,\xc8\xe4\xe7\xd1\x99\xc8m\xe3\xd1YB\x8e\
\xad5\xdd\xd1\xde\xd1\x11\x80\xb1\xbb;\xf1:\xbc\x8d\x1e\
\xbf\x93\x90F\xe7\x94o\xe5o\x00x\x9d\x95\xcb\xe5'\
\xa7|\xa1g\x018\xea\x86<\x96\x96)\x9f9\x03\x00\
U\x12\x00\x97[8Rq\xfe\x84\x0f=\xf6\x83A\x9e\
\x9e2\xa0\x01-\xa0\x07\x8c\x809\xb0\x01\x8e\xc0\x15x\
\x02_\x10\x08BA$\x88\x03\xc9`\x0eR+\x1f\xe4\
\x021X\x00\x0a\xc1\x0aP\x02\xca\xc0z\xb0\x19T\x81\
\x9d`\x0f8\x00\x0e\x83c\xa0\x09\x9c\x02\xe7\xc0%p\
\x0d\xdc\x00w\xc0C \x03\xfd\xe0%\x18\x06\xef\xc1(\
\x04A8\x88\x02Q!-H\x1f2\x81\xac G\x88\
\x01yC\x81P8\x14\x03%CiP&$\x84\xa4\
P!\xb4\x12*\x83\xca\xa1*h7T\x0b\x1d\x85Z\
\xa0s\xd0\x15\xa8\x1b\xba\x0f\xf5B\x83\xd0\x1b\xe83\x8c\
\x82\xc90\x0d\xd6\x85Ma;\x98\x013\xe108\x0e\
\x9e\x0dg\xc2\xf3\xe1\x02\xb8\x18^\x0bW\xc25\xf0!\
\xb8\x11>\x07_\x83\xef\xc02\xf8%<\x82\x02(\x12\
J\x03e\x80\xb2A1P\xfe\xa8HT\x0a*\x03%\
F-E\x95\xa2*P5\xa8zT+\xaa\x03u\x0b\
%C\x0d\xa1>\xa1\xb1h*\x9a\x8e\xb6A{\xa2C\
\xd0\xf1h\x0ez>z)z\x0d\xba\x0a}\x00\xdd\x88\
\xbe\x80\xbe\x85\xeeE\x0f\xa3\xbfa(\x18\x1d\x8c\x15\xc6\
\x03\xc3\xc2$a21\x0b0%\x98\x0a\xcc>\xcc\x09\
\xccE\xcc\x1dL?\xe6=\x16\x8b\xd5\xc0\x9aa\xdd\xb0\
!\xd8dl\x16v1v\x0dv;\xb6\x01\xdb\x86\xed\
\xc6\xf6aGp8\x9c\x16\xce\x0a\xe7\x85\x8b\xc4\xb1q\
y\xb8\x12\xdcV\xdc!\xdcY\xdcM\x5c?\xee#\x9e\
\x84\xd7\xc7;\xe2\x83\xf0)x!\xbe\x08_\x81?\x88\
?\x83\xbf\x89\x7f\x8e\x1f%\xa8\x10L\x08\x1e\x84H\x02\
\x97\xb0\x88\xb0\x8e\xb0\x97\xd0J\xb8N\xe8'\x8c\x12U\
\x89fD/b\x1c1\x8b\xb8\x82XI\xac'^$\
>\x22\xbe%\x91H\x86$wR4I@ZN\xaa\
$\x1d!]&\xf5\x92>\x91\xd5\xc8\x96d\x7fr*\
YJ^K\xdeOn#\xdf'\xbf\xa5P(\xa6\x14\
_J\x0a%\x8f\xb2\x96RK9OyB\xf9\xa8D\
U\xb2Ub)q\x95\x96)U+5*\xddTz\
\xa5LP6Qf*\xcfQ.P\xaeP>\xae|\
]yH\x85\xa0b\xaa\xe2\xaf\xc2VY\xaaR\xad\xd2\
\xa2\xd2\xa32\xa2JUuP\x8dT\xcdU]\xa3z\
P\xf5\x8a\xea\x80\x1aN\xcdT-P\x8d\xabV\xac\xb6\
G\xed\xbcZ\x1f\x15E5\xa2\xfaS9\xd4\x95\xd4\xbd\
\xd4\x8b\xd4~\x1a\x96fFc\xd1\xb2he\xb4\xc3\xb4\
.\xda\xb0\xba\x9a\xba\xb3z\x82\xfaB\xf5j\xf5\xd3\xea\
2\x0d\x94\x86\xa9\x06K#Gc\x9d\xc61\x8d\xbb\x1a\
\x9f\xa7\xe9NcN\xe3M[=\xad~\xda\xcdi\x1f\
4\xa7k\xfaj\xf24K5\x1b4\xefh~\xd6\xa2\
k\x05jekm\xd0j\xd2z\xac\x8d\xd6\xb6\xd4\x8e\
\xd6^\xa0\xbdC\xfb\xa2\xf6\xd0t\xdat\xcf\xe9\x9c\xe9\
\xa5\xd3\x8fM\x7f\xa0\x03\xebX\xea\xc4\xe8,\xd6\xd9\xa3\
\xd3\xa93\xa2\xab\xa7\x1b\xac+\xd2\xdd\xaa{^wH\
OC\xcfW/Ko\x93\xde\x19\xbdA}\xaa\xbe\xb7\
\xbe@\x7f\x93\xfeY\xfd\x17tu:\x93\x9eC\xaf\xa4\
_\xa0\x0f\x1b\xe8\x18\x84\x18H\x0dv\x1bt\x19\x8c\x1a\
\x9a\x19\xc6\x1b\x16\x196\x18>6\x22\x1a1\x8c2\x8c\
6\x19\xb5\x1b\x0d\x1b\xeb\x1bG\x18\x17\x1a\xd7\x19?0\
!\x980L\xf8&[L:L>\x98\x9a\x99&\x9a\
\xae2m2\x1d0\xd34c\x99\x15\x98\xd5\x99=2\
\xa7\x98\xfb\x98\xcf7\xaf1\xbfm\x81\xb5`Xd[\
l\xb7\xb8a\x09[\xbaX\xf2-\xab-\xaf[\xc1V\
\xaeV\x02\xab\xedV\xdd\xd6\x18kwk\xa1u\x8du\
\x8f\x0d\xd9\x86i\x93oSg\xd3k\xaba\x1bn[\
d\xdbd\xfb\xca\xce\xd8.\xc5n\x83]\x87\xdd7{\
\x17\xfb\x1c\xfb\xbd\xf6\x0f\x1d\xd4\x1cB\x1d\x8a\x1cZ\x1d\
\xde8Z:r\x1c\xab\x1do;Q\x9c\x82\x9c\x969\
5;\xbdv\xb6r\xe69\xefp\xbe\xe7Bu\x89p\
Y\xe5\xd2\xee\xf2\xd5\xd5\xcdU\xecZ\xef:\xe8f\xec\
\x96\xe6\xb6\xcd\xad\x87AcD1\xd60.\xbbc\xdc\
\xfd\xdc\x97\xb9\x9fr\xff\xe4\xe1\xea\x91\xe7q\xcc\xe3O\
O\x1b\xcfl\xcf\x83\x9e\x033\xccf\xf0f\xec\x9d\xd1\
\xe7e\xe8\xc5\xf6\xda\xed%\xf3\xa6{\xa7y\xef\xf2\x96\
\xf9\x18\xf8\xb0}j|\x9e\xfa\x1a\xf9r}\xf7\xf9>\
gZ0\xb3\x98\x87\x98\xaf\xfc\xec\xfd\xc4~'\xfc>\
\xf8{\xf8/\xf1o\x0b@\x05\x04\x07\x94\x06t\x05\xaa\
\x05\xc6\x07V\x05>\x092\x0c\xca\x0c\xaa\x0b\x1a\x0ev\
\x09^\x1c\xdc\x16\x82\x09\x09\x0b\xd9\x10\xd2\xc3\xd2eq\
X\xb5\xac\xe1P\xb7\xd0%\xa1\x17\xc2\xc8a\xb1aU\
aO\xc3-\xc3\xc5\xe1\xad\x11pDh\xc4\xc6\x88G\
3Mf\x0ag6E\x82HV\xe4\xc6\xc8\xc7Qf\
Q\xf3\xa3NFc\xa3\xa3\xa2\xab\xa3\x9f\xc58\xc4\x14\
\xc6t\xc4Rc\xe7\xc6\x1e\x8c}\x1f\xe7\x17\xb7.\xee\
a\xbcy\xbc4\xbe=A9!5\xa16\xe1Cb\
@by\xa2,\xc9.iI\xd2\xb5d\xeddAr\
s\x0a.%!e_\xca\xc8\xac\xc0Y\x9bg\xf5\xa7\
\xba\xa4\x96\xa4\xde\x9dm6{\xe1\xec+s\xb4\xe7\xe4\
\xcc9=Wy.{\xee\xf14LZb\xda\xc1\xb4\
/\xecHv\x0d{$\x9d\x95\xbe-}\x98\xe3\xcf\xd9\
\xc2y\xc9\xf5\xe5n\xe2\x0e\xf2\xbcx\xe5\xbc\xe7\x19^\
\x19\xe5\x19\x03\x99^\x99\x1b3\x07\xf9>\xfc\x0a\xfe\x90\
\xc0_P%x\x9d\x15\x92\xb53\xebCvd\xf6\xfe\
lyNbNC.>7-\xb7E\xa8&\xcc\x16\
^\x98\xa77o\xe1\xbcn\x91\x95\xa8D$\x9b\xef1\
\x7f\xf3\xfcaq\x98x\x9f\x04\x92\xcc\x964\xe7\xd1\x10\
\x91\xd4)5\x97\xfe \xed\xcd\xf7\xce\xaf\xce\xff\xb8 \
a\xc1\xf1\x85\xaa\x0b\x85\x0b;\x17Y.Z\xbd\xe8y\
AP\xc1\xcf\x8b\xd1\x8b9\x8b\xdb\x0b\x0d\x0aW\x14\xf6\
.a.\xd9\xbd\x14Z\x9a\xbe\xb4}\x99\xd1\xb2\xe2e\
\xfd\xcb\x83\x97\x1fXA\x5c\x91\xbd\xe2\xd7\x22\xfb\xa2\xf2\
\xa2w+\x13W\xb6\x16\xeb\x16//\xee\xfb!\xf8\x87\
\xba\x12\xa5\x12qI\xcf*\xcfU;\x7fD\xff(\xf8\
\xb1k\xb5\xd3\xea\xad\xab\xbf\x95rK\xaf\x96\xd9\x97U\
\x94}Y\xc3Ys\xf5'\x87\x9f*\x7f\x92\xaf\xcdX\
\xdb\xb5\xceu\xdd\x8e\xf5\xd8\xf5\xc2\xf5w7\xf8l8\
P\xaeZ^P\xde\xb71bc\xe3&\xfa\xa6\xd2M\
\xef6\xcf\xdd|\xa5\xc2\xb9b\xe7\x16\xe2\x16\xe9\x16Y\
exe\xf3V\xe3\xad\xeb\xb7~\xa9\xe2W\xdd\xa9\xf6\
\xabn\xd8\xa6\xb3m\xf5\xb6\x0f\xdb\xb9\xdbo\xee\xf0\xdd\
Q\xbfSwg\xd9\xce\xcf\xbb\x04\xbb\xee\xed\x0e\xde\xdd\
XcZS\xb1\x07\xbb'\x7f\xcf\xb3\xbd\x09{;~\
f\xfc\x5c\xbbO{_\xd9\xbe\xaf\xfb\x85\xfbe\x07b\
\x0e\x5c\xa8u\xab\xad=\xa8sp]\x1d\x5c'\xad\x1b\
<\x94z\xe8\xc6\xe1\x80\xc3\xcd\xf56\xf5\xbb\x1b4\x1a\
\xca\x8e\x80#\xd2#/\x8e\xa6\x1d\xbd{,\xecX\xfb\
q\xc6\xf1\xfa_L~\xd9v\x82z\xa2\xb4\x11j\x5c\
\xd48\xdc\xc4o\x925'7w\xb7\x84\xb6\xb4\xb7z\
\xb6\x9e8i{r\xff)\x83S\xd5\xa7\xd5O\xaf;\
C<S|F~\xb6\xe0\xecH\x9b\xa8m\xe8\x5c\xe6\
\xb9\xbe\xf6\xb9\xed\x0f\xcf'\x9d\xbf}!\xfaB\xd7\xc5\
\xb0\x8b\x97/\x05]:\xdf\xc1\xec8{\xd9\xeb\xf2\xa9\
+\x1eWZ\xae2\xae6]s\xbd\xd6\xd8\xe9\xd2y\
\xe2W\x97_Ot\xb9v5^w\xbb\xde|\xc3\xfd\
Fk\xf7\x8c\xee37}n\x9e\xbb\x15p\xeb\xd2m\
\xd6\xedkwf\xde\xe9\xbe\x1b\x7f\xf7^Oj\x8f\xec\
\x1e\xf7\xde\xc0\xfd\x9c\xfb\xaf\x1f\xe4?\x18}\xb8\xfc\x11\
\xe6Q\xe9c\x95\xc7\x15Ot\x9e\xd4\xfcf\xf1[\x83\
\xccUv\xba7\xa0\xb7\xf3i\xec\xd3\x87}\x9c\xbe\x97\
\xbfK~\xff\xd2_\xfc\x8c\xf2\xac\xe2\xb9\xfe\xf3\xda\x01\
\xc7\x81S\x83A\x837^\xccz\xd1\xffR\xf4rt\
\xa8\xe4\x0f\xd5?\xb6\xbd2\x7f\xf5\xcb\x9f\xbe\x7fv\x0e\
'\x0d\xf7\xbf\x16\xbf\x96\xbfY\xf3V\xeb\xed\xfew\xce\
\xef\xdaG\xa2F\x9e\xbc\xcf}?\xfa\xa1\xf4\xa3\xd6\xc7\
\x03\x9f\x18\x9f:>'~~>\xba\xe0\x0b\xeeK\xe5\
W\x8b\xaf\xad\xdf\xc2\xbe=\x92\xe7\xca\xe5\x22\xb6\x98=\
.\x05P\xc8\x8032\x00x\xb3\x1f\xd1\xc6\xc9\x00P\
\x11]N\x9c5\xa1\xad\xc7\x0d\x9a\xf8\x1e\x18'\xf0\x9f\
xB\x7f\x8f\x9b+\x00\xf54\x00\xa2\x87\x10u\xd3\x03\
\xc0\x91\xbd\x88\x9cE\xe2+#\xdf\x04Q\x14\x00\xe2\xdc\
\x01\xec\xe4\xa4\x18\xff4I\x86\x93\xe3D,2\xa2\xfb\
0O\xe4\xf2\xb7\x88\x06\xc6m\x04\xe0\xebz\xb9|\xb4\
F.\xff\xba\x07)\xf6\x11\x00m\xc2\x09M?fX\
D\xcb\xef\x0a\xff\x9a\x9e\x9b\x0e\xfe\x8dM\xe8\xfd\xefz\
\xfc\xfb\x0c\xc6*p\x06\x7f\x9f\xff\x01^#\x1a\xbd\xff\
\xc6\x8d\xf0\x00\x00\x00\xb8eXIfMM\x00*\x00\
\x00\x00\x08\x00\x06\x01\x12\x00\x03\x00\x00\x00\x01\x00\x01\x00\
\x00\x01\x1a\x00\x05\x00\x00\x00\x01\x00\x00\x00V\x01\x1b\x00\
\x05\x00\x00\x00\x01\x00\x00\x00^\x01(\x00\x03\x00\x00\x00\
\x01\x00\x02\x00\x00\x011\x00\x02\x00\x00\x00\x15\x00\x00\x00\
f\x87i\x00\x04\x00\x00\x00\x01\x00\x00\x00|\x00\x00\x00\
\x00\x00\x00\x00\x90\x00\x00\x00\x01\x00\x00\x00\x90\x00\x00\x00\
\x01Pixelmator Pro \
3.5.8\x00\x00\x00\x03\x92\x86\x00\x07\x00\x00\x00\
\x12\x00\x00\x00\xa6\xa0\x02\x00\x04\x00\x00\x00\x01\x00\x00\x00\
 \xa0\x03\x00\x04\x00\x00\x00\x01\x00\x00\x00 \x00\x00\x00\
\x00ASCII\x00\x00\x00Screens\
hot.T\x97A\x00\x00\x00\x09pHYs\x00\
\x00\x16%\x00\x00\x16%\x01IR$\xf0\x00\x00\x04\x14\
iTXtXML:com.adob\
e.xmp\x00\x00\x00\x00\x00<x:xmp\
meta xmlns:x=\x22ad\
obe:ns:meta/\x22 x:\
xmptk=\x22XMP Core \
6.0.0\x22>\x0a   <rdf:\
RDF xmlns:rdf=\x22h\
ttp://www.w3.org\
/1999/02/22-rdf-\
syntax-ns#\x22>\x0a   \
   <rdf:Descript\
ion rdf:about=\x22\x22\
\x0a            xml\
ns:exif=\x22http://\
ns.adobe.com/exi\
f/1.0/\x22\x0a        \
    xmlns:tiff=\x22\
http://ns.adobe.\
com/tiff/1.0/\x22\x0a \
           xmlns\
:xmp=\x22http://ns.\
adobe.com/xap/1.\
0/\x22>\x0a         <e\
xif:PixelYDimens\
ion>32</exif:Pix\
elYDimension>\x0a  \
       <exif:Pix\
elXDimension>32<\
/exif:PixelXDime\
nsion>\x0a         \
<exif:UserCommen\
t>\x0a            <\
rdf:Alt>\x0a       \
        <rdf:li \
xml:lang=\x22x-defa\
ult\x22>Screenshot<\
/rdf:li>\x0a       \
     </rdf:Alt>\x0a\
         </exif:\
UserComment>\x0a   \
      <tiff:Reso\
lutionUnit>2</ti\
ff:ResolutionUni\
t>\x0a         <tif\
f:XResolution>14\
40000/10000</tif\
f:XResolution>\x0a \
        <tiff:YR\
esolution>144000\
0/10000</tiff:YR\
esolution>\x0a     \
    <tiff:Orient\
ation>1</tiff:Or\
ientation>\x0a     \
    <xmp:Creator\
Tool>Pixelmator \
Pro 3.5.8</xmp:C\
reatorTool>\x0a    \
     <xmp:Metada\
taDate>2024-04-1\
8T10:43:38+02:00\
</xmp:MetadataDa\
te>\x0a      </rdf:\
Description>\x0a   \
</rdf:RDF>\x0a</x:x\
mpmeta>\x0a\xae\x03'\xf8\x00\x00\x04\xa1\
IDATX\x09\xb5W]l\x1bE\x10\x9e=\xdf\
\xf9\xa7u\xed\xd8\xb1\xe34.v#\xe4bU%\x82\
*\x91\x00\x09\xa9\x85\x82\x0aE< \x8a@\x08$x\
\x08R\xc5\x1b/\xc0\x93\x1f@\xbc#\x0a/<T\xa8\
B\xe2\xe7\xa5\xfc(\xadh\xcbO E\x02T~\x82\
\xeb4!JZ7\xa9\xeb\xdf\xc4\x8e}\xbe\xeb\xdd\xb1\
s\xe9]}\xf6mj\x8a3\xd2\xea\xf6ff\xe7\xdb\
\x9d\x99\x9d\xdd%\xef\xbd\xf8F\xff\xab\x1f\xbdSL\xa5\
R\x9c'S\xdf{\xb9p\xf5\xfe\xdcj\xe1\xdd\x9aX\
\x07Y\x91\xa1\x17$8\x04\xf0\xba\xb7@\xc4\x17\x82\x81\
@x\xd4\xe1r-\xc9Yg\x1e\xf6\x81J\xde~\xea\
\xcd\xed\xbf;f\xaf\x0d7#\x91\xf4\xa5tV\x94\x9b\
\xa4\x17\xa0,\x1bn\xc1-=\x94\x18\xe9\x13\xbdn\xaf\
Tn\xc8d||\x5c@\xe5\xc5s\x99\xaa\xa2*.\
\xffV\x1f<\xb8\xe7\x01\x88\x86\xb6Cp[\x1f\x10\xc2\
\xb1lu\xc5\xd74\x15J\xd5\x0a\x5c),\xc3\xe4\xf4\
\x14\xac\xac\xad\x82\x83s\x94\xe3\xced$\x96\x08\x0f\xf2\
;\xf3\x82oj!s\x95\x82\xf3\xc9\x1d\x09x\xe2\xbe\
\x83\xe0\x14\x9c]\x19\xefF\x09\x17\xd0\xef\x0b\xea-y\
G\x02\xbe\xfa\xf9$d\xb2\xb3\x81e\xe5\x9f\xb5\xa4\x12\
\xdc\xcd/U\xab\x05Q\x12\x01Wn\x80\xa7\x17g\xe0\
\xd7\x8b\xe7\xa1\xb8Z\x02M\xd3\xba\xc1a\xea\x10Bt\
\xf0\xd1]\xf7\xc2\xee\xf8]:\xc6\xf2D\x0e=!\xcc\
W\x962\x8ex(\x9a\xa2q\x87G\xf6\xee\x87!\xea\
v\x04?\xf9\xcbi\xa87\x1bL\xa3\xffU\x80\xb6\xe6\
\x96\xe6\xe9\x22\xfd0\x18\x8c\x00\xcd\x03\xb8xe\x0e\x14\
U\xe5x\xccv$\x8c9\x12\xae\x9cE\xfe`\x1f\x04\
\xfa\x83,\xb1\xc9/\x17KP)U4\x9a\xcd\x96\x84\
F\xdb\xe8\x05\x03\x0b\xb1yc\xaba\xc2!\xa1\xdb\xad\
DT\x0d4\xf2\xda[\xaf\x93\xfd\x87\x0eXE\x8c?\
\x0c\xdb\xa7\x1f~L\x8e\x7fpL\x01\x95\xce\x83\x80\x9e\
\xc9\x86m\x03\x0b\xb1\xcd\x147\xb2\xdd\x1a\xf3up\xcf\
\x16\x0f\xd9\xf7\xf8\xc3\x0c\xb8N6\xc6=vg\x1ch\
\x029hW14\x0c\xdb\x06\x16\xf2yCh\xff\xd5\
8\xf4\xa1\xcf\xef\xa3\xdb\xf1\xa67\xcf\x9d\xfd\x11\x16f\
\xe7\xed\x87Pn\xb9P\x86\xa9\xb3\x93\xba\x9c\xa6\xb0\x00\
\x1a\xd4\xa8\x17\xbcv\x03,\x13PU\xd5N\xa7\x83\xf7\
\xd3\xe9I\xf8~\xe2L\x07\x9f\xc5\xa0Ap\xdf\x9c\xbe\
U\xcb\x0c\x01\xb2q;n\x06Qp\x07\xcb\xaee\x02\
*\xadZ-\xf4\xff\x0a@\x8b!\xdae9\xc0\x9a\x03\
N\xdeR\x01\x99\x83v&\x86\xa1\xba2f\x85\xb8\xf1\
'K\x12\xcc\xfc\x95\x01\xa9\xd9\xb4\x95\xb73-9 \
\xf0\xfa\xb1\xd0\xae\xd3\xf1\xff\xf4K\xcf\x026\x16a\x1d\
x\xf9\xb1\xe7\xe1\xbal\x9e\xa6\xe8M\xdb\x05YB\xd0\
\x9a\xe9,\xe3\xdd\xf0y\xba\x10N\xdf?\xa6\xb6-8\
J-\x1e0\xd5o\xd1\xf9\xfa\x93\x13\x90>?m\xab\
%\xd3UO\xff\xf6'\x0d\x81\xd4*gz`\xa3\x09\
0\x07]\xf8#\x0d?\x9c\xfa\xb6\x15`\xc3>\xd3\x10\
\x1de\x09A\x9b\x15\xa6\xdb\xda\xf4n\xf9K\x0dY\xb6\
W\xeb\x00\xd6\x04p\xd2\xd8zE,\x1c{\x0fPd\
Z\xbfI/'\xc0\xf4\xa6m\x0e\xac\xbbLcV\xaf\
\xe7^y\x01\x0e=\xf3$\xd3;\x8dzC\xcf\x913\
_\x9cb\xea\x18\x02\xdb\x09\xdc\x10b\xdc\xf4I\xe4s\
yX\xad\xac\x80\xaf\xcf\xaf\x8b\xa2\xf1\x1d\x80m#\x1a\
\x19\xbb\x07&i\xa2\xb6\xed\x86\x8e!\xac\xd8\xd0\x92H\
\xcc\x83A\xa3\x87\xd4\xf1\xa3\xc7 \xbbp\xb9\xc3\x80\x1d\
Cl\x88\xf0\xcd\x89\x09\x03|\xc3P\x9a\x1e\xc0\xdb+\
\x9e\xd3X\x8c\xd6\xcfmm+MC\x89\xd6/\xbd>\
O|\xfe%`\xbb\x0d2\xe3o\x14:\xc42\x88\xc3\
G\x03\x12^\x9d\x91\xf0\x06k\x12\x82k R\x0bf\
M5e\xb7\xd11l\x1bX\x88\xcd\xe1\x8b\x05\x09\xef\
\xedHx{\xb5\x10=\xcb\xa9\x0f\xbb;$,\x03;\
\x7f\x0c\xdb\x06\x16bs\x03\xbe\x90\x1e#|4H\xb2\
\xa4_\x1a\x0f\x8e\x1d\x80\x90\xbf\xdfr\x0b\xea4\xd7\x1d\
\x07\xdd\x8e\xb6\xd0&^H\x11\x03\xb1(\xa9\x03\xdb\x82\
\x8f\xf2\xd1@4\xb2X\xc8\xe6\xe8=\x9d\xe0\xa3\x01\xdf\
\x06\xa8\x88\xad\xd7\x84\xe0\x88\x81\xaf#\xb7\xe0\x22\xb1\xf0\
\xd0\xdf|\xd5\x03\xea\xe8\xf0\xae\xc1\xa9\xb9t\x8e\xbeX\
\x00\x1f\x0d\x9b\xfe4#\x8e\xc2H\xec\xee=\x0dE\x96\
\xc9\xd1#)\xaf[\xac\x93\x99B\x01.\x5cZ(6\
\xe4fO\xe2\xcd\xf2\x1e}\x94\xd4c}\xc1\xc8\xfb\xdf\
}VK\x1dN9I\xea\xf0\x11/\xe4\x07D\x08_\
s\xfb\xc0\xa5\xccWJ\xb5\xdcJ\x9e\xdb\x9c\xe7y\xb8\
\x99\x1c\x1a\x8a\xd6\x1a\xeau1\xefYs\x86\x8b\x81\x7f\
\x01\xd3\x22\xd1\xb4J\x87R$\x00\x00\x00\x00IEN\
D\xaeB`\x82\
\x00\x00\x06U\
\x89\
PNG\x0d\x0a\x1a\x0a\x00\x00\x00\x0dIHDR\x00\
\x00\x00\x17\x00\x00\x00\x11\x08\x06\x00\x00\x006s7\xbd\
\x00\x00\x00\x01sRGB\x00\xae\xce\x1c\xe9\x00\x00\x00\
\xc6eXIfMM\x00*\x00\x00\x00\x08\x00\x06\x01\
\x12\x00\x03\x00\x00\x00\x01\x00\x01\x00\x00\x01\x1a\x00\x05\x00\
\x00\x00\x01\x00\x00\x00V\x01\x1b\x00\x05\x00\x00\x00\x01\x00\
\x00\x00^\x01(\x00\x03\x00\x00\x00\x01\x00\x02\x00\x00\x01\
1\x00\x02\x00\x00\x00\x15\x00\x00\x00f\x87i\x00\x04\x00\
\x00\x00\x01\x00\x00\x00|\x00\x00\x00\x00\x00\x00\x00H\x00\
\x00\x00\x01\x00\x00\x00H\x00\x00\x00\x01Pixel\
mator Pro 3.6.6\x00\
\x00\x00\x04\x90\x04\x00\x02\x00\x00\x00\x14\x00\x00\x00\xb2\xa0\
\x01\x00\x03\x00\x00\x00\x01\x00\x01\x00\x00\xa0\x02\x00\x04\x00\
\x00\x00\x01\x00\x00\x00\x17\xa0\x03\x00\x04\x00\x00\x00\x01\x00\
\x00\x00\x11\x00\x00\x00\x002024:08:1\
5 10:12:59\x00\xbd)\xff(\x00\
\x00\x00\x09pHYs\x00\x00\x0b\x13\x00\x00\x0b\x13\x01\
\x00\x9a\x9c\x18\x00\x00\x03\xb0iTXtXML:\
com.adobe.xmp\x00\x00\x00\
\x00\x00<x:xmpmeta xml\
ns:x=\x22adobe:ns:m\
eta/\x22 x:xmptk=\x22X\
MP Core 6.0.0\x22>\x0a\
   <rdf:RDF xmln\
s:rdf=\x22http://ww\
w.w3.org/1999/02\
/22-rdf-syntax-n\
s#\x22>\x0a      <rdf:\
Description rdf:\
about=\x22\x22\x0a       \
     xmlns:tiff=\
\x22http://ns.adobe\
.com/tiff/1.0/\x22\x0a\
            xmln\
s:exif=\x22http://n\
s.adobe.com/exif\
/1.0/\x22\x0a         \
   xmlns:xmp=\x22ht\
tp://ns.adobe.co\
m/xap/1.0/\x22>\x0a   \
      <tiff:YRes\
olution>720000/1\
0000</tiff:YReso\
lution>\x0a        \
 <tiff:XResoluti\
on>720000/10000<\
/tiff:XResolutio\
n>\x0a         <tif\
f:ResolutionUnit\
>2</tiff:Resolut\
ionUnit>\x0a       \
  <tiff:Orientat\
ion>1</tiff:Orie\
ntation>\x0a       \
  <exif:PixelYDi\
mension>17</exif\
:PixelYDimension\
>\x0a         <exif\
:PixelXDimension\
>23</exif:PixelX\
Dimension>\x0a     \
    <xmp:Metadat\
aDate>2024-08-15\
T10:13:15+02:00<\
/xmp:MetadataDat\
e>\x0a         <xmp\
:CreateDate>2024\
-08-15T10:12:59+\
02:00</xmp:Creat\
eDate>\x0a         \
<xmp:CreatorTool\
>Pixelmator Pro \
3.6.6</xmp:Creat\
orTool>\x0a      </\
rdf:Description>\
\x0a   </rdf:RDF>\x0a<\
/x:xmpmeta>\x0a\xfd\xff\xde\x94\
\x00\x00\x01lIDAT8\x11\xb5\xd4=(Ea\
\x1c\xc7\xf1\xe3m\x91\x88d\xb2\xd9\xac\xb2\xc8B\xa1,\
J\xd9,\xa2l\x162(\x93dPX(\x8bA\xc9\
`\xb1(ouC,(\xb1 %\x16y-QB\
^\xbe\xbf\xdbC\xff{\xee9]\xa7\xeb\xfe\xebs\xce\
y\xfe\xcf\xf3\xfc\xcfs^=/\x83\x91\xe5\xab]H\
\xbb\x1a\x05\xbe|\xaa\xe6'\x03Np\x1a6\xb0\x83\x8e\
g\xbc\xa6a\xcb\x16\xb7+\xd7\x99K\xd0\x8f';\xe8\
\x0f\xc7\xaa\xd3\x89:gGsr\xb5qQ\xcc\xfe\x10\
s?\x89\x88\xfb;\xc6\xabx%\x92\x8a\xeb\xec\xb5\x88\
\xbaj\xa6$\x84\xea\xc4\xc3\xae\x5c\x89\x17<\xc4{\xa2\
o\xf2\x98Rf\xa7\xf9\x8b\xef\xd2\xd9`\x07D8\xae\
al\xcc\x8e\xcf\xb6\x8d\xff>\xf6\xaf<\x9d\xfagL\
n\xc5qP\x91[\x92kA\x1d&7\xc4\xf14\xf2\
\xb1\x80}\xf4@1\x8e\x03\xcc\x22i\xd1\xa9\x8a\xaf3\
I\x1f\xd9\x15fp\x8e)\xe8%\xe8\xc6#\xc6p\x8f\
Ax\xf6\x9e\xeb\x13\xceQ2$\xfa\xc8\x0f\xbb\xbeI\
\xf6MX\xc2\x17V\xd1\x8erh\xd5GHX\xfe\x0d\
\xed*L@+\xb4\xf1Nc\x05o.\xa9\xdb\xd1\x88\
y\x8cBWQ\x04\x15\xfe@=\x16\xf1\x1bz\x05u\
\xc9a\xff\x16\x15\xefucTX\x1f\xdb6\xba0\x80\
K\xb4A\x0ft\x19\x81\xa1\x87U\x1a@\x7f\xcafl\
b\x04*&\x17h\xc1\x06\xae\xb1\x87\x0ad6\xbe\x01\
\x03\x0e[[\xe7D\xa6\x03\x00\x00\x00\x00IEND\
\xaeB`\x82\
\x00\x00\x07m\
\x89\
PNG\x0d\x0a\x1a\x0a\x00\x00\x00\x0dIHDR\x00\
\x00\x00\x1a\x00\x00\x00\x10\x08\x06\x00\x00\x00\x08\xd1o\xa8\
\x00\x00\x00\x01sRGB\x00\xae\xce\x1c\xe9\x00\x00\x00\
\xc6eXIfMM\x00*\x00\x00\x00\x08\x00\x06\x01\
\x12\x00\x03\x00\x00\x00\x01\x00\x01\x00\x00\x01\x1a\x00\x05\x00\
\x00\x00\x01\x00\x00\x00V\x01\x1b\x00\x05\x00\x00\x00\x01\x00\
\x00\x00^\x01(\x00\x03\x00\x00\x00\x01\x00\x02\x00\x00\x01\
1\x00\x02\x00\x00\x00\x15\x00\x00\x00f\x87i\x00\x04\x00\
\x00\x00\x01\x00\x00\x00|\x00\x00\x00\x00\x00\x00\x00H\x00\
\x00\x00\x01\x00\x00\x00H\x00\x00\x00\x01Pixel\
mator Pro 3.6.6\x00\
\x00\x00\x04\x90\x04\x00\x02\x00\x00\x00\x14\x00\x00\x00\xb2\xa0\
\x01\x00\x03\x00\x00\x00\x01\x00\x01\x00\x00\xa0\x02\x00\x04\x00\
\x00\x00\x01\x00\x00\x00\x1a\xa0\x03\x00\x04\x00\x00\x00\x01\x00\
\x00\x00\x10\x00\x00\x00\x002024:08:1\
3 17:53:03\x00\x92\x02\x01e\x00\
\x00\x00\x09pHYs\x00\x00\x0b\x13\x00\x00\x0b\x13\x01\
\x00\x9a\x9c\x18\x00\x00\x03\xd8iTXtXML:\
com.adobe.xmp\x00\x00\x00\
\x00\x00<x:xmpmeta xml\
ns:x=\x22adobe:ns:m\
eta/\x22 x:xmptk=\x22X\
MP Core 6.0.0\x22>\x0a\
   <rdf:RDF xmln\
s:rdf=\x22http://ww\
w.w3.org/1999/02\
/22-rdf-syntax-n\
s#\x22>\x0a      <rdf:\
Description rdf:\
about=\x22\x22\x0a       \
     xmlns:exif=\
\x22http://ns.adobe\
.com/exif/1.0/\x22\x0a\
            xmln\
s:tiff=\x22http://n\
s.adobe.com/tiff\
/1.0/\x22\x0a         \
   xmlns:xmp=\x22ht\
tp://ns.adobe.co\
m/xap/1.0/\x22>\x0a   \
      <exif:Pixe\
lYDimension>16</\
exif:PixelYDimen\
sion>\x0a         <\
exif:PixelXDimen\
sion>26</exif:Pi\
xelXDimension>\x0a \
        <exif:Co\
lorSpace>1</exif\
:ColorSpace>\x0a   \
      <tiff:XRes\
olution>720000/1\
0000</tiff:XReso\
lution>\x0a        \
 <tiff:Resolutio\
nUnit>2</tiff:Re\
solutionUnit>\x0a  \
       <tiff:YRe\
solution>720000/\
10000</tiff:YRes\
olution>\x0a       \
  <tiff:Orientat\
ion>1</tiff:Orie\
ntation>\x0a       \
  <xmp:CreatorTo\
ol>Pixelmator Pr\
o 3.6.6</xmp:Cre\
atorTool>\x0a      \
   <xmp:CreateDa\
te>2024-08-13T17\
:53:03</xmp:Crea\
teDate>\x0a        \
 <xmp:MetadataDa\
te>2024-08-13T18\
:30:44+02:00</xm\
p:MetadataDate>\x0a\
      </rdf:Desc\
ription>\x0a   </rd\
f:RDF>\x0a</x:xmpme\
ta>\x0aW\xe7\x0dL\x00\x00\x02\x5cIDAT\
8\x11\xad\xd4]h\xcda\x18\x00\xf0\xcd\xc6\x16\x99\x8f\
\x12\xa6\x19\xb6\x19\xf9v!_%I\x5c\xc8\x05\xb5(\
eE\xca\x95\x0bwKRR\x0aq\xa1QKsa\
\x99K\x17\xb8!\x5cL\x0a\xf9H>\x86\x96\x19.4\
\x8b\xda\xc2p\xfc\x9e\xd3\xf9\x9f\xce\xe1\xcc\x85\xbc\xf5\xdb\
\xf3\xbc\xcf\xfbu\xfe_+**\xd0R\xa9\xd4\xb0P\
`\xe8\x9fK\xa5\xc9J\x1b\x17k\xa9L\x7f\xbfX\xc5\
\x0e\xf5\x12\xb1\x96\xb1\xd4SF\x1f\xcfyf\xcd\xa0X\
\x94\x99W\xa2\xff-\xfa\xbf\xb7\xe2\xdcB\x5c\x85\x89?\
\xc5\x05\xea\xed\x5c\xd6\xdf\xab\x7fT\xbe\x81\xfb\xc4\x8f\x1b\
C%\x9f\xb8\xc69\xf3:\xc58\xb0L\xfe5\xf2\xdc\
\x96=\xc8\x84\xc8\xcdI\x1f4Z\xbe\x8c\x93\x5c\xe1\x18\
\x0b\x89\xdb\x19\x9b\x7f'\xdaZ62\x8a6\x0e[\xff\
\xc5^#\xe4\x83\xf2\xe4\x0e\xe9f\x9a\xc1\xf43\x11\x1b\
\xe8d\x1d\xf3y\xc7\xc1\x98&\x1e\xe0\x11\xa7i\xc8\xd4\
&f\xeao\xc4\xab\xd4d\xea\xc3#\x16l&m\xa7\
\x97\x16\xa6\xc4$q\x11]43\x83\xebD{IS\
\xb2\x91|9\xf7x\xc0\xac\xa4\xfeG4\xb8\x928\xe4\
P2(/\xa1\x8a\x15<\xe1\x08\x15\x5c \x9e\xe5]\
V\xe6\xcc\x9f\xa2\x7f\x9b\x1bT$\xf5\xbch\xa0\x83\xb3\
\xb9E\xfdr\xce\xb3\x87Z\xba8N\x1cv\x91o\xec\
\x8c5\xe2\xc8L\x8c\xdb\xfd\x90\xec\xd5F=\xfbz\xcb\
\xc7\xd1\x1b\xc5X\xe4A\x0eH\xe3\xa1\xc7\x83\x8e\xd7\xfd\
#\xeb\x89\x97#Z\x1c\xd0Jut\xb4x\xedcM\
\x0f?\x18\xf2\x8a6;\xe0\x03[L\x8a\xc3\xd2o\xa4\
\xb8\x8f~\x1e\xd3H=O9\xc5\x04f\x92\xfd\xb8\xe5\
m\xc4\xb3\x9a\x1a\xfb\x14l\x06\x9b\xe8cw2A^\
\xc3\x1d\x06x\xcd.\xe6\xf0\x82\x96\x9cy\xd3\xf4\xdb\x89\
9\xab\x92\xfa\x90\xd1\xa4x\x1eqe\xb1\xa8.&\x8a\
\xf1\x0a\xc7\x9b\xd8\xc5{\xb6Q\xcd+\xd2\x87\x89'\xe8\
fifM\xf6*\xf3\x0e3!\xf7\xe3]\xa5\x7f\x93\
\x1e\xce\xb0\x9aILg\x1eu\x8cb1\xf1]\xb52\
9$\x9b\xca\xb3\xfbE-\xaf\x13\x83\xc9\xd7,/7\
\xbe\x89\xad\xcc\xa6\x9f\xcf|a<\xf1\xb0\xe3S\xe8\xe0\
\x12\xb7\xacm\x14\xe3\x0e\x94\xca\x93\xff\x1eQ\xca?(\
]\xf1'\xf7\xc0\xa8\xe9O\x17\xe6RI\xbc]q`\
7\xcfm\xf8\xd6\xf8\x12\xf9\x1a\x9a\xf5?\x15:\xc8\xd8\
\xffi\xf1\xe3\xfe\xb6\xd3/S\x8b8\xc3}QcC\
\x00\x00\x00\x00IEND\xaeB`\x82\
\x00\x00\x0b\x0d\
\x89\
PNG\x0d\x0a\x1a\x0a\x00\x00\x00\x0dIHDR\x00\
\x00\x00,\x00\x00\x00,\x08\x06\x00\x00\x00\x1e\x84Z\x01\
\x00\x00\x00\x01sRGB\x00\xae\xce\x1c\xe9\x00\x00\x00\
\xc6eXIfMM\x00*\x00\x00\x00\x08\x00\x06\x01\
\x12\x00\x03\x00\x00\x00\x01\x00\x01\x00\x00\x01\x1a\x00\x05\x00\
\x00\x00\x01\x00\x00\x00V\x01\x1b\x00\x05\x00\x00\x00\x01\x00\
\x00\x00^\x01(\x00\x03\x00\x00\x00\x01\x00\x02\x00\x00\x01\
1\x00\x02\x00\x00\x00\x15\x00\x00\x00f\x87i\x00\x04\x00\
\x00\x00\x01\x00\x00\x00|\x00\x00\x00\x00\x00\x00\x00H\x00\
\x00\x00\x01\x00\x00\x00H\x00\x00\x00\x01Pixel\
mator Pro 3.6.6\x00\
\x00\x00\x04\x90\x04\x00\x02\x00\x00\x00\x14\x00\x00\x00\xb2\xa0\
\x01\x00\x03\x00\x00\x00\x01\x00\x01\x00\x00\xa0\x02\x00\x04\x00\
\x00\x00\x01\x00\x00\x00,\xa0\x03\x00\x04\x00\x00\x00\x01\x00\
\x00\x00,\x00\x00\x00\x002024:08:1\
4 15:16:29\x00~\x0f\xc9\xe0\x00\
\x00\x00\x09pHYs\x00\x00\x0b\x13\x00\x00\x0b\x13\x01\
\x00\x9a\x9c\x18\x00\x00\x03\xb0iTXtXML:\
com.adobe.xmp\x00\x00\x00\
\x00\x00<x:xmpmeta xml\
ns:x=\x22adobe:ns:m\
eta/\x22 x:xmptk=\x22X\
MP Core 6.0.0\x22>\x0a\
   <rdf:RDF xmln\
s:rdf=\x22http://ww\
w.w3.org/1999/02\
/22-rdf-syntax-n\
s#\x22>\x0a      <rdf:\
Description rdf:\
about=\x22\x22\x0a       \
     xmlns:tiff=\
\x22http://ns.adobe\
.com/tiff/1.0/\x22\x0a\
            xmln\
s:exif=\x22http://n\
s.adobe.com/exif\
/1.0/\x22\x0a         \
   xmlns:xmp=\x22ht\
tp://ns.adobe.co\
m/xap/1.0/\x22>\x0a   \
      <tiff:YRes\
olution>720000/1\
0000</tiff:YReso\
lution>\x0a        \
 <tiff:XResoluti\
on>720000/10000<\
/tiff:XResolutio\
n>\x0a         <tif\
f:ResolutionUnit\
>2</tiff:Resolut\
ionUnit>\x0a       \
  <tiff:Orientat\
ion>1</tiff:Orie\
ntation>\x0a       \
  <exif:PixelYDi\
mension>44</exif\
:PixelYDimension\
>\x0a         <exif\
:PixelXDimension\
>44</exif:PixelX\
Dimension>\x0a     \
    <xmp:Metadat\
aDate>2024-08-14\
T15:16:48+02:00<\
/xmp:MetadataDat\
e>\x0a         <xmp\
:CreateDate>2024\
-08-14T15:16:29+\
02:00</xmp:Creat\
eDate>\x0a         \
<xmp:CreatorTool\
>Pixelmator Pro \
3.6.6</xmp:Creat\
orTool>\x0a      </\
rdf:Description>\
\x0a   </rdf:RDF>\x0a<\
/x:xmpmeta>\x0a\xbe\x84\xb7\x05\
\x00\x00\x06$IDATX\x09\xed\x97[\x88VU\
\x14\xc7\xa7,\xc7,5\xa7\xb2\x8b9\x17\xa5\xecB\x17\
\x86\xa4\x1aS\x99\xe8F\x11D\x81E!h\x85\x12\xa4\
R\x12\xd9\x83\x94\x15=D\xa1\xf5`\xe5\x83#\x05I\
\xf5Pv\x81\xc8P\x1cc\xcc\xcc\xd22M\xcb\xb98\
\xea\x14fv1oy\xe9\xf7;\xdf\xb7\x86\xd3\xccw\
\xa9i\xa2\x1e\xbe?\xfc\xbe}\xce>k\xaf\xbd\xf6Z\
{\xef\xd1\xb2\xb2\x92J\x19(e\xa0\x94\x81B\x198\
\xa6\xd0\xc7\xbf\xf1M?G\xb3\xf6\xfdi\xeba\x0c\x9c\
\x03\xe5\xe07m~\x84\xf5\xb0\x0cVC(=>\xfa\
r\xb6\x1a\xfe\x139^\x8e\x80\x81\xdd\x01\x93\xe0T8\
\x01\xec;\x0e\x94A\xff\x0e{a?\xb4\xc0<X\x02\
\xeaX\xd0OA\xf54\xe0\xf48\x03\xa9\x86\xd9P\x07\
\xfd\xc0\xef\x1d\xb0\x1b\xf6\x81\x81\x1c\x0f\x03`\x08T\xc0\
/p\x08\xde\x81'\xb3\xefE\x83NO\xcc\x98\x82\xd2\
\x99\xd9rr\xe9\x03f\xec<\x98\x93m\xb5\xf9\x16\xcc\
Z#l\x82]\xa0\xfaB\x15\xd4\xc2\xf50\x1a\xecs\
\xc1+a\x1ah[4hl\x0a\xcaE\x19\x5c.Y\
\xfaw\xa1\x156\xc3\xf30\x02\xd2r\xac\x18H\xc8\x85\
\x8f\x87\xe5\xd0\x0a\xcd\xd0\x00VG\xe5Md\xde\x0f\x99\
q\xc9@3\xa0\x86\xc3\x0dP\x03\xe5`I\x87B=\
\x98\xe9\xd7\xe01\xb0\xcc\x96\xff0\xc4X[\xe7\x0a\xac\
\x90}\x97\xc2SpA\xf6\xfd9\xda\xb9\xd0#\xe9<\
\xf4 \x0fK\xc1,\xee\x80\xed\xd0\x01[\xa0\x0d^\x02\
\xb3\xa6l#\xb0\xb4\x8f\xe4c\xf6\xc7\xfe\xb0\xbf\x9c\xe7\
&0\xcb\xeb\xc0\x9b%\xaf\xf2\x95:\x06\xe8\xf8\x19\xb8\
\x0b,\xbfe5\x9b\x07\xb3x\x859\xd1\x0c\xf0\xca2\
\xb3f\xb8\xab\xd2\xdb!\xbe\x99a\x83n\x07\xf7\xb2\x07\
\xd6\xca\xd9grz\xa4\xc9\x8c\xf2\x10}\x03\x1e K\
v\x05T\xc0`0;\xa3@u\xcdf\xd7wm\xba\
\x06\x1e\xef\x83\xf8\xf6\x16X\xb5O\xc0\xdb$\xa7\xa2,\
\xb9>z\xfd\x18\xb0N\xcd\xe8\xd3\xb0\x00\xd2Z\xc5K\
\x04f\xc6F@-\x5c\x08\x03\xc1\xac\x7f\x05k\xa1\x05\
\x8e\x80\xfel\x95\xadU\xf9\x19>\x06\xf7\xb4\xc1\x8e\x86\
\xf7A\xdf\xfa-(\x1d\xa8\x89\xb0\x11,\x99\x99U}\
 \x02\xf4=\x9e\x9dd*\x18\x98\x87\xd1@\xcd\x96\xf7\
\xb0\xef\x9f\xc24\x88\xcc\xc58\xba:o\xa0\xb1<k\
\xe7\xc2\x1e\x06\x15\x15\xc8\xbc\xf1\x9b\xce\xb0N4p\x8f\
*7\xbf{t'\xbc\x0d\xa1Xq\xd8\x9b\xa5\xfb\xe1\
\x09p\xfbx[l\x80\xbd`\xa9\xbd\xa7\xaf\x82Y`\
\xe6\x1f\x02\x17\xe1x}\x85?\x0f\xf0\x1e8\x13\xaa@\
\xa5\x17\x96tD\xc0Q&\xaf\xa2K\xc0\x92\xb8?u\
\xf6\x03\xac\x01\x15\xa5\xcc\xbce\xae.\x9f\xdb\xe0up\
\x1f\xbe\x07\xbfA\xc8\xa0\xaf\x013|+\x98\xf5\x99\x10\
\x81\xda\x1a\x98\x899\x00\xc6t\x22\x84ba\xf1\xde\x99\
v/\xedG`\x05\xb4\x82[\xc1\xbd\xe5\xbb\xea\x93i\
\xfe\xf4[\xcf\xdb\xc5\xd9\x9e\xd3S_\x9cT\xfbH\x88\
\x9f\xc6\xc1jh\x05\x93\xa1\x0c&0i\xee\xdbm\xe0\
\xc1\x9b\x001g\xb7\xad\xe1?T\xe6\x82ei\x03K\
\xbb\x10\xa6\xc3u\xa0b\x90\x13(+\xb1\x0e\xde\x04\xcb\
\xa8\x0c0\xbe'\x1d\xfc8.\xc6\xba\x1dZ!\xce\x04\
\x8f\x9d\xf6f\xd5\xe4|\x0f\xce\xff5,\x80a\xa0\x92\
\xe0c\x05S\xe8\xb8'\xe9\xce\x18\x1b\xe8|\xf0\xe4:\
XE\xe9l\xcba\x1e\xe8LN\x82%\xe0\x96I\x07\
\xec\xb3\xf6\x83\xe1J\xa8\x82\x91p\x16\xec\x06\xef\xf66\
pA\xdeD\xed\xa0\x8fJ\xb0\xe25`b\x9a\xc0j\
'\x0bwB3\xd5\x02\x8d\xe0\xd5\x92O\x91\xa9g1\
\xd8\x0e\x1ba3X\xc6{A\x85\x8d\xcf\x91\x10\x0f\xde\
2h\x06\x0f\xa4\xe3\x0c\xee\x15P\x8eI/\xf4\x22\xde\
=\xe8[\xc0\x05\xcd\x01\x93\x94\x18\xdeHk\x86\x1c\xb4\
\x08\xbc\x9a,mW\xf9\xdd\xd5\xbb\xc0\x11\xd0\x01\xda\xed\
\x03\xcb\xe8B+@\x9b\x98\xfc0\xcf\x06my_\xcd\
\xf6\xfbM_\xbb\xe0EP\xf6Y\x09\xe5\xf3\x97p\x1f\
\xac\x07}\xdc\x02V(\xd1\xcb\xfc\xb6\xc1R\x88\x03\xe4\
$\xf9\xe4d\xe7B\x1d\x98\xad\x95p;\xb8\x8fs-\
\x94\xee$@\xef\xf7\x17\xc0\x85n\x03\xafB\x95k\xae\
\xf0s-\xdf\x9d\xc3\xea[\xd5r(\xfb\x08,\xef\x22\
\x18\x00\xcaU\xfe\x15\xb9\x8f\x9d|j\xd6\xd8\xa0\x5cP\
Z\x06\x14}g\xf3\xbc\x18\x1c\xa7m\xbey\xc2\xfe\x14\
l\x16\x82s\x98\x18\xcfB\xd9\x17\xe0\xaa\x1b@\x07\x01\
\x8fy\x15\x0e\xcd\xf2\x0e\xf8\x0cnJY\xfb]?a\
\xe7\xf3(0\xf8J8\x0d\x0a)=\xf6q\x0c\xbf\x03\
\xf7\xf30\x1d\x1e\x00\xf7]_\xf0/[\xec%\x1e\xf3\
*l\xbcE\xccV\x15\xcc\x86\x99p\x06\xe8O\x1b\xdb\
Zp+4\xc0\x04\xd8\x0a;\xc1\xa0\xf2\xc9\xb1\xb1X\
\xe3\xf3Y\xfb\xfe\xee\x95f\xf0z\xa9\x04\xf7\xe6\xe7`\
&\x0eA>\xe9P\x07\x06\xe4\x09\xf6\x1e\x9f\x04\x93\xe1\
60#^C\x96t(\x9c\x0c\x8eq\xeb)\x03p\
l>\xe9\xdb\xc3\xa6\x06\x82\xcf\x8e\xdfc`:\x1d\x03\
\xee\x0f'Y\x01J\xa7\x1a\x15\x92\x8e\xbd?\x97\x83\xf7\
u\x0dX\xee!`\x02\x0c\xd4\x85\xaf\x81\x07@\xdf\x8e\
)\xe6\xd7\xfdm\x90\xc3\xc1$\x0c\x82\xb8i\x92\x0c\xf8\
'\xd3\x09u|3\x84\xdc&V\xc1\xe0\x8b\xe1\x18\xed\
/\x83;\xc1\x89\xc6\x83w\xb0AJ1\x1f&P\x1f\
\xa1Y<\xb4@;L\x8fN\xdb\x09\xb0\x15\x5c\x85\xa7\
\xd1\x09]\xe5\x7f\xa5~LlE6\xc0\x160\xa6j\
HVm\xeb\xaa\x1e\x85\xbb\xc1ma9\x1a\xe1C\xd8\
\x04\x1e\x92\xfdP\xac\x94\x91IL\x13\xdf\xda\x07\xf6\x15\
R9\x1f\xdd\x9e\xe7\x83\x7f\xcc\xc6\x82\x15\xd1\xe7\x0cX\
\xecs\x94\xc9\x03\xe0\x0d\xe1}:\x05\xcc\xae\xff.\x96\
6\xf8\x09<\xad\xc5\x02\xc6\xa4\xc7rN\xf7|5\x18\
\xbcI4y\xb3\xe1\x0dp\xee$`\xdad%\x06\xed\
\x1e\x1a\x07\x13\xe1jH\x07\xe8\xe2\xfem%A1\x89\
\xed\x070\x1fV\x81r\xfe\xa3\xe9 L\xbfA+\xaf\
\x92\x91P\x07\x96\xc8S\xef\xbeJ\x06e[\x9a^Q\
$\xc5\xdb\xc4\xff,\xac\x85&p+\xfe\x0a*\xe6M\
\x1e2]\xdd\x7f5\xb2,qK\xa4\x17\xd7\xdd\xbaw\
zL\x98\xdb\xf0 \xc4Bz\xc7s\xc9K)\x03\xa5\
\x0c\x942\xf0\xff\xcc\xc0\x1f\x83\x11^\x99\x88)\x1a\x16\
\x00\x00\x00\x00IEND\xaeB`\x82\
\x00\x00\x0b\x01\
\x89\
PNG\x0d\x0a\x1a\x0a\x00\x00\x00\x0dIHDR\x00\
\x00\x00,\x00\x00\x00,\x08\x06\x00\x00\x00\x1e\x84Z\x01\
\x00\x00\x00\x01sRGB\x00\xae\xce\x1c\xe9\x00\x00\x00\
\xc6eXIfMM\x00*\x00\x00\x00\x08\x00\x06\x01\
\x12\x00\x03\x00\x00\x00\x01\x00\x01\x00\x00\x01\x1a\x00\x05\x00\
\x00\x00\x01\x00\x00\x00V\x01\x1b\x00\x05\x00\x00\x00\x01\x00\
\x00\x00^\x01(\x00\x03\x00\x00\x00\x01\x00\x02\x00\x00\x01\
1\x00\x02\x00\x00\x00\x15\x00\x00\x00f\x87i\x00\x04\x00\
\x00\x00\x01\x00\x00\x00|\x00\x00\x00\x00\x00\x00\x00H\x00\
\x00\x00\x01\x00\x00\x00H\x00\x00\x00\x01Pixel\
mator Pro 3.6.6\x00\
\x00\x00\x04\x90\x04\x00\x02\x00\x00\x00\x14\x00\x00\x00\xb2\xa0\
\x01\x00\x03\x00\x00\x00\x01\x00\x01\x00\x00\xa0\x02\x00\x04\x00\
\x00\x00\x01\x00\x00\x00,\xa0\x03\x00\x04\x00\x00\x00\x01\x00\
\x00\x00,\x00\x00\x00\x002024:08:1\
4 15:15:31\x00\xf0\xb4S\x0f\x00\
\x00\x00\x09pHYs\x00\x00\x0b\x13\x00\x00\x0b\x13\x01\
\x00\x9a\x9c\x18\x00\x00\x03\xb0iTXtXML:\
com.adobe.xmp\x00\x00\x00\
\x00\x00<x:xmpmeta xml\
ns:x=\x22adobe:ns:m\
eta/\x22 x:xmptk=\x22X\
MP Core 6.0.0\x22>\x0a\
   <rdf:RDF xmln\
s:rdf=\x22http://ww\
w.w3.org/1999/02\
/22-rdf-syntax-n\
s#\x22>\x0a      <rdf:\
Description rdf:\
about=\x22\x22\x0a       \
     xmlns:tiff=\
\x22http://ns.adobe\
.com/tiff/1.0/\x22\x0a\
            xmln\
s:exif=\x22http://n\
s.adobe.com/exif\
/1.0/\x22\x0a         \
   xmlns:xmp=\x22ht\
tp://ns.adobe.co\
m/xap/1.0/\x22>\x0a   \
      <tiff:YRes\
olution>720000/1\
0000</tiff:YReso\
lution>\x0a        \
 <tiff:XResoluti\
on>720000/10000<\
/tiff:XResolutio\
n>\x0a         <tif\
f:ResolutionUnit\
>2</tiff:Resolut\
ionUnit>\x0a       \
  <tiff:Orientat\
ion>1</tiff:Orie\
ntation>\x0a       \
  <exif:PixelYDi\
mension>44</exif\
:PixelYDimension\
>\x0a         <exif\
:PixelXDimension\
>44</exif:PixelX\
Dimension>\x0a     \
    <xmp:Metadat\
aDate>2024-08-14\
T15:15:58+02:00<\
/xmp:MetadataDat\
e>\x0a         <xmp\
:CreateDate>2024\
-08-14T15:15:31+\
02:00</xmp:Creat\
eDate>\x0a         \
<xmp:CreatorTool\
>Pixelmator Pro \
3.6.6</xmp:Creat\
orTool>\x0a      </\
rdf:Description>\
\x0a   </rdf:RDF>\x0a<\
/x:xmpmeta>\x0a\x82F'\xb3\
\x00\x00\x06\x18IDATX\x09\xed\x98mh\x96U\
\x18\xc7uf\xcb\xcd2\xad\x14r\x92\x15\xa5\x95PQ\
\x09\xa6\xa2m\x14\x11\x91fD\x16\x98\x11\xfb0,\x09\
\xa3(\x04\x8b\x22sd\xc6V\x085\xa8\xf0\x8b\x12\x12\
\xd1\x97\x8cR\xb2AEo\x04i\x94\xbd\xb1XQP\
\xf6\xe2\xa6\xf9\xd2\xb6~\xbf\xd3}\xeen\x9f\x97{\xcf\
c+\xfa\xf0\x5c\xf0\xe3\x9c\xfb\xbc\x5c\xe7\x7f\xaes\x9d\
\xf3\x8c\x8d\x1aU\xb3Z\x04j\x11\xa8E /\x02\xa3\
\xf3:+\xed\x1b\x1a\x1a\x1a\x8d\x0d9\x9ez\x03\xc5\x15\
\xb0\x00\xce\x81\x13`\x10\x5c\xebg\xf8\x18\xde`\xfc\xfb\
\x94\xc1\xb2\xf3c[\xb9\xf2\x1f\x09v!\x1d+\x16\xab\
\xa7\xba\x14Za\x92\xcdP\x97\x94\x14\xc1\xdc\xd4\x00\xb8\
\x81\xaf`#s_\xa7t\xa3u\xd4m\xcf\xb5c\x12\
\x1c\x85\xea9\x11;\x9d\xea\xc30\x1f\x0eA%~\xe3\
\x98\x97\x18\xbf\x16?\xfb*\x11\x1d'1'\xdft\xc6\
\x88\xe3\xc0(\xc8\x18\x169B\xfbL\xea\x1dp\x1e\xf4\
\x83c*\xb1\x18\xed\x13\x19\xdc\x0dw\xe1o\xefp\xa2\
\x87\x15\x8c\x03\xc7x\x5c\x1e\xe5QF\xdf\xa94l\x82\
\x0b`?T*\x96\xa1\xa9\x1d\xa1v\x12l\x87\x15\xac\
s\xd05\xb1p'\xd2QI%Wpv\x22\xf5\xb3\
\x98s5\x9c\x09\xe6\xeb>\x98\x0a\xcdPMd\x19^\
d\x8a\x9e\x00\x1b\x10\xeai\x95\xb5\xb2\x82\x0b\xc4\xde\x8d\
\x87k\xa1\x09|\x05\xdc\xbd)b\xbe\x8a\xf5h\xa5\x22\
Sv\x9ddR\x9c\xf3\x07\xdf\xd7#\xfa\x8b\xe8\xac\xb0\
\xccu\xa4h&\xac\x87E0\x06\x0eCtN5X\
\x14k^[w\x9ch\x8e\xb5]!\xd6\xe3X\xaaE\
f\xbf'\xb7\x05\xc1\xab\x8bz\x93\x86<\x07\x0e\xf1\x89\
Z\x02.\xaaX7\xe0\x9c,|\x86\xfeq\x94\xbe\xb9\
\x1eo\x1f\x982\xe6\xb5\xdf\x9e\x8a\xfd\xde\x83\xc2\x0d\xd3\
\x14L\xdf\xf6_E\xa0\xbc\x88%\xad\xec%a\xd2d\
f\xb4\x81b]$\xef4\x14\xfa\x0b\xecL\xd8M\xf9\
\x1bx)\xbd\x90\x0b\xe1r8\x0d\x0e@9\x7f\xae\xd5\
\x08\xf3`[6-\xf9\x0eV$\x98Ac9\x12\xa3\
r\x0d8Y'\xe5\xc4\xba\xb0>v\xc1#\xcc{\x8f\
2X\xe2\xe7'>>\x83\x17\xf9\x9eM\xe9]P\xb8\
\xa2KY\xf4w!\x9d\xdb\xc0umK-\x15\xecn\
h\xf5\xf9R\xacv.\x1c\x0f\xf1\xdb\xb6\xac\xc5\x8d\x18\
\xd9G\x15\x8b\x0f#\xda\x0c\xbe\xc9\x8d|\xffJ\xb9\x07\
v$\xfd+\xa9?\x01F\xd0\x14+e\xe6\xff\x19I\
GQ\xa0\x82`\x1c\xc7\x9f\xc5\x01\xea\xeen.\xcc\x81\
\xa2\xb77qda\x1e+p,\xb40\xcf\xe3^\x0c\
\x0av\xa3^4\xfd\x1b\xcdw\xe8\x7f\x0c\xd1\xbb)\xd7\
\xf0\xbd\x05\x9c\xeb\xa6\xb3f4\x15<>62\x9ei\
\x7f\xbf\xc9\xfe\x11\x10\xc4R\x9a\x87\xab\xc0Th\x02\x9d\
\x19\xdd\xa2]&mn\xa6\x0b\x16\xc2E\xe0\x1f6\x13\
\xe1w\x88\xd1\x8f\xc7\xe9%2\xd2\xad,\xfe\x0dk\xdd\
A\xfd\x1e\xf0I\xcc\xfa\x8f\x82\xcd\xffN\xd8\xccx\x83\
\x18\x03\xfa\xd7\xe0D\xec:\x06,\x02'\xe9\xc8\x08f\
\x9d\xf1\x19L1\x0aX\x8f\xb3N\xe6^B\xfd\x19P\
\xecA0B\xd9y\xfassS\xe09\xb8\x0f\x8c\xae\
\xf9\xee8\x83b\x7f\x9c\xe3x\xd7\xb6|\x0b\x1ed\x9d\
^\xd6\xf1O\x81\x01;\xb4\xdb\xe1\x06P\xa8\xb9U\xb8\
(M\xc1\x14\xebqu\xc3\xb3\xb6\xe0\xe4C\x8a\xa7\xc0\
7\xd4yYsQ\xdb\xdc\xc8f\xe8\x85\x06\xd8\x0b\xed\
\xb0\x15~\x04S\xc7\xb1\x9a\xc2]Gk\x86\x0e\xc46\
)\x96\xb2\xce\x94\x98F\xe3+`\xde9)\xee\x94\xea\
Qf\x9f\x1b\xf4\xe6\xdf\x82\x83\x9e\xb8kGQ_K\
\xb1\x0c\xfa!\x0awa7\xd2\x03m\xcc\xf9\x9cq\x8a\
\x1b\xa4>H\xdd\xbc\x7f\x1a<%s=\xce\xa3\x1a\xb4\
8\xdf\xbf3\xdc\xd8\xfd\xcc9\xa4\x00s\xd6\xa8\xd9Y\
N,]\xe1\xd8\x8c\xce\x9bp\x80\xc5\xeaq\xe0\xae\xc7\
\x81\xf9\xff\x01\xf8bx\x09c\xb4\xf4oN\xcf\x80[\
\xc1\x13\xf12F\xbb\x91\xcal\xd8\x0fY\xb1\xf6\xab\xc5\
6\x7f\x80<\xfd9\x10\x226\x9fR'yb\x1d\xeb\
d\x17o\x81'\xc1\x5c\xd4&\xc3\x06h\x03\x85\x17n\
\xdc\x88z\x89\x96\xb21\x17V\xb4\xd1U\xc0\x0a(%\
\xd6a\xd1\xd4\xa5\xcf\xeb\x98So\x04\xce\x86\xbcT\xa0\
;X\x9cx2_.\xb6\x04\x07^\xbe\xef\xc0\x8d\x5c\
\x0a\xe6j\xa1\xc5h\xbb\xe1{\x993\x0b\xa6P_\x03\
\xfe\x5c\x0f\xb7\xb6\xebz\xb7\xe6A\x83\x82\xcd\x91\xe8\x94\
\xea\xb0\xe6n\x15\xe8b\xcb\x93#\xee\xa0\xde\x0d\xa7\x83\
\xfd\xa2OKS\xc4\x8d\xf5\xc0)\xe0\x0f\xc7F\x98\x09\
^p5\xe4Y\x0c\x94\x9b\x1c\xef`\xd5Wc:\xd0\
<\xea\x9b\x88\xd6\x0cD\x7fK\xfdN\xf0\x02yy=\
\x85F\xf0\xa9\xf3}^\x0d\xa6\xc3\xe30\x1d.\x03\xd7\
\x1dN,CRsl\x83\x8b~\x09\x17\xc3\x00D1\
Ts\xcdq\xbe\x9fM\xd0\x8e\xe8U\x88\xf6\xd5x\x80\
\xef.\x98\x05\x93\xe0{\xd8E\x9fO\x97/\x89\xf3\x8c\
\xba\xa9S\xe9Z\x0c\x0d\xe6\xbc~\x05\xef\x00s\xb2\x0f\
\xcc\xb3J\xcd\x05\x8d\x92?\xe5\xcf#\xc6\xa3~\x0dq\
\xbd\x94\x92\x1a}\xa6\xddrh\x05#\xe5\xe2\x95\x0a6\
\xb5\xd4\xf9)\xf4\xf9\x0eO\xa5\xf22L\x00_\x8bj\
\x8e\x89\xe1\xa9\xe9\xf4\x13\xd8\x09_\x83\xb7_\x9f\xe7C\
\x0bL\x03s\xb6R\xa1\x0c\x0d\xe6\x1c\x7f\x19\xdb\x09F\
g\x98\x8c\xe8e4\xac\x03\x9f\x1f\x05\x1f\x8bh\xa3\xe6\
\x09y\xc9\x9c\xafo\xa3c\xaa\x99>\xf6W\xe3\xd7\xf9\
\x8a\xf5.\xfc\x007\x9bv\xd1\xc1\x0b4l\x02o\xb1\
f\xa4\xab5})\xca\x17\xc4\xe8\x9ab\x96\xa6\x8d\xc2\
\xe3ZT+2\xe7\xf9\x12\xb9a\xa3\xeb\x1d\x09\xff\xb2\
\x89\x7f\xad\xf9+\xb6\x12\xfc\x01\xf0\xa6\x1bmw)\xff\
\xa5\xb99\x99\x08\xbe0\x0f\xc1V\x04\xa3\x17\xc1|x\
{\xa3h\x8ft\x01\xdc\x06W\x82\x11\xf3X,u\xf2\
o\x9aZ<\x05\x83\xa5\xbd\x0a]\x08}\xd7\x8f \x16\
\xd1i\xf4\xa2\xe8\xa4\xd3[\xed\xef\xff\x5c\xf0\xd2\xf8\xf3\
[\x0f\xe9x\xea#m\xa6\xa1\xcf\xdfG\xf06\xecA\
\xaci\x95\x8a\xb5^V\x80;\xa2\xdf\xddz\xfb\xddy\
\xd9\xb1\xf4\x8d\x94y\x92^\xd0\xc3\xa6\xc0H9\xad\xf9\
\xa9E\xa0\x16\x81Z\x04\xfe\xc7\x11\xf8\x13v\xa9=\x04\
\xcf,3H\x00\x00\x00\x00IEND\xaeB`\x82\
\
\x00\x00\x09\xe2\
\x89\
PNG\x0d\x0a\x1a\x0a\x00\x00\x00\x0dIHDR\x00\
\x00\x00)\x00\x00\x00(\x08\x06\x00\x00\x00c<\xd3S\
\x00\x00\x00\x01sRGB\x00\xae\xce\x1c\xe9\x00\x00\x00\
\xc6eXIfMM\x00*\x00\x00\x00\x08\x00\x06\x01\
\x12\x00\x03\x00\x00\x00\x01\x00\x01\x00\x00\x01\x1a\x00\x05\x00\
\x00\x00\x01\x00\x00\x00V\x01\x1b\x00\x05\x00\x00\x00\x01\x00\
\x00\x00^\x01(\x00\x03\x00\x00\x00\x01\x00\x02\x00\x00\x01\
1\x00\x02\x00\x00\x00\x15\x00\x00\x00f\x87i\x00\x04\x00\
\x00\x00\x01\x00\x00\x00|\x00\x00\x00\x00\x00\x00\x00H\x00\
\x00\x00\x01\x00\x00\x00H\x00\x00\x00\x01Pixel\
mator Pro 3.6.6\x00\
\x00\x00\x04\x90\x04\x00\x02\x00\x00\x00\x14\x00\x00\x00\xb2\xa0\
\x01\x00\x03\x00\x00\x00\x01\x00\x01\x00\x00\xa0\x02\x00\x04\x00\
\x00\x00\x01\x00\x00\x00)\xa0\x03\x00\x04\x00\x00\x00\x01\x00\
\x00\x00(\x00\x00\x00\x002024:08:1\
3 17:32:28\x00\xa1\x5c\xe6\xcf\x00\
\x00\x00\x09pHYs\x00\x00\x0b\x13\x00\x00\x0b\x13\x01\
\x00\x9a\x9c\x18\x00\x00\x03\xb0iTXtXML:\
com.adobe.xmp\x00\x00\x00\
\x00\x00<x:xmpmeta xml\
ns:x=\x22adobe:ns:m\
eta/\x22 x:xmptk=\x22X\
MP Core 6.0.0\x22>\x0a\
   <rdf:RDF xmln\
s:rdf=\x22http://ww\
w.w3.org/1999/02\
/22-rdf-syntax-n\
s#\x22>\x0a      <rdf:\
Description rdf:\
about=\x22\x22\x0a       \
     xmlns:tiff=\
\x22http://ns.adobe\
.com/tiff/1.0/\x22\x0a\
            xmln\
s:exif=\x22http://n\
s.adobe.com/exif\
/1.0/\x22\x0a         \
   xmlns:xmp=\x22ht\
tp://ns.adobe.co\
m/xap/1.0/\x22>\x0a   \
      <tiff:YRes\
olution>720000/1\
0000</tiff:YReso\
lution>\x0a        \
 <tiff:XResoluti\
on>720000/10000<\
/tiff:XResolutio\
n>\x0a         <tif\
f:ResolutionUnit\
>2</tiff:Resolut\
ionUnit>\x0a       \
  <tiff:Orientat\
ion>1</tiff:Orie\
ntation>\x0a       \
  <exif:PixelYDi\
mension>40</exif\
:PixelYDimension\
>\x0a         <exif\
:PixelXDimension\
>41</exif:PixelX\
Dimension>\x0a     \
    <xmp:Metadat\
aDate>2024-08-13\
T17:32:36+02:00<\
/xmp:MetadataDat\
e>\x0a         <xmp\
:CreateDate>2024\
-08-13T17:32:28+\
02:00</xmp:Creat\
eDate>\x0a         \
<xmp:CreatorTool\
>Pixelmator Pro \
3.6.6</xmp:Creat\
orTool>\x0a      </\
rdf:Description>\
\x0a   </rdf:RDF>\x0a<\
/x:xmpmeta>\x0a-J\xc9\xa7\
\x00\x00\x04\xf9IDATX\x09\xbd\x98[\x88VU\
\x14\x80\xb3\x14\xa9\xa90\x9c1\xed\xaa\x93\xa3]\xac\xcc\
nt\xc5\x11\xab\x97\x90,\xbaLD\x04I\x10\xf5\x12\
\x95A\x05=\x88\x81\xf8\xd0\x05\x92\xeaE\x91\xc2\xe8b\
AfAYS\x1av\xcf,*K\x9d@\xad\xa4\x97\
\x1aFK\x92\xea\xfbN\xff\x1eVg\xce\xff\xcf9\xff\
\xfc\xb6\xe0\x9b\xbd\xd6\xda{\xed\xbd\xce>\xfb\xacs\xfe\
\x19uP\xf32\x9e\xd0\xf3a\x06L\x81\x0eh\x83\xbf\
`\x00v\xc36\xf8\x02>\x86=\xd0\x94\x8c\xaa\x185\
\x96\xf1\xf3`>\xcc\x82\xb2\xf1\xfb\x19\xfb\x1e\xac\x86u\
\xe0\x85\x94\x96\xb2\x8b\x1c\xc2\x8c7\xc1m\xd0^z\xf6\
\xe2\x81}\xb8\x1f\x87\xb5\xc5\xddC\xbde\x92<\x83\xb0\
\x87\xa1khx\xb6#\xdf\xe1\xff\x1e~\x02o\xe9\xc1\
p8\x1c\x0f\xd3\xe1D(\x92\x8d8\x1f\x80]E\x9d\
\xd17\x5c\x9273\xf8>\x18\x1d\x83\xd0]\xe0ex\
\x07\xfa\xa1\x91L\xa4\xf3r\xb8\x06N\xce\x0d4\xd6\xf9\
\xdf\xce\xf9K\x99&\x7f?l\xc9\xb1\x02\xfb4hV\
.%p\x0d\xc4y\xbf\xc1\xeeif\xc2\x07s\x13m\
\xc2\xf6ai\x85x\xbe\xef\x84\xaf!&[)\xd1\x05\
\xb9\xe0^\xec\xa9\xd0j\xb9\x88\x09?\x83\x94\xa8;:\
\xa7\xcc\x22g3(^\xa1gnR\x99\xc0&\xc7\x9c\
N\x5cL\xd4zzL\xa3\xb9\xc6\xd2\xf9\x16\xa4+\xfb\
\x14\xbd\xb3Q@\x8b\xfa\xdcQw1\xad\xbb<?\xaf\
\xe7#\xc9\xed(\x97%\x83\xd6\xa7\xee\xa3`\x97U\xad\
\xa5s\xe1K\xd8W\x22h\x07c,[\xe7\xd5\xc6Z\
\xba|Sm\xad\xd9\x83\xcd\x91h\xee\x5c\xba\x9a'\x07\
{\xaa)\xee|\x9a\xe35\xf4\x09%\xc3-q\x8eO\
\xb1k\xd1M<\x93\xa4\xdc\x80e\x01V|e-\xc9\
\xb4\xea\x7f\x0e\x0d!>l\xcf\xc1\x09\xc1WO\xddO\
\xc7\xd2\xd0y\x12zw\xb2S\x92W'\x07\xad\xe7\xb2\
/\xd8#Q\x8f%x\x15L/1I/c|{\
%\xb1\xf8gb\x92\xd3`\xca\xbff\xf6\xf7\xa5\xa0\xb7\
B\xf5]\xff\x0c\x9cUb\xb2\x17\xc3\x18\x0b\x7fvg\
L\xf2\xc2\xd0\xf1;\xfa\x86`G\xb5\x0d\xc3\xf2\xd0\x88\
\x8e\x18\x10t\xcf\xbcO\xed\xc5\xc1W\xa4\xbe\x19\x9cc\
\xd0\xcf\xd1\xf6\xc0\x9e\xa9R\x13k\x96\xe7#\x8a\x15\xe0\
1\x88O~\xec/\xab\xbb+>\x90\xf7\xc0\x1bu\x82\
~\xc4\xbf\x13\x8e\xab\xf5\x9b\xdbzw\xb2\xb3\xe6\xb0\x89\
g\x22\xb9\xe7\xa2\x8c4\xc14\x97\xbb\xf3\x08\x5c\x97\x1c\
\x05\xadOx\x92,7\x93<:yh\xbd\x8a\xbcX\
\xb7Z)\xae\xb9\x08\x16\xd4\x994\xe60\xd11\x06x\
\xd6\x92\x0c$%\xb4\xc3}\xce\x85\xa1\x95\xd4{\x19\x9d\
\x0ax\x0c\x8c9d\xb9\x99\xa4$\xb1F\xfe\x9f\x12\xeb\
jZ7\xe6\x90\xe5\xe6\x9f\x98y*\xe8)\xc0\xf6\xef\
h\xb4P_\xc9\x5c\xef\x16\xcc\x17s\xc8r3\xc9_\
\xc2@\x8bo^v\xe7\x1d-\xb0\x971\xc7\xe2:\xf3\
X\xe2\x92d\xb9\x99\xe4\xf6\xe4\xa1\x9d\x1a\xf4\xa4Z\xbb\
6'\xa3\x05\xed\x12\xe6\xb0\xa4\xd5\x93\xae\xd0\x91\xe56\
\x1a\xc7WpE\xad\xc3\xefI\x13\x8f\xe7\xe2\x0f\xec\xeb\
\xa1\x13\xc6A#\x99Lg\xbd\x1dr\xce\x87\xe0y\xa8\
'\xedt\xb8N\x12s\xcb\x8a\xf9\xc6\xe4\xa1=\x02\xce\
\x85\x0f\x83O\xd5\x05\xb6\xe6|E\xa6o\xac\x22\xf1\x05\
\xb1\x10\xfc\xd2i$sB\xa7kf\x9f\x8a\xee\x9a\xd9\
Z\xe9\x93\xc4\x8f\x8d\xe4\x1bI\xbb\x8f\xe0;`\xb8\x04\
]#\xae\xed\xe6\xf5\xeb4I\x9f\xdeW4jr%\
\xed\xa4d\x8c\xb0\xddC\xbcE\xbb\xb7\xc4<\xb3\x18\x13\
?B\xfc\xc9\x9c\x89I*\xcf\x82gO\xf1\x9c\xde\x95\
i\xd5\xff\xfc\x19B~C\xbf\x05\xca|\xdd\xfb\xc2\xf0\
8$\xf1\xce\xbe\x9e\x0c?\x1e\x94\xbdp\x14\xcc\xd4@\
\xfc\x11\xff9\xec\xd0\xa8 \xbf2v\x02\xec\x04/\xb4\
\xe8[\x00\xf7\x10\xe9\xc1#I\x96\xa2\xf8\xf3c\x88X\
D7\xc0\x96\x1a\xef\xd3\xba\xe0\x81\x96SY`3\xa4\
u\xfd\x9eMw\xb8p\xedn\xbc\xdf\x86\x80W\xd1\xfd\
\x16<P\xe2\xc7\x8b\x9b\x91\x124\xd9i\xf9\xc5\xd2\xed\
N\xfe\x1fP|\x9fz\x88\x95\xf10\x1b\xd6\x81\x0fA\
+\xc5dVBG\x98\xd4:\xba>\xd8\x99\x9aOR\
\xe7\x07\xd0\x09]\x1a\x88\x89\xce\x03w\xb8\xea\x19%\xa4\
P\xae\xc2\xfb\x04\x8c\x0b\xbd\xcb\xd0\x97\x07{P-J\
\xd2\x92\xe4\xceM\x86\xb4\xf5\x87\xa1;\xb1\xb7\xc7\xba:\
\x00\xcd\x88\x17\xeeCq+\x8c\x09\x13<\x85\xfeh\xb0\
\xff\xa3\xfa\xe8\xd7\x13\xfb\xee\x06\xeb\x5c\x1cg\x99Y\x03\
\xab\xe1\x13\x88\xafP\xcc!b2\x97\xc0\xb5\xd0\x0d\xf9\
\xb9\x16\xe3[\x05u%\x06\xd4\x1b4\x9b\x8eEP\xf4\
\xa4\xf7\xe3\xf7\x9f\x0a\xbe2w\x81\xe7\xd6'\xd3\xd7\xab\
\xbfS\xa6\xc3L\xf0\x9c\xe7e\x1b\x8e\x85\xe0\x9di(\
e\x92t\x826\xf0\xd5v#\x14-\x88\xbb\xb4X\xe4\
\x9f\x86\x15\xe0;}X)\x9bd\x9a\xc8\x87\xa8\x07\xe6\
\x83;UE,3\xd6\xc0\x17`o\x95\xc0\xaaI\xa6\
\xb9\x8d;\x05.\x80\x19`5h\x07w\xdc\x07\xcf\xdb\
\xfe3l\x87M\xe0\xc7B\x1f4%\xff\x00\xb1\x85\xef\
\xe8\xf9\x84\xd5D\x00\x00\x00\x00IEND\xaeB`\
\x82\
\x00\x00\x07\xd9\
\x89\
PNG\x0d\x0a\x1a\x0a\x00\x00\x00\x0dIHDR\x00\
\x00\x00\x1a\x00\x00\x00\x10\x08\x06\x00\x00\x00\x08\xd1o\xa8\
\x00\x00\x00\x01sRGB\x00\xae\xce\x1c\xe9\x00\x00\x00\
\xc6eXIfMM\x00*\x00\x00\x00\x08\x00\x06\x01\
\x12\x00\x03\x00\x00\x00\x01\x00\x01\x00\x00\x01\x1a\x00\x05\x00\
\x00\x00\x01\x00\x00\x00V\x01\x1b\x00\x05\x00\x00\x00\x01\x00\
\x00\x00^\x01(\x00\x03\x00\x00\x00\x01\x00\x02\x00\x00\x01\
1\x00\x02\x00\x00\x00\x15\x00\x00\x00f\x87i\x00\x04\x00\
\x00\x00\x01\x00\x00\x00|\x00\x00\x00\x00\x00\x00\x00H\x00\
\x00\x00\x01\x00\x00\x00H\x00\x00\x00\x01Pixel\
mator Pro 3.6.6\x00\
\x00\x00\x04\x90\x04\x00\x02\x00\x00\x00\x14\x00\x00\x00\xb2\xa0\
\x01\x00\x03\x00\x00\x00\x01\x00\x01\x00\x00\xa0\x02\x00\x04\x00\
\x00\x00\x01\x00\x00\x00\x1a\xa0\x03\x00\x04\x00\x00\x00\x01\x00\
\x00\x00\x10\x00\x00\x00\x002024:08:1\
3 17:52:28\x00O\x12%p\x00\
\x00\x00\x09pHYs\x00\x00\x0b\x13\x00\x00\x0b\x13\x01\
\x00\x9a\x9c\x18\x00\x00\x03\xd8iTXtXML:\
com.adobe.xmp\x00\x00\x00\
\x00\x00<x:xmpmeta xml\
ns:x=\x22adobe:ns:m\
eta/\x22 x:xmptk=\x22X\
MP Core 6.0.0\x22>\x0a\
   <rdf:RDF xmln\
s:rdf=\x22http://ww\
w.w3.org/1999/02\
/22-rdf-syntax-n\
s#\x22>\x0a      <rdf:\
Description rdf:\
about=\x22\x22\x0a       \
     xmlns:exif=\
\x22http://ns.adobe\
.com/exif/1.0/\x22\x0a\
            xmln\
s:tiff=\x22http://n\
s.adobe.com/tiff\
/1.0/\x22\x0a         \
   xmlns:xmp=\x22ht\
tp://ns.adobe.co\
m/xap/1.0/\x22>\x0a   \
      <exif:Pixe\
lYDimension>16</\
exif:PixelYDimen\
sion>\x0a         <\
exif:PixelXDimen\
sion>26</exif:Pi\
xelXDimension>\x0a \
        <exif:Co\
lorSpace>1</exif\
:ColorSpace>\x0a   \
      <tiff:XRes\
olution>720000/1\
0000</tiff:XReso\
lution>\x0a        \
 <tiff:Resolutio\
nUnit>2</tiff:Re\
solutionUnit>\x0a  \
       <tiff:YRe\
solution>720000/\
10000</tiff:YRes\
olution>\x0a       \
  <tiff:Orientat\
ion>1</tiff:Orie\
ntation>\x0a       \
  <xmp:CreatorTo\
ol>Pixelmator Pr\
o 3.6.6</xmp:Cre\
atorTool>\x0a      \
   <xmp:CreateDa\
te>2024-08-13T17\
:52:28</xmp:Crea\
teDate>\x0a        \
 <xmp:MetadataDa\
te>2024-08-13T18\
:25:50+02:00</xm\
p:MetadataDate>\x0a\
      </rdf:Desc\
ription>\x0a   </rd\
f:RDF>\x0a</x:xmpme\
ta>\x0a\xb8\x5c\xfe{\x00\x00\x02\xc8IDAT\
8\x11U\x95Kl\x8dA\x18\x86\x9d\x1e\xad\x05\xea\x96\
\x12!\xaa\x8b\xb2\x10\xd1\x88FBW\x9a\xa6.\x11;\
D\xc4V\x8a.\xba#B\xc4\xc6\xcaB\x90H\xdcW\
l,\xba@#B\x9d\x85\x06\x0b\xaa.\xad[{\x8a\
J5\x9a\xb6\xd8H\xf5x\x9e9\xff\x9c\xfc&y\xce\
\xbc3\xf3\xcd\xf7\xcd\xe5\xfb\xe7d\xa6\xa5J\xa1P\xc8\
\xd0\xccP\xa6\xec\xa6]G\xd5\x04\x9ba\x05dA\x1b\
K\x01~A\x17t\xc0\x03\xe6\x0dS;/\x8b\xfe\xab\
\x8e%Nr\xb0,\x15`-\x06\x07\xa0\x19fB\x1f\
<\x87n\x18\x81\x0a\xa8\x81zX\x05K\xa0\x17n\xc2\
%\xfc\x8c\xe9\x0f]@\xbb\xa0bq\x05*\xea\x0a8\
\x02y\x18\x81\xeb\xb0\x05\xe2x\x1dz;4AU2\
\xa7\x06}\x08\x9e\xc2\x04<\x82\xc6d,\x83.n\x06\
\x11\x9d,D\xdf\x00\x8d\x1f\x82G\x16\x0a\xba\x1en\xc3\
{\x18\x84~\xe8\x81\x93)\x9b*\xda\xc7\xc0\xf1/\xd0\
\x92\x1a+\x053\xc8]p\xcbg`N\xcah\x03\xed\
\xb7\xa0\x03\xeb\xc8;\xf4w\xb8\x08\xd3S\xf6\x9bh\xbb\
\xbbQh\xb3\x9f:\xe3O9\xb8\x13\x83\x1cMM(\
\xa3\xedQ\xb6\xc3gx\x0d\x03`\x80O\xf0\x01^\xc1\
7\xd8\x938\xf4\xee\xf4Y\x0b\x9d\xf0\x03v\x05\x9f\x88\
\x830\x0e\xa7BG\xd10\xac\x90>\x8fL\xe71\x88\
\xbb]\x0c\x8d\xf0\x04\xfa\xc0\x9d^K\xcd-W\xd3\xb7\
\x12^$,\xb3\xa3\x1br0+1p'f\x8cc\
\xbb\xc1@\xde\xcd3Xd\xbf\x05\xdd\x0a\xc3\xe0\x0e\xef\
\xc3\xdc\xa4\xdf\x04\x88\xc1\x9c\xff\x1b\xf6\xebp\x14\x0c2\
[CJ)\xe5\xd1\x7f\x92\xb6\xdf\xd5\x0c\x98\x0f\xb1,\
@\xf8\xadh?\x09\xe1\xdb\xa3\xb6\xc4\x94\x9e\x87\xb6\x7f\
\xc2\x95m\x03\xcf\xf2\x0a\x84 \xd4qEn\xdf\x15\xbf\
\x01\xef\xe5\x0e\xec\x80\xc3\xd0\x0b\x1e\xe9W8\x1b\xbcs\
\x12\xe8x\xec\x1b\xd1\xfdp\x0f\xfc\x16\xc31\x9c\xa0\xf1\
\x13\xce\x83+w\x01q\xc29\xb4G\xf4\x12\x0c\xe6\x9d\
\xe4\xc1@\xde\xd1\x004$s\xe2\xa7\xd2@\x9f\xf6&\
\xcc:\xc7B\xa1\xe1JN\x83\xc1nAmj\xcc\xcb\
\xef\x00S\xd9\xbb\xd2y\x0c0\x84n\x8d\xb6\xd6\xb4\xf7\
\xc1\xc7\x04_\x16\xfb\xb2\xfe\x84\x8bO:<\x12\x1d\xfa\
\xad\xb4@\xbc`\xd3\xfc8t\x81\xc9c6\xb5C\x93\
\xf3,\xe85p\x15\xfcL\xcc\xc8\xffv\x19\x8d\xd2\xc1\
\x9a1\xca\xc18\xe8\xb8\x0dV'\xce\xdcy5\xc4\xe7\
\xa7\x12\xbd\x15.\x80\xaf\x81\x8b\xf4\xf8}\xfb\x8a;\x09\
\x11R\x19\xc6\xa0\x89\xc0\x1b\x98\x99BW\xa2\xf7\xc2N\
\xf0\x05\xf7\x95\x1e\x84<\xf8B{\x8f\xd5\xb04\xa9\xc7\
\xa8sp\x99\xf9\x9d\xd4!\x08\xba\xf4\x82\x87,s \
\x16\x82\x94\x9ex\xb4i\xbf\x1e<\x06/u9\xb8\x88\
I\xf0\x15\xf7\xc5~\x0c]8\xed\xa1\x0e\x85y\xa5\x7f\
\x82\xd8\xf7\x0f\xef\xa1M\xfb~Vf\xb1\x00\x00\x00\x00\
IEND\xaeB`\x82\
\x00\x00\x09\xee\
\x89\
PNG\x0d\x0a\x1a\x0a\x00\x00\x00\x0dIHDR\x00\
\x00\x00,\x00\x00\x00,\x08\x06\x00\x00\x00\x1e\x84Z\x01\
\x00\x00\x00\x01sRGB\x00\xae\xce\x1c\xe9\x00\x00\x00\
\xc6eXIfMM\x00*\x00\x00\x00\x08\x00\x06\x01\
\x12\x00\x03\x00\x00\x00\x01\x00\x01\x00\x00\x01\x1a\x00\x05\x00\
\x00\x00\x01\x00\x00\x00V\x01\x1b\x00\x05\x00\x00\x00\x01\x00\
\x00\x00^\x01(\x00\x03\x00\x00\x00\x01\x00\x02\x00\x00\x01\
1\x00\x02\x00\x00\x00\x15\x00\x00\x00f\x87i\x00\x04\x00\
\x00\x00\x01\x00\x00\x00|\x00\x00\x00\x00\x00\x00\x00H\x00\
\x00\x00\x01\x00\x00\x00H\x00\x00\x00\x01Pixel\
mator Pro 3.6.6\x00\
\x00\x00\x04\x90\x04\x00\x02\x00\x00\x00\x14\x00\x00\x00\xb2\xa0\
\x01\x00\x03\x00\x00\x00\x01\x00\x01\x00\x00\xa0\x02\x00\x04\x00\
\x00\x00\x01\x00\x00\x00,\xa0\x03\x00\x04\x00\x00\x00\x01\x00\
\x00\x00,\x00\x00\x00\x002024:08:1\
4 14:33:02\x00\xd7\xfd\xea\xa0\x00\
\x00\x00\x09pHYs\x00\x00\x0b\x13\x00\x00\x0b\x13\x01\
\x00\x9a\x9c\x18\x00\x00\x03\xb0iTXtXML:\
com.adobe.xmp\x00\x00\x00\
\x00\x00<x:xmpmeta xml\
ns:x=\x22adobe:ns:m\
eta/\x22 x:xmptk=\x22X\
MP Core 6.0.0\x22>\x0a\
   <rdf:RDF xmln\
s:rdf=\x22http://ww\
w.w3.org/1999/02\
/22-rdf-syntax-n\
s#\x22>\x0a      <rdf:\
Description rdf:\
about=\x22\x22\x0a       \
     xmlns:tiff=\
\x22http://ns.adobe\
.com/tiff/1.0/\x22\x0a\
            xmln\
s:exif=\x22http://n\
s.adobe.com/exif\
/1.0/\x22\x0a         \
   xmlns:xmp=\x22ht\
tp://ns.adobe.co\
m/xap/1.0/\x22>\x0a   \
      <tiff:YRes\
olution>720000/1\
0000</tiff:YReso\
lution>\x0a        \
 <tiff:XResoluti\
on>720000/10000<\
/tiff:XResolutio\
n>\x0a         <tif\
f:ResolutionUnit\
>2</tiff:Resolut\
ionUnit>\x0a       \
  <tiff:Orientat\
ion>1</tiff:Orie\
ntation>\x0a       \
  <exif:PixelYDi\
mension>44</exif\
:PixelYDimension\
>\x0a         <exif\
:PixelXDimension\
>44</exif:PixelX\
Dimension>\x0a     \
    <xmp:Metadat\
aDate>2024-08-14\
T14:33:49+02:00<\
/xmp:MetadataDat\
e>\x0a         <xmp\
:CreateDate>2024\
-08-14T14:33:02+\
02:00</xmp:Creat\
eDate>\x0a         \
<xmp:CreatorTool\
>Pixelmator Pro \
3.6.6</xmp:Creat\
orTool>\x0a      </\
rdf:Description>\
\x0a   </rdf:RDF>\x0a<\
/x:xmpmeta>\x0a\x00b\x04\x19\
\x00\x00\x05\x05IDATX\x09\xed\x98]\x88UU\
\x18\x86\xfd\xc9\xcc\xa6\xa2r\xb4,#\x1dM\xad\xac\xcc\
\xfe\xa8(\x1c\xa1\xaeB\xb4\x08\x9a\x08)\x92\xa2\xbf\x8b\
\x08\x0c*\xe8\x22\x8a\xa2\x9b(\x8c~\xa0\xc4\x94.*\
\x0b2\xbb(S\xd4H*\xcb4*+\x1bi\x9a\xb4\
\x22H\x19-H\xd2\xe7=\xb3\xbf\xcd{\xb6\xfb\x9c\xb3\
\xf7\x99\xbf.\xfc\xe0\x99\xf5\xad\xb5\xbe\xb5\xd6\xbb\xd7^\
{\xaduf\xd8\xb0#6\xb030\xbc\x8f\xdd\x8f\xa5\
\xfde0\x13&\xc38h\x81\xff\xa0\x07~\x83\x1d\xf0\
\x15|\x06\xfb\xa0O\xd6\x8c\xe0\xd1\x8c8\x0f\x16\xc0l\
(\xda\xc7\x01b\xd7\xc3JX\x03z\xa8\xd2Vt0\
u<\x12n\x81;\xa0\x15\xfab\x9d4~\x16V\x97\
\xed\xa4\xa8\xe0\xf3\xe9\xf8\x098+g\x00\xcd\xd4\xf7\xf0\
\x03\xec\x02\xbd\xf6\x11p\x1c\x9c\x01\xd3\xe1L\xc8\xb3O\
(|\x18\xba\xf3*\xf3\xca\x8a\x08^H\xc3\x07\xe1\xa8\
L\x07\x1a\xecmX\x0b{3u\xd9\xec\xa9\x14\x5c\x0b\
7\xc0\x8cL\xa5\xda\xaa\xff\x8f2\xe5\xa5\xb3z\x98\x87\
`{\x86\xa5\xe4\xcf\x85f\xedj\x1a\xae\x02\xef\xf7[\
\xf2\x1d\xcdv\x18\xed\x1e\xc9t\xba\x85\xbc>\xb4\xfe0\
}\x0f\xf7\xc27\xe0\xc2\x9b\x16\xbd(\xd3\xd1:\xf2S\
\xa1\xbf\xedJ:\xfc\x02B\xb4fzn\xd9A.\xa2\
\x81?\xb9\xd6\xe8\x84\xb2\x9d\x94\x88?\x8fX\x17\xad\xfd\
\xfa\xb4\xa2\xedG\x13\xf8!\xc4\x13o\xc6o+\xda\xb8\
\x0fq\x9ai\xcdn\x8c\xfbj\xad\xbe\xb4\x96\xdc\xee\x22\
s\x8d\x15\xe8\xeb\xfd\xd4\xf2\x8d\x5cm_K@}h\
\x17\xf9\x1b\x8aX\x17A\xda\x0a/M\x82\xb5\x1d\xea\x84\
\xfc1\xc9\xe7&'P\xaa\x19\x8d\xa7|!7\xaav\
\xe1$\xaa6@\xb4\xd7Np2\x145m\x9b\xefA\
\xb4\xd7\xa1\xa2\x87\xa82/\xb8\x89\x1am\xf62\x1d\x06\
OU\xbcb\x7f&\x13\xb6\x1c\xc6[\xb8\x0e\x99eP\
T\xf4\x01b\x9f\xb6\xf6S\xf0\xdb-_q]\xf0\xf5\
V\xa9u\xdci\xf9z\xae\xc4\xbe\x06\xe3r\x82\xca\x8a\
^G\x1f:5\xc3t\xd0TY\x08\x9eF\xa9\x06\x0e\
{+\x9c\x06i\x1b\xf5.v\xb7\xc5\xff\x9a\xf8eE\
\xbfi}\xe8\x90\x19c\xf9t\x8d\x5ca\x85\xfaP6\
Z\xbe\x96\x9b\x15\xbb\x89@\xff\xba\x9f$\xaf\xfb\x85\xac\
\x8c\xe8\x0fz\x9bT\xfe\x8e\xe2\xef\xc5\x96O\x05_`\
\x85\xda\x13\xb5\x9e\xeaY\x88\x8d[\xdbN\x82\xef\x03}\
8a\xff\xe2\xdc\x09\x7f&\x05EE\xeb\xcd\xfc\x92\xb4\
Q\xe2\xdaR\xc1\x12\x10\xe6k(\xca<\x1dI\xe6\x15\
\x08\xb1]\xf8\xb7\x82.1\xfe\xfa\xe4w\xc3m\xf0\x17\
\xc8$\xfa\xb9\x8aW\xff\x8fv\x8a0\xd7\x96\x0a>%\
jI\xfd\xe9\xac8u\x8f\xc6\x0b\xb1\x12\xb4\x10v%\
\xb5\xc7$\xa9\x92\xf05\xb8D\xeb\x81d\xda\xab\x1b\x99\
k\xd0M/\xb5x\x85-iI\xefO\x1b\xcb\x1e\xe6\
j\x8d\xdf\x0dZ[\xcb\xe1w\x08\x1b\x1e\x0e\xa9\xfb:\
\xea;@\x97'_\xa3ds\xad\xc7J][\xba\xe6\
FX\x80\xf6\xe0F\xb6\x9e\x00Q\xc6tj\xf9>[\
\xaf\xadkpm\xe9\x92\xf0'\x8a\xc3\xa3^\x87\x03]\
\xe7\x1a\x5c[*\xf8\x0fSp\xba\xf9C\xe5\xfam\xcd\
\xb5\xa5\x82\x7f2eS\xcd\x1f*W\xbbI\x98kK\
\x05\x7f\x1d\xb5\xa4\xba\x0fW\xad\x1b\xab\x1b\x0c\xb7\x95A\
\xdal \xd7\x96\x0a\xd3U0\xecx\x9cK\x223\x04\
\xe9\x5c\x1bS\x1f_\xd5\xf56fRO\x11g\xbf\xe2\
\xfd\x22\xa4\xfc`\x9a\x8f\xad\x89\x8c\xfd\xbb\xa2!\x04\x1f\
$\xf7\x8e\xa9\xba\x0e\x7f\x82\xe5\x07\xcb\x9d\xcd@\x17\xda\
`\xfa7B\x95\x85`\x15\xae\x80\x7f\x92Z\x1d(\xf7\
'~\x99$\xda\xab\x8d\xfbE\xfa\xd0A\xb3\xd8\x02\xf5\
\xc6\xdf\xb7|\xc5\xd5\xbd l?\xceI0+)\x98\
A\xfa%\xe8\xaeP\xd4~&p\x0a\xe8d{\x19\x1a\
]\xa2\x08IM'\xa1\x08\xd3!\xb3-2\xb5Rm\
\xd8\x1ba{\xc2\xc7\xa4\xe3a\xa0\xed\x1c\x06\xd8\x0a1\
\xae\xee\xe3\xfe\xf6\xeb\x8e\xdfN\xedw\xd6\xf8]|\xfd\
\xde\x1b(\xd3\x0fNML\x88\x95\xf0i\xb5\x06\xf3%\
\x111;qt5\xd4\x07 \x1b\x0bs`\x0d\xec\x83\
\xfe4\x09[\x06\xfe\xf3\xeaQ\xf2\x1bj\x0d\x92'X\
\xb1\x9b\xa0\x0d\xe2\xc4\x91\xe8y\xa0\x99\xef\x82\xfe\xb0\xf9\
t\xb2\x04N\xb4\xce\x9e\xc7\xf7_-V\xd5\xeb\xd6\x12\
\xacmN3:\x09\xe2\xf5\x1c\x8b\xafA\xf4\x0a\xb5o\
\xf7@3\xa6I\xd0\x07u;\x8c\xb2\x0e^\xc4\x7f\xc6\
\xf2\xb9\xae\xdfY\xf3\x02T\xff\x00,\x02\x8f\xd5\xcf\x9f\
U\xb0\x12>\x07\xbf\x0e\x92=\xcc$\xec*\xb8\x11\xda\
!\xdb\xd7\xe3\x94\xbd\x0e\x0d\xcd\x1b\xd6\x0b\x9eC\xe5c\
\x90\xb7c\xec\xa5|3\xe8\xbe\xdb\x0dZ\xe7\xfa\xc2u\
\xc4O\x84\xe90\x0b\xfc\xe7\x13\xd9\x8a\xed\xe0\xefb\xd0\
\x1b+dE\x05\xab\xb3\x16\xb8\x07n\x86\xbc\xc1).\
l{\x88|\x09\x96B\x99\xbd\xba\xea\xd5\xd0\xb6\x90\xe9\
\x03\xec\x80\x05\xa0\x19,c\xda\xba\xb4\xc7\xbe\x01\xfb\xcb\
4\x8c\xd823\x1cm\x22U\xdb\xb3\xe1r\x98\x09\xda\
UZAoB\x1f\xad\x96\xc6n\xd0}v\x0b\xe8\x22\
\xd3\x09G\xec\x7f=\x03\x87\x00\xf2\xe0\xf1\xa1\xe3<\xf2\
\xce\x00\x00\x00\x00IEND\xaeB`\x82\
\x00\x00\x0b\xcf\
\x89\
PNG\x0d\x0a\x1a\x0a\x00\x00\x00\x0dIHDR\x00\
\x00\x00,\x00\x00\x00,\x08\x06\x00\x00\x00\x1e\x84Z\x01\
\x00\x00\x00\x01sRGB\x00\xae\xce\x1c\xe9\x00\x00\x00\
\xc6eXIfMM\x00*\x00\x00\x00\x08\x00\x06\x01\
\x12\x00\x03\x00\x00\x00\x01\x00\x01\x00\x00\x01\x1a\x00\x05\x00\
\x00\x00\x01\x00\x00\x00V\x01\x1b\x00\x05\x00\x00\x00\x01\x00\
\x00\x00^\x01(\x00\x03\x00\x00\x00\x01\x00\x02\x00\x00\x01\
1\x00\x02\x00\x00\x00\x15\x00\x00\x00f\x87i\x00\x04\x00\
\x00\x00\x01\x00\x00\x00|\x00\x00\x00\x00\x00\x00\x00H\x00\
\x00\x00\x01\x00\x00\x00H\x00\x00\x00\x01Pixel\
mator Pro 3.6.6\x00\
\x00\x00\x04\x90\x04\x00\x02\x00\x00\x00\x14\x00\x00\x00\xb2\xa0\
\x01\x00\x03\x00\x00\x00\x01\x00\x01\x00\x00\xa0\x02\x00\x04\x00\
\x00\x00\x01\x00\x00\x00,\xa0\x03\x00\x04\x00\x00\x00\x01\x00\
\x00\x00,\x00\x00\x00\x002024:08:1\
4 15:14:31\x00\xcd\xd4z\xbf\x00\
\x00\x00\x09pHYs\x00\x00\x0b\x13\x00\x00\x0b\x13\x01\
\x00\x9a\x9c\x18\x00\x00\x03\xb0iTXtXML:\
com.adobe.xmp\x00\x00\x00\
\x00\x00<x:xmpmeta xml\
ns:x=\x22adobe:ns:m\
eta/\x22 x:xmptk=\x22X\
MP Core 6.0.0\x22>\x0a\
   <rdf:RDF xmln\
s:rdf=\x22http://ww\
w.w3.org/1999/02\
/22-rdf-syntax-n\
s#\x22>\x0a      <rdf:\
Description rdf:\
about=\x22\x22\x0a       \
     xmlns:tiff=\
\x22http://ns.adobe\
.com/tiff/1.0/\x22\x0a\
            xmln\
s:exif=\x22http://n\
s.adobe.com/exif\
/1.0/\x22\x0a         \
   xmlns:xmp=\x22ht\
tp://ns.adobe.co\
m/xap/1.0/\x22>\x0a   \
      <tiff:YRes\
olution>720000/1\
0000</tiff:YReso\
lution>\x0a        \
 <tiff:XResoluti\
on>720000/10000<\
/tiff:XResolutio\
n>\x0a         <tif\
f:ResolutionUnit\
>2</tiff:Resolut\
ionUnit>\x0a       \
  <tiff:Orientat\
ion>1</tiff:Orie\
ntation>\x0a       \
  <exif:PixelYDi\
mension>44</exif\
:PixelYDimension\
>\x0a         <exif\
:PixelXDimension\
>44</exif:PixelX\
Dimension>\x0a     \
    <xmp:Metadat\
aDate>2024-08-14\
T15:15:00+02:00<\
/xmp:MetadataDat\
e>\x0a         <xmp\
:CreateDate>2024\
-08-14T15:14:31+\
02:00</xmp:Creat\
eDate>\x0a         \
<xmp:CreatorTool\
>Pixelmator Pro \
3.6.6</xmp:Creat\
orTool>\x0a      </\
rdf:Description>\
\x0a   </rdf:RDF>\x0a<\
/x:xmpmeta>\x0aQ\xa0u\x0d\
\x00\x00\x06\xe6IDATX\x09\xed\x98k\x88\x95E\
\x18\x80\xd3UW\xd7[\x9aXb\xa6i\x99%\xa5\x04\
aY)\x8a\xdd\xffDw\x0aAC\xec\xaaQ!Y\
P&\xdd@\x0a5B\xab\x1f\x1a\x19EEdfQ\
\x19ZJ\x9a\xdaE\xd3LM]\xd72\x13S\xf3R\
\x96\x97\xdd\x9eg\xce\xcc\xe7\xd9\xf6\x9cmS\xa4~\x9c\
\x17\x9e\x9d\x99w\xde\x99y\xbfwf\xde\xef;{\xdc\
q%)E\xa0\x14\x81R\x04\xea\x8b@\xa3\xfa:\x1b\
\xdaWSS\xd3\x08\xa9\xd1\x9ez\x05\xc5 \xb8\x18N\
\x87r\xb0\xcf\xb5v\xc0J\x98\x87\xfdR\xca \xf9\xe3\
\x93\xaeXyT\x0e\xbb\x10\x13\xebl5u\x1d\xbb\x09\
\x86C\x07h\x01\xea\x9a\x80\xa2\xd3\x07\xe0w\xf8\x03*\
a\x0ac\xe7P\xfa\xa0\x8d\x9d\xc7z}rD\x0eG\
G\xc3\xbc,B\xb3\xa6\x1b\x8d\xf1\xd0\x1f\x9a\x83\xf3n\
\x81\x9d\xb0\x0ft\xa4)\xb4\x86\x8e\xd0\x1ev\xc3Ax\
\x17\x1eg\x9e\xdd\x0dq\xba\xc1\x0e;\x19\x13\x1b-\x17\
\x972\x169\x80\xbe\x17\xf5\x89`\xa9\xcd:0j\xf3\
a\x0d6\xdb)\x8d`3\x8a\xaep.\x5c\x06\x17\x82\
:#\xbf\x08Fk\xdb\x10\xa7\xb1-.L`\x08\xcb\
\x0aY\xa0\xef\x00\xb3a#\xac\x85g\xa1G\xbe-\xed\
\xb2\x88\x0f\x13\x84v\x13\xb8\x01>\x05\xc7n\x80\xe9\xe0\
\xee\xf8pE\x03Y\xb4#\x0d\xe4\xa9\x8d\x80\x93t\xa7\
\xb8\x1cN\x05\xcf\xa6[\xda\x19\x06\xc1\x01x\x1d\x1e\xc5\
\xfe \xb6n\xff!\x08c\x9d#:\xe1zR\x1du\
}\xa9?\x09g\x81\xb6\x93\xd1O\xa2\xfc\xf7\x12\x17\x08\
\x03\xa9\xdf\x07s\xc1(\xfe\x04\x9ba\x0b\xac\x87*x\
\x01\xc2\xe5\xb2\x04=\x0c\x14Z9\xf6%\xfb~\xb4\x17\
\x82Q^\x0ef\x96\xa2\x92m\xd3\xdf-RT\x98\xe0\
i\xfan\x07#l\xe4\xbcD\xde\xf4\xbd`&\xd8\x08\
Oa\x1f\x22k\xe9\xd8\x04}\xeeNc0\xb2A\xec\
\xa3r\x08]\x13\xea\x8b\xa9\xcf\x00u^\xcaapd\
\xc2\x84#a\x1d|\x0fk`2\x9c\x0f\xed\xa1\x1d\x18\
\x9d\xf3\x9c\x9d2s\xa8P;\xeaj\x05\x881\xa1M\
\xd9\x16f\x82\xbb\xb6\x04t\xbc\xa0\xa4\x1cY\xa7\x93A\
\xa6\x9f\x91\xe0\xa4\xfba\x02\xd1\x98F\x99/\x8b\xb1\x0b\
\x8e\x1a5\xc4\x0bg\x16\xe8\x0dmh\xfb\xa2\xf8\x16\x96\
\xd1_\x09\xe6\xeb,\xdf\xc6vS\xca]\xe8?\xc7\xce\
3\xad\xb3f\x90\x0f\xd0\xd1\x95\xbbC\xb4\x0b\x0bFn\
\xbb\x11\x1b\x06\xdf\xc1\x0f09\xea\xbc\xf1Y$S\x9d\
\xb25\x8c\x82e`>\xdd\x01Fkgl\x7fA9\
\x1aB\xe4(\xf3\xe7(\x8bs\x0f@\xaf]%<\x10\
u\xb5vD]\x16a\x8c\x9c\xc4\xa7\xf7\xc6+\x1e~\
_\xb3\xdb`\x16\x04IO\x9c\xec)\xcd\xc9w\xc3c\
`\x0e6[\xac\x02\xcfy[\xe8\x05\x17\xc1\xc3\xd0\x1b\
\xfb1\xcc\xe1CQ\x84\xe8\x85LB\xdfz\xf0^t\
\x82\xae\xa0d\x0f\x96kF\x87\x19\x9c\xb6\xc9\x8b\xd0\x87\
N\xb7\xa4\x1f8\xd9/\xf0%(:\x97\x09\x0b\x9a\xba\
\xdc\x8d*\x8a7`&\xbc\x87\xfe7\xca \xf4\xe9\xf4\
\x10\x18\x0d\xd7\xc0N\x18\x1b\x9d\xa5\xea\xf0\x10,\x03\xf3\
'\x18\xc4\x96\x10\xc4\xbe<\xdb`\x9d\x0e~s:\x1f\
\x84\x05\xb0\x11<\x0a\x9e\xad\x05\x8e\xa4\x0c[\x97\x9b&\
\xf7\x17\xdd 8'\xf6\x9f\x98\xfa\xd0\x99\xda<>\xf9\
;8\x90\xf6Rpn\x83\xe1\x9cY\xfa\xa3n&\xf1\
\xdc\xfe\x08^\xbc\xa1\x90\x8eK\xed\xa3AG\x0b\x98\x04\
)\xaf\x9a\x19^\x82{\xe0\xd28yz\xb0\xb0M\xe8\
\xfb\xc0rx\x1b\xdcF\x1d\x089\xd8z\x12t:\x92\
\xc6\x8e\xa1\xae\xc3\xe1NhC=\xcd\xd7\x92\xba\xc1\xda\
\x0a\xae\xbf\x1a\xa6A\x97hw8`(\xef\x02'\xda\
\x00s\xa0?\x94\xc3a\xa3\xda\x93\xdb\xf7\x0eh\xefN\
LpR\x85zv\xeeR\x9d\xd248\x18\x1e\x82\x95\
\xe0\xe5\xba\x1e\x06\xc41\xe9\x81\x86\xa0{\x0eVAe\
\xe4-\xca\x933;\x1a]\xc0HU\xc2|0\xb5\x14\
\x14\xfa\xd2\xc4\xcfP\xf7mg\x16\xf1\xed\xe76\x8ep\
\x10e\xb0\x89\xf5\xb4\xa5\xbd\xd0\xcf\x03\x1fPgR\xf6\
\x99\x91\xc6\xa0\xcb\x7f\xd0\xb3i\xcf\x82\xb4\xe3\x13\xa9\xfb\
9\x10r\xec\x95\x94\xadb\xfd5\x0e\xb8\xa9);{\
\x1a)\xe8\xc2\xc5\xa4t\x8bz\xc0\x16\xd0n\x1fl\x85\
\xbe\xf4\xb5g|5eX\x9c\xfa!\xea~\xd5\xad\xa6\
\xffUP/>\xd4vx\x1e\x14L\xb2o\x16\xeb+\
\xd0\xdd\x01~\xec{\xb1\xaf\x86\x0b 8\xf22\x93V\
\xc1\x5cH\x17\xa8\xd6Q\x08\x86\xf1\x0f6\x9e\xc9\x9e\xe0\
\xb11Z\x8b\xe0F\xe8\x04u\x1e4\xae\xe1\x98\xa60\
\x15\xcc\xcf\xee\x88\xa9\xd0@\xd4Y\x0b]\x98\x87\xf2\x12\
H\xc7\xc3]-\xf7I\xbb\x83\x06F\xa9\x12\x94Z\xe9\
+\xa7\xca\xfd\xe5\xe9\xfd\xd2Z\x0b\x0b\xd1|\x02F\xbc\
#m#\xee\xad\xcf\x8e\x04\xed\xcc!\xfa\xcd\xefO\xc0\
\x120\xaf\xfb\xc1\x84:\x97\x1ai\xe7KZ\xff+\x94\
\xda\xfb2\xf3\xc7A\x85\x93\xb7\x01K\x7f\xb6\xecu\x12\
\xcaz%\xcf\xa9W0t\xecptW\xe9\x14x$\
\x8chp>:D3|s\xf8P\xa3`\x5c\xb4M\
/\x0dT\xb5D{\x8f\xa0\xc7f\x13\x18P?\x15Z\
\xb9\x98\xc9\xda'j\x06\x15\x18\x15\x9b\x84\xeeL\x92\x8d\
\xef\xff)\xd0\x15\xc6\xb3\xc8X8\x899\xc2\xf7\xae%\
m\xbf-\xa6\xc2t\x18\x8an\x13lC_40\xf4\
;\xbf\xbe)\xfag]\xfb\x0a=\xdf\x00\xfeh<\x05\
z\xc2\xd7\xe0\xb9:\x08\x05\xc5\x09]\x10\xd1\xa1\x89\x18\
\xb5\x80\xe10\x12\xaeE\xf73\xe5.8\x01:\xc3\xf1\
\xa0\x13\x9b!\xbb\xc0\xd6\x0b\x89s\xa3\xf7\xb2)\x9e\x00\
\xeb\x8e\xdf\xab\xe7sA\x83\xaep\x05(:R\xe72\
\xe4\xbar\x7f\xf3\x9c\xf65\xfc\x08\xdc\x09k\xc1\xd7\xea\
\x19\xe0\xad\xee\x01\xcagp\x1dc\xcc\xf1\xe1A\x83\xb6\
\xf8\x1f\xbf\x931\x0d\xbfr\xdc!\xa3\xbc\x06\xf6\x18\xe1\
\xd90\x02\xda\x81\xd1Y\x81\xb1\xbfd\x8d\x84\xc7\xa4:\
\xa2\xaa\x8e`\xe3\xc3\xea\xc5L\xea\xefS7\xd3\xb8S\
\xa6\xca_\xe1\x1bp\xb1\x10\xd9X:\xa6\x90\xa87\x0d\
\xfa9\xab\xdc\x02\xa7\x81\xc1\xfb\x10\xfdn\xca0\xd1P\
\x16\xdb\x04\xbe\x0eMS7\x837\xf3?\x11\xd6\xf6\xbb\
\xe6^0\xa5\xf9\xf2\xd0\xa7n:\x13\x9e\x94\x86\x91\x1c\
\x07\xb7\x82g\xcf33\x1f>\x06\xa3\xe3\x97\x94Y\xc4\
sT\x9f8_\x8a\x9e\xa5\xf6\x89\xfa\xc6\xd9W\x0e\x9e\
\xf93\xc1\x97\xd9\x00H\x97\xed~\xa2\xeb\xa7@8(\
\xe9\x0dV\x81\x81)\xe760\xba\xe6M\xa9\x02\xb7\xd6\
s\xf4O\x0ecr\xc4\xe2\x9a^\xcen\xa0\xf3\x06\xd1\
\xe0\x8d\x877q\x18\x7fq\x98FvkQxV\x06\
\xc20\x18\x0c\xf9\x0e\x06[t\xc7R\x5c\xcfu,?\
\x82\x17qt1\xa5>R\xe5\xc7\xad\x0d\x05E\x88t\
\xac\x9bJ\xbc\xe9\xbe]\xdc\x22\x93vsH\x93e\xe3\
\xd0\x1d\xad\xa4\xa0\x98F\xfd\xb1\xb0\x0c\x16\x82\xff5\xda\
C\x999k\xbd\xe8\xc2>\x11\xfdn\x8b\x99$\x9d%\
\xaa\xc7T\xccH\x1e\xc3\xfdF\xf3\x98\xaeT\x9a\xbc\x14\
\x81R\x04J\x11\xf8\x7fD\xe0/b\x8b^\xf4\xb3+\
@\x00\x00\x00\x00\x00IEND\xaeB`\x82\
\x00\x00\x154\
\x89\
PNG\x0d\x0a\x1a\x0a\x00\x00\x00\x0dIHDR\x00\
\x00\x00 \x00\x00\x00 \x08\x06\x00\x00\x00szz\xf4\
\x00\x00\x0a\xd7iCCPICC Prof\
ile\x00\x00H\x89\x95\x97\x07TS\xc9\x1a\xc7\xe7\
\xde\xf4FK@@J\xe8\xbd\xb7\x00RB\x0fEz\
\x15\x95\x90\x04\x12J\x8c\x09AEl\xc8\xe2\x0a\xae\x05\
\x15\x11\xac\xe8\xaa\x88\x82e\xa5\xd9\x10\x0b\x16\x16\xc5\x86\
}\x83,\x0a\xca\xbaX\xb0\xa1\xe6]\xe0\x11\xdc}\xed\
\xbc\xef\x9c\xc9\xfc\xce\x97\x99\xaf\xcc\xbds\xce\xff\x02@\
\x09a\x8bD9\xb0\x0a\x00\xb9\xc2<qL\xb0\x1f=\
)9\x85\x8e{\x060@\x15P\x01\x1d\xd8\xb19\x12\
\x113**\x1c 69\xff\xd5\xde\xdf\x05\xd0\xd8|\
\xcbf,\xd6\xbf\xfe\xff_M\x8d\xcb\x93p\x00\x80R\
\x11N\xe7J8\xb9\x08\xb7!\xe3\x05G$\xce\x03\x00\
u\x08\xf1\x1b-\xc8\x13\x8d\xf1\x0d\x84ib\xa4@\x84\
\x7f\x1f\xe3\xcc\x09\xfe8\xc6\xe9\xe3\x8c&\x8f\xaf\x89\x8b\
\xf1G\x98\x0e\x00\x9e\xccf\x8b3\x01 [#~z\
>'\x13\x89C\x1e\xeb\xc1^\xc8\x15\x08\x11.D\xd8\
\x9b\xc3gs\x11>\x85\xb0un\xee\xbc1\x1e@\xd8\
\x1cY/\x02\x80\x82\x9c\x0e`\xa4\x7f\x173\xf3/\xf1\
\xd3\x15\xf1\xd9\xecL\x05O\xf45n\xf8\x00\x81D\x94\
\xc3^\xf4\x7f\x1e\xcd\xff\xb6\xdc\x1c\xe9d\x0eSd\x90\
\xf9\xe2\x90\x98\xb1|\xc8\xf9\xdd\xcb\x9e\x17\xa6`a\xfa\
\xcc\xc8I\x16p'j\x1ac\xbe4$~\x929\x12\
\xff\x94I\xe6\xb2\x03\xc2\x14{sf\x86Or\x86 \
\x88\xa5\x88\x93\xc7\x8a\x9bd\x9e$0v\x92\xc5\xf3b\
\x14\xb92\xc4\xfe\xccIf\x8b\xc7\xf3\x12\x11\x96I\xb3\
\xe3\x15~>\x8f\xa5\x88_\xc0\x8fK\x9c\xe4|A\xc2\
\xccI\x96d\xc7\x86M\xad\xf1W\xf8\xc5\xd2\x18E\xfd\
<a\xb0\xdfT\xde E\xef\xb9\x92\xef\xfa\x15\xb0\x14\
{\xf3\xf8q!\x8a\xde\xd9S\xf5\xf3\x84\xcc\xa9\x98\x92\
$Em\x5c^@\xe0\xd4\x9ax\xc5zQ\x9e\x9f\x22\
\x97('J\xb1\x9e\x97\x13\xac\xf0K\xf2c\x15{\xf3\
\x90\x97sjo\x94\xe2\x0c\xb3\xd8\xa1Q\x93\x0c\x04 \
\x02\xb0\x01\x87\xae<I\x00\xe4\xf1\x16\xe6\x8d5\xe2?\
O\xb4H,\xc8\xe4\xe7\xd1\x99\xc8m\xe3\xd1YB\x8e\
\xad5\xdd\xd1\xde\xd1\x11\x80\xb1\xbb;\xf1:\xbc\x8d\x1e\
\xbf\x93\x90F\xe7\x94o\xe5o\x00x\x9d\x95\xcb\xe5'\
\xa7|\xa1g\x018\xea\x86<\x96\x96)\x9f9\x03\x00\
U\x12\x00\x97[8Rq\xfe\x84\x0f=\xf6\x83A\x9e\
\x9e2\xa0\x01-\xa0\x07\x8c\x809\xb0\x01\x8e\xc0\x15x\
\x02_\x10\x08BA$\x88\x03\xc9`\x0eR+\x1f\xe4\
\x021X\x00\x0a\xc1\x0aP\x02\xca\xc0z\xb0\x19T\x81\
\x9d`\x0f8\x00\x0e\x83c\xa0\x09\x9c\x02\xe7\xc0%p\
\x0d\xdc\x00w\xc0C \x03\xfd\xe0%\x18\x06\xef\xc1(\
\x04A8\x88\x02Q!-H\x1f2\x81\xac G\x88\
\x01yC\x81P8\x14\x03%CiP&$\x84\xa4\
P!\xb4\x12*\x83\xca\xa1*h7T\x0b\x1d\x85Z\
\xa0s\xd0\x15\xa8\x1b\xba\x0f\xf5B\x83\xd0\x1b\xe83\x8c\
\x82\xc90\x0d\xd6\x85Ma;\x98\x013\xe108\x0e\
\x9e\x0dg\xc2\xf3\xe1\x02\xb8\x18^\x0bW\xc25\xf0!\
\xb8\x11>\x07_\x83\xef\xc02\xf8%<\x82\x02(\x12\
J\x03e\x80\xb2A1P\xfe\xa8HT\x0a*\x03%\
F-E\x95\xa2*P5\xa8zT+\xaa\x03u\x0b\
%C\x0d\xa1>\xa1\xb1h*\x9a\x8e\xb6A{\xa2C\
\xd0\xf1h\x0ez>z)z\x0d\xba\x0a}\x00\xdd\x88\
\xbe\x80\xbe\x85\xeeE\x0f\xa3\xbfa(\x18\x1d\x8c\x15\xc6\
\x03\xc3\xc2$a21\x0b0%\x98\x0a\xcc>\xcc\x09\
\xccE\xcc\x1dL?\xe6=\x16\x8b\xd5\xc0\x9aa\xdd\xb0\
!\xd8dl\x16v1v\x0dv;\xb6\x01\xdb\x86\xed\
\xc6\xf6aGp8\x9c\x16\xce\x0a\xe7\x85\x8b\xc4\xb1q\
y\xb8\x12\xdcV\xdc!\xdcY\xdcM\x5c?\xee#\x9e\
\x84\xd7\xc7;\xe2\x83\xf0)x!\xbe\x08_\x81?\x88\
?\x83\xbf\x89\x7f\x8e\x1f%\xa8\x10L\x08\x1e\x84H\x02\
\x97\xb0\x88\xb0\x8e\xb0\x97\xd0J\xb8N\xe8'\x8c\x12U\
\x89fD/b\x1c1\x8b\xb8\x82XI\xac'^$\
>\x22\xbe%\x91H\x86$wR4I@ZN\xaa\
$\x1d!]&\xf5\x92>\x91\xd5\xc8\x96d\x7fr*\
YJ^K\xdeOn#\xdf'\xbf\xa5P(\xa6\x14\
_J\x0a%\x8f\xb2\x96RK9OyB\xf9\xa8D\
U\xb2Ub)q\x95\x96)U+5*\xddTz\
\xa5LP6Qf*\xcfQ.P\xaeP>\xae|\
]yH\x85\xa0b\xaa\xe2\xaf\xc2VY\xaaR\xad\xd2\
\xa2\xd2\xa32\xa2JUuP\x8dT\xcdU]\xa3z\
P\xf5\x8a\xea\x80\x1aN\xcdT-P\x8d\xabV\xac\xb6\
G\xed\xbcZ\x1f\x15E5\xa2\xfaS9\xd4\x95\xd4\xbd\
\xd4\x8b\xd4~\x1a\x96fFc\xd1\xb2he\xb4\xc3\xb4\
.\xda\xb0\xba\x9a\xba\xb3z\x82\xfaB\xf5j\xf5\xd3\xea\
2\x0d\x94\x86\xa9\x06K#Gc\x9d\xc61\x8d\xbb\x1a\
\x9f\xa7\xe9NcN\xe3M[=\xad~\xda\xcdi\x1f\
4\xa7k\xfaj\xf24K5\x1b4\xefh~\xd6\xa2\
k\x05jekm\xd0j\xd2z\xac\x8d\xd6\xb6\xd4\x8e\
\xd6^\xa0\xbdC\xfb\xa2\xf6\xd0t\xdat\xcf\xe9\x9c\xe9\
\xa5\xd3\x8fM\x7f\xa0\x03\xebX\xea\xc4\xe8,\xd6\xd9\xa3\
\xd3\xa93\xa2\xab\xa7\x1b\xac+\xd2\xdd\xaa{^wH\
OC\xcfW/Ko\x93\xde\x19\xbdA}\xaa\xbe\xb7\
\xbe@\x7f\x93\xfeY\xfd\x17tu:\x93\x9eC\xaf\xa4\
_\xa0\x0f\x1b\xe8\x18\x84\x18H\x0dv\x1bt\x19\x8c\x1a\
\x9a\x19\xc6\x1b\x16\x196\x18>6\x22\x1a1\x8c2\x8c\
6\x19\xb5\x1b\x0d\x1b\xeb\x1bG\x18\x17\x1a\xd7\x19?0\
!\x980L\xf8&[L:L>\x98\x9a\x99&\x9a\
\xae2m2\x1d0\xd34c\x99\x15\x98\xd5\x99=2\
\xa7\x98\xfb\x98\xcf7\xaf1\xbfm\x81\xb5`Xd[\
l\xb7\xb8a\x09[\xbaX\xf2-\xab-\xaf[\xc1V\
\xaeV\x02\xab\xedV\xdd\xd6\x18kwk\xa1u\x8du\
\x8f\x0d\xd9\x86i\x93oSg\xd3k\xaba\x1bn[\
d\xdbd\xfb\xca\xce\xd8.\xc5n\x83]\x87\xdd7{\
\x17\xfb\x1c\xfb\xbd\xf6\x0f\x1d\xd4\x1cB\x1d\x8a\x1cZ\x1d\
\xde8Z:r\x1c\xab\x1do;Q\x9c\x82\x9c\x969\
5;\xbdv\xb6r\xe69\xefp\xbe\xe7Bu\x89p\
Y\xe5\xd2\xee\xf2\xd5\xd5\xcdU\xecZ\xef:\xe8f\xec\
\x96\xe6\xb6\xcd\xad\x87AcD1\xd60.\xbbc\xdc\
\xfd\xdc\x97\xb9\x9fr\xff\xe4\xe1\xea\x91\xe7q\xcc\xe3O\
O\x1b\xcfl\xcf\x83\x9e\x033\xccf\xf0f\xec\x9d\xd1\
\xe7e\xe8\xc5\xf6\xda\xed%\xf3\xa6{\xa7y\xef\xf2\x96\
\xf9\x18\xf8\xb0}j|\x9e\xfa\x1a\xf9r}\xf7\xf9>\
gZ0\xb3\x98\x87\x98\xaf\xfc\xec\xfd\xc4~'\xfc>\
\xf8{\xf8/\xf1o\x0b@\x05\x04\x07\x94\x06t\x05\xaa\
\x05\xc6\x07V\x05>\x092\x0c\xca\x0c\xaa\x0b\x1a\x0ev\
\x09^\x1c\xdc\x16\x82\x09\x09\x0b\xd9\x10\xd2\xc3\xd2eq\
X\xb5\xac\xe1P\xb7\xd0%\xa1\x17\xc2\xc8a\xb1aU\
aO\xc3-\xc3\xc5\xe1\xad\x11pDh\xc4\xc6\x88G\
3Mf\x0ag6E\x82HV\xe4\xc6\xc8\xc7Qf\
Q\xf3\xa3NFc\xa3\xa3\xa2\xab\xa3\x9f\xc58\xc4\x14\
\xc6t\xc4Rc\xe7\xc6\x1e\x8c}\x1f\xe7\x17\xb7.\xee\
a\xbcy\xbc4\xbe=A9!5\xa16\xe1Cb\
@by\xa2,\xc9.iI\xd2\xb5d\xeddAr\
s\x0a.%!e_\xca\xc8\xac\xc0Y\x9bg\xf5\xa7\
\xba\xa4\x96\xa4\xde\x9dm6{\xe1\xec+s\xb4\xe7\xe4\
\xcc9=Wy.{\xee\xf14LZb\xda\xc1\xb4\
/\xecHv\x0d{$\x9d\x95\xbe-}\x98\xe3\xcf\xd9\
\xc2y\xc9\xf5\xe5n\xe2\x0e\xf2\xbcx\xe5\xbc\xe7\x19^\
\x19\xe5\x19\x03\x99^\x99\x1b3\x07\xf9>\xfc\x0a\xfe\x90\
\xc0_P%x\x9d\x15\x92\xb53\xebCvd\xf6\xfe\
lyNbNC.>7-\xb7E\xa8&\xcc\x16\
^\x98\xa77o\xe1\xbcn\x91\x95\xa8D$\x9b\xef1\
\x7f\xf3\xfcaq\x98x\x9f\x04\x92\xcc\x964\xe7\xd1\x10\
\x91\xd4)5\x97\xfe \xed\xcd\xf7\xce\xaf\xce\xff\xb8 \
a\xc1\xf1\x85\xaa\x0b\x85\x0b;\x17Y.Z\xbd\xe8y\
AP\xc1\xcf\x8b\xd1\x8b9\x8b\xdb\x0b\x0d\x0aW\x14\xf6\
.a.\xd9\xbd\x14Z\x9a\xbe\xb4}\x99\xd1\xb2\xe2e\
\xfd\xcb\x83\x97\x1fXA\x5c\x91\xbd\xe2\xd7\x22\xfb\xa2\xf2\
\xa2w+\x13W\xb6\x16\xeb\x16//\xee\xfb!\xf8\x87\
\xba\x12\xa5\x12qI\xcf*\xcfU;\x7fD\xff(\xf8\
\xb1k\xb5\xd3\xea\xad\xab\xbf\x95rK\xaf\x96\xd9\x97U\
\x94}Y\xc3Ys\xf5'\x87\x9f*\x7f\x92\xaf\xcdX\
\xdb\xb5\xceu\xdd\x8e\xf5\xd8\xf5\xc2\xf5w7\xf8l8\
P\xaeZ^P\xde\xb71bc\xe3&\xfa\xa6\xd2M\
\xef6\xcf\xdd|\xa5\xc2\xb9b\xe7\x16\xe2\x16\xe9\x16Y\
exe\xf3V\xe3\xad\xeb\xb7~\xa9\xe2W\xdd\xa9\xf6\
\xabn\xd8\xa6\xb3m\xf5\xb6\x0f\xdb\xb9\xdbo\xee\xf0\xdd\
Q\xbfSwg\xd9\xce\xcf\xbb\x04\xbb\xee\xed\x0e\xde\xdd\
XcZS\xb1\x07\xbb'\x7f\xcf\xb3\xbd\x09{;~\
f\xfc\x5c\xbbO{_\xd9\xbe\xaf\xfb\x85\xfbe\x07b\
\x0e\x5c\xa8u\xab\xad=\xa8sp]\x1d\x5c'\xad\x1b\
<\x94z\xe8\xc6\xe1\x80\xc3\xcd\xf56\xf5\xbb\x1b4\x1a\
\xca\x8e\x80#\xd2#/\x8e\xa6\x1d\xbd{,\xecX\xfb\
q\xc6\xf1\xfa_L~\xd9v\x82z\xa2\xb4\x11j\x5c\
\xd48\xdc\xc4o\x925'7w\xb7\x84\xb6\xb4\xb7z\
\xb6\x9e8i{r\xff)\x83S\xd5\xa7\xd5O\xaf;\
C<S|F~\xb6\xe0\xecH\x9b\xa8m\xe8\x5c\xe6\
\xb9\xbe\xf6\xb9\xed\x0f\xcf'\x9d\xbf}!\xfaB\xd7\xc5\
\xb0\x8b\x97/\x05]:\xdf\xc1\xec8{\xd9\xeb\xf2\xa9\
+\x1eWZ\xae2\xae6]s\xbd\xd6\xd8\xe9\xd2y\
\xe2W\x97_Ot\xb9v5^w\xbb\xde|\xc3\xfd\
Fk\xf7\x8c\xee37}n\x9e\xbb\x15p\xeb\xd2m\
\xd6\xedkwf\xde\xe9\xbe\x1b\x7f\xf7^Oj\x8f\xec\
\x1e\xf7\xde\xc0\xfd\x9c\xfb\xaf\x1f\xe4?\x18}\xb8\xfc\x11\
\xe6Q\xe9c\x95\xc7\x15Ot\x9e\xd4\xfcf\xf1[\x83\
\xccUv\xba7\xa0\xb7\xf3i\xec\xd3\x87}\x9c\xbe\x97\
\xbfK~\xff\xd2_\xfc\x8c\xf2\xac\xe2\xb9\xfe\xf3\xda\x01\
\xc7\x81S\x83A\x837^\xccz\xd1\xffR\xf4rt\
\xa8\xe4\x0f\xd5?\xb6\xbd2\x7f\xf5\xcb\x9f\xbe\x7fv\x0e\
'\x0d\xf7\xbf\x16\xbf\x96\xbfY\xf3V\xeb\xed\xfew\xce\
\xef\xdaG\xa2F\x9e\xbc\xcf}?\xfa\xa1\xf4\xa3\xd6\xc7\
\x03\x9f\x18\x9f:>'~~>\xba\xe0\x0b\xeeK\xe5\
W\x8b\xaf\xad\xdf\xc2\xbe=\x92\xe7\xca\xe5\x22\xb6\x98=\
.\x05P\xc8\x8032\x00x\xb3\x1f\xd1\xc6\xc9\x00P\
\x11]N\x9c5\xa1\xad\xc7\x0d\x9a\xf8\x1e\x18'\xf0\x9f\
xB\x7f\x8f\x9b+\x00\xf54\x00\xa2\x87\x10u\xd3\x03\
\xc0\x91\xbd\x88\x9cE\xe2+#\xdf\x04Q\x14\x00\xe2\xdc\
\x01\xec\xe4\xa4\x18\xff4I\x86\x93\xe3D,2\xa2\xfb\
0O\xe4\xf2\xb7\x88\x06\xc6m\x04\xe0\xebz\xb9|\xb4\
F.\xff\xba\x07)\xf6\x11\x00m\xc2\x09M?fX\
D\xcb\xef\x0a\xff\x9a\x9e\x9b\x0e\xfe\x8dM\xe8\xfd\xefz\
\xfc\xfb\x0c\xc6*p\x06\x7f\x9f\xff\x01^#\x1a\xbd\xff\
\xc6\x8d\xf0\x00\x00\x00\xb8eXIfMM\x00*\x00\
\x00\x00\x08\x00\x06\x01\x12\x00\x03\x00\x00\x00\x01\x00\x01\x00\
\x00\x01\x1a\x00\x05\x00\x00\x00\x01\x00\x00\x00V\x01\x1b\x00\
\x05\x00\x00\x00\x01\x00\x00\x00^\x01(\x00\x03\x00\x00\x00\
\x01\x00\x02\x00\x00\x011\x00\x02\x00\x00\x00\x15\x00\x00\x00\
f\x87i\x00\x04\x00\x00\x00\x01\x00\x00\x00|\x00\x00\x00\
\x00\x00\x00\x00\x90\x00\x00\x00\x01\x00\x00\x00\x90\x00\x00\x00\
\x01Pixelmator Pro \
2.4.3\x00\x00\x00\x03\x92\x86\x00\x07\x00\x00\x00\
\x12\x00\x00\x00\xa6\xa0\x02\x00\x04\x00\x00\x00\x01\x00\x00\x00\
 \xa0\x03\x00\x04\x00\x00\x00\x01\x00\x00\x00 \x00\x00\x00\
\x00ASCII\x00\x00\x00Screens\
hot:\x22\xc2\xb8\x00\x00\x00\x09pHYs\x00\
\x00\x16%\x00\x00\x16%\x01IR$\xf0\x00\x00\x04\x14\
iTXtXML:com.adob\
e.xmp\x00\x00\x00\x00\x00<x:xmp\
meta xmlns:x=\x22ad\
obe:ns:meta/\x22 x:\
xmptk=\x22XMP Core \
6.0.0\x22>\x0a   <rdf:\
RDF xmlns:rdf=\x22h\
ttp://www.w3.org\
/1999/02/22-rdf-\
syntax-ns#\x22>\x0a   \
   <rdf:Descript\
ion rdf:about=\x22\x22\
\x0a            xml\
ns:tiff=\x22http://\
ns.adobe.com/tif\
f/1.0/\x22\x0a        \
    xmlns:exif=\x22\
http://ns.adobe.\
com/exif/1.0/\x22\x0a \
           xmlns\
:xmp=\x22http://ns.\
adobe.com/xap/1.\
0/\x22>\x0a         <t\
iff:YResolution>\
1440000/10000</t\
iff:YResolution>\
\x0a         <tiff:\
ResolutionUnit>2\
</tiff:Resolutio\
nUnit>\x0a         \
<tiff:XResolutio\
n>1440000/10000<\
/tiff:XResolutio\
n>\x0a         <tif\
f:Orientation>1<\
/tiff:Orientatio\
n>\x0a         <exi\
f:PixelXDimensio\
n>32</exif:Pixel\
XDimension>\x0a    \
     <exif:UserC\
omment>\x0a        \
    <rdf:Alt>\x0a  \
             <rd\
f:li xml:lang=\x22x\
-default\x22>Screen\
shot</rdf:li>\x0a  \
          </rdf:\
Alt>\x0a         </\
exif:UserComment\
>\x0a         <exif\
:PixelYDimension\
>32</exif:PixelY\
Dimension>\x0a     \
    <xmp:Creator\
Tool>Pixelmator \
Pro 2.4.3</xmp:C\
reatorTool>\x0a    \
     <xmp:Metada\
taDate>2022-06-2\
0T08:16:31+02:00\
</xmp:MetadataDa\
te>\x0a      </rdf:\
Description>\x0a   \
</rdf:RDF>\x0a</x:x\
mpmeta>\x0a\xa1\xac\xd8s\x00\x00\x05\x1f\
IDATX\x09\xbdWoLSW\x14\xff\xbd\xd7\
W\xa8\x14\xfa\x8f>h\x0b\x0c\x01\x05kA\x830\x91\
\xcc(~\x18Y\xe6\xdc\x12\x97\x91\xed\x8bS\xb7\x90\xb9\
\xf9e\xba\x0f\xea\x1c.fN\xb7\xc5\x91\xa9Y\xb2/\
j\xb2%,#1&fK\x1c\xd92\x13\x98cA\
\xb79a \x08J\xa1\x15JK#\x7f,\xf6\xdf\xee\
)\xbe\x97\x15\x8b\x0f\x05v\x92\x97{\xefy\xe7\xfc\xce\
\xb9\xe7\xfe9\xe7r\x98AUUUBo\xf7\xad\xa9\
P8\xc8G\x22\x11D\xa3\xd1\x19\x12\x8f7\xe48\x0e\
<\xcfC\x10\xd4HN\xd6\x8cu\xdf\xec\xd43\x04\x19\
\x94\xab\xa8\xa8\xd0\xb5\xb6\xb6\xdeeL>;+g \
x?\xa8e}\xdd\xe3\x99\x99\xbb\xb4 \x08\xc3\x83\xee\
\x01\x0bi\xd4\xd6\xd6\x0a\x5cQ\xd13i]]-\xe3\
6KV \x1c\x0e'Y\xb5\xf9x\xadx\x1f\x96\xa6\
\xdb!jm\xe08~\xee\xe8\x09$\xa3\xd1\x08<\x13\
.\xdc\xf2\xfe\x83\x86\xf6cp\x8f\xf7RDF\xdcC\
\xaeL&\x1e\xe1\x1c\x8eJ\x93\xdf\xe7\xec\x0f\x85B\xda\
\x8d9\xaf`g\xf9a$\xab5\x09\xa0\xe6\xcf\x9a\x0a\
\x06p\xba\xad\x0e\x97\x9c\x8dlI\x04?\x8b\x84\x89\xb3\
\xe7\xd9s}\xe3\xa37\xad\xda<\xd5\xb1\xea\x1fb\xc6\
\xdb\x07[\xf1[_\x13\xbc\x13nD\xd8\x0c\xe6C<\
\x8b`\xba\xd6\x8auy\xcf\xc2\x91U\x01rb_\xd3\
f\x8aD\xc8`\xd2\x9bT)Z\xad\x9f\x85\x9e\xaf]\
\xf3)rME \xe3\x17\xfe>\x8b\xc9\xfbcl\xa7\
\xc8{\xe5\x89} \x0c\xc2\xba1\xfc'\x8cKDX\
\x0dKaJ\xb2\xe1\xf2\xe0\x05>\x1a\xe1\xf6\xf3\xa1p\
(\x06NkND3_,\x92\xb0%[\xa1P\x10\
\xb1\xa3F\x06i\xc3\x11Q\xd8\x17\x8b$l\xc9\x16\x1d\
sA:\xe7\xd2nWZ\xf3\x15\xab\x0b\xb0iK\x05\
V\x96/Gz\x86\x11\xa9\xba\x14\x8c\xdc\xf1\xc1u\xdb\
\x83\xbe\x1bN\x5c\xf8\xfag\x0c\xbbF\x12\xceA\xc2\x96\
l\x91m!\xa1d\x02\xa6\xd1\xac\xc7\xbbGw`\xed\
\xa6\xd5\x0f\xfd\xb5-\xcd\x04}\xe5\x1b\x8b\xb1uG5\
\x9a\xce\xb5\xe0\xab\x8f\x1apo2\xf0\x90\xecL\xc6\x9c\
\x1c0\x89\x06\x9c8_\x07s\xa6Q\xd6\x8fF\xa2\xb8\
\xd9\xd1\x0f\xbfw\x0c\x96\xec\xf4\x98\x03\xbc\x8a\x87JP\
\xe1\xb9\x9a\x0d,:\x06\x1c\xaa\xfd\x02\x14\xe6G\x91\xa2\
\x03t\x95\xbe\x7f\xea\xed8\xe3\x7f]\xeeD\xfd\x81\xd3\
\xb8\xe3\xf4\xc8\xd8\xb9\xcb\xb2\xb0\xfb\xf06\x94\xac-\x8c\
\xf1\x9e\xaeZ\x85\xed{_\xc6\xe9\xcf\x1ae\x99D\x1d\
\xc5k\xae\xb4r%\x1ce\xcbe\xdd\xbeN'\x0e\xee\
\xfc<\xce8\xfd\xbc\xdd3\x88\x0f\xde\xa8G\x7f\x8fK\
\x96\xdd\xf4\xe2:\xb9?[G\xd1\x81\xea\x9a\xf5q\xba\
g\x8f\x9fC0\x18\x8c\xe3I\x83\xc0\xbd\x00\x0b\xfb\x09\
\xb6\x09\xbd\x88\x84#h\xb9xE\xfa5k\xab\xb8\x04\
y\x85\xd9\xb2r\xf0~\x08W\x9b\xdb\xe5q\xa2\x8e\xbb\
\x7f\x08\xdb6\xbc\x87%)\x9a9mB\xc5\x08\x88\xd6\
t\xd9\xce\xa8\xc7?\xeb\xece\xa1\x07\x9d\xb9\x9c\x00\x12\
Ut \x0e\x98m\xc8\x85&E\x07<n\xafl\xd3\
$\xea\xa1V\xab\xe5\xf1Bt\x14\x1d\xe8\xbb1 \xdb\
\x11\xd4\x02\xd6\xacw\xc8\xe3D\x1d\xbdI\x87\xfa\xef\x0e\
\xe2\x9b\xe6\xe3xu\xd7\x0b\x89D\xe2x\x8a\x0e\xfc\xd8\
\xd8\x1c\xa7\xf0\xfa\x9e\xad\x94\xcb\xe3x\xd2@\xa5R\xe1\
\xe0\xa9w`_S\x00\xb3\xc5\x84\x9a\xda\xe7\xa5_\xb3\
\xb6\x8a\x0e\xfc\xf1k\x07:\xae\xf6\xc8\x00\xf9\xf6\x1c\x1c\
9\xb3\x17\x96\x1cQ\xe6Q'\xc3f\xc6\x81\x93\xbb\xe4\
\x8b\x88xWZ\xaeS\xf3HJ<\x95\xff\xa8P\xc2\
8\xb2\xfbK\x9c<\x7f\x08\xa6\x0c\xaa'\x81\xd5\x95+\
p\xe6\xa7O\xa6\xaf\xe2\x91\xbb\x10mFd\xe7[c\
\xd7\xb0\xa4:24\xca\xf2\xc1\xb7\xd2p\xd6V1\x02\
\xa4\xe9\x1d\x1e\xc5\xee\x97>\xc4\xef\xbf\x5c\x93\x818\x9e\
\xc3\xb2\xe2\x5c\x94W\x95 \x97\xdd\x15\x94\x03\x88\xc8\xe1\
\xe6\x8bm\xd8S\xf3q,K\xca\x0a\xb3t\x14# \
\xe9\xf9\xd8\x1dP\xf7f=V\xac\xca\xc7F\x96\x8e\x8b\
\xcb\x0bad\x11\xd1\x1bR\xe1\x1d\xf2\xc3\xd5\xef\xc1@\
\xaf\x0b\xdf7\x5c\xc2\xed\xee\x01IM\xb1\x15(\xd9\x90\
\xd7T\xbdR\x9e\xa6\x1aN\xca\xdb\x89\xb4;\xaf\xf5\x82\
\xbe'!\xc2&\x22[D\x0f\xde\x0c\xd3L*\x9d\x89\
\xa8\x80\x5c,\x92\xb0%[\xf4`\xe1\x05\x95\x10s\x87\
\xeav\x22\xaa^\x17\x8b$l\xc9\x16\x1dg^\x95\x94\
F\xc5\xe0T\xc3\xf5\xa3\xb1\x92\x99J\xe7-%\xdb!\
\xa6f\xc5\x96c\xbe\xceP\xd8\x09\x8b0\xa5\xb2\x9cl\
1\x9aP\xa9\xd3,\x5c\xa9\xbd4w\xd8\xef\xe9`\x0f\
\x93\x94\xff\xf9a2i\xb1e\x8a\x5cii\xa9ml\
,i|b\xcc\xe9d\xe5\x93\x8e=P\xd8\xd3l\xff\
\xe2<\xcd\xd8\xcc\xdd\x13}\xf44\x0b\x9b3\xd2\x0b5\
\x1a\xcd$W\xe6({*\x80\xc0\x1dQ\x14#\xdd]\
=wY$\xe8]\xb6\xf0ioz-C,\x99\x8d\
\x1bt\xfa\xcd\xf6\x12{kcc#K\xc7\x1a\x8c\xb0\
;\x5c\xed\xf3%%\x8bz\xf3J\xbd\xce\xf0VrR\
2\xe8^\xa7c2_\x22\x0c\xc2\x22L\x9dN\xdf\xa2\
7\xea\x0a\xa2\xaah[W\xd7 \x15\x1a\xe1\x7f\x01/\
\xfc\xe7K\xcd\xf2q\x91\x00\x00\x00\x00IEND\xae\
B`\x82\
\x00\x00\x02W\
\x89\
PNG\x0d\x0a\x1a\x0a\x00\x00\x00\x0dIHDR\x00\
\x00\x00,\x00\x00\x00,\x08\x06\x00\x00\x00\x1e\x84Z\x01\
\x00\x00\x00\x01sRGB\x00\xae\xce\x1c\xe9\x00\x00\x00\
8eXIfMM\x00*\x00\x00\x00\x08\x00\x01\x87\
i\x00\x04\x00\x00\x00\x01\x00\x00\x00\x1a\x00\x00\x00\x00\x00\
\x02\xa0\x02\x00\x04\x00\x00\x00\x01\x00\x00\x00,\xa0\x03\x00\
\x04\x00\x00\x00\x01\x00\x00\x00,\x00\x00\x00\x00\xdf\xa6\xc5\
\x99\x00\x00\x01\xcdIDATX\x09\xed\x98\xb9J\x03\
Q\x14\x86\x1d\xb5\xd0F\xc1\xc2}o\x14W\xdc:\x9b\
\x80`\xa7\xa5`ac\xad\xa0\xa2O`-\x08\xf1\x15\
|\x02\x11\xec,l|\x81(jp\xc3}K,\x22\
BB\xfc\xee0\x13\x86\xc3DR$p\x94{\xe0\xcf\
\xb9\xff\xb9\x99{\xbf93$\x93\x94\x95\xd9\xb0\x1d\xb0\
\x1d\xb0\x1d\xb0\x1d\xf8\xd7\x1d\xc8f\xb3u\xa8\xf2O\x9c\
$\xa0\xab\xc8D\x1c\xf5\xa8\x87\x06\xf2\xc8\xd0z\xf1@\
\xeeU\x0d\x0d\xe0\x82O\xeb\xe5Gr\x9fv\xe8e\x01\
\xfd\x84\xef\xd7\x0e\xbd\x22\xa0\x9f\xf1\x03\xda\xa1\xd7\x04\xf4\
\x0b~H;\xf4\xba\x80~\xc5\x0fk\x87^\x042\x1d\
\x007\xd0#\xda\xa1g\x81\xfc\x0a@\xbf1\x1e\xd5\x0e\
=\x09\xe4G\x00\xfa\x9d\xf1\xb8v\xe8A \xef\x02\xd0\
\xe6\x04&~\x83v\xc2&9\xc8\xd4;PU\xd8|\
\x11j\x19\xd6H\xa2\x04jB\x07\xc8\xff\xea6\xf5i\
\xc7q\x8e\xc9\x85\x05\xc0\xbb\x81\xb3.\xf50\xc5\x06I\
\xb1I\x02\xdf\x15F[\x1eV\xa46\x93\xa7^\x8ar\
5\x8b\xd6\x88\x85k\xf1\x11Qsm>\xe0(\xb3\xe9\
\xb0\x03\x8aXK\xb1\xd6=\x8a\xa1\x1b\xb1\xee-~O\
\xd4\x5c\x1bz\x0f\x9b\x19.I\x05\xa9T\xcf\xb1\x19\xee\
Q\xb7!\xec3\xc6>\xfb\xa8\x1e\x990\xb0\x11\xe6\xe3\
\xae\xd3\xf4\x02\xec\x14\xfaD~\x5c3\xe8\xd6\xc4\x98c\
\x01l\x0e}\xfb\xa4\xe4+\xd4\x99{\x83\xa6\x01`K\
(\x83\xfc\xb8d`>F\xf5\x05`\x9b>\xa5\x97\xcd\
\xcf\xa7v}\xa4\x10\x01\xb6#`/\xf0mZa\xa3\
\x02\xf6\x1c\xdf\xaa\x15v[\xc0\x9e\xe1[\xb4\xc2n\x09\
\xd8S|\xb3V\xd8\x0d\x01{\x827\x0f;:\x03\xb8\
\xe0\xff\x121|\xa3NR\x8f\x0a\xc0yd\x9eq\x0f\
Q\x83jX\x0bg;`;`;`;PP\x07\
~\x00\xdf\xc7|\x1bC\x96\x00\xba\x00\x00\x00\x00IE\
ND\xaeB`\x82\
\x00\x00\x0a\xfd\
\x89\
PNG\x0d\x0a\x1a\x0a\x00\x00\x00\x0dIHDR\x00\
\x00\x00,\x00\x00\x00,\x08\x06\x00\x00\x00\x1e\x84Z\x01\
\x00\x00\x00\x01sRGB\x00\xae\xce\x1c\xe9\x00\x00\x00\
\xc6eXIfMM\x00*\x00\x00\x00\x08\x00\x06\x01\
\x12\x00\x03\x00\x00\x00\x01\x00\x01\x00\x00\x01\x1a\x00\x05\x00\
\x00\x00\x01\x00\x00\x00V\x01\x1b\x00\x05\x00\x00\x00\x01\x00\
\x00\x00^\x01(\x00\x03\x00\x00\x00\x01\x00\x02\x00\x00\x01\
1\x00\x02\x00\x00\x00\x15\x00\x00\x00f\x87i\x00\x04\x00\
\x00\x00\x01\x00\x00\x00|\x00\x00\x00\x00\x00\x00\x00H\x00\
\x00\x00\x01\x00\x00\x00H\x00\x00\x00\x01Pixel\
mator Pro 3.6.6\x00\
\x00\x00\x04\x90\x04\x00\x02\x00\x00\x00\x14\x00\x00\x00\xb2\xa0\
\x01\x00\x03\x00\x00\x00\x01\x00\x01\x00\x00\xa0\x02\x00\x04\x00\
\x00\x00\x01\x00\x00\x00,\xa0\x03\x00\x04\x00\x00\x00\x01\x00\
\x00\x00,\x00\x00\x00\x002024:08:1\
4 15:10:24\x00D\xe1B\x0d\x00\
\x00\x00\x09pHYs\x00\x00\x0b\x13\x00\x00\x0b\x13\x01\
\x00\x9a\x9c\x18\x00\x00\x03\xb0iTXtXML:\
com.adobe.xmp\x00\x00\x00\
\x00\x00<x:xmpmeta xml\
ns:x=\x22adobe:ns:m\
eta/\x22 x:xmptk=\x22X\
MP Core 6.0.0\x22>\x0a\
   <rdf:RDF xmln\
s:rdf=\x22http://ww\
w.w3.org/1999/02\
/22-rdf-syntax-n\
s#\x22>\x0a      <rdf:\
Description rdf:\
about=\x22\x22\x0a       \
     xmlns:tiff=\
\x22http://ns.adobe\
.com/tiff/1.0/\x22\x0a\
            xmln\
s:exif=\x22http://n\
s.adobe.com/exif\
/1.0/\x22\x0a         \
   xmlns:xmp=\x22ht\
tp://ns.adobe.co\
m/xap/1.0/\x22>\x0a   \
      <tiff:YRes\
olution>720000/1\
0000</tiff:YReso\
lution>\x0a        \
 <tiff:XResoluti\
on>720000/10000<\
/tiff:XResolutio\
n>\x0a         <tif\
f:ResolutionUnit\
>2</tiff:Resolut\
ionUnit>\x0a       \
  <tiff:Orientat\
ion>1</tiff:Orie\
ntation>\x0a       \
  <exif:PixelYDi\
mension>44</exif\
:PixelYDimension\
>\x0a         <exif\
:PixelXDimension\
>44</exif:PixelX\
Dimension>\x0a     \
    <xmp:Metadat\
aDate>2024-08-14\
T15:10:46+02:00<\
/xmp:MetadataDat\
e>\x0a         <xmp\
:CreateDate>2024\
-08-14T15:10:24+\
02:00</xmp:Creat\
eDate>\x0a         \
<xmp:CreatorTool\
>Pixelmator Pro \
3.6.6</xmp:Creat\
orTool>\x0a      </\
rdf:Description>\
\x0a   </rdf:RDF>\x0a<\
/x:xmpmeta>\x0aK\x18\xebK\
\x00\x00\x06\x14IDATX\x09\xed\x96mh\x96U\
\x18\xc7\xe7zY\xadY\xb9^I\xd7\xd6\xa4\xd2Q$\
Ah\xe6j\xb3W\x84\x22\x08B\x90\xc8\xfc\xa0\x14V\
X\x1f\x0a\x84j`\xf5\xa5\xa8\x84\x8a\xda\x87\xa2\xc0\x88\
\xbe\xf4F\x1f,L\xb7\x98\xb8\x92\x0a\xa2|I\xb79\
mEZ\xab,m\x9a\xf5\xfb\xdd\xcf}\xd5\xed\xf6<\
\xcf\xb6\xa7\xf9\xed\xf9\xc3\xef\xbe\xcf}\xceu\xce\xb9\xce\
u\x9ds\x9e\xa7\xa2\xa2\xacr\x04\xca\x11(G\xa0X\
\x04&\x15k\x1cG\x9b\xe3\xfc\x9d\xdaW\xf3n\x85f\
\xb8\x10\xaa\xc06m~\x82\xaf\xe0c\xf8\x14B\xd9\xfe\
Q\x97\xf7\xad\xe1\xff\x91\xfd\xe5\x08\xe8\xd8B\xb8\x0b\xce\
\x84\x93\xc1\xba\xe3A\xe9\xf4!\xf8\x03\x0eB\x0f\xbc\x00\
\x1f\x82\xaa\x04\xc7)\xaaR\x1d\xce\xf6\xd3\x91\x06h\x83\
\xb9p\x12\xd8>\x00?\xc3\x01\xd0\x91\x13`2\x9c\x0d\
\xb5\xf0+\x1c\x86\xf7`U\xfa=\xaa\xd3\xd9\x89\xe9S\
T\x0ef\xb4\x9c\x5c\x8e\x03#6\x03\x9eI\xdf\xda|\
\x0bF\xad\x03\xb6\xc2>P'B=\x5c\x0e7\xc2U\
`\x9d\x0b\xde\x08\xf7\x81\xb6\xa3:\x8dMQ\xb9(\x9d\
\xcb'S\xff>\xf4\xc26X\x0d\xd3!+\xfb\x8a\x8e\
\x84\x5c\xf8\xed\xb0\x01za'\xbc\x02fG\x15\x0cd\
\xc1\x86\x5c\xbf\xa4\xa3\x11P\x8dp\x13\x5c\x00U`J\
\xa7B+\x18\xe97\xe110\xcd\x91\x89\xe8\xeb\xdb\xb9\
\x023d\xdd,x\x02\x9a\xd2\xef\xe7x?\x0b%\xc9\
\xc1C\x0fPX\x07F\xf1;\xd8\x03\x03\xb0\x03\xfa\xe0\
%\xd0I\xe5;\x1c\xcb\x8e\x914\xa6\x0f\xeb\xc3~6\
\xe5.0\xca_\x827KA\x15Jutp\xe0\xa7\
`\x11\x98~\xd3j4\x87R\xbc\xc2\x9c\xe8A\xf0\xca\
\xd2\x09#<\x5c\xf9\x1c7\xc2\xda\xf7\x83{\xd9\x03k\
\xe6\xac38%i)\xbd<D\xdb\xc1\x03d\xca\xe6\
@-L\x01\xa3s\x05\xa8\x88\x98e\x03\xe1\xb5\x16{\
\xd2\xba|\x8a}}\x1a\x8do\x83Y\xeb\x06o\x93q\
\xcb\xeb\xe730\x82[`\x09\x14R6\x82-\x18\xb5\
C'\xac\x85\x950\x0dT\xd6.W\x93\xbb\xee,?\
\x0c\xbd\xf0\x0dxVT>\xfb\x5cK\xe6\xe9}\xa9\x16\
\x83\x9dM\x99\x91UF.\xdf \xd6+\x17e6\xdc\
\xdb.2\xfa\x7fDy&\xa8\x88j\xee\xeb\xbf\x1b\xe8\
j*\x0cP\x0f<\x946\x0e\xb7=\xaa\xb3\x8e8\xf1\
\xa1\xd4\xd8\xcd\xef\x1e\xfd\x11\xdeM\xeb|\xb9\xf7\xb2r\
+\xfc\x05\xf3`y\xda\xf0g\xfav\xccA\x98\x01\x1e\
\x5cS}\x04\xb2\x8b\x8e\xf1\x5c\xe4~p?\xd7\x83\xca\
\xda%\x15\xb1\x02\xdfvt\xe2\xcb\xe0\x1e\x98\x0d\xd6\xed\
\x85\xcd\xa0\x9c,+\x07\x8c\xba\xeb(\x9f\x07:\x1b\x99\
\xb0\xdd\x8c\xe9\xf4\xf5\xd0\x04*\xeb\x88s\xf8m`\xec\
k\x00j \x94\xb5M\x1au\xd6I= +`\x01\
\xd4\x81\x93\x9e\x0a\x1e\x1e'\xf4\xdb\x05\x0d\x97}=4\
\xee\xd3\xc3\x10A\xa0\x98(&4[Fn\x13\xe8\xe4\
p\xd9\xd7z3\xec\xf6\xb9\x03\xd6\x80u\xe1c\xe2\xb0\
\x13\xea\xd4\x93p3\xb8B;\xad\x87\xcf\xc1}\xa8\xf2\
M\x92k\xc9=uL\x8a\xd9\x85\xf3\xd9~\x96\xed\xe3\
\x82N\x013\xe2\x0d\xb4\x12Z\xe1Q\xe8\x87$`:\
\xa7\x96\xc0\xad\xa0\xf3\xdb@#\xb7\x81\xab\x8e\xa8\xda\x96\
O\x0e\xf4\x0bx%\xb9\xff\x0a\xd99\xd6.P\xd9\x85\
\xe9\xac\xdf\xbfC\x1b\xe8\xc7|0\x88:l\xf6\xee\x87\
\xddP\xe9d\xa6\xffi\xa8\x02+=\x1c\xfeW\xd5Q\
\x07\x1bM\x8e\x11N\xb6Pv\xa2\x83\xa0\x13\xd6\x9b-\
\x7ft6\xc0kp\x00\x0ai'\x0d\x1f@'\x5c\x0a\
\xf6\x9b\x06F|=\xb8\xe8\x8ae\xb0\x03\xfa\xe0nP\
\x11\xf9\xdc\xd7\xe8\xcf\xca\xd4\xc4\xc5\xf6\x83\xd1\xee\x05\xc7\
\xfc\x01\xbaa\x0e\xa8\xb0\xcd}\x8d|\xbaP5\x15\xde\
\x01\x17\xd1\x03-\x90\xec\x0b\xc3\xdd\x08:\xdd\x0eN`\
\xa7\xb1D\x17\xb3\xa3\xa4c\x9ev\x0f\xb0\x91\xb5\xdc\x05\
\xab\xc06\x9d\x8dlP,(\x03\xe66\xdb\x07\xde.\
\xeek\xfbm\x80\x8aO`\x0f\xbc\x01\x93A\xc5*s\
_c{\xda'2s.e\xaf\xc5Y\xe0\x16Q\xd1\
\x96\xfb*\xfe\x8c,\x9c\x81\xd9\xab\xb0\x1b6\xc2\x14\x07\
\xf1\xea\xd2\xc0}\xe7\xc5]\xaa\xb3f$\xd9c\xbc\xbf\
O\xe1\xf5\xaf\xa2\xcd\xf1G\xcb\x9e\xed\xfad\x84w\x81\
~\xfaW\xa1\xc6\x82\x97\xb5\xe1\xf6\x84{\xb5xZ\xc7\
\xeatL\xee\x04\x8e5\x0f\xfc3t>\x9c\x0eC\xe0\
\x0f\xcfv\xe8\x00o\xa0p6\xfaR5B\xda\xc4a\
\xd6?\x9d\xd7\xbe\xdaI\xdc\xbb\x9eF'\xb9\x08\xbc{\
5\x8e\x88P\xcc+\x07q\xa1\xee\xafE\xb0\x10\xce\x02\
\x17\xed\xe2\x1d\xdbvo\x1bo\x86\xa5\xe0\x9d\xbe\x1a6\
CDQ\x9b\xe1\xd29\xfb)w\x80e\xed\xf7\xeb\x98\
\xce6\x83W\x87\x1b\xbd\x13\x94\x0eE4\x92\x8a\xcc#\
\x9c\xad\xa7\xeey\xd0\xd9Z\xa8\x02\xa5\x13\x1e\xba\x98H\
\xe7]H\x1d\xdc\x02\x1eJ\xf7d8=|\x1e\x83`\
\xdfFp\xa1\xde\xc5[`\x8d\x0e\x0f\x80\x83\x18\x15\x0d\
\xfc\xde\x0a\x0eb\x9d\xabU\xbe%\x9c\x9dN\xb9\x1d.\
\x81p,;q\xd8\xd3\x9c\xc86qN\x0f\xe49\xb0\
\x0e\x94u1\xb6\xce\xbaX\xb5\x1c\xae\x05\x17\xfc:t\
h\xf8\x1bx\xe0n\x00;\xb9\x07M\xa1+\xb2\xa3\xd1\
\x8a\xc9\xe2m\x84^\x84&\xd0\xc6~cU\x8c\xe1B\
\x1d\xbb\x1b\xa2\xce\xb7\x8bw\xfc{\xe1N\xd0G\x83\xf8\
8\x0c\xfa\xa1t\xce-q%8\xb9\x87Gg\xec\xa8\
\x8du\x91V\x07\x5c\x01\x0b\xc0\xf2x\x9c\xc5<\xb1\xd7\
Q\xb3\xd7\x00_\x83\xf7\xb5[\xb3\x0e\x9a\xc1\xdf\x86\xdb\
\xc09\xd5#\xb0\x09&9Y\xa4\xb8\x9a\xb2\xabZ\x06\
\x91\x16\xa3\xd7\x07\x83\xe0iU\xd6y\xbf\xd6\x80\x13\x97\
*\xa3\xe9\xfc\xfd)\xce\xef^m\x80*pA\x9e\xa9\
6x\x0b\x12{;\xa8p\xdah^\x03\x8ba>h\
\x14\x0a[\xbfu>\xdb\x166\xa5\xbc\x8d\xa2\x01\x8a\xc5\
;\x8fc\xaf\x85\x97\xc1\xc8\xaa\xa4>\xebD8m\xa3\
W\xc9\xc50\x17f\x82\x97\xb6\xdb#\x06\xd3v\xa2\xa4\
s\xe25\xba\x17\xbe\x80.\xf0\xe0{\xbeT\xcc\x9b\x14\
rU#\x9f\x1a\x99\x16#\xa0\x83\xd9\xc5\xf1yLd\
\x94\xddrC0Q\x19<&\x8e\x96\x07-G\xa0\x1c\
\x81r\x04&(\x02\xff\x00\x89\x93p4\x8a\xbf\xa1\x0c\
\x00\x00\x00\x00IEND\xaeB`\x82\
\x00\x00\x0b\x9a\
\x89\
PNG\x0d\x0a\x1a\x0a\x00\x00\x00\x0dIHDR\x00\
\x00\x00,\x00\x00\x00,\x08\x06\x00\x00\x00\x1e\x84Z\x01\
\x00\x00\x00\x01sRGB\x00\xae\xce\x1c\xe9\x00\x00\x00\
\xc6eXIfMM\x00*\x00\x00\x00\x08\x00\x06\x01\
\x12\x00\x03\x00\x00\x00\x01\x00\x01\x00\x00\x01\x1a\x00\x05\x00\
\x00\x00\x01\x00\x00\x00V\x01\x1b\x00\x05\x00\x00\x00\x01\x00\
\x00\x00^\x01(\x00\x03\x00\x00\x00\x01\x00\x02\x00\x00\x01\
1\x00\x02\x00\x00\x00\x15\x00\x00\x00f\x87i\x00\x04\x00\
\x00\x00\x01\x00\x00\x00|\x00\x00\x00\x00\x00\x00\x00H\x00\
\x00\x00\x01\x00\x00\x00H\x00\x00\x00\x01Pixel\
mator Pro 3.6.6\x00\
\x00\x00\x04\x90\x04\x00\x02\x00\x00\x00\x14\x00\x00\x00\xb2\xa0\
\x01\x00\x03\x00\x00\x00\x01\x00\x01\x00\x00\xa0\x02\x00\x04\x00\
\x00\x00\x01\x00\x00\x00,\xa0\x03\x00\x04\x00\x00\x00\x01\x00\
\x00\x00,\x00\x00\x00\x002024:08:1\
4 14:52:32\x00>\x82\x9eT\x00\
\x00\x00\x09pHYs\x00\x00\x0b\x13\x00\x00\x0b\x13\x01\
\x00\x9a\x9c\x18\x00\x00\x03\xb0iTXtXML:\
com.adobe.xmp\x00\x00\x00\
\x00\x00<x:xmpmeta xml\
ns:x=\x22adobe:ns:m\
eta/\x22 x:xmptk=\x22X\
MP Core 6.0.0\x22>\x0a\
   <rdf:RDF xmln\
s:rdf=\x22http://ww\
w.w3.org/1999/02\
/22-rdf-syntax-n\
s#\x22>\x0a      <rdf:\
Description rdf:\
about=\x22\x22\x0a       \
     xmlns:tiff=\
\x22http://ns.adobe\
.com/tiff/1.0/\x22\x0a\
            xmln\
s:exif=\x22http://n\
s.adobe.com/exif\
/1.0/\x22\x0a         \
   xmlns:xmp=\x22ht\
tp://ns.adobe.co\
m/xap/1.0/\x22>\x0a   \
      <tiff:YRes\
olution>720000/1\
0000</tiff:YReso\
lution>\x0a        \
 <tiff:XResoluti\
on>720000/10000<\
/tiff:XResolutio\
n>\x0a         <tif\
f:ResolutionUnit\
>2</tiff:Resolut\
ionUnit>\x0a       \
  <tiff:Orientat\
ion>1</tiff:Orie\
ntation>\x0a       \
  <exif:PixelYDi\
mension>44</exif\
:PixelYDimension\
>\x0a         <exif\
:PixelXDimension\
>44</exif:PixelX\
Dimension>\x0a     \
    <xmp:Metadat\
aDate>2024-08-14\
T14:53:04+02:00<\
/xmp:MetadataDat\
e>\x0a         <xmp\
:CreateDate>2024\
-08-14T14:52:32+\
02:00</xmp:Creat\
eDate>\x0a         \
<xmp:CreatorTool\
>Pixelmator Pro \
3.6.6</xmp:Creat\
orTool>\x0a      </\
rdf:Description>\
\x0a   </rdf:RDF>\x0a<\
/x:xmpmeta>\x0ah\xf6\xce#\
\x00\x00\x06\xb1IDATX\x09\xed\x98[\x88VU\
\x14\x80\x1d/\x89\x96\xdaM\xcdd\x1co\x98J\x11%\
\x94\x22\xd9\x14V\x0a\xd5C\xd1E\xd2\x87H\x88\x82\xa4\
\x22\x88^\xeaAz)\x0b\x92(\xe8\x86\x94\xa4HB\
\x17\xcb(!+A\x04\xed\x1e\x9aM\xce8\xde\xf2\x9a\
\x99T\xa6\xe3\xdf\xf7\xed9\xfb\xb0\xe7\xcc?\xf3\xff\xce\
\xd8@\xe0\x82o\xd6>{\xaf\xbd\xf6:k\xdf\xce?\
\xbdz\x9d\x913\x19\xf8\x7fg\xa0\xe6\xbf\x0a\xbfT*\
\xe9\xbb\x1f\xf4\xc9\xc6hA\x9f\xa8\xa9\xa99\x99=w\
I\x9d\x96\x80\x0d\x0e)\x19\x01\xe5\xb3Q\x13`4\xd4\
\xc1\xf9\xe08\x87a\x07l\x83F\xec\x0f\xa2\xb5\x0f1\
\xc4\xfe\xd6u&\xdd\x0e8\x06\x8b\xee\xcb@W\xc1\x8d\
0\x03\xc6Co8\x01\x8ec\xd9\xec\x1a\xf4zX\x0b\
_\x12\xe8\x11t\x08\xbc\x9a\xa0\xbb\x14p\x96\x15\xfb\x9a\
Z\x1eKC(\xdf\x09\xf3\xe0R\xf8\x0b\xf6\xc3!0\
\xb3f_\x9b\xa1`\xc6\x9d\x85fx\x17\x96\xe2\xa3\x01\
]U\xd0U\x07l\x90\xe52@\xfdy\x8cu?\xcc\
\x87\xc1\xf0\x1d\xac\x85\x0d\xb0\x1b\xfe\x06\x03\x1e\x08#\xc1\
Y\xa8\x87I\xe0\xf8\x1f\xc1\xf3\xf8\xfe\x11]U\xd0\xda\
u*\x06\x9b\x1a\x98\xd1\x8c\x0b\xd1\x0b\xa0\x09\xb6\xc3\xcb\
0\x15\x9c\xfe\xb2B\xdbY0\x0d^\x84\x06\xd8\x0d\xaf\
B\xad\x1d\xd0\x1d\xf6\xb5\xdduWQ\xcc,\xd2\x1f\xc3\
\xcb3t\xee\x09 \xd3A?\xef\xc0\x22lw\xa2\xe3\
\xc0\x9e\x10a3Z\x87\x9c\xa4\xfd\x1f\xf4z\xfc5\xa1\
\x7f\x83\xb90\x13\x9a\xa9{\x9a\xf6\x93\xe8\xdej\xea\xba\
&8\x18\x01\x8f\xc0g\xb0\x17\x0eez?z\x1f,\
\x87qzG\xfbv\x06ZVh\xeb\xad\x8d\x8d\xe8\xe1\
\xf0\x12\x1c\x80uP\x9f\xd5\xb7\x99Q\xeb\xa2t\x98a\
:\xf3\x92!\xb3\xc31~\x18\xee\x013j\x06\xb7\x83\
\x1b\xca5\xab\x8f\xb7\xb0\xfd\x05\xad\xd8\xaf\xa5\xb5\xd8\xfe\
/mf0\x04D\xd9\x97\x7f\x13+gn,\xcc\xe2\
\xf9\x8b\xcc\xa6\xfa,G\x87h\xd7\xdbC\xb0\x03\x1aa\
)\xdc\x02\xa3`\x18\xd4\xc2\x18\xf0E\xe22\xb0XQ\
\xe8\x13\xb3<\x90\xf2\x93p\x04VA>S\x15\x9dh\
@\x87|J)_\x06\x1f\xc3AX\x06\x1eYe\x85\
\xb6N7K\xb1\x13\xf6\xf9\xb4S\xbe\x19\xb6\xc0&\xb8\
\xb5h\x9b>\xb7\x19\x04c\x9d0#\xf9\x94N\xe4\xd9\
7\xde\x03\xab\xa9\xff\x01\xedK\xf5\x83>\xd07\xc3>\
\xa7\xb4I\xb0O7c3n\x1b\xc1s\xda\x0d\xdd\xa1\
\xe4k\x98\x81\x1dT'\x14Kg\xa1\x0dt\x0ax\xc8\
o\x01\xcf\xd50\xed\xd8\x1d\xb7\xdc]I\xc6t?x\
b\x9c\x03\x83\xa2_\xda\xdb\xad\xe3<\xe0\xf8\xc6\x189\
\xed\xb7\xc34\xa8\x03\x9d\x18\xa0YP\xd2\xcc\xb4\xd6\x14\
\xfe\x1a\x88U\xd1g\xa19}\xd4N\x7f\x1eu\x8e\xe1\
^\x18G\xff\xb1\xf4\xdd\x06a\x83\xa6~\xf2\x8014\
{\xd7\xa0\x1e\x83\xa9\xe07\xc0\xf7\xe0\xbd\xbf\x09\xbc\xb1\
\xaa\x92t\x80\x0a\x1d\xe2\xcb{\x0c:\xab\xc63\x1d\x9e\
#\x96\xb7\xd1\xef\xe3\xeb\x98\x09\x88>\xf3\x80\xa9\x9c\x8c\
\xc1\xa3p-xM.\x875\xd0\x84\xb1\xdf\x06Ab\
\xc7\xf8\x5cN\xe3\xcbe\xe4\xa7\xe4\xb1r\xede\xea\x8e\
R\xe7\x15\xed\x0b\x5c\x02~<\x8d\x01O\xa2W\xf0\xd3\
v\x09R9\x00\xbc\x18<\x0d6\xc2<\x8c\xbb$\xf4\
\x9d\x02\xcf\xc2|0s\xce\x5cX\x22\xe5\x1c\xa6m\x94\
\x87\xc2]\xb0\x12\xbc\x90\xbe\x86;\xda\xf5\xa3r\x22x\
li\xb4\x18\x06d\x03y\x12x\xccu8`f\x97\
\xb7c\xeb\xb7\xc5\x09X\x0d^:\x9d\x06l{Q\xe8\
\xe7\xb7\x86g\xb27\xa0\xb7\xe8\xc8h\x13\x8f\xb5\x8b\xa9\
\x18\x0f{ac\xb2\x04\xbc\xfb]@q\xad\xc5~e\
5\x8e\x0d\xdc\xac\xba\x84\x5c\xf3~\xa1U-\xf4\x0f3\
\xc2x\xee\x9b\x15\xe0\xb7\xb2G\xab\x07@\x90\x18\xb0\x8e\
\xcf\x05\x07\xdae\x0b\x9d=R\xaa\x0aT\xfbD\xd2\xf3\
\xb8\xc3+:\xb1\xcf\x8b\x8c\xd7\x92\xbd\xb4un\xf4m\
`2\xc7A\x90\x18\xb0\x81\xc5\xe0\xf2\xe9\xcdlNU\
\xa5\xfd\xd3r\xb5~b\x1f\xcfe3\xec\xf2\xccg*\
\x06\xec.\xf5\x17\x82\x87vx\x1b\xde\xd630\xb6S\
\xdd\xe3b\x90\x06\xeb\x09\xe19\x1d$\x06\xb4\x83\xa7\x9f\
`\x18\xcc \xd0:[\x0dZ\xdd\x93\x92\x8cy%\xe3\
\x1a\x87\xfb*,S\xe3H\x03^\xc7\xb3k\xd8\x9f0\
\x0f\x10\xf4\x18tU\xc2 q9\x15\xedC}'\xed\
E\xfb\xb0w\x18\xbb\x9e\x869\xe0)c\x22\xdd\x84A\
\xc2\xc5\x81\xc3\xe3\x18}J\x8do\xe5\xb5|7\xd4Q\
\xf7\x09\xba\x19\x5c2\xc5\x0dd0\xbe\xb0\xf5\xbb\xf0a\
&\x8a\x12\xd6#~\xfa\xd3\xe0R\x1b\x02No\x5c\xa7\
\x14s\xf1Zv\xe3O\x82Yp\x05\xec\x04o;\x83\
\x0e\x12\x02\xb6D\xa5\xdf\xbc\x8b)\x1a\xc8\x0dp\x13\xcc\
\x04\xa7\xc3\x8f\x93b\xc0.\x17\xaf\xd3?\xe0ux\x0f\
\x1f\xb8h\x93\xec8\x83\xfeP]\x00S\xe0\x00\xe4\xe3\
R\x8e\xa2/\xbf\xd6.\x02\xd7\xed\xcf\xe0m\xbb\x0cr\
i\xd3\x91\x01\xb72\xe0BZ\xbf\x85\xeb`4\x0c\x86\
Q\xd0\x07R1`3\xe7N6s\x9d\x89\xe3\xe8\xc3\
3u\x0f\x98\xcdT|K\xbf]\xfe\x84o`3\xac\
\x825\xc4\xe4\xec\xa3Z\x97]\x1ep\xac\xa4a\x1f\x86\
\xaf\xf1\xfc!\xdai\xac\x05\xbf\xd8\xcc@*qIx\
A8H9\x89\xe9v\x16\x96\x80\xdf&\x06U|y\
\xed\x8e\xc1ah\x82\x06\xe2\xf8\x1d\x1d\xef\x03\x93\x13$\
\x0f8\xbe\x01\x81\x86oP\x9e\xcd\x84T-\xf6-\x18\
\x87\x81\xb2\xc1W\x14\xda*>\xc6XR\xc3<\xe0X\
\x89\xf3\xf0\x0d\xca\xb3\x83\x87\xab9\xb6\xa5\x1agf\xe9\
j\xf0&ZK?\xd7fq3\x85\x17\xc8l=}\
\xb4\xf5\xdfS\xcebY\xc9^Z?\x8e\x9dg6\x1a\
\x173\x12\xea1t\xd1\xb4\xa8\x91\xf0\xf1\x93\xe8\xd8\xc7\
#\xe7>x\x01\x1e\xa4}\x90}(\xc7\xa0\xd5n\x1e\
e6<\x03O\x81\x81;\xd5\xf9\x87U\xe2\x1b\x175\
\x06\x1a\xc6\xd6\xae(q\xf0b}\xfeL\xe7\xf0\xf1\x93\
\xe8\xf8\xd6n\xb6\xaf\xc0\xb57\x1f\xfcJ\xf3X\xb2^\
1X\xaaJ\xf5\xe8'`2\xb8\xd6\x1b@\xc9?\xac\
\x12\xdfq\xcd\xb7Z\x94\xf9\xdbnI\x94\xb1)[\xc5\
 G\x09f\x09\x8df\xd5#\xeb^\xd0\x9f/\xe0&\
s\x93^\x0f\xf3`\x02\xac\x04\xff3\xb4\x15\xed1Z\
18\xed\x8a\x12\xa7\xafX_\xf1\x99`\x193,\x19\
\x8f\xa8\xb9`\xd0\x1e\x81;\xc1\xf3\xd4\xd3\xc3\x13\xa1\x16\
>\x00\x83mB\x9b\xf6\xd0\xd7r\x8f\x0a\x03\x87%e\
\x000\x076\xc0\xaf\xb0\x19\x1a3\x16\xa1G\xc4\xc0(\
w9I\xd1G\xb7t\x1a\x00\xe5\xdb\xe0s\xf0_P\
\x06\xbd\x10.p\x00t\xd8\xbc\xdd\x1a\xectu6\x98\
\xe8\x8b\xf2lx\x03\x1e\x077\xa1\xc1V\xdc\xdc\xb1\x7f\
\x8fi\x82J\x83\x1e\xc4s\xb8\x19\xd3\xfa\x1e\x0b\xe6\xcc\
@\xdd\xc8\xc0\xbf\xd4\xa1\xf9R\xab\xfaDS\x00\x00\x00\
\x00IEND\xaeB`\x82\
\x00\x00\x0a\xf3\
\x89\
PNG\x0d\x0a\x1a\x0a\x00\x00\x00\x0dIHDR\x00\
\x00\x00,\x00\x00\x00,\x08\x06\x00\x00\x00\x1e\x84Z\x01\
\x00\x00\x00\x01sRGB\x00\xae\xce\x1c\xe9\x00\x00\x00\
\xc6eXIfMM\x00*\x00\x00\x00\x08\x00\x06\x01\
\x12\x00\x03\x00\x00\x00\x01\x00\x01\x00\x00\x01\x1a\x00\x05\x00\
\x00\x00\x01\x00\x00\x00V\x01\x1b\x00\x05\x00\x00\x00\x01\x00\
\x00\x00^\x01(\x00\x03\x00\x00\x00\x01\x00\x02\x00\x00\x01\
1\x00\x02\x00\x00\x00\x15\x00\x00\x00f\x87i\x00\x04\x00\
\x00\x00\x01\x00\x00\x00|\x00\x00\x00\x00\x00\x00\x00H\x00\
\x00\x00\x01\x00\x00\x00H\x00\x00\x00\x01Pixel\
mator Pro 3.6.6\x00\
\x00\x00\x04\x90\x04\x00\x02\x00\x00\x00\x14\x00\x00\x00\xb2\xa0\
\x01\x00\x03\x00\x00\x00\x01\x00\x01\x00\x00\xa0\x02\x00\x04\x00\
\x00\x00\x01\x00\x00\x00,\xa0\x03\x00\x04\x00\x00\x00\x01\x00\
\x00\x00,\x00\x00\x00\x002024:08:1\
4 14:56:59\x00,{\x9d\xed\x00\
\x00\x00\x09pHYs\x00\x00\x0b\x13\x00\x00\x0b\x13\x01\
\x00\x9a\x9c\x18\x00\x00\x03\xb0iTXtXML:\
com.adobe.xmp\x00\x00\x00\
\x00\x00<x:xmpmeta xml\
ns:x=\x22adobe:ns:m\
eta/\x22 x:xmptk=\x22X\
MP Core 6.0.0\x22>\x0a\
   <rdf:RDF xmln\
s:rdf=\x22http://ww\
w.w3.org/1999/02\
/22-rdf-syntax-n\
s#\x22>\x0a      <rdf:\
Description rdf:\
about=\x22\x22\x0a       \
     xmlns:tiff=\
\x22http://ns.adobe\
.com/tiff/1.0/\x22\x0a\
            xmln\
s:exif=\x22http://n\
s.adobe.com/exif\
/1.0/\x22\x0a         \
   xmlns:xmp=\x22ht\
tp://ns.adobe.co\
m/xap/1.0/\x22>\x0a   \
      <tiff:YRes\
olution>720000/1\
0000</tiff:YReso\
lution>\x0a        \
 <tiff:XResoluti\
on>720000/10000<\
/tiff:XResolutio\
n>\x0a         <tif\
f:ResolutionUnit\
>2</tiff:Resolut\
ionUnit>\x0a       \
  <tiff:Orientat\
ion>1</tiff:Orie\
ntation>\x0a       \
  <exif:PixelYDi\
mension>44</exif\
:PixelYDimension\
>\x0a         <exif\
:PixelXDimension\
>44</exif:PixelX\
Dimension>\x0a     \
    <xmp:Metadat\
aDate>2024-08-14\
T14:57:29+02:00<\
/xmp:MetadataDat\
e>\x0a         <xmp\
:CreateDate>2024\
-08-14T14:56:59+\
02:00</xmp:Creat\
eDate>\x0a         \
<xmp:CreatorTool\
>Pixelmator Pro \
3.6.6</xmp:Creat\
orTool>\x0a      </\
rdf:Description>\
\x0a   </rdf:RDF>\x0a<\
/x:xmpmeta>\x0aq\xbf\xa0\x0d\
\x00\x00\x06\x0aIDATX\x09\xed\x96k\x88UU\
\x14\xc7-S\xcb\xf2\x99\x15b\xa5\x8eX&Y\xa6\x95\
\x91i*Q!\x08AQ\x99\x08>H\xe9aR~\
(?\xa8\x19!\x04\x81e\x0f\xc6\xa8\xf4C\x14=$\
-\xa1\x875\xd2\xa83\xa4\x0eiXi\xa93\xe3#\
+\xb5\xb2\xa4|\x8e\xfd~g\xee\x1a\xcf\xcc\xdc{'\
\xa7\x89\xfap\xff\xf0\xbb\xfb\x9c\xfdX{\xed\xb5\xf6\xde\
\xe7\xb6jUP!\x02\x85\x08\x14\x22\x90/\x02\xa7\xe5\
k<\x856\xed\x9c\xc8\xf4oO9\x12\x86A_h\
\x07\xb6\xd9\xe7g\xd8\x04+a\x1d\x84\xd2\xe3\xa3.k\
i\xc7\x7f\x22\xc7K\x0d\xe8\xd8\xdd0\x11\xba\xc1Y`\
\xdd\x19\xa0t\xfa(\xfc\x01\x87\xa0\x12^\x84\x15\xa0N\
\x07\xed\xe4Us\x1dN\x8f\xd3\x91^0\x17\xae\x873\
\xc1\xf6=\xf0\x0b\xfc\x09:\xd2\x06:\xc0\xf9\xd0\x15~\
\x83c\xf0><\x99yo\xd2\xe9\xf4\xc4\x8c\xc9+\x8d\
\x19-'\x97\xd6`\xc4\xfa\xc1\xfcLi\x9f\xad`\xd4\
Ja\x0b\xec\x07\xd5\x16z\xc2 \xb8\x05\x86\x82u.\
\xb8\x1c\x1e\x02\xfb6\xe94}\xf2\xcaE\xe9\x5c6\x99\
\xfa\xe5P\x05\xdf\xc2\x02\xe8\x03i9\xd6\xe8\xc6\xd6\xb0\
\xcd\xe7;\xe13\xa8\x82\xed\xb0\x08\xcc\x8e\xca\x19\xc8\x9c\
\x0d\xb5\xe3\x92\x81F@\x15\xc1\xad\xd0\x1b\xda\x81)\xed\
\x01#\xc1H\xbf\x09\x8f\x83i\x8eLh\xff8\xa4\xa5\
\xf3\xf6\xd1\xee@\x98\x07\xfd3\xef\xcfR>\x03\xcdR\
z1\x8f`\xa1\x04\x8c\xe2\xf7\xb0\x1b\xf6\xc06\xa8\x86\
\x85\x10\x11\xb4tlz\xfc`\xde\xbd5:B(\xfa\
\x0f\xa1\xa2\x0c\x8c\xf2F\xe8\x0b9\x95+\xd51\xc0I\
\x9f\x86q`\xfa\xdd_F\xf3H\x06\xaf0'\x9a\x01\
^Y\xda\xab\x81\xc8\xca(\x9e\x8b\xc1\xdbc4\x8c\x85\
\xceP\x0e\xf6\xd3\xe9\x9d\xe0^\xf6\xc0\x9a9\xebJ\xa0\
Y\x9a\xc2(\x0f\xd1w\xe0\x012e\xd7AW\xe8\x02\
F\xe7\x1aP.&\x1d\xd5;x7\x03_\xc3\xcb\xe0\
\xc1\x5c\x0f;\xe0)P\x11\xb0N</\x05\xb3\xb6\x16\
\xbcMNY^?N`\x047\xc3$\xc8\xa7\x86\xce\
\x1a\xb95\xe0\x02C=x\xf8\x00\xdcZ\x9e\x07eT\
\xd5cP\x05\xdf@\xb4\xa5mR\x9d]\x1e\x0a5\x01\
\x1c\xec\xc4FV\x19\x91\x5cF\xa2\xde\xc8:f%\x0c\
\x00\xe583\xa0F\x80Y+\x06\xe5vP\xc3\xc1\x00\
U\xc2\xa3\xa0bL\xed[\x83\x0a'\xd4\xb0{T\xb9\
\xf9\xdd\xa3{\xe1=\x08\xc5\xfe\x8cw\xc7\xb9\xef\xac\xbf\
\x1d\xdc\xf3fd\x16\xb8%\x94}\xdc\xb3\x96_\x82}\
\xcd`Z\xf6=\x08.\xa0g\xa6\xc1\xfe\xf5\x14+\xb0\
\xd4\xc8q\xb8\x12\xee\x87!`\xdd>\xa8\x00\xe5\xa4i\
i\xd0\xb1^S\xa6~\x0e\xec\x82\x97`2,\x02\xeb\
m\xf7\x8e\xd5\x9e7\x862\x0b*\x16b`\x0e\x83\x8b\
?\x1bB9\x9d\xd6\xe0LX\x05U\xa0\xc1\x03\xe0\xbb\
j][\xd4\xfd\x86!'\xf0\x00>\x01~\xa9FB\
wX\x00?\xc1\xa7p\x05\xa8\x22\xf8\x08\x8c\xe6 P\
.8\x16\xfe!\xcf.\xd8\x837\x1ebN\xfb\xd4\x93\
\x7fT\xbc\xb05T\x0d\xee\xb1\xc50\x1dn\x06\x95\x1e\
\x14\xceZ\xef6\xf0Z[\x08\xab\xe1\x5cP\xa6v\x22\
\x98\xe6\xd9\xd0\x1b\xbc\x09\x5c\xc4d\x08\x85-\xa3jp\
~\x04\xe7w[\xbd\x0a\x17\x81\x0a\xe7\x93\x97\x07\xf8\xad\
\x82\xed\xb0\x02\xe2N\xac\xd7\x89\xfa\x86\xba\x8b\x8a-\xa0\
\xc3\xcf\xc1Wp\x01\x84\xce\xe3\xa1\x04\xfc\x0a\xba\xcd6\
\x81\xff\x19\x1a*\x9c\xbe\x89\x86\xe7\xc1\xab\xb02\xc3\x12\
\xca\x0bA%As\x05\x1b\xc1\x0e\xa50\x10\xf2)\x8c\
\xdfF\xa7jpL\x1f\xd0\x91C0\x0d\x22\x1bF\xed\
\x1dx\x17<\xf9\xe3 n\xa1\xb0CU#\x0d\xa0\xc6\
\x83\x1e\x19\x9f\xcfs\x5c\x7f\xad\xa6\xa6\x1a\xee\xe3Y\xb9\
/\xb3)&\xe9I\xe3\x06(\x87\xc1\x99\x8eE\x94\xcb\
\xe0WX\x0c\xde\xb9\x97\xc3N(\x06\xc7\xc4\xa4a\x87\
\xaaF\x8a6\xc7k\xcf\xac\x1b\xcc\x11\x90Db(\xa5\
\x0e\xba\x9a5\xa0N\xd4\x16\x8d~#rcii\x0f\
\xee\xdb\x0ap\xbfjx\x0e,\x07\xb7\x92\xce\xce\x03m\
\x19\xadj8\x0e*\x97\xfdh\xd3\x9f\xdd\xe0\xf60k\
j\x0c$\x0b^\xcd\x83\x8do@\x07P\xb1\xca\xda\xb7\
\x93\xbf\x11y\x1d\xf5k\xd5\xefdS\xdd\xa1\xd0\xe8\xb5\
\xb0\x04~\x80{A\xb9\xd8\x5cv\x93\x0e\xa9\x9f\x08\x8c\
\x07x1\xec\x82r\xe8bCG\xb0t%\x07!\x9f\
\xd1\x88\xcc\xfe\xcc\x98\xfe\x94*}8\xbb\xf3>\x13\x86\
\x81\x11\x7f\x05\x94cc|R\x91\xe7\xc7~\xfa\xe4<\
;\xc0@\xf9\xa19\xc7\xca\xc3P\x03\xa6\xd54\xe73\
j?\xb5\x14\x1c\xebA\xf3\xc0\x99j\xb9\x04^\x80\x1b\
`\x16\xf8\x01q\x8cA\xc8g\x97\xe6z\x0a\x87\xad\xd4\
?\xe7\xd2F{=w\xefu\x83\x8b\xc1\x09\xbf\x00#\
v\x0c\x1a*&]K\x83\xce<\x08o\xc1z\xd0\xe0\
\xd5\xe0\xb5\x16\xce\xda\xffT\x9deH2\xc6\x00(w\
\x80\xcf\xda:\xa8c\xee\x93a\xe0\xd7\xea\x00\xac\x02\xe5\
\xaa\xc2\xc1\xa4\xa2\xc1O\x19\xef\xf6\xbf\x0az\x83w\xa5\
\xef\xb3\xe15P\xcdq\xd6qm@'\x8b`\x0at\
\x82\xcd\xf0:$\xd7\xcf:\xca\xadP\x01c \xd4\x96\
\x07\xb3\xa0\xf3\xd9\xb0\x9f\xc6\xfc\xd0x\xd0\xbcwU\xb6\
\xbe\x7f\xa7\xce\x00:gh\x16\x0f\x95\xb0\x13\xa6G\xa5\
\xe5x\xd8\x01\xae\xc2\xd3x\x0f\xb8\xca\xffJ\xfe\xafy\
\x18\xfc\xe2m\x03}\xea\x05I\xca,]\xd5\x1c\x98\x04\
\xa6\xd5t\x94\xc2'\xb0\x05\xf6\x82\xb7H\xb6-b\xda\
E\xd9\x9e\xadO\xd2\xd8\xc4\x8f\xd7\xa1\xdb\xf32\x18\x0d\
\xc3\xc1\xach{\x06,\xf3\xd9\x17+k\xc0\x1bb\x1a\
L\x05\xa3{4C5\xa5_/Oks\x9dah\
\x93r\xce\xce\xd0\x0bt\xde \x1a\xbc\xb9\xf068w\
\xe20e\x9d\xd3\xee\xa1\x1ba\x02\x8c\x82\xb4\x83.\xee\
\xdfV\xe2\x14\x93X~\x0c\xdeD\x9f\x83r\xfe\x13i\
'\x22\xd26z\x95\x5c\x0a\x1e&S\xe4\xa5\xed\xbeJ\
\x06eJ\x8a\x16Q\x04\xc5kt\x1fl\x802p+\
\xfe\x0e*\xe6M\x1ej\xab\x1a\xff\xda\xc9\xb4\xc4-\x91\
^\x5c\xe3\xde-S\xe3\xd6t+\x1e\x81XH\xcbX\
.X)D\xa0\x10\x81B\x04\xfe\x9f\x11\xf8\x0b\x9e\x1e\
W.]!t\xfc\x00\x00\x00\x00IEND\xaeB\
`\x82\
\x00\x00\x0b\xa6\
\x89\
PNG\x0d\x0a\x1a\x0a\x00\x00\x00\x0dIHDR\x00\
\x00\x00,\x00\x00\x00,\x08\x06\x00\x00\x00\x1e\x84Z\x01\
\x00\x00\x00\x01sRGB\x00\xae\xce\x1c\xe9\x00\x00\x00\
\xc6eXIfMM\x00*\x00\x00\x00\x08\x00\x06\x01\
\x12\x00\x03\x00\x00\x00\x01\x00\x01\x00\x00\x01\x1a\x00\x05\x00\
\x00\x00\x01\x00\x00\x00V\x01\x1b\x00\x05\x00\x00\x00\x01\x00\
\x00\x00^\x01(\x00\x03\x00\x00\x00\x01\x00\x02\x00\x00\x01\
1\x00\x02\x00\x00\x00\x15\x00\x00\x00f\x87i\x00\x04\x00\
\x00\x00\x01\x00\x00\x00|\x00\x00\x00\x00\x00\x00\x00H\x00\
\x00\x00\x01\x00\x00\x00H\x00\x00\x00\x01Pixel\
mator Pro 3.6.6\x00\
\x00\x00\x04\x90\x04\x00\x02\x00\x00\x00\x14\x00\x00\x00\xb2\xa0\
\x01\x00\x03\x00\x00\x00\x01\x00\x01\x00\x00\xa0\x02\x00\x04\x00\
\x00\x00\x01\x00\x00\x00,\xa0\x03\x00\x04\x00\x00\x00\x01\x00\
\x00\x00,\x00\x00\x00\x002024:08:1\
4 15:09:32\x00\xd55>h\x00\
\x00\x00\x09pHYs\x00\x00\x0b\x13\x00\x00\x0b\x13\x01\
\x00\x9a\x9c\x18\x00\x00\x03\xb0iTXtXML:\
com.adobe.xmp\x00\x00\x00\
\x00\x00<x:xmpmeta xml\
ns:x=\x22adobe:ns:m\
eta/\x22 x:xmptk=\x22X\
MP Core 6.0.0\x22>\x0a\
   <rdf:RDF xmln\
s:rdf=\x22http://ww\
w.w3.org/1999/02\
/22-rdf-syntax-n\
s#\x22>\x0a      <rdf:\
Description rdf:\
about=\x22\x22\x0a       \
     xmlns:tiff=\
\x22http://ns.adobe\
.com/tiff/1.0/\x22\x0a\
            xmln\
s:exif=\x22http://n\
s.adobe.com/exif\
/1.0/\x22\x0a         \
   xmlns:xmp=\x22ht\
tp://ns.adobe.co\
m/xap/1.0/\x22>\x0a   \
      <tiff:YRes\
olution>720000/1\
0000</tiff:YReso\
lution>\x0a        \
 <tiff:XResoluti\
on>720000/10000<\
/tiff:XResolutio\
n>\x0a         <tif\
f:ResolutionUnit\
>2</tiff:Resolut\
ionUnit>\x0a       \
  <tiff:Orientat\
ion>1</tiff:Orie\
ntation>\x0a       \
  <exif:PixelYDi\
mension>44</exif\
:PixelYDimension\
>\x0a         <exif\
:PixelXDimension\
>44</exif:PixelX\
Dimension>\x0a     \
    <xmp:Metadat\
aDate>2024-08-14\
T15:09:57+02:00<\
/xmp:MetadataDat\
e>\x0a         <xmp\
:CreateDate>2024\
-08-14T15:09:32+\
02:00</xmp:Creat\
eDate>\x0a         \
<xmp:CreatorTool\
>Pixelmator Pro \
3.6.6</xmp:Creat\
orTool>\x0a      </\
rdf:Description>\
\x0a   </rdf:RDF>\x0a<\
/x:xmpmeta>\x0a\x1b:|\x03\
\x00\x00\x06\xbdIDATX\x09\xed\x98kh\xd6U\
\x18\xc0\xe7\x9c+M\xb3-\x93\xc8L\xd3.\xae\x0f)\
B)i\xe5F\xd1\x85\x84 \x88.\x04&\x91\x95]\
H\xbfD~\xb0A%A`\x93\x08J,1(\xa2\
/\x99}\xd1\xa2l\x95b&]\xc96\x9d\xdb\xbc\xad\
\xe86\xe7\xbaM\xe7\xfa\xfd\xce\xcey{\xe7\xdew\xbe\
\xae\xf9\xed}\xe0\xb7s\xfe\xe7<\xe79\xcf\xffy\xce\
\xe5\xff\xae\xa4\xa4(\xc5\x08\x14#P\x8c\xc0@\x11\x18\
6Pg\xa1}===\xc3\x90\x1e\xf5\xa9\x8f\xa2\xa8\
\x86\xab\xe1b8\x0d\xecs\xae\xdf\xe0;\xf8\x08\xfd\xed\
\x94A\xb2\xc7\xa7\xb6|\xe5\xffr\xd8\x890\xac\xb3\xc7\
\xa8\xeb\xd8\x1dp/\x8c\x83\x91`[\x19(:}\x04\
\xfe\x84\xbf\xa1\x19^b\xec\xfb\x94\xbeh\xa9v\xac\x0f\
$\x83r8:\x1a\xec2\x09\x8f=\x93y\xa8\x85\xab\
\xe0t\xd0n\x1b\xfc\x0e\x7f\x81\x8e\x8c\x8010\x1e*\
\xa1\x03\x8e\xc2\x06x\x1a;\x1d\x858]\xb0\xc3\x1a\xc3\
\xb0\xd1rr\x19\xce$Gh\x9fF}%X\xaa\xb3\
\x1b\x8cZ=4\xa0\xf3+\xa5\x11,\xa7\x98\x043\xe1\
\x06\x98\x03\xb6\x19\xf9\xad\xf0\xa8\xba\x858\x8dn~\xc1\
\x80!\x1c\x9eK\x83\xf6q\xf0\x1e\xb4@#\xac\x82\xa9\
\xd9\xba<\x0f\x8f\xf82Ax.\x83\xdb\xe1cp\xec\
\x1ex\x0d\xcc\x8e/\x977\x90y;\xd2@\xde\xda\x08\
hd\x0a\xc5\x8dp!\xb86M\xe9\x04\xa8\x86#\xf0\
\x16<\x85\xfeQtS&\xc2XmD'\x9cO\x8e\
\xc5\xb6\x19\xd4\x9f\x85\xcb@\xdd:\xda_\xa0<y\x89\
\x13\x84\x81\xd4\x97\xc0\x87`\x14\x0f\xc2\x01h\x83&h\
\x85\x97!l.K\xd0\xc3@\xae\x99c_\xd2\x9f\xc5\
\xf3\x160\xca_\x83'K^\xc9\xa4\xe9x\x8d\x14\x15\
\x0c<O\xdf\x03`\x84\xdd8n\x22wz'x\x12\
\xb4\xc0\x0a\xf4Cd-\x1d\x9b\xa0\xaf_\x8a\xed\xa3\xb9\
\x1b\xdbe\xd4\xb7Q\x7f]5pS.\x80\xc1\x09\x06\
\xef\x87\xdd\xb0\x0b\x1a\xa0\x0efC%T\x80\xd1\xb9B\
\xeb\x94!b\xb1\xee\xba\x1d\x09aM\xe6\x9b\x9d\xfe\x10\
0\xca\xb1\xf0\x0e\x98\xb5\xcfA\xc7ON\x184\x1e\xbe\
\x00S\xf5\x03,\xccg\x81>\xd7e\x10\xea\xf3`5\
|\x02\x9b`\x19\x9co'eF\xafW;\xb4\x995\
\xfb\x9e\x80\x16\xd8\x09\xee\x95\x9c\xfa\xfd\x96\x04\xca\xc1\x00\
\xfa7\xc3\x19\xe0\xf3FR\xf7*}F\xae\xdf\xa4\xf4\
\xa7H\xf9R\xab\xa1\x06\xce\x81\x89\xe0rZ\xcb\xb8*\
\x97\x02r\xfc\x9c\x1e\x91\xca\x16\xf8\x05\xcc\xcatP\xfa\
\xcd\x95\x19\xac#\x10\xce\xd6^\xddp\xadz\xcd\xfe\x0c\
\xef\xc66\xaf\xb5\xb0\xf3\xd33c\x5c\x87\xae\xc7\xb9\xb4\
=\x1c\xdb\xff\x89\xa5\x13\xb6\xc34p\xe3\x8eA\xf7\x18\
e\xb6#\xc9^\x13:\xee\x8bt^S\xcd\xe30\x06\
\xbc\x16\xdd(N<\x1d\x1eBy\x16h\xcc\xb7\xde\x01\
J\x8aFx\x88\x13\xa7\xb6\xebh<\x0ft\xd6s[\
\xa7\xc4\x0c\xe9\xf4\xf5\xe0\xf1\xa5\xf4q8\xda10\x8e\
u/\x8c\x86 \xb1/=\x96x\x04\x85;\x9c\xd2T\
<\x0e.\x05S\xe9\xa4g\xc2H^\xa4\x9d~\xa3\xdf\
\xcds\x1f\xa1\xcd\x88\x8d\xa5\xd1uz\x142Y\x8b\x8a\
\xc99\xb35\x09<\x15RT\xa3J(\x1ck\xbbg\
z\x156\xef\xa1|\x03\xfbT\xff\xfb\xce0\x9dN\xe8\
\xf1\xb4\x02\xe6\x83o\xe8\xa0\xcd\xf0%\xec\x04%\xd7$\
\xbd=\xbd\x7fSD\x07\xd2K\xceg\x8f\x0b\xcb\x0c\x1f\
|\xa1\xb4g*\xa8/\x83j\xda\x97\xe3\xe3>\xca\x10\
\xb0t\x14-\xa4\xf3V0\xbd\x8d\xb0\x1c\x5c\x06\x9e\xa9\
!\xaa\xbe\x18\xcf\xfd$\x1a:D\xd9F\xa7\xeb/\xa7\
\x1e\xedFp/(:\x1e^\x0c\xbb\x0cu5\x0e\xfb\
\x83\xb2\x96v\xfd\xa8\x01\x83X\x0d\x1ey\x8f\xd1\xbf\x9f\
\xb2\xd4\xa3c\x22x\xc34C=\xcc@\xa9`A?\
\xbc4e\x0d|\x0fM\xf0-x<\xf9\xfc\x0dx\xbe\
\xbe\x09\x95\x1a\xa6\xcc\x19\xe94)\xfd\x97\xc3\x06\xd0V\
+\xac\x04?\x07\xc2\xe0EY\x1d\x0f\xc6\xb6\x14\xf9\xa0\
s\xa2?\x8c\x0f\xeb\x96\xd2\x93\xc0\xf4\xe9`\x0b8\xd9\
O\xe0e0;\xda\x0e\xba\xf9l\xa2\x17^\x86r\x02\
\xac\x87=\xd0\x0c\xf3\x1c\xa3csb\xd9D\xf9\x19(\
\x03\xad\xc3^\x8d\xbe\x7f\x93~\x1d\xcd\x9e*\xb7\x80\xdf\
\xbd\xee\x05\xed\xae!\xa5\xdb\x99\xf4\x84\x1f\xe9\xe8\xa1\x16\
\x8eJ\xbfW^d\xac6]\x1e\xf3y\xdejz>\
\x05;MY\xb8\x12)\x07L\x19\x83\xfb\x89c -\
\x8fs\xa9{m\xcf\x00's\x9e\x82\xb3\x86n\xca\xd8\
\xd9\xd4\xd7\x82\xebw+Th\xc4\xa3K\x05\x7f\xb6t\
\xd28(g\x8d\x0c\xe3\xddX\xee\xfa\x1f)$#\xb4\
\x85>\xedG\xddL_\x8e\x0aj!\x1b~\xd0\xef\xa5\
_?\xcd\xd8h+\x1e\xd6\xeelw\xf8(\x8c\xb9[\
\x0brZ='\x17D[s\xc1\x8f\xa1\x0b\xe0,\xe8\
\x02\x97\xc8.\xa8G\xafQ]\xeaF\x9cj\xdf[\xd3\
v\xc5v\xc4{@\xbf\xf4\xcf\x80\xea\xd3('q\x8d\
\xf9\xa3\xd1I.\x01\xcf^\x95CD(s\x0a\x06\xd3\
\x85\xe3Mv7\xf8\x03\xd4\xef\x07\xcfS_^\xdbN\
\xd8\x0d~\x92\xfa\xe5\xe7\x99\xbe\x0a\x87vD\xa7r\xae\
i\xf4t\xceq\x8a+\xc0\xba/\xda\xa9\xe7\x9bA\x85\
Ip\x13(^&:\x9dS\xb2\x9cu\xcc:X\x06\
S!-/_V'\x8d\x8e\x93y$y\xa4\xf9#\
u\x1d\xe3\x97P\x1aI\xe7\xd1\x87\xe3\xc5\x0b\x8d\xae\xf0\
+g&\x9d\xdai\x80\xc3*\xfb\xab\xd5{\xdc\xf4\xdd\
\x86\xd2|\x0d\x81\xdf\x15\xe5\x10\xaeo\xca\xd2\x887\x8e\
\x13\xe9\xe0\x1a\xb8\x12\x8cd\x82j\x10\x83 \x8a\xd1\xd1\
qu\xcc\xc8b\xc6?C\xa9P\x0d_\x81\xda\xf7k\
\xb0\x1c\xfb\x9e.\x8a\x99\xbb\x08\x0c\x9e_\x8c\x1d\xa6\xe4\
\x00\x0f\xab\xc04z5>\xc9\xa0\xbb`\x04}]\xe0\
m\xe7\x0b$|\x11\xbf;\x9e\x83)\x90\x8cS-H\
t\xda\x0c\xf8#t1v]\xcc\xdd\xd1\xbee\x97\xf6\
\xc1\xef\x9a;A\xfd\xfd\xb0\x1ez#@\xa7\xce.\x87\
\x85p\x08\x8cF=|\x00\xa6\xc2\x0cx\x8a\x98\x11?\
\x01M\xe9}\xa0\xb1\xc1\x88\xe3|\xe9\x83\xb0\x14\xdc7\
n\xd2\x0a\xa8\x02?\xc0\xae\x01\xe73KKy\x11/\
\x91\xb0P\xd2\xe6q\xb3<\x02\x8b\xc0\xb4\x199i\x85\
vp\x1d)\xb6y}\xfb\x098X\x87\x19\x1a\x96\x89\
\xce\xec\x8b8\xbf_}\x93\xc15o\x10\x0d^-\xbc\
\x8d\xc3\xf8\x8b\xc3<\xb8\x88\x92\xd3\xae\x95ka\x01\xd4\
\x80k/I\xd0\x8d\x0f:\x9f\xdd\x97t\x06Sz\x9a\
\x18\xa0\xf4\xf2\xce\xa3\xedM\xf0\x0a\x8en\xa3\xcc\x1c\x83\
\x19'\x92\xd3\xb1\xd3\xdd~)\xb8\xabM\x91\x87\xb6)\
L\xc6L\xd5P\x89\xce\x89\xeb\xda3\xfb+\xd8\x02\xfe\
\xd7\xe80e\xc6Y\xeb\x19\x87}\xc8\x16\xc3\xcf\xb3i\
1\x02i-e\xab\x9c\x8a\xbaQv\xc9\xb9\xd9\x87*\
\x83\xa7\xc2\xcf\xa2\xcdb\x04\x8a\x11(F`\xa8\x22\xf0\
/\x10xq\x91\xd4-)\xad\x00\x00\x00\x00IEN\
D\xaeB`\x82\
\x00\x00\x0a\xa1\
\x89\
PNG\x0d\x0a\x1a\x0a\x00\x00\x00\x0dIHDR\x00\
\x00\x00,\x00\x00\x00,\x08\x06\x00\x00\x00\x1e\x84Z\x01\
\x00\x00\x00\x01sRGB\x00\xae\xce\x1c\xe9\x00\x00\x00\
\xc6eXIfMM\x00*\x00\x00\x00\x08\x00\x06\x01\
\x12\x00\x03\x00\x00\x00\x01\x00\x01\x00\x00\x01\x1a\x00\x05\x00\
\x00\x00\x01\x00\x00\x00V\x01\x1b\x00\x05\x00\x00\x00\x01\x00\
\x00\x00^\x01(\x00\x03\x00\x00\x00\x01\x00\x02\x00\x00\x01\
1\x00\x02\x00\x00\x00\x15\x00\x00\x00f\x87i\x00\x04\x00\
\x00\x00\x01\x00\x00\x00|\x00\x00\x00\x00\x00\x00\x00H\x00\
\x00\x00\x01\x00\x00\x00H\x00\x00\x00\x01Pixel\
mator Pro 3.6.6\x00\
\x00\x00\x04\x90\x04\x00\x02\x00\x00\x00\x14\x00\x00\x00\xb2\xa0\
\x01\x00\x03\x00\x00\x00\x01\x00\x01\x00\x00\xa0\x02\x00\x04\x00\
\x00\x00\x01\x00\x00\x00,\xa0\x03\x00\x04\x00\x00\x00\x01\x00\
\x00\x00,\x00\x00\x00\x002024:08:1\
4 15:17:15\x00\xed\x9c\x11\x05\x00\
\x00\x00\x09pHYs\x00\x00\x0b\x13\x00\x00\x0b\x13\x01\
\x00\x9a\x9c\x18\x00\x00\x03\xb0iTXtXML:\
com.adobe.xmp\x00\x00\x00\
\x00\x00<x:xmpmeta xml\
ns:x=\x22adobe:ns:m\
eta/\x22 x:xmptk=\x22X\
MP Core 6.0.0\x22>\x0a\
   <rdf:RDF xmln\
s:rdf=\x22http://ww\
w.w3.org/1999/02\
/22-rdf-syntax-n\
s#\x22>\x0a      <rdf:\
Description rdf:\
about=\x22\x22\x0a       \
     xmlns:tiff=\
\x22http://ns.adobe\
.com/tiff/1.0/\x22\x0a\
            xmln\
s:exif=\x22http://n\
s.adobe.com/exif\
/1.0/\x22\x0a         \
   xmlns:xmp=\x22ht\
tp://ns.adobe.co\
m/xap/1.0/\x22>\x0a   \
      <tiff:YRes\
olution>720000/1\
0000</tiff:YReso\
lution>\x0a        \
 <tiff:XResoluti\
on>720000/10000<\
/tiff:XResolutio\
n>\x0a         <tif\
f:ResolutionUnit\
>2</tiff:Resolut\
ionUnit>\x0a       \
  <tiff:Orientat\
ion>1</tiff:Orie\
ntation>\x0a       \
  <exif:PixelYDi\
mension>44</exif\
:PixelYDimension\
>\x0a         <exif\
:PixelXDimension\
>44</exif:PixelX\
Dimension>\x0a     \
    <xmp:Metadat\
aDate>2024-08-14\
T15:17:30+02:00<\
/xmp:MetadataDat\
e>\x0a         <xmp\
:CreateDate>2024\
-08-14T15:17:15+\
02:00</xmp:Creat\
eDate>\x0a         \
<xmp:CreatorTool\
>Pixelmator Pro \
3.6.6</xmp:Creat\
orTool>\x0a      </\
rdf:Description>\
\x0a   </rdf:RDF>\x0a<\
/x:xmpmeta>\x0a+v\xb9\xb0\
\x00\x00\x05\xb8IDATX\x09\xed\x97[\x8c^S\
\x14\xc7;E\x87q)E]:U\xaaUF\x05\xd1\
0\xb4tLi\xdc\x1e\xa84A\x10\x0f\xa3D\x22\xa2\
\x09o\x9d\x87A+\xe2\x1e\x22\xe9\x83'\xd2\xc7\xc6\x8b\
\x12\xc4\x94f\x5cC]\xaa\xaa\xe8x\xa0U\x89\xa2-\
J\xa9\xdf\xef\xe4\xac\xc9\xf9f\xf6\x9c9\xdf\x98\xbe}\
+\xf9\xcd9g_\xd6\xfe\xef\xb5\xd6\xde_f\xdc\xb8\
\x865\x22\xd0\x88@#\x02e\x11h*\xeb\xac\xa3O\
?\xfb\xf2\xf1-</\x85\xf90\x13\x0e\x86\x7f\xc11\
?\xc3\xa7\xf0&|\x00a\xc5\xf9\xd1\x96|:\xf0\xff\
X\xccWl3\xdc\x00]0\x09\xec\x1b\x9f?yd\
\xe6\xb8\x7f\xc0\x0d|\x03\xcf\xc2k\xa09\xd6\xf6R\x8b\
\x05K\x07%:\x8b\xf3\x14q2\xf4\xc0\xc5\xb0\x07\x8a\
\xfd|&-\xc6\xac\xa6\xf7!\xf8\x0dF\x14}@\xd2\
U\xbaQg\x07A,t \xefF\xebtx\x06\xe6\
\xc0n\xa8\xea\xd3\x8d\xee\x85\xf3`6\xac\x85\xdf\xc1u\
\xecKZ\x15\xe7\x0at\x9c\xe9\x8at\xea\xd0\xefc\xe0\
9h\x03\xc5\xba\x89\xaa\xa6_\xc5\xfd\x01\xa7\xc1\x0cx\
\x15\xfe\x86\x08\x0a\xaf\xb56lG>\xcc\xfe\xd8\xedt\
\xde\xaf\x80S\xc0z5\x85S\xa0\x13vA=b\x19\
^c\x8a\x9c\x08\x8f\xc1\x935=\x83>\xca\x04\x17\xc5\
.e\xde5\xd0\x0a\xde\x02n\xc2\xe8X\xaf\xe2{X\
l0\xbe}\x96\xadc\x7f\xcc\xb1D\xae\x83\xcd6\xa6\
l\xa4\x92p\xa1G\xe1f\xf0\xe4\xebP\x81\x7f\xe5O\
K$\xc4Z\x22\x8e7\xd2\xd6\xbaO\xfd\xdbf\x9f\xa2\
\x86\x13\x1e\xed\x870\xc6yo@\xd2b\xb1d'\x8d\
]\xb0\x08\x5cP\x91:vN\x11>\xb3~\x17\xf3\xce\
5\xbd;\xc1\x92\xb1\xae\xfd6+\xf6\xbb\xc1\x88&\xaf\
5\xa6o\xfb\x17\xc2\xe15=\x85\x0fw3\x9cM\xa6\
\xe3N\x18):\xceW\xe8\x0e\xe8\xcd\xf9\x9c\xe7\xaf\xe0\
\xa1<\x13:\xe0\x228\x16\xbc\x09\x86\x8b\xb6k\x1d\x0a\
\xf3`\x0d\xb8\x89\x9a\x0d\xa6J\xc2t:q1tB\
\x99\xe9\xccMo\x80\xfb\xe1y\xd8\x04\x8a7\xb2\xdba\
#\xb8\xf8zh\x85\xe9`_\x94\x01\xaf5\xa6\xa6\x1f\
`\x1d\x98\xc9\x1a\xc1\xc5\x08G\xbau\xa6y\xd5L\x80\
\xf8\xb6\xadhn\xca9\x8a[\x0e\xef\x83\x11u\x93g\
\x80\x91\xfa\x05\xdc\x805i\xff\xdd\xf08\x18AK,\
e\x0a\x9e\x96w\x0c\xd9T\x08v'\x0a\xb0\x86\xce\x86\
\xb9pa\xfe\xcd#i\xceQ\xa0\x19Y\x00\xa6\xfbZ\
P\xb0\x1b\xf5\x80\xea\xdf\x12x\x07\x1e\x01Ke\x19\xac\
\x02\xe7\xbaf\xd1\x8c\xa6\x82\x0f+4*z \xcav\
\x86X\xeb\xf0>\xb8\x07\xae\x84#\xc0E\x87\xec2o\
s\xb1'\xa0\x05\xae\x86vh\x83?\xc1\x1f\x033\xe3\
\xbbA\x98\x05s\xe0-\xf8\x0e\x5c\xcb(\xa7\xfc+\xce\
C\xa7\x8f\xcf\xc0u\xd4\x98\x89V\xb0/:X\x017\
\x81\x83]\xc8\xf6\x94X\x1d\x18\x81\xa7\xc1K~3\x18\
\xd5#\xc1Et\x1e\x81\xf0]\x1f\xfa\x9b\x01f\xe3u\
\xd8\x02\xb7\xe7\xdf\xae\xa3O\xc7\x89\xef\xea\xb9\x04\xce\x81\
\x8f\xc0\x03\x9ci\xf5\x8f\xb6$\xc7\x05\x8d\x88\xedeb\
\xdf\xa6\xbf\x07\xac\xc3\xad\xe0\xdd\xbc\x10\x8c\x98\x16s\x15\
\xa3\xaf\xdd\xf02(\xd4\xb2\xf0\xcas\xadmp4\x18\
\xa4\xa2h\xe7\xe9c&X\xa2}\xa0\xe8\xf1:\x9b\x0a\
F\xcaA\x9aQIY,\xee\x22w\xc1vp\xbe\xed\
\x9f\x80\x0b\x9bv\xc5\x87\x0f\xfb\x8c\xea\x8f\xd0\x0dk\xc0\
6\xf9\x10\xd6C\x07\xb4\x82\x9b\x8fy\x8au\x8cm\xa7\
\xc2D\xe8\x85\xbd\x0e\xb8\x0aLq\xec\x90\xd7\xa4\x19\xf9\
\x16X\x0b\x1e\xa4f\xb0\xcd\x1f\x04S\xa8\x80\x1d\xa0@\
\x17\xd3\xf4o$\xad\xe1[A\x8b,\xf8\xbe\x18\xce\x07\
3\xe0\xe6\x8b\xa6h\xdb\xcc\xc6\xf5\xe0%\x905\xdc\xcb\
\xf3Dp\x11\x07\x0dg\xf6)\xf0\x04h\x07E(~\
\x0a\xf4\x80%\xe1\xc9\x1f\xec'D\x9b\xda\xefac>\
F\x01\x0f\x80>\x1dS\xb6\xb6\xb7\x8d\x01\xedu\xa0!\
\x1f\xbc\x08MCL\x87N\xf2p\xb9\xd8\x22\xb0\xf6\x14\
a\x14-\x07\x0f\xd7`\x8bh\x1b-o\xa1\xd9p\x1c\
,\x03\xb33\xd2\xda\xae\xbb\x07\xe6A\x8bN\x96\x82\xc2\
\xab\x9a\x0b\x98VS\xaf\xa3w\xe1\x0b\xf0'XLo\
\x88\xf49\x01,\xa5o\xe1x\xb8\x00.\x83\xb3\xa0X\
\xb7|&-\x02u\x14\xbd/(\xb8\x0btZ\xd5\x22\
u\x0a\x9e\x06}\xb0\x05\xd6\x81\xe6Ud\xe4M\xa3\xbf\
v\x1e\xb8\xe5\xf0 x\xd2=3'\x81\xd9\xa8\x1a(\
7\xee\x99Y\xa5\xd3\xaf\xe1\x5c\xb0\x96B\x0c\xaf\xa5\xe6\
8\x7f\x18Z\xe1a\xf0\x1c\xf4C7\xac\x04\xd3>\x09\
\xb6\x82\x97\xffO\xa0E\xb4\x14[u\xadl\x22\x7f,\
\xc7]FX\xc7\x9d`z\xab\xee\x98\xa1\xd9\x82\x96\x86\
\x87\xae\x03\xfc\x17\xbe?\x7f\x1a\x04\x85\x1ayo\x14\x7f\
5\x97\xc0\x1d`6\x8dXU\xc1\x8e5\xb0_\xc1\x8b\
Nr\xc1\x97\xc0\xbbN\x01\xf5\x88f\xf8\x80\xe9t\x03\
\xf4\x82\xf5j-\xeb\xb3\x0d\x16\xc0T\xb0f\xab\x0ae\
hf\xce\xf1\xf61\x93O\xc5\xe4[\xf8X\x01\xd6\x98\
\x82G#\xda\x94\x991k\xdb\xf9\xfa6:\x96\x9a\xe5\
c\x7f=~\x9d\xafX\xcf\xc16\xb8\x11\xfa]@\xfb\
\x12\xbc\xae\xe6\x82\xf5\xe5\x22\xf58g\xf8\x80@\xc5\x89\
%\xe6S_Z\xbd\xfe\x14\xeb\xed\xe2F\xbb\xe1=h\
R\xb0\x8e,\x05\xaf';\xdb\xc1]y\xb7\x8e\xc6\x8c\
\x8c\xe87\xde\xeb\xf1cV\xd4\xe1O\xfdNP\xecj\
\xd0\x9at\xa8\xe9\xdcAn`>\xdc\x06\x97\x83m\xee\
\xd4\xa7\x8e\xf6\xa7\xc5&=\x94\xda+\xb0\x12\x8c\xacf\
\xff\xbe\x10lC\x88\xf6\xddS=\x0b,\x11\x0f\xcdd\
h\x86\xe2x>\xc7\xd4\xcc\xb2\xd7\xdf\xc7\xd0\x07\x9b\xc0\
\x08k\x99\xd8x\xc9Z\x12\x7f\x1c\xe4n=\xfd\x91\xde\
\xc4\xb01m2\x93\xd6\xbdY\xdd\xdf\x19\x1dS\xe1\x0d\
g\x8d\x084\x22\xd0\x88\xc0(#\xf0\x1f\x1e\x0a]d\
\x81\x1b\x82\xe3\x00\x00\x00\x00IEND\xaeB`\x82\
\
\x00\x00\x0b\x99\
\x89\
PNG\x0d\x0a\x1a\x0a\x00\x00\x00\x0dIHDR\x00\
\x00\x00,\x00\x00\x00,\x08\x06\x00\x00\x00\x1e\x84Z\x01\
\x00\x00\x00\x01sRGB\x00\xae\xce\x1c\xe9\x00\x00\x00\
\xc6eXIfMM\x00*\x00\x00\x00\x08\x00\x06\x01\
\x12\x00\x03\x00\x00\x00\x01\x00\x01\x00\x00\x01\x1a\x00\x05\x00\
\x00\x00\x01\x00\x00\x00V\x01\x1b\x00\x05\x00\x00\x00\x01\x00\
\x00\x00^\x01(\x00\x03\x00\x00\x00\x01\x00\x02\x00\x00\x01\
1\x00\x02\x00\x00\x00\x15\x00\x00\x00f\x87i\x00\x04\x00\
\x00\x00\x01\x00\x00\x00|\x00\x00\x00\x00\x00\x00\x00H\x00\
\x00\x00\x01\x00\x00\x00H\x00\x00\x00\x01Pixel\
mator Pro 3.6.6\x00\
\x00\x00\x04\x90\x04\x00\x02\x00\x00\x00\x14\x00\x00\x00\xb2\xa0\
\x01\x00\x03\x00\x00\x00\x01\x00\x01\x00\x00\xa0\x02\x00\x04\x00\
\x00\x00\x01\x00\x00\x00,\xa0\x03\x00\x04\x00\x00\x00\x01\x00\
\x00\x00,\x00\x00\x00\x002024:08:1\
4 14:57:57\x00\x8f\x98\x99\xd3\x00\
\x00\x00\x09pHYs\x00\x00\x0b\x13\x00\x00\x0b\x13\x01\
\x00\x9a\x9c\x18\x00\x00\x03\xb0iTXtXML:\
com.adobe.xmp\x00\x00\x00\
\x00\x00<x:xmpmeta xml\
ns:x=\x22adobe:ns:m\
eta/\x22 x:xmptk=\x22X\
MP Core 6.0.0\x22>\x0a\
   <rdf:RDF xmln\
s:rdf=\x22http://ww\
w.w3.org/1999/02\
/22-rdf-syntax-n\
s#\x22>\x0a      <rdf:\
Description rdf:\
about=\x22\x22\x0a       \
     xmlns:tiff=\
\x22http://ns.adobe\
.com/tiff/1.0/\x22\x0a\
            xmln\
s:exif=\x22http://n\
s.adobe.com/exif\
/1.0/\x22\x0a         \
   xmlns:xmp=\x22ht\
tp://ns.adobe.co\
m/xap/1.0/\x22>\x0a   \
      <tiff:YRes\
olution>720000/1\
0000</tiff:YReso\
lution>\x0a        \
 <tiff:XResoluti\
on>720000/10000<\
/tiff:XResolutio\
n>\x0a         <tif\
f:ResolutionUnit\
>2</tiff:Resolut\
ionUnit>\x0a       \
  <tiff:Orientat\
ion>1</tiff:Orie\
ntation>\x0a       \
  <exif:PixelYDi\
mension>44</exif\
:PixelYDimension\
>\x0a         <exif\
:PixelXDimension\
>44</exif:PixelX\
Dimension>\x0a     \
    <xmp:Metadat\
aDate>2024-08-14\
T14:58:17+02:00<\
/xmp:MetadataDat\
e>\x0a         <xmp\
:CreateDate>2024\
-08-14T14:57:57+\
02:00</xmp:Creat\
eDate>\x0a         \
<xmp:CreatorTool\
>Pixelmator Pro \
3.6.6</xmp:Creat\
orTool>\x0a      </\
rdf:Description>\
\x0a   </rdf:RDF>\x0a<\
/x:xmpmeta>\x0a\xd7d\xd2\xa4\
\x00\x00\x06\xb0IDATX\x09\xed\x98k\x88UU\
\x14\x80Gg|\xa4e\xf9\xc8\x10\xab\x99F*\x13\xcb\
\xcaJ\xd3\xac\x94\xa0\x12$!\xe9\x89PF\x99\xa6F\
\x19\x94\x84\xa8\xd1\x83B2\xd3B\xc5\xb2\x7fa%\x99\
\x09e\x96\xa5\xa5V\xbe\xc5RK\x1d\xc7GFe\xf9\
\xa2,\xe7\xd1\xf7\xed9\xfbrg\xbc\xf7:3b\xf4\
\xe3.\xf8f\xed\xb3\x1fk\xaf\xb3\xf6\xdek\x9f\xb9\x05\
\x05y\xc9G \x1f\x81|\x04rE\xa0I\xae\xc6\xfa\
\xb6UWW7A\xaa\xedO\xb9\x15\xaa?\xf4\x83\x0b\
\xa1\x05\xd8\xe6\x5c\xbf\xc3&\xf8\x9c\xfe\xab\xd0A\xd2\xc7\
\xc7\xbal\xfa\xa4\x1cv\x22\x0c\xebl\x15e\x1d\xbb\x0b\
\xee\x87\x0ep\x1aXW\x04\x8aN\x1f\x83?\xe1(\x94\
\xc1\xeb\x8c]\x8c\xf6E\x9bj\xc7r.i\x94\xc3\x89\
\xa3\xc1.\x93\xf0X]\xc2\xc3$\xe8\x03-A\xbb\xfb\
\xe0\x0f\xf8\x0bt\xa4\x19\x9c\x01\x1d\xa1\x1d\x1c\x82\x0a\xf8\
\x10\x9e\xc5\xce\xa1\xfa8]o\x875\x86a\xa3\xe5\xe4\
R\xc8$\xc7\xa8\xefJy\x0a\xa8\xed\xb3\x0d\x8c\xda2\
\xd8J\x9f\xfdh#\xd8\x1cU\x0cW\xc2\xcd\xd0\x17\xac\
3\xf2+a\x8c}\xeb\xe34}\xb3\x0b\x06\x0caa\
\xa6\x1e\xd4w\x80\x85\xb0\x13~\x80W\xa1Kz_\x9e\
\x0b\xa1\x19\xc4\xad\xa1\xf3Ep\x07,\x05\xc7\xee\x809\
\xe0\xea\xd8\x9e5\x90Y\x1b\xe2@\xde\xda\x08h\xa4\x14\
u\x0b\x5c\x00\xeeM\x97\xb43\xf4\x87c0\x17&\xd2\
\xbf\x82\xbeq%xlRI}JhskTh\
\x17\xb9\x9c\xf2\xf3\xd0\x0d\x9cg*\xf5\xaf\xa0\x1b.\x18\
K\xbd\x0c\xe5\xc7a\x09\x18\xc5\x9f`/\xec\x83\xedP\
\x0e3!DP\x0dz\x93>\xbe'\xcf\xfd\xa0M\xf4\
\x84r\xec\xdf\x8b\xf2\x0a0\xca\x1b\xc0\xcc\xd28a\xb0\
\x13O\x06\x1du\xe9\xca@'\x7fL\xd0\xf9\xa5P\xe2\
\x0ch\x97?\xdd\xd1\x01</\x82\xb5\xb0\x0eV\xc2\xd8\
\xe8\x0d\xe5\xe8\xf4\x08\xca\xda\xd5\xe9\xe7b{\x835\x83\
\x1f\x82m\xa0\x83[a*\xf4\x86v\xd0\x16\x8c\xce\xd5\
\x1aF7\x85tg\x87\xf0\xac\x13\xdf\xc3l\x98\x02\xab\
a\x17\xbc\x98\x8c\x09g\x83\xe73a>\xb8j\xdf\x82\
\xd9\xa4a\xc2\xa0\x8e\xe0\x04\xbe\xf5\x16\x18\x96\xcb\x02\xed\
u\x9d\xddM\xddr\xe8\x1d\xc7Q\xee\x0c\x1f\x81+\xe6\
y\xf0E=\x0f\xea\xa7`'l\x86\xd8\x96\xb2i\x1f\
\xc54TK\xe8\xec\xa1P\x06Bk\xf0y\x11\x87\xe1\
M\xdaj-9\xf5\xc7\x09}\x86Pi\x9a3\xbd=\
\xcc\xb8\xaf\x93q^\x0c{\xa93\xba\xce;\x18\x94p\
\xa8\xd1+\xe070S\xf4\x00%\xbb\xc3\x18u\xbf\x86\
\xdcZ\xd37\x5c\xab^\xb3\xbf\xc2\x82\xa4\xcek-N\
\x10\xaa\x92qE\xd6#\xb7S9\x19\xb6\xc0x\xd8\x0e\
\x0a\xcd\xe16\xd4\x81\x8d\xa0\x0d/\x90t\xb1\xef\x11\x88\
\xf9\xda\xb6\xcc\x0e3\x91o\xef\x07A%\xe5\x1e0\x92\
\xce\xbd@\xc3\xbe\xf5\x1aP\xbc0RB?\x0d:\xd6\
T\xe6\xd2O\x80=0\x0b\x1e\x809\xd6'\xed-\x9d\
\x83\xba\x9e\xa0\xec\xaeQ\x05U\x89\x1d\x03\xf37x\x10\
]\xd9 I[|\x0c{'l\x0b\x1aZ\xc28\xf8\
\x12\xdcK\xee\xc1\x83>\xdb\x1b\x1d\x0eH\x1c\xc9sx\
{\xb4i\xcc\x03\xf8\x0cxS\xf5\x87N\xe0%\xf2\x0b\
|\x06\x97%6J)\x9b5<\x8c\xdex\xda\x0d\x87\
5\xd1\x1f\xa3\xf7\x80\x07o(\x849\xd1\xa9\xad\xebR\
\xfa\x86~\xa8\xbc\x00\x83\xc07\xf4\x22\xf8\x02\xd6\xc1f\
P\x8cN\x10\xfa3,\xb55n\xa3\xb2\x04\xce\x01\xfb\
n\xa4M\xc7\x9f\xa0\xec\xf8i0\x98\xe7\xc3\xe8\x97\xe1\
\x0a\x18G\x9f\xb5hEc4\x87\xaf\xbcxf\xdaQ\
\xff4\xf8\xf2\x13h7xn\xd7\x9aK\x88\x87G\xc0\
\xa8\x9a\x11\x16C\x1fh\x01\xb5\xa2\xaa\xf5t\xa1\xfdN\
0\xdd\x8d\x85i\xf0\x1d\xe8x\x10\xcag\xc3\x12\x98\x0b\
#a\x13\x8c\x89\xedQS\x17W\xeb&\xca\xd3\xc1T\
X\x960\x0f}\xae}\xd1M\xfds\x1el\x802X\
\x06^\x97Y\x85\xf6h\xdc\xa8\x95'c\xba\xa0\xc7\xc0\
Q\x18\x0dq\x9b\xb5\xa6\xfc\x1e\xbc\x0fO\xc2\xbd\x10\xb2\
\x10:\xd8\xc94\x11m\x97\xc2\x02p\xeb8\x879<\
\xa4?\x1d\x1e\x0e\xb1a\x84\x06x\x0e7P]c\xd4\
Gg\x8b)\xaf\x07o\xaep\x88\xd0\xee\xcf\x0f\xe0\x00\
\xbc\x05\xe6\xdc\xee\xe0r\xce\x80b\x8897\x97\xb3q\
\x0e\xc7k\xcfU/\x83\x1b\xf5\xc7H\xf4\x05\x1d4\xad\
,\x07%\xb5_k\x1eS\x7f\xe3\xe6\xbf\x9b\x1aS\xde\
L\xf6\xd5\x1a\x8c5G\xef\xe0\xd9,\xb1\x10\xdcJ\xdd\
\xc1\x0f\x1bm-\xa0\xbd\x1c\x1d\xf6 \xe5l\xf6C\xda\
\xc4\x9eg\xcb\x9c=\x1d\xfc\xd8W\x06Q\xdf\xc2h~\
\x05~\xcc\xbc\x0d\xe1JDg\x8c\x00\xf5!\xf2\xe8\x99\
\xe0m\xd5\xb5\xc6VX\x95x\xa2\xdd\xfb\xd7\xc0<\xf8\
\x19\x1e\xb4\x0f:d\x83\xd8?\x97\xb6o2\xa6=e\
W\xcb\xcc\xe1j\xb6\xb5\xa1\x0d\xa8}\x93#Tft\
\x966%Ff?e\xc7t\x0b\x95\xb5\x0fg'\xea\
\xc6A?0\xe2o\x80\x12\xb2AM\xf1\x84\x7fq#\
\xdc\x0d\xce\xb3\x0b\x0c\x94\x17\xcd\xe9Nj\xb2\xf6B\xf0\
\x86i\x95k\xb9\x92~\xa8\x82\xf9\xe0X\x0fZ\x17\xc6\
T\x0a\xe5\x8b\xa8{\x0d\xae\x83\xf10\x8b\xfa*\xeaQ\
\xd9\xb7\x01\xfdjI\xd2W\xfb\x8a\xfeY6\x90\xad\xf4\
\xdc\xbd\xd7\x01\xce\x07'4w\xba\xbc\x15PK\xe2\xa4\
h\x13\xbb\xb7\xd9(x\x87\xf2j\xb4\x06\xaf\x02\xd3Z\
t\x96\xa6\x869\xcbX\xb7\x8f\xb6*-#\xee\x00\xcb\
\xae\xee\x11=_\x02v(\x86[A1*9s0\
}^\x82\x89\xe0\x8b]\x0b^\xcd^\x0e\xa3x\xa1\x19\
\xbe\x5cc\x9ce\xbc\x12\xbfMJ){#\x1a\xe5\xad\
p\xd8\xb71}\xac\x02\xbf{=\xf1\xdevA(7\
\x87\x22\xf0\xc0\x1c\x87\x9d\xa8\xf7[\xd6\x8b\xc6\x83\x16\xbe\
\x01\xd0\xc7\xf5\xadg]!\xfd\xdc\x9aA(\x8f\x872\
05>\x1a\xeb\x9dt(\xec\x82-\xe0i\xbc\x07B\
\x82Ou\xfa\x0f\x0b\xcc\xedw\xcdc\xe0\x8d\xe7\x1d\xa1\
O%\xba\xe0V\xd0a\xdf\xca\x13=\x0c\x0e\x82{f\
\x19|\x0a.\x85_Rf\x11\xf7Q]\xd1F\xb0\x83\
\xb6=S\x9f\xbac2={\xa9\xb4\x87K` \x5c\
\x0fnYm\x8fe\x8by\x89\x84\x8d\x16~q\xe1\xc1\
\x8b`4\x0c\x07\xa3\xeb\x07\x90\x94\xc3\x01p\x1f5\xd6\
\x19\x86\x9eP\x9c\xf3,(\x01\x9d7\x88\x06o\x12\xbc\
\x9b:\x13<\x18\xe1\xe8\xb4\x07\xed\x06\xb8\x0f\x06@\xba\
\x83\xbe\xe9\xa9\x16\xe7s\x1e\xf5'`Z\xfc\x06\xad\x8f\
\x14\xf9f\xf7A\x89N'eS\xc9\xc5\xe0OO.\
\x91I\xdb\x7f]\xa2\xb1\xd48\xeaNVbP\xcc6\
\xfe\xb3\xb0\x1eV\x80\xbf\x1a\x99uR\xceZ\xce:\xb1\
oD\xbb\xcbb\xae\x8e{\x89\xe2)\x95*\xac\xbb\x0d\
\xff1\x9a\xa7t\xa6\xbc\xf1|\x04\xf2\x11\xc8G\xe0\xff\
\x11\x81\x7f\x01\x0a*\xba\x99\xf6\xd1L\xf4\x00\x00\x00\x00\
IEND\xaeB`\x82\
\x00\x00\x0aU\
\x89\
PNG\x0d\x0a\x1a\x0a\x00\x00\x00\x0dIHDR\x00\
\x00\x00)\x00\x00\x00(\x08\x06\x00\x00\x00c<\xd3S\
\x00\x00\x00\x01sRGB\x00\xae\xce\x1c\xe9\x00\x00\x00\
\xc6eXIfMM\x00*\x00\x00\x00\x08\x00\x06\x01\
\x12\x00\x03\x00\x00\x00\x01\x00\x01\x00\x00\x01\x1a\x00\x05\x00\
\x00\x00\x01\x00\x00\x00V\x01\x1b\x00\x05\x00\x00\x00\x01\x00\
\x00\x00^\x01(\x00\x03\x00\x00\x00\x01\x00\x02\x00\x00\x01\
1\x00\x02\x00\x00\x00\x15\x00\x00\x00f\x87i\x00\x04\x00\
\x00\x00\x01\x00\x00\x00|\x00\x00\x00\x00\x00\x00\x00H\x00\
\x00\x00\x01\x00\x00\x00H\x00\x00\x00\x01Pixel\
mator Pro 3.6.6\x00\
\x00\x00\x04\x90\x04\x00\x02\x00\x00\x00\x14\x00\x00\x00\xb2\xa0\
\x01\x00\x03\x00\x00\x00\x01\x00\x01\x00\x00\xa0\x02\x00\x04\x00\
\x00\x00\x01\x00\x00\x00)\xa0\x03\x00\x04\x00\x00\x00\x01\x00\
\x00\x00(\x00\x00\x00\x002024:08:1\
3 17:31:14\x00H\x0fmJ\x00\
\x00\x00\x09pHYs\x00\x00\x0b\x13\x00\x00\x0b\x13\x01\
\x00\x9a\x9c\x18\x00\x00\x03\xb0iTXtXML:\
com.adobe.xmp\x00\x00\x00\
\x00\x00<x:xmpmeta xml\
ns:x=\x22adobe:ns:m\
eta/\x22 x:xmptk=\x22X\
MP Core 6.0.0\x22>\x0a\
   <rdf:RDF xmln\
s:rdf=\x22http://ww\
w.w3.org/1999/02\
/22-rdf-syntax-n\
s#\x22>\x0a      <rdf:\
Description rdf:\
about=\x22\x22\x0a       \
     xmlns:tiff=\
\x22http://ns.adobe\
.com/tiff/1.0/\x22\x0a\
            xmln\
s:exif=\x22http://n\
s.adobe.com/exif\
/1.0/\x22\x0a         \
   xmlns:xmp=\x22ht\
tp://ns.adobe.co\
m/xap/1.0/\x22>\x0a   \
      <tiff:YRes\
olution>720000/1\
0000</tiff:YReso\
lution>\x0a        \
 <tiff:XResoluti\
on>720000/10000<\
/tiff:XResolutio\
n>\x0a         <tif\
f:ResolutionUnit\
>2</tiff:Resolut\
ionUnit>\x0a       \
  <tiff:Orientat\
ion>1</tiff:Orie\
ntation>\x0a       \
  <exif:PixelYDi\
mension>40</exif\
:PixelYDimension\
>\x0a         <exif\
:PixelXDimension\
>41</exif:PixelX\
Dimension>\x0a     \
    <xmp:Metadat\
aDate>2024-08-13\
T17:31:23+02:00<\
/xmp:MetadataDat\
e>\x0a         <xmp\
:CreateDate>2024\
-08-13T17:31:14+\
02:00</xmp:Creat\
eDate>\x0a         \
<xmp:CreatorTool\
>Pixelmator Pro \
3.6.6</xmp:Creat\
orTool>\x0a      </\
rdf:Description>\
\x0a   </rdf:RDF>\x0a<\
/x:xmpmeta>\x0a,n7\x0a\
\x00\x00\x05lIDATX\x09\xbd\x99k\x88UU\
\x14\xc7\xe7\x8e#CLE\xd0\xf4\xd0\xec\xe1M\xb3\x87\
Y\xd9\x8b\xd4\x22\xa5\x07\x91XSX\x19\x12}\x98\xfc\
b\x10Q9\xbd$H\x0c,H\xea\x83L\x85(\x91\
)Y\xd6\x07\xb5\x22k\xa6\x87H\x99\xa2\x22\xc5T\x8e\
_\xd2\xb2\xfa\x92X\x19E\xd3\xef\x7f\xe6\xac\xc3\x9as\
\xf7\xb9\xb3\xef\x9d[\x0b\xfew\xaf\xb5\xf6Zk\xff\xcf\
>\xe7\xec\xbd\xcfL\xa9\xa9N\x19\x18\x188\x91\xd4+\
\xc1d0\x1e\x9c\x04\xda\xc0?\xe0\x088\x04\xf6\x81\xdd\
`{\xa9T\xfa\x8d\xb6.)\xd5\x92\x05\xb1V\xe2\xe7\
\x80\x0e0\x15\xc4\xe6\xffM\xec'`\x03\xf8\x10\xc2\xba\
\x90h\x89\x1a\x04r\xa3\xa88\x1f,\x00\xed\xd1\xd5\xc3\
\x81\xfbq\xbf\x08\xd1\xcd\xe1\xeeJ\xef\xb0$!8\x85\
\xb4g\xc0\xc4\xca\xf4\xe4\xd6~\x83\xff[\xf0\x03\xd0-\
m\x06\xc7\x82\xd3\xc1$p&\x08\xc96\x9cO@\xf6\
@\xa8\xd3\xfb\xaa\x92\x84\xe0=\x04w\x81\x16\x9f\x84\xae\
\x01\xde\x06=\x0cr8\xd77\xc4\xa4\xc6\xa98n\x00\
\xb7\x83s\x87t65)\xb7\x8b\x1a\x1f\xe5\xfc\xc3\x9b\
\x14.\x81\xc7A_\x0e\xab\xb1/\x18\xbeB8\x82\xdc\
k\xc0\xc6\x5c\xcd\xaf\xb1\xe7\x853\xaaxIz2W\
h\x17\xb6^\x96\x11\x0buF\x81\xfb\xc1W\xc0OB\
<Q\x12;s\xc9\xbd\xd8\x13F\xcc.W\x80\x9a\xd3\
\xc1N7\x96ftV.\xac\xd2$\xe8R\xe0\xaf\xb0\
\x07{Ledc<\xd4\xbe\x10x\xa2\xdb\xb1\xc7\x16\
V\xa7\xb3\x15l\x01v\x0bv\xa0\x97\x0b\x13\x1a\xd4\xc1\
\x18\x9aQ\xcd\xa2\x8d\xbb*_Z\xcb\x85\xc9}(Z\
6L\x16\xf3\xd6\xf5\x9b\x11\xdb2\xd8\x02\xd0\x05\x8e\x8f\
\xc9a\x8c\xad\xc4\xadp\xb1\xd3\xc8\xbd\xc9\xd9\x83\xaa\x0a\
\x02\xcd\x9c]MwEP\x84\x83\xfc\xb2\xab\xb1\x09\xfd\
\xe4\x88\xb4&\xe2Z\x80\xe2m\xfc\xcd\xe8\xd9\x04\x9ar\
\x17\xc5\xb4\x00K\xb4e-K\xb4\xda\x7f\x8eq)z\
\xd9\xd61\xd8\x19\xce\x17T\x99Mm\x9b\xcf\xb9\xce\xb3\
\xd1g\x9am$o3\x07\xed\x16\x92\xb4u5BN\
\xa3\xc8Z\x88j\xe7\xa9*\x8c\xd9K\x80v/\x13-\
\xfe\x894S\xe0\x1c\xb4\xf1\xa9\xad\xe6-\xa77B\xd5\
^\xff\x1a\xe3\x5c\x12Q\xecM\x17\xa3\x85?\xb93\x9a\
\xc9i\xae\xe3\x0f\xf4\xcf\x9c\x9d\xa9$\xb4\x81\xb1\xd5@\
\xb0\x8ek!\xd1K\xb4\x8a\xdc\x19\xa1N\xe7\xfb\xc0\xe9\
\xa3\xd1/\x93\xad=\xf9\x22)\xa9\xecL\x9f\x0f\xb3\xf5\
P\xeb\x04\xf4\x02\xb8>s\xd6\xa7hV\xba\xa9\xf70\
c\xbc\x17*\x81\xff \xfd\xdf\xd37.\xed\x17\xb7O\
5\x93\xe5\xd4\xa1\xc6?\x13\xe6\xbe\x0ee\xa4\x04\xad\x96\
fg9D\xee0G\xa0\xeds\xbe\x84\x9bH\x9e\xe2\
\x9c\xba\x8a\xbc\xf8\xb53\xdfW\x8f\xad1\x97@\xb4\xb3\
 \xd9s\xd0\x09*9\xfb\xe9\xc8o\xa2c\x7f^\xaa\
\x1e\xe7\xf2\xc15\xd8\x8f@\xf4\x8a@\xbc\xe7\x90p\xd3\
U\x09&Z#\xffO\xf1\xeb\xaa\x8d\xeb9$\xdc\xf4\
\xe3\x99\xdb\x82n\x09j\x07\xbc\xd1@\xfdU^\x94\x8f\
\x03\xf5<\x87\x84\x9bH\xfe\xec\x02\xb5\xf8\xe6\xe5P\xde\
\xd1\x00{\x05\x04\x97\x16\xd4\xf1\xa7\xa0\x84\x9bH\xf6\xbb\
\xe0\x09N7Uk\xd7\x1e3\x1a\xd0.\x83\xa0\x96\xb4\
\x22\x99\xe8:\x12n-8\xf6\x82\x1b\xd3\x0e\x9d'\x9b\
)\x92=\x17\xe8G\xf1\xddI\x7f\x19\x9c\x90\xc6\x155\
g\xd1Q4C\xaa\xf9\x14\xf5\xde(Jf\x9cv\xfa\
4\x8e\x89\xb8%\x8b\xb9>\xaaL\x8eC\xb9\x1c|n\
\x0e\xb5)\xe9\xef\xbc/\xa43\x88v\xac\x90\xe8\x00\xb1\
\x88:\x9bB\x9d\xce7\xcb\xe9\xba\xa8/d\xebv\x8b\
\xedA\x19\xa9\xf8\xc3\x86\xf9F\xd2\xfeI\xf2\xc2\x08\x82\
\x1a\xc3\x8f\xbd\x8d\x9c\xc3r\xea\xd6\xea\xed}GF*\
\xb3\x99\x91F}2\xe8;\xbc\x931z\xadxQ\xcb\
\x98S\xe9\xf3\x87\x10}2'\xa2\x99\x94\xac\x01G\x13\
m\xf0\x11x0\xd5km\xfer\x09\xbf\xa2\xdf\x0b\xc1\
\xe4\x969\x7f\x85\x0aAm\x18\x8b\x5c\x87\xee\xec\xbbf\
'$)\xf4\x0b\x8eu\xe6\xa4\xbd\x85\xc4\xe9\xce\x8eU\
\xf5\x07\xaa\xf5\xe0}0\x97\xba{\x22\x13u\xe8\xf6\xb3\
\xd8M\xae\x9e\xe3D\xb2-\x0fRZDu:\xb1\xe3\
\x96\x88w\x10\xfcS\x12\xf9\x1f\xfd0\xee\xf9\x94\xd6\x04\
\xb5\xa6C\xe8\x1d\xd1\x05f+\x8c\xddn\xbd\xc1G\xe8\
\x5c\x0cl\x87iG_I\x91\xa8\x0f*bk\x16j\
\xeb\xf0\xf2\x0a0\x82z\xc9\x1e\xf3\x04U4#)\x83\
\xce\x1e\x9a\x95\xd2S\xd1\xa9}\x0d\xc5\xa2>\xa8,)\
\xa6\xa5\xa6j\xbf\x0e4\x19&O\xc3!t\x5c\xb4\xfe\
\xc1\x96d}R\xe8\xccg_nj\xb7\x02\x7f\x82\x1f\
\x9aT\xa3E\xad[\x81\xfet\xe3\xc7x\xa0\xa8L\xf6\
L\xfa\x00\x92\xb5\x13=\x0bn\xf6~t-U\xcb\xb9\
\xda\x1fs\xfe(\x93\xba\xda\xf2\x1e\x053r\x09/Q\
\xf3\xf9\x9c/3\x83$\xd5KA\xf5=\x04:\x81\x8f\
\xd32\xb3\x11l\x00_R<{\xc0\xb1+\x84:\xa3\
q^\x0d\xe6\x82\x99 _k)5\xd6\xe2/\x14\x9f\
\x10\x0cb\x90k\xe9X\x02B\xcf\xa5v\x84\x1d@[\
\xe6\x01\xa0\xc5[\xcf\xb9\xb6\xd7q`\x12\xb8\x18\x84\xce\
\x8d\xfb\xf0k\xab\xdcK[U\x86%\xa9l\x88\xb6\xd1\
,\x04w\x83\xd0\x80\xb8\xa3E\x8b\xfc\xcb`5\x04\xb3\
\xb5\xb0Zv\x14I+\x00Y\xfd\xc7a\x1e\xe8\x00\x9a\
\xa9Z\xa4\x8f`}\xd3\xaf\x87\xdc\xef\xb5$\xd6D\xd2\
\x0aCVy\xe7\x81\xab\xc0dP\x06ZJ4\xe3Z\
gu\xdb\xf5r\xf5\x83]@\x87\x85\xfd\xb4u\xc9\xbf\
s\xc1\x9d\x93\x1bY\x86\xf3\x00\x00\x00\x00IEND\
\xaeB`\x82\
\x00\x00\x07E\
\x89\
PNG\x0d\x0a\x1a\x0a\x00\x00\x00\x0dIHDR\x00\
\x00\x00\x1a\x00\x00\x00\x10\x08\x06\x00\x00\x00\x08\xd1o\xa8\
\x00\x00\x00\x01sRGB\x00\xae\xce\x1c\xe9\x00\x00\x00\
\xc6eXIfMM\x00*\x00\x00\x00\x08\x00\x06\x01\
\x12\x00\x03\x00\x00\x00\x01\x00\x01\x00\x00\x01\x1a\x00\x05\x00\
\x00\x00\x01\x00\x00\x00V\x01\x1b\x00\x05\x00\x00\x00\x01\x00\
\x00\x00^\x01(\x00\x03\x00\x00\x00\x01\x00\x02\x00\x00\x01\
1\x00\x02\x00\x00\x00\x15\x00\x00\x00f\x87i\x00\x04\x00\
\x00\x00\x01\x00\x00\x00|\x00\x00\x00\x00\x00\x00\x00H\x00\
\x00\x00\x01\x00\x00\x00H\x00\x00\x00\x01Pixel\
mator Pro 3.6.6\x00\
\x00\x00\x04\x90\x04\x00\x02\x00\x00\x00\x14\x00\x00\x00\xb2\xa0\
\x01\x00\x03\x00\x00\x00\x01\x00\x01\x00\x00\xa0\x02\x00\x04\x00\
\x00\x00\x01\x00\x00\x00\x1a\xa0\x03\x00\x04\x00\x00\x00\x01\x00\
\x00\x00\x10\x00\x00\x00\x002024:08:1\
3 17:53:58\x00w=\x1aE\x00\
\x00\x00\x09pHYs\x00\x00\x0b\x13\x00\x00\x0b\x13\x01\
\x00\x9a\x9c\x18\x00\x00\x03\xd8iTXtXML:\
com.adobe.xmp\x00\x00\x00\
\x00\x00<x:xmpmeta xml\
ns:x=\x22adobe:ns:m\
eta/\x22 x:xmptk=\x22X\
MP Core 6.0.0\x22>\x0a\
   <rdf:RDF xmln\
s:rdf=\x22http://ww\
w.w3.org/1999/02\
/22-rdf-syntax-n\
s#\x22>\x0a      <rdf:\
Description rdf:\
about=\x22\x22\x0a       \
     xmlns:exif=\
\x22http://ns.adobe\
.com/exif/1.0/\x22\x0a\
            xmln\
s:tiff=\x22http://n\
s.adobe.com/tiff\
/1.0/\x22\x0a         \
   xmlns:xmp=\x22ht\
tp://ns.adobe.co\
m/xap/1.0/\x22>\x0a   \
      <exif:Pixe\
lYDimension>16</\
exif:PixelYDimen\
sion>\x0a         <\
exif:PixelXDimen\
sion>26</exif:Pi\
xelXDimension>\x0a \
        <exif:Co\
lorSpace>1</exif\
:ColorSpace>\x0a   \
      <tiff:XRes\
olution>720000/1\
0000</tiff:XReso\
lution>\x0a        \
 <tiff:Resolutio\
nUnit>2</tiff:Re\
solutionUnit>\x0a  \
       <tiff:YRe\
solution>720000/\
10000</tiff:YRes\
olution>\x0a       \
  <tiff:Orientat\
ion>1</tiff:Orie\
ntation>\x0a       \
  <xmp:CreatorTo\
ol>Pixelmator Pr\
o 3.6.6</xmp:Cre\
atorTool>\x0a      \
   <xmp:CreateDa\
te>2024-08-13T17\
:53:58</xmp:Crea\
teDate>\x0a        \
 <xmp:MetadataDa\
te>2024-08-13T18\
:31:13+02:00</xm\
p:MetadataDate>\x0a\
      </rdf:Desc\
ription>\x0a   </rd\
f:RDF>\x0a</x:xmpme\
ta>\x0a\x13\x88\x5c%\x00\x00\x024IDAT\
8\x11\xad\xd3[h\xcea\x1c\xc0\xf1\x17\x1b\xb2\x1c\xa6\
\x84\xc9y62\xc7\x0b9\x95$q!\x17\x94\xa8\x95\
\x15)W.v\xb7\xa4\x95V+\xc4\x85F-\xcd\x05\
\x99K\x17\xb8!\x5cLj\x96C\xc2\x1c\x92\xf3\x85X\
S4\xdb\x98\xef\xf7\xff\xfe\x9f\xd7c\xde77\xfb\xd5\
\xe7}\x0e\xff\xe7\xff\x7fN\xbf7\x93\xc9\x1f\xc3\xe9\xd6\
\x90EQ\xf4\xa5a\xd4\x07\xd2\xf6!\xca\xe9\xd8\x83\x11\
(\xc7\x04Tb\x14\xba\xd0\x89\xa7\xe8\x83\xe18\xf5\xda\
\x18\x1c~<\x0ew\xf1\x0bK\xd0\x8a+\xa8\xc5Ql\
\xc1=\xb8\xb8\xf1(C7\xae\xe3\x1c\x9e\xc1p!?\
\x92Z\xf4\x13Od]N4\x16\xabp\x12Wq\x0c\
K\xe1B\xfcx?\x8c\x8d\xd8\x8a\x12\x9cG#z0\
\x12\xee4\x9c\x10\xd5?\x11\xeed\x07]\xaen\x13\x16\
\xe3\x03\x0e\xc3\xa8\xc7C\x9c\x86\xe3\x8c\xc9\xa8\xc7[\x5c\
\xc3\x5c\x18\xc5\xd9\x22\xff\xefn\xba?\xa3\x19\xd3\xd2!\
\xcb(_\xa1\x09sp\x03\xae\xf4\x05\xea\x10b5\x95\
\x0e\xdc\xc7\xfc\xd0\x99\xaf\x5cK\xa7\x934D\x0f\xbd\x5c\
\x93b\x0d\x1e\xe3\x08\xc6\xe1\x22<\xe2\xbb\xf0\xbd\x10.\
\xee\x0en\xc2qy\xa3\x8d\xde\xb3\x83\x9e\x8c\xa6}\x01\
\x07P\x0ewv\x1c~\xe4\x12z\xb1\x17\xc6\x98l\x91\
\x1c\xf7\x03\xea\xf1n\x93\x0cJ\x9fgJ\xa9\xb8#\xc3\
\x97\xbe\xa3\x1f^\xb4\xe9\xfe\x05\x9bar\x18N\xd0\x82\
\x996\x08\xb3\xcdw\xde\xe1'\x0a\xeeh;\x0f?a\
'\x8c\x90\x91\x07\xa9\x7f\xc3#\xd4\xa0\x12Op\x0a\x93\
P\x81\x90HT\x93\xec\xf3\xaef\xd8(\x14n\xb7\x0b\
\xfb\xa3\x01fQ;\x5c\xedk\xec\xc3B<G3B\
\xcc\xa2\xd2\x0a\xc7\xac\xc3\x7f\xc3\xfbpg\xbe4/\x1d\
m\x0a\xfbQ\xef\xe8#\xaa\xe1\x91\xbdD\x98\xec\x04\xf5\
7X\x09#\xdee\xb6'\xfd\x0dGe\xd3\x15\xdd\x82\
\xe7}\x06\xeb1\x05\xb3\xb1\x08.\xa0\x04\xcb\xe1\xff\xaa\
\x05SS\x14I\xc4\xdf\xcb\xddC\xfcp m\x98q\
\xdb\xb0\x0b\x0b\xe0=}E\x0f&\xc2\xcbn@\x1b.\
\xe36j`\x14\xc1D\xca\xc5_\xb3\xe6z\xb3\x89\x10\
&\xb4\xdb\x9dT\xa1\x0cf\x97\x13zL\x9dx\x8f\x15\
\xd8\x80&t\xe3\x9f\x89\xe8\x1b\xb2(\xb4\xe8d\x82\xdf\
\xda$r7\xdd4\x22\x08\x00\x00\x00\x00IEND\
\xaeB`\x82\
\x00\x00\x07\x05\
\x89\
PNG\x0d\x0a\x1a\x0a\x00\x00\x00\x0dIHDR\x00\
\x00\x00,\x00\x00\x00,\x08\x06\x00\x00\x00\x1e\x84Z\x01\
\x00\x00\x00\x01sRGB\x00\xae\xce\x1c\xe9\x00\x00\x00\
8eXIfMM\x00*\x00\x00\x00\x08\x00\x01\x87\
i\x00\x04\x00\x00\x00\x01\x00\x00\x00\x1a\x00\x00\x00\x00\x00\
\x02\xa0\x02\x00\x04\x00\x00\x00\x01\x00\x00\x00,\xa0\x03\x00\
\x04\x00\x00\x00\x01\x00\x00\x00,\x00\x00\x00\x00\xdf\xa6\xc5\
\x99\x00\x00\x06{IDATX\x09\xed\x98Yl\x15\
U\x1c\x87[\x15d+ \x0a\xb2\x08\x96\x02\xa2P\x22\
\x8b\xa0(\x10\x8b\x1a*\xc6\x84\xf8\x80\x89F}3>\
\xf2\xe4\x831\xfa\xe0\x83$\x1ac\x82&j\x88[\x84\
`\xe2B4>\x88 \x88\x10\x8bEE\xca&\xd4\xa6\
\x94}\xa9\x80\xad \x85R\xbfo\x98\xb9\x99r\xef\x9d\
;\xb7%>\xf5\x97|wf\xce\x9c\xe57g\xf9\x9f\
\x99[R\xd2\xa3\x9e\x1e\xe8\xd4\x03\xa5\x9d\xae\xbay\xd1\
\xd1\xd1q-U\xf4\x02\x8f\xed\xd0VZZz\x89\xe3\
US\x97\x0d\x87\xe6n\xc2I\x05\x8c\x86\xe10\x08\xfa\
\xc1up\x11\xce\xc1\x198\x0eM\xd0\xe09\x0f\xe1\xc3\
tIE\x1b\xc6\xe8\x00Z\x9a\x083\xa1\x12&@d\
\xb8\x8cs\xcdF\xd2t+\x1c\x83\x03\xb0\x0fv\xc0V\
\xd8\x8d\xf1\x16\x8eE)\xb5a\x8c\xf6\xa1\xe6\xc90\x1f\
\xe6\xc14\x18\x01\xd7@$\x87_\x93\xe2\xb4\xe8\x0d\xf1\
6\xbcoo\xff\x06\x9b`-\xd4a\xdc\x91H\xa5x\
ey\x0b`Vc\x0f\xc1\x22\x98\x03CA\x9d\x85\xa8\
\xe7\x0es~\x12\xecQ\x87\x5c\xc3\xfd\xe1F\x18\x05\xe3\
\xa0\x1c\x9c2\xaa\x19~\x82\xd5\xb0\x06\xd3\xd6SP\x89\
\x861j\xef9\xfc\x8f\xc3\xe2\xf0\xdc4\x1b\xdb\x06?\
\xc3v\xa8\x87C\xd0L\xc3m\x1c\x03Q\xde\x1e\x1e\x02\
#a<L\x01\xa7\xd2\x0cp\xfe\xdb\xe3\x96\xfd\x1cV\
\xc2.\xca\x9bV\xbc4\x0bw\xc2\xdbp\x04\xd49\xa8\
\x81\x97a.\xb8\xc8R\x8b\xfc\x03a6\xbc\x00\x9b\xe1\
,\xa8c\xb0\x1cfB|\x8a\xa5\xae\xbb\x84\x82\x93\xe1\
\x1dh\x06u\x02V\xc1\xa3pC\xfa\x9a\xb2sR~\
\x10T\xc3\xc7\xa0Yu\x0a>\x80\xa9\x908\xf2Y5\
R`\x0c,\x85\xe3\xa0\xec\xe1\xb7`\x1a87\xbb-\
\xeb\x81Jx\x03\x0e\x82\xb2s\xde\x84\x8a\xd4\x0d\x90y\
\x00<\x07\xf5\xa0\xec\xd9epG\xeaJ\x8a\xc8H\xbd\
\xe3\xe1u8\x0a\xaa\x11\x96@\xba\xe9FF\xe7\xe6Z\
\xb8\x04\xce\xb1\x9505\x9f\x07\xee\xf5\x07Gd\xc2\x15\
\x8c\xe3z\x14\x18)\x12E\x1e\xa7\xdf\xfb\xd0\x0a\xeaG\
x0W\xa1x\x90w\xde\x1a\x82\x16\x80+\xd9y\xf4\
;\xac\x80:\xc8\x12\xf9\x9d\xcb\x0b\xa1\x0a\x8c\xd3qu\
pa|u\x84vr\xac\x81\xc6<Q`7\xf7\x8c\
\x12\x86\xbey`\x8c_@9c\xb4\x9bNn\x91\xa1\
\x0a~\x00u\x12^\x82\xc1\xb9s\x97\xf8\x80F\x91/\
@]\x80\x16p\xf1\x88\xe7\xa6\xb5\xc1^p\x0d\xcc\x82\
\x9ck\x80\xf42x\x1e\xa2\xa9Q\xc3y\xf5\x95mg\
z\x98\x9b\xd7s\xf3.0V*{w\x03Ox:\
\xb8\xca\xfdSF\xf2\xc0\xf0\xd6~\x8e\xdf\xc2\xde\xf0\xba\
\x17\xc7a0\x1b\xa6\xc3S`\x5c\xfe\x1b\xf6@'\xd1\
\x8e\x0f\xb8\x81\xc4\xfb\xe1ap\xcd\x18\xe66r\xcf\x0d\
*P\xc60W\xeef\x93\xc0a\xfe\x17\xdc\xef\xdd\x14\
\x92\x14\x0f?n\x1c\x9fQ\xf9\xfa\xa8\x00\x8d\xf90s\
a\x09<\x00\xf6X-\xe9{\xc9\x97k\x83pj\xd4\
\x82\xd3\xc2\xb2\xfa\xf1=\xe5\x0f\x08\x14\x0f\xd2\x86\x12\xe7\
\x90:\x02;\xa94\xa9w\x83\x8cI?\x94\xb77\xd7\
\xc1w`]n\xd1\xb7\x83#\x93%\xf2\xb7\x90\xa8\xe9\
\x03\xe1\xcd\xb8\xa7 )n\xd8\xedS\x94\xc3\xdb\x14\x9c\
u\xf3\x07\x13\x8e\xd6Q8\x05\xb6g\xcf\xe54L\xba\
j\x04\xdbWqOAB\xdc\xb0\x11bH\x90z\xf9\
\x8d\xeaxx\xde\xad\x03\xc3o\x1b\x03 \x0aom\x9c\
\x9fO\xa8\xd4v\xa3\xb6\xf5\x13y\x0a\x8a\xc4\x0d[a\
T\xa9C\xe3pvK\xa1Y\xa7\xc0\xbd`\xc3N\x8b\
F8\x03\xf9d\xdb\xa2\xfa\x82q>\xe33\xbe\xe8L\
\x8cBN;\xe7R\x8c4t7\x95\xdb\x882J\xf8\
\x1a\xea\x02r\xc1\xb9@k`3\xd3\xc4^\xce'\xdb\
\xbd\x18\xde\xb4\x8c\xbe$X\xa4q\xc3QFM\x9b\x1e\
\xbf\xc7eA\xddJ\x8eg \x1a\x99\xc8\xb0\xa1M\x83\
\x1b`9\x18.\x93d\xbb\x96U\x9a\xd4W`\xd6\x84\
\xb8)_\xbc\xff\x01\xe3\xb1\x0bC\xba\x22{Ei\xf2\
O\xb0W]\xf9\xeb`+\xbdk\x1bI\x8a/\xcas\
dl\xa5LN\xc3\xcd\xdc\xf4\x8b\xc1\xa1\xbd\x19\xfc\xa8\
tKM+W\xf6\x0a\xd8\x1e\x16pk6B\xb8\x80\
\x0e\xd0h\xd4\xf3\xe1\xed\xbc\x87\xa8m3\xe8I2\x8a\
\xf7\xf0!R\xe56(\x17\xe6#\xed\x94\xdap\x1a\xfd\
E\xa6-\xe4_\x9f&sB\x9e\xb1\xdc+\x0f\xef\x1f\
\xe4\xa8\xa7\x8c2\xab\x8f\x94\x06p\x085\xe8SN\x06\
C\xdd\xff&:h0\x8dM\x82[@\x1f\x91'N\
/+n\xd8\xe0\xee\x14pZ\xb8\xe7\xcf\x84\xa9\x90$\
\xe7V4\x02\xf1\xf3\xa42I\xf7\xa6ps\x16\xf4\x01\
C\xdf\x0e\xc8\xdd\xc3\x0c\xe5\x05n\xd6\xc26P\x16\x9e\
\xcfS\x0f\x0d\xaer\xff\xf8p\x87\xc1\x97\x13\x1f\xf8\x04\
tI\xb4\xe3;L\x15L\x0b+\xa8\xe3X\x8b/\xd7\
AF\xf19l\xa2O\xb4\x11f\x80\x8b\xaf\x1a~\xa5\
\xb2\xaf(\x98+v\xba\xe7\x7f\x02\xbb\xc0\x07\xdd\x0fE\
\x8b\xfa\xf51\x07\x16\x82\xed\xda\xbb\xfa\x88:\x8f\xd3<\
\xa2\xb0\xef\xac_C;\x9c\x87/\xe1\x1e\x88O\x9fN\
\xa5\xb9W\xda)\xa1\x88\x0b\xcb\xc2\x0c\xf8\x14\xfc*\xb7\
\xdd5\xe0\x03\x14\x16\x19\xfb\xc2\xd3\xb0\x13\xd4i\xf8\x10\
\xa6C^\xd3\x85k\xce\xcea}0\x05\xde\x05?@\
\x95/\xfb\xcfB\xf4\x9a\x90]\xf0\xca\x142\x8f\x80\x17\
!\xfa\x9a\xf5\xeb\xe3#\xb8\x0f\xdcX\xba-\xea\xe9\x0d\
\x8e\xe6{\x10\xff:\x7f\x85k\xa3Dq\xa2\x90\x1f\x95\
\xaf\xc1aPg\xe0\x1bx\x12|\xd9\xef\xb2(?\x0c\
\x16\xc3j\xf0sJ\xf9\xff\xc42\xf0K\xa3k\xa2\xf0\
Dx\x15\x1aA\xf9\x8dV\x07~\x96?\x02\xc3!\xd5\
41\x1fh\xb4\x1a\x96\xc26h\x03\xd5\x04\xfe?a\
\xecOT\xc1\xc5B%\xe5\xd4\xf0\x18<\x01\x86:c\
\xb4\xef\x1d{`\x0bl\x077\x1cw%\xb7Q\xef]\
\x04W\xbe\xf3\xd0\xcdg$\x8c\x07\xcb\x1b\xdf+\xa1\x0c\
\x0c\xa5F\x98U\xe0\xe7U=\xc7D\x154liL\
\x1bj\xe6\xc1\x22\xa8\x02\xe7\x98=\xab1\xdf\x154l\
\x807.k\xb8\x1d|\xeb\x8b\x0c\xfbi4\x0e|?\
\xf1A\xdcd\x8c\xdf\x1ba5\xac\xc7\xace\x0b*\x95\
ak\xc1\xb4\x0dU\x80\x865o\xac.\x87b\x16\xa1\
_\x1a\xc6\xee_`\x13|\x0f\xfb0kO\xa7Rj\
\xc3Qm\x18wJ\x8c\x85\xe9\xe0\xd0N\x8010\x0c\
\xdc\xad\xfa\x81\xbdk/\xfbzx\x1a\x8e\x81F\x1dr\
7'\x0d7`4\xe9S\x89,\xd9*\xdap\xbc\x0a\
\xcc\xfb\xee::\xc4\xe1\xf6\xff0\x0d;\x1aN\x17\x0d\
\xbbkE\x86\x9b0\xe9u\x8fzz\xe0j\xf5\xc0\x7f\
\xa9\x1b\x1b\x08N\xf3\xe96\x00\x00\x00\x00IEND\
\xaeB`\x82\
\x00\x00\x03\xd1\
\x89\
PNG\x0d\x0a\x1a\x0a\x00\x00\x00\x0dIHDR\x00\
\x00\x00,\x00\x00\x00,\x08\x06\x00\x00\x00\x1e\x84Z\x01\
\x00\x00\x00\x01sRGB\x00\xae\xce\x1c\xe9\x00\x00\x00\
8eXIfMM\x00*\x00\x00\x00\x08\x00\x01\x87\
i\x00\x04\x00\x00\x00\x01\x00\x00\x00\x1a\x00\x00\x00\x00\x00\
\x02\xa0\x02\x00\x04\x00\x00\x00\x01\x00\x00\x00,\xa0\x03\x00\
\x04\x00\x00\x00\x01\x00\x00\x00,\x00\x00\x00\x00\xdf\xa6\xc5\
\x99\x00\x00\x03GIDATX\x09\xed\xd5[h\x8e\
q\x1c\xc0q\x9bS\xce\x1bJ\x89\xc5\xccaHbd\
s\xc8\xf9\x10\xee&5jQ\x94C\x89\x0b\x96\x14\x8a\
\x94\xe4B.\xdc\x88\x5cq%\xae\x84\x92\x1b\x91\x9c\x15\
\x11\xdb\x1cbv\xa3\xcdqf|\xbf\xb3g^\xef\xde\
\xf7}^w\xd4\xffW\x9f\xf6\xec\xf9\xff\x9f\xff\xf3{\
~\xff\xc3\xdb\xa9S\x88P\x81P\x81P\x81P\x81P\
\x81P\x81P\x81P\x81\x7f\xb7\x029Y\xa6\xd6\x9b~\
\x85\xc8Gg|@-\xea\xf0\xb7\xd1\x87\x07F\xa0\x1f\
\x1c\xab\x01\x8eU\x8f\xd8\x88K8\x8f\x11\xe6c*\x8a\
\xe0\xff]\xd0\x08_r\x1f\x97\xf0\x0cq1\x80\x0e\x0b\
0\x05~\xbcc\xe5\xc2\xb1jp\x17\x8e\xe5\xb8i\xc3\
/L\x17\xc3i\xd8\x82\xf5X\x86h\xf0&\xae\x07b\
.\xca0\x14\xefQ\x83t1\x8a\x86\xadX\x87Em\
\x9dL\xf4\x1b\x06a\x1eJ\xe1XV\xfa%R\x86\xd5\
J\x15\x0e\xb2\x13\xab\xe1\x17\x1f\xc6m\xbcA3\xacV\
1\x16c\x15\x0a\xf0\x097\x90\x1cC\xb8\xb1\x0b+\xf1\
\x14\x87p\x07o\xd1\x02\xc7\x1a\x0f\xc7\xaa\x84\xfd\xb7\xc3\
\x8ag\x1dU\xf4\xfc\x8aG\xa8\x80k89\x9c\x9dY\
8\x87\x1f8\x8f\xbeH\x8c\x1c\xfe\xd9\x07+y\x0f+\
\xd0\x0b\xc9a\xe1\x9c\xb1\x0bp\xac\xd3\xe8\x89\xacb0\
\xbd^\xc0\x84\xd7\xc2\x97f\x8aI4>G\x13\xcaQ\
\x84\x89p\x06&\xc0JZ}?<.\xca\xe8\xf0\x1a\
\x9f\xe12\xe9\x10V)\x0a\xd7\xd64,\xc1r<\xc4\
6\x98H\xa6p\x99\x0c\xc3t8\x9d&\xbb\x1031\
\x07n\xb2\x9bp\xd6\xbe#S\xb8v\xc7\xc2M\xeeL\
t\xc5\x18T\xa3\x19\x7f\xc45\xfe{\x82wpZ\x8e\
!\xdbpS\xfa\x8ck\xd2j\xbbF\x1f\xe3\x0b\xbc\x7f\
\x10\xd9\x863\xe13nJ\xf3\xb1p\xa3\xd1\x1a\x89\x9b\
\xae\x8e;V\xa0\xfb\xaf\xa6\xd6\xb3\xb6\xed2\xf6\xcf\x87\
\xb6\x1e~\xec\x1e4\xa0\x076\xc1\xcaG\xed\x5c\xc6F\
\xd4\xd7\x8a\x9a\x93K\xb3}\x96\x13\x13\xdeK\x83;v\
)<\x82\x9c\x9al\xa3\xb8\xad\xa3\xd58\x95\xf0\xd0H\
\xaeM8jOhJ{\x19\xbd\xf7\x16=\x0e\xc0d\
]*ic2-Ne=\xdc4q\xe1/\xd6\x15\
8\x8dUI\x9d=E<!\xdcH\xae\xc5\xb8\xb0`\
\xd7\xe1X\x1b\xe3:G\xed\xdd\xb8\x88\x8e\xaa3\x5c\x17\
F\x0d)\xfez\x8c\xed\x80\xd3V\x0d+\x9a\x18n\x9c\
\xcb0\x81\x93(@\xba\xc8\xa3a7\x5c\x0a\xae\xff\x94\
}\x13O\x09\xfa\xb4\x86\xeb\xd8c\xcd\x9d\xeaN\xf7\xab\
}\xa1G\x93\x8c\xfe(A%6\xc3g\xf6\xe3\x02\x12\
\xc3\xea\xbeB)f \x1f-\xf8\x08\x8f.\xc3\xf1=\
I\xd6`\x03|\xc7\x1e\x5cE\x87\xc8\xe9p\xe7\xf7\x8d\
r.M\xc65\xf8\x00\xee|\x8f0+`\xc2\xae\xb5\
28\xdd'p\x04\xd1\x86\xe1\xb2=|G\x05\x9cb\
\x8b\xe0/\x98<\x9fM\xde\x84\xc7\xc1\x8f\xaa\xc6q\x1c\
\x85\xcb\xb2CdJ\xd8\xb6\xd9\xf0\xc8\xf2EEp\xda\
\x9c\x15\x13\xab\x85\xbf^N\xf9YX\xb5t\x91K\xc3\
|\xb8\xa1K0\x02\x8e\xe5\xfdF\xd4\xc0\x8f\xb8\x08\x97\
c\xcad\xb9\x1f\xfb+f\x1f\x07\x8e^\xe2\x94\x9a\xb0\
/q\xd9\x98\xb0U\xc96\xa2\xa5T\xc8\x03\xd1\xc77\
p\xed\xc7\x9b\xb0c\x86\x08\x15\x08\x15\x08\x15\x08\x15\x08\
\x15\x08\x15\x08\x15\x08\x15\xf8o+\xf0\x13jA\xb63\
\x107A\xb5\x00\x00\x00\x00IEND\xaeB`\x82\
\
\x00\x00\x06\xbd\
\x89\
PNG\x0d\x0a\x1a\x0a\x00\x00\x00\x0dIHDR\x00\
\x00\x00,\x00\x00\x00,\x08\x06\x00\x00\x00\x1e\x84Z\x01\
\x00\x00\x00\x01sRGB\x00\xae\xce\x1c\xe9\x00\x00\x00\
8eXIfMM\x00*\x00\x00\x00\x08\x00\x01\x87\
i\x00\x04\x00\x00\x00\x01\x00\x00\x00\x1a\x00\x00\x00\x00\x00\
\x02\xa0\x02\x00\x04\x00\x00\x00\x01\x00\x00\x00,\xa0\x03\x00\
\x04\x00\x00\x00\x01\x00\x00\x00,\x00\x00\x00\x00\xdf\xa6\xc5\
\x99\x00\x00\x063IDATX\x09\xed\x97Ml\x15\
U\x18\x86\x0bRD\xa0\x82\x94*\x16\x0a\xe5\x1f\x81\x86\
?A%\xd0X\x88\x11\x89&\xe8B\xa3\x891\xc6\x8d\
\xb2r\xe5\xc2\x85n]\x18c\xa2&&\x12M4\x18\
\x8c\xa8$&FQl%\x10@0b\xa9\x80 \x0d\
\xb4\xfcS\x10\x04A\x11\xd4\xe7\xb9\xcci\xe6\xd6\xb9s\
\xff\xaa\xab\xbe\xc9\xd3\x999s\xe6\x9cw\xbe\xf3\x9do\
n+*\xfa\xd4\x17\x81\xac\x08\xf4\xcb\xba*\xff\xe2:\
\x86\xa8\x04\x8fW\xe12\xfc\x05\xbd\xa6r\x0ckj$\
L\x80:\x18\x05\xc3`0\x0c\x80+p\x09\xce\xc1I\
\xe8\x80\xf6\xe8\xdc\x97)I\xa5\x18\x1e\xcaLSa>\
\xcc\x84\xc9\x10\x0cWq\xae\xd9 M_\x80\x13\xd0\x09\
\xfb\xa1\x0dv\xc0\x1e8\x0fE\xa9\x18\xc3\x83\x18y\x06\
,\x81F\x98\x03\xb7B\x7f\x08r\xf95)\xae\xc0@\
\x88\xcf\xe1}\xa3\xfd=l\x82\xaf`\x17\xb8\x12\x05)\
>X\xda\x03\x1a\xbb\x07V\xc0\x22\xa8\x01u\x11B\xe4\
\x8er\xde\x05F\xd4%\xd7\xf0\x10\xa8\x86\xd10\x11\xea\
\xc1\x94Q\xa7a\x0b\xac\x83\xf5\xe08y\x95\xcf\xb0\xd1\
s\xf9\x1f\x81\x87\xa3s\xdb\x9cl'|\x0b\xad\xf03\
\x1c\x01\xdb\xddhAFx\x04\xd4\xc2$h\x00Si\
\x1e\x98\xffF\xdcg?\x82\xf7a7\xd8V\x9246\
\x0b\xde\x80c\xf07\xb8t[\xe1EX\x0cn\xb2b\
t#\x9d\xef\x82\xe7a3\xb8B\x8ek\x8e\xaf\x02_\
&\x9eb\x5c\x16.\xf3\xf5M0j\x0ez\x0a\xd6\xc0\
\x03p\x13\x94#_t\x19\xbc\x0b\x9au\xfc_\xe0\x1d\
\x98\x0d\xf9V\x9e.\xd9\x1a\xcb\xe5K\xe0\x06q0#\
\xfc:\xb8\xd1\xcc\xcd\xde\x90\xe3Xe^\x81\xc3\xe0<\
\x06\xe7U\x98\x00\x05k(=\x9f\x06s\xcbA\x8c\xec\
kp\x1b\xfc\x172\xb7_\x86\xe3\xe0|\x07\xe1YH\
L\xb7\xa4h\xddA\xe7\x950\x17~\x87\xcf\xc0\xe8\xb6\
A\x92\xac\x04V\x91\x9b\xc1\x8a\x100m\xac\x08n\xa2\
?!\x97\xcep\xc3\x0dk\xe5\x99\x12\x1d\x0d\x9a5\xbb\
\x1d\xb24 \xeb\xea\xdad\xf7\xd2f\xf2\x9bG?\xc0\
j\xd8\x05I\xd2\xd4rh\x82A=:\x18-7\xa9\
+\xf4#l\x85\x83\x90T\x05\xf6\xd0n\x95\x98\x08\x8d\
`\xea\xe9\xc3y\xcd\xf1\x9cr\xe2o\xc0\xc9\xba\xe0\x05\
\x18\x0e\xb94\x8b\x1b\x1f\x83\xfd\x8d\xe2yp\xf3\x88\xe7\
\xb6Y\xe6\xf6\x81\xab\xb4\x00\x92V\x95\xe6\x8a*x\x0e\
Bj\xf8\x82\xcb K\xf1\x08_\xcf\x9d\xdb\xa1!\xea\
at[\xe0lt\x9dtp\x12K\x95:\x04_\x80\
\xe6T%\x98&\x961\xd3\xebq\x18\x08\xbf\xc2^\xe8\
)_\xb0\x05\xee\x86\xfb\xc0=\xe3Jo\x84\x8b\x90Q\
\xdc\xb0y8\x1d\x5cfsw\x07\xb4B\x9a\xfa\xc5n\
\x9a\x87k\xa19\xd6\xe6\xcbX\xaf\xddDK\xc1\x88m\
\x07_*Wjx\xdf\xb4\xf0Y\xfd\xd4\xc1O\x90Q\
\xffp\xc2\xd1Rb\x0e\xa9c`\xde\xa5E\xd7~\xf9\
d47\xc0\x97\xe0X\xa3a\x1a\xb82I2\xca\xe6\
sgt3\xee)\xd3\x147\x5cK\x8b(\x97\xb7#\
sV\xfe\x1fW\xeb8\x98\xd7\xceg\xe4r\x19\xe6V\
fc:\xbf\x8a{\xca4\xc4\x0dW\xd32\x22\xd3z\
\xed\x83q2:/\xf7\xe0\x1c\x96)\xcb\x9f\xba\x0c\x7f\
d\xce\x92\xff8o\x98[?\xc1S\xa6w\xdc\xb0\x03\
\x86A]\x1a\x97\xb3\x5c9\xbe)\xb0\x10\x9c\xd8\xb48\
\x08\xe7 \x97\x9c[\xd4\x0d\xa0\xa7n\x9f\xf1Mgc\
(9W9\x97b\xa4!?:N\xa2\xac\x125\xe0\
\x06r\xc3\xb9A\xb7\xc2f0\xca\xb9\xe4\xbcW\xa2\x9b\
>\xa3/\xc9l\xd2\xb8\xe1\xd0Q\xd3\xb6\xc7\xefq\x99\
W\xe3\xe8\xf1\x04\x84\x95\x09\x86-m\x1al\x01\x7f\x91\
Y.\xd3\xe4\xbc>\xab4\xa9\xaf\x8cY\x1b\xe2\xa6.\
p\xfd\x1bX\x8f\xdd\x18R\x8a\x8c\x8a\xd2\xe4\x010\xaa\
\xee\xfc\x0d`\xa9t\x8e4\xc57\xe5%:\xea+\xd1\
\xf0int\x81K{\x0b\x8c\x02K[\xa1rg\xaf\
\x86\xd6\xe8\x01\xbf~V\x087\x90e*D\x9e\xd3T\
\x85\xb9\xed\xa4'\xe9V<\xc2Gh\x95)P\x1fa\
\xb4\x9c\xb8\x10\x9d\xa1\xd36h.\xa4sJ\x9f\xf1\xdc\
\xab\x8f\xee\x1f\xe6\xa8\xa7nu\xef>Z\xda\xc1%\xd4\
\xa0o9\x03,u\xff\xa7\x863\xd9t\x18\x03\xfa\x08\
\x9e8\xbd\xa6\xb8a\x8b\xbb)`Z\xf8\xcd\x9f\x0f\xb3\
!M\xe6VX\x81\xf8y\xda3i\xf7\x1a\xb8\xb9\x00\
\x06\x81\xa5\xaf\x0drF\xd8_V\xdba'(\x1f^\
\x025^\xe4\x90/w\x14\xfcq\xe2\x0b\x9f\x82R\xe5\
o\x98&\x98\x13\x0d\xb0\x8b\xa3~\xdc\x07\xdd\x0au7\
4\xb81\xdclF\xd6\x01\x86\x82\x1b\xc6\xff>,/\
=\xe5.>\x0b\xfb\xe0sp\x92\xb4\x1a\xcb\xedD\xb9\
\x97\x96\xc2S0\x19\x8c\xee\x87\xf0\x098G\xaa\x5c\x92\
OA\x83~B}\xe8N\x88\xa7\x0f\x97Yrs\x96\
*\x9f\x9d\x07\x1f\x80\xe6\x9cw=,\x82\x7f\xa9g\x84\
\xed\xe0nW\xd3\xc0h\xfb\xb3\xd3H\x1f\x82\x13\x10r\
\x96\xd3\xb2e\x10f\xc23p?T\x81\xab\xb9\x0a4\
m\x9af)\xc9\xf0\x15zX;+a*\x98\xc3u\
`}\xb6]\x92\xd2\x83\xe6\xa2\xe4\xc6\x9e\x0b\x9a}\x10\
F\x82\xfb\xe0=X\x03Y\xf5\x97\xeb\x8c\x92\x0c{\xc3\
\xaf\xcb1\xf0\xab7\x1e\xfc\xbcz\x1c\x07\x9a\xed\x02\xfb\
\x94*\xc7[\x06+a9T\x83\x810o\xdf\x06\xcb\
Y\xa2r\x19\xb6\xb3\xa9\xd1\x01\xe6\x98\x11\xb66k\xda\
TqBW\xe0<\x5c\x84B\xd2\xc4\xe5w\xb5\x16\xc3\
\xa3\xf0$,\x84!\xd0\x09\xe6\xf0[\xb0\x1brJ3\
\xf9TO\x87\x87\xe01\xb0\xd4\xb9\x94Fw/l\x83\
V8\x00~\x95\x5cF\xef\x99V\xee|\xcd\x18\xbdZ\
\x98\x04>o}7o\xab\xc0\x1c\xd5\xa0)\xb0\x16\xcc\
\xdfT\x15b\xd8\x01\xcc\xdfFX\x01M0\x06\x8cX\
\xc8w\x0d[\xe0C\xaa\x5c\xe5\xdc\xd5\x0b\x86Gs>\
\x11\xdc\xc4\xbe\x88\x1f\x19\xeb\xf7FX\x07\xcd\xe0\xb3y\
U\xa8a\x07r\xa2\x09\xa0a\xcd[\x8a\xea\xc1</\
T\x96I\x97\xff;\xd8\x04_\xc3~0\xd2\x05\xa9\x18\
\xc3a@Sb<\xb8\xc3]Z\x0b\xfdX0\xaf\xfd\
\xd8\x0c\x06\xa3k\x94\xc3\x87\xe5\x04\xe7\x1au\xc9\xdb@\
\xc3\xed\xe0\x0b\x14\xa5R\x0c\xc7'\xf0\xb7k]\x84\xcb\
=\x0c4\xecj\x98.\x1a\xf6\xab\x15\x0cwD\xd7\x1c\
\xfa\xd4\x17\x81^\x89\xc0?&\xf2t\xb4e%\xfc\xbf\
\x00\x00\x00\x00IEND\xaeB`\x82\
\x00\x00\x056\
\x89\
PNG\x0d\x0a\x1a\x0a\x00\x00\x00\x0dIHDR\x00\
\x00\x00\x16\x00\x00\x00\x16\x08\x02\x00\x00\x00K\xd6\xfbl\
\x00\x00\x00\x01sRGB\x00\xae\xce\x1c\xe9\x00\x00\x00\
\xc6eXIfMM\x00*\x00\x00\x00\x08\x00\x06\x01\
\x12\x00\x03\x00\x00\x00\x01\x00\x01\x00\x00\x01\x1a\x00\x05\x00\
\x00\x00\x01\x00\x00\x00V\x01\x1b\x00\x05\x00\x00\x00\x01\x00\
\x00\x00^\x01(\x00\x03\x00\x00\x00\x01\x00\x02\x00\x00\x01\
1\x00\x02\x00\x00\x00\x15\x00\x00\x00f\x87i\x00\x04\x00\
\x00\x00\x01\x00\x00\x00|\x00\x00\x00\x00\x00\x00\x00\xc8\x00\
\x00\x00\x01\x00\x00\x00\xc8\x00\x00\x00\x01Pixel\
mator Pro 3.6.6\x00\
\x00\x00\x04\x90\x04\x00\x02\x00\x00\x00\x14\x00\x00\x00\xb2\xa0\
\x01\x00\x03\x00\x00\x00\x01\x00\x01\x00\x00\xa0\x02\x00\x04\x00\
\x00\x00\x01\x00\x00\x00\x16\xa0\x03\x00\x04\x00\x00\x00\x01\x00\
\x00\x00\x16\x00\x00\x00\x002024:08:1\
9 14:26:08\x00\xa5O\xafT\x00\
\x00\x00\x09pHYs\x00\x00\x1e\xc2\x00\x00\x1e\xc2\x01\
n\xd0u>\x00\x00\x03\xb2iTXtXML:\
com.adobe.xmp\x00\x00\x00\
\x00\x00<x:xmpmeta xml\
ns:x=\x22adobe:ns:m\
eta/\x22 x:xmptk=\x22X\
MP Core 6.0.0\x22>\x0a\
   <rdf:RDF xmln\
s:rdf=\x22http://ww\
w.w3.org/1999/02\
/22-rdf-syntax-n\
s#\x22>\x0a      <rdf:\
Description rdf:\
about=\x22\x22\x0a       \
     xmlns:tiff=\
\x22http://ns.adobe\
.com/tiff/1.0/\x22\x0a\
            xmln\
s:exif=\x22http://n\
s.adobe.com/exif\
/1.0/\x22\x0a         \
   xmlns:xmp=\x22ht\
tp://ns.adobe.co\
m/xap/1.0/\x22>\x0a   \
      <tiff:YRes\
olution>2000000/\
10000</tiff:YRes\
olution>\x0a       \
  <tiff:XResolut\
ion>2000000/1000\
0</tiff:XResolut\
ion>\x0a         <t\
iff:ResolutionUn\
it>2</tiff:Resol\
utionUnit>\x0a     \
    <tiff:Orient\
ation>1</tiff:Or\
ientation>\x0a     \
    <exif:PixelY\
Dimension>22</ex\
if:PixelYDimensi\
on>\x0a         <ex\
if:PixelXDimensi\
on>22</exif:Pixe\
lXDimension>\x0a   \
      <xmp:Metad\
ataDate>2024-08-\
19T18:28:07+02:0\
0</xmp:MetadataD\
ate>\x0a         <x\
mp:CreateDate>20\
24-08-19T14:26:0\
8+02:00</xmp:Cre\
ateDate>\x0a       \
  <xmp:CreatorTo\
ol>Pixelmator Pr\
o 3.6.6</xmp:Cre\
atorTool>\x0a      \
</rdf:Descriptio\
n>\x0a   </rdf:RDF>\
\x0a</x:xmpmeta>\x0aY\x8f\
LT\x00\x00\x00KIDAT8\x11c\xd4\xd4\xd4\
d\xa0\x0c0Q\xa6\x1d\xa4{p\x18\xc1\x02tIt\
t\xb4\xb4\xb4\xf4\x93'O\x96-[\x06a\x13\xe3;\
\x88z\xeax\x84qP\xc4\xc8hX \xe2\x1d\x14\x16\
\xc8\x80\xf842\x9a.\x10\xe16\xfc\xc2bp\x94Z\
\x00\x0d\xbd2\x97OK\xd0\xbf\x00\x00\x00\x00IEN\
D\xaeB`\x82\
\x00\x00\x03\xee\
\x89\
PNG\x0d\x0a\x1a\x0a\x00\x00\x00\x0dIHDR\x00\
\x00\x00,\x00\x00\x00,\x08\x06\x00\x00\x00\x1e\x84Z\x01\
\x00\x00\x00\x01sRGB\x00\xae\xce\x1c\xe9\x00\x00\x00\
8eXIfMM\x00*\x00\x00\x00\x08\x00\x01\x87\
i\x00\x04\x00\x00\x00\x01\x00\x00\x00\x1a\x00\x00\x00\x00\x00\
\x02\xa0\x02\x00\x04\x00\x00\x00\x01\x00\x00\x00,\xa0\x03\x00\
\x04\x00\x00\x00\x01\x00\x00\x00,\x00\x00\x00\x00\xdf\xa6\xc5\
\x99\x00\x00\x03dIDATX\x09\xed\x98\xc9kS\
Q\x14\x87\xd3\xe2\x04j\x9dQ\xc4!Z\x5c\xe8NA\
]\x88TQD\x04\xff\x86\xa2\xe8N\x5c\xb8QWn\
\x0a\x16\x1cq#\x0a\x82\xb8p%u\x9e6\x0e\xa88\
\x8bHU\xc4\xa1q*\x0aZ\xc5\x11Q\xa9\xdf/\xbc\
\x03\x87\xd7$\xcd\x8b/\xef\xa5\xd0\x03\xbf\xdc\xf3\xee=\
\xf7\x9e/'77\xb7\xcdd\xfa\xad\xefW`\x0co\
a\x02\xaa\xaf\xe5\xb72\x04\xb8-\xe8\x0d\xea\x0e\xf4\x81\
v\x0f\xd2\x1b\xa8)\x9b\x08\xcd}d\xa0\xe1\xb6\x83\xb1\
\xa9\xb5B<\x05\x90\x17\x0e\xf6\x01\xfef\xb4\x01]s\
\xfd\xf2S\xb70\xec>\x88\x068\xaa:\xfc\x83\xc8*\
\xbe\xc0\x8d%\xee\xea#\xf6\x95\xd5^-d\xe3\xe94\
\xe0\x8d\x85\x02\x92\xe8\x13l\x87\x03)\x06+\x16\x9d\x14\
\x7f\x82\xd8\x16u$mQ`\xc5\xb6\x02Y\x85W'\
\x0d\x9b%a\x0e\x19@\xa9\xca\x12\x96\x99\x86\xde\x06\xf1\
_i\xc7\xa2\xc4,K\xa6\x1c\x8a\x02\xfb\xd2\xc5\xaf\xc3\
O\xcc\xb2d\xca\xa1Ja\xb7371\xd3\xc7\x9aC\
\xe5\xc2N'\xd6Wv\x17\xcf\x89\x99`}r\x1dc\
\xf3Jd\x17\xec+do\xee=~C\x89\xf8X\x87\
\xc2\xb0\x06\xa1\xf6\x12\xd2\xcf\xb1\xb70\xac\xc5_'\xa8\
\xea\xd0CI\xf2\x18YR\x9d\xa3\xef\xd0_\xd7\xd7\x8e\
?\x08\xc9\x1a\x91\xaf\xacN\x8fs\xc8\xe6W\x1dz\x93\
Kv\x14\xdf\x8e#]\x19O\xbb\xb15\xf8\x82}\xed\
\xfal\xcf\xea\xf6v\xd6\xf5W\x15\xfan\x90\xa8\x8bv\
$\xf26\x8a\x87\x8fH\xd5\xbb\x8a\x0a\xc1\xd2\x9d\xb7\xc1\
\xbc\x9eAU\xaf\xf4\xe7 \xc9\xa9|\xda\x9e/G\x1c\
\x84\xc1\xec\xec\x19\x96\xef\x11\xb4\xffT\xaaR\xe9\xce\x00\
\xe8B\x11\x88\xc3\xc1\xb8\xc1\xee(\x12g\xdd\x82\xd6\x9b\
\xb7xA\x0f\xb3\xc18\xda\xb6`\xf1\xdf\xb43\x0b,\
\xf8(\x18\x17@o\xb06]_\xd0\x93n\x9e\xf6w\
\xbd\x0d\xfeo\xbb\xc4-\xac\xd3\x22\xfc'\xce\xd3`|\
[\xc4D\x82\xf6_\xc4\xf5\x11\xe7\x97\x0c\xdf\xcf\xa8}\
\x84\xf7\xf0G\xbbh\x9d\x1a\xb3\xdds\x14W[\xe1\x19\
\xd2\xda\xdaz\xfe\xc2\xcfc\xe56\x90\xa9\xc7\x90A\xeb\
\xe4\xd0\x09\x11\x87\xade\x11[wN\x1c\x0b\xda\x1a\x82\
>\xee\x16\xbf\x83\x1f\x07\xf42\xb7\xe6R\xfcXM\xfb\
.\x0c\x1d>\x9b\xa3&\xf4\xdbmr\xd4\xc9\xe5\xc4\x87\
\xa1o3\xa9R\xe8U\xcc\xb5\xedp\xbe\x9c\xe4\x95\xc6\
\x08\xfa\x84Kv\x0b\x7fD\xc4\xc5\x9a\x89\xb7\xfbH\x17\
\xfe\x8c\x88\xf3#\x87\x87\xa1o\xb2B\xb9\xd0\x1e\xf6\x1b\
\xf3\x16F\xce^\xe1\x04A\xfb\x1f\x80\x1b<7\xf4\xb2\
V\x18\xb6\xa9\x97\xf8X\x87'\xb1\xda\x15\xd4\xed\xa4\x9f\
\xda\xe1\xa8\x90\xa5\x0a;\x0b\xa2Nd\xb0\xbf\x9c\x7f\x19\
_WJo\x1e\xf6;\x03M~\xb0\xda\xbe\xce_\xff\
\xe7\xd2!\x9e\xc7!\x7f\x13;\xe0 \xc2\xb0\x8b\xdcX\
\x22n+Y\xac\xb2[]FUU\xfb\xd8\xc6\xe6\xe3\
\xa7\x0e+\xbe\xe7\x01\xd4C\xda\xf0-\xab\x91>\xfbw\
\x94\xee\x1dvti\x1b,F\xa9\x98\x01\xed-\x92]\
w\x0d\xab\xb2\xda\xd8`\xc3\xd5)\x92\xbfG\xb7\xfe\x0a\
\x91\x15:\xc2\xea\xe8\xf7\xb7\xb9\x9f<\xafD\x17Qj\
\xd6FfUN\x97\xfa\xe5\x8eB\x05hAV\xdd\x1f\
\xf8\xbaO\xa7ns!\xb0m!8UO\xa7B;\
\xaa9X\x98\xf2\xd6\xcc\xab?{\x0dT\xed'\x94\xda\
\x17,OW\xe4E?\x1e\xaal\x07\xfa\x82\x9e\xa0\xdd\
H\xbf\x80\xfd\xd6'+\xf0\x0f\xa8\xa0:\xb7\x97\xba\xaf\
\x90\x00\x00\x00\x00IEND\xaeB`\x82\
\x00\x00\x07e\
\x89\
PNG\x0d\x0a\x1a\x0a\x00\x00\x00\x0dIHDR\x00\
\x00\x00,\x00\x00\x00,\x08\x06\x00\x00\x00\x1e\x84Z\x01\
\x00\x00\x00\x01sRGB\x00\xae\xce\x1c\xe9\x00\x00\x00\
\xc6eXIfMM\x00*\x00\x00\x00\x08\x00\x06\x01\
\x12\x00\x03\x00\x00\x00\x01\x00\x01\x00\x00\x01\x1a\x00\x05\x00\
\x00\x00\x01\x00\x00\x00V\x01\x1b\x00\x05\x00\x00\x00\x01\x00\
\x00\x00^\x01(\x00\x03\x00\x00\x00\x01\x00\x02\x00\x00\x01\
1\x00\x02\x00\x00\x00\x15\x00\x00\x00f\x87i\x00\x04\x00\
\x00\x00\x01\x00\x00\x00|\x00\x00\x00\x00\x00\x00\x00H\x00\
\x00\x00\x01\x00\x00\x00H\x00\x00\x00\x01Pixel\
mator Pro 3.6.6\x00\
\x00\x00\x04\x90\x04\x00\x02\x00\x00\x00\x14\x00\x00\x00\xb2\xa0\
\x01\x00\x03\x00\x00\x00\x01\x00\x01\x00\x00\xa0\x02\x00\x04\x00\
\x00\x00\x01\x00\x00\x00,\xa0\x03\x00\x04\x00\x00\x00\x01\x00\
\x00\x00,\x00\x00\x00\x002024:08:1\
4 14:50:06\x00\x22h\xb6i\x00\
\x00\x00\x09pHYs\x00\x00\x0b\x13\x00\x00\x0b\x13\x01\
\x00\x9a\x9c\x18\x00\x00\x03\xb0iTXtXML:\
com.adobe.xmp\x00\x00\x00\
\x00\x00<x:xmpmeta xml\
ns:x=\x22adobe:ns:m\
eta/\x22 x:xmptk=\x22X\
MP Core 6.0.0\x22>\x0a\
   <rdf:RDF xmln\
s:rdf=\x22http://ww\
w.w3.org/1999/02\
/22-rdf-syntax-n\
s#\x22>\x0a      <rdf:\
Description rdf:\
about=\x22\x22\x0a       \
     xmlns:tiff=\
\x22http://ns.adobe\
.com/tiff/1.0/\x22\x0a\
            xmln\
s:exif=\x22http://n\
s.adobe.com/exif\
/1.0/\x22\x0a         \
   xmlns:xmp=\x22ht\
tp://ns.adobe.co\
m/xap/1.0/\x22>\x0a   \
      <tiff:YRes\
olution>720000/1\
0000</tiff:YReso\
lution>\x0a        \
 <tiff:XResoluti\
on>720000/10000<\
/tiff:XResolutio\
n>\x0a         <tif\
f:ResolutionUnit\
>2</tiff:Resolut\
ionUnit>\x0a       \
  <tiff:Orientat\
ion>1</tiff:Orie\
ntation>\x0a       \
  <exif:PixelYDi\
mension>44</exif\
:PixelYDimension\
>\x0a         <exif\
:PixelXDimension\
>44</exif:PixelX\
Dimension>\x0a     \
    <xmp:Metadat\
aDate>2024-08-14\
T14:50:23+02:00<\
/xmp:MetadataDat\
e>\x0a         <xmp\
:CreateDate>2024\
-08-14T14:50:06+\
02:00</xmp:Creat\
eDate>\x0a         \
<xmp:CreatorTool\
>Pixelmator Pro \
3.6.6</xmp:Creat\
orTool>\x0a      </\
rdf:Description>\
\x0a   </rdf:RDF>\x0a<\
/x:xmpmeta>\x0ae]\xa5)\
\x00\x00\x02|IDATX\x09\xed\x98;h\x15A\
\x14\x86\xafZ\xa8DDA\x0dIgb\xa3\x85\x85\x0a\
\x8a\xc6$\x5c+CH\xac\x14\xc1N\xb0\xb2\xb5\x16\x14\
T\x04\x83}lR\x04,4E\xeaTb\xc0\x07\xa8\
\x81\xa0F\x13\xb4\xf3\x89/\xb0\x88\x88\xfa\xfd0\x03\x9b\
\xc3\xcd:{g\xaeA\x98\x03\x1f3g\x1eg\xfe=\
wv\xef\xee\xd4j\xd9r\x06r\x06\xfei\x06\xd6\xb4\
`\xb5\xc3\xc4\xbc\x01\xab`\xa6\x05\xf1\x93\x86\xec \xda\
C\x98\x83g\xb0\x0f\x92\xda\xea\x84\xd1\x14\xeb*lt\
1\xbd\xbf!\xe1\x1a\xb5\x94[\xe24\xc2\x8e\x1bq\x12\
\xbf\x0d\xa6L{\xd3n*\xc1;Q0\x02\x8d\xe2\xa9\
\xef%,@\xb4\xe9\xc6\x88\xb5\xb5\x04\x98\x80\x1d%\x81\
\xbe\xd07\x08\x1fJ\xc6\x04u\xa5\xd8\xc3\xe7X\xa9L\
\xac\x84l\x82+\xaa\xc4Z\xac\xe0\xed\x088\x15(\xa2\
\x87q\xf5\xc0\xb1\xcb\x0e\x8b\x15\xbcH\xe4\xb7\xcbF_\
\xda\xf1\x11\xf7\xd3\xd2\xa6\x95\xf7:\x91\xa0g\xb0':\
\xa3\xf6\x92b3l\xe3\xb5\xdc\xcf\x82[\x9d\xe2\x9c\xe1\
\x9ca\x93\x81\xd4[\xc2\xc6\xb3\xbeY\xbe\xba\x9b:\xe0\
V#\xc1\xfa\xa6\xbb\xba\x9bZ\xb0}a\xdf[]R\
\xf9\x8c\xd4\x82\x07\xccru\xfcu\xa6-\xcaM)\xf8\
\x10Jv\x195m\xf8'M[\x94\x9b\xe2}X\x02\
\xf4\xe2~\x0b\xac`\xf5}\x86\xa3\xae\x94\x1fe\xa92\
|\x16\x15E\xb1\x8f\x0b\xaa6S\xbfX\xf0\xa3\xaa\x8d\
>i\xaa\x06\xd4>=\x0f\xfe\xd7\xd2k\xa4\xb6\xc1~\
h\x07Y7,\xc2#9+i{X\xfc\x09\xf8\xd7\
\xc9\xe7\xd4\xfb\x9c\xa0.J\x09,\xf6\x0d\xbb\xbe\xa6\x8b\
\x98\x0c\x1f`\xd5QX_X\xfd:\xf5\xdb\xce\xd7\xde\
\x9d\x07\xed_e_\x1c\x81w\xf0\x14\x9a\xb2f\x05\x9f\
`\xb5\x11\xd0\x07\xa8\xb7q*\xd7\xbc\xe3\xcaW\x94\xfa\
\xca\xe8w\xbe\x17\xadG\xdd}\xf8\xed\xda\x83\x8b\xaa\x82\
u\x03]\x863P\xbcao\xe2_\x80F6K\xe3\
7\xd0\x11\x96\xdf\xe7\xfaC9\x08:%\xfa\x0a\xc1V\
E\xb0>\x22\xc7`\xb7\x89\xaemq\xc9\xb4YWg\
lo\xa0\x1f\xfc\x85vP\xd7\xc1\xcb{\xd0\xb1V\x90\
\xf9+\x0e\x19<\xcd\xa0-\x85\x81\xba\xeb\x95U=\x7f\
CM\xfb^\xfb\x5c\xbf\x94\xb7_Tz!\xe8\xcc\xc2\
_\xad\x9f\x5cV~/t\xbe\xa0\xae\xecT\x11\xab\xe9\
\xf7`\x08\xee\xcaq\xf6\x93\xf2\x87w\xfeVV\xc9p\
\x17\xc1\x8e\xc1k\x98\x04-\x14cu&\xeb\xb1x\x07\
\x1e\xc4\x04\xcass\x06r\x06r\x06\xfe\xe3\x0c\xfc\x01\
5\xaaSb\x22R\xd2`\x00\x00\x00\x00IEND\
\xaeB`\x82\
\x00\x00\x04;\
\x89\
PNG\x0d\x0a\x1a\x0a\x00\x00\x00\x0dIHDR\x00\
\x00\x00,\x00\x00\x00,\x08\x06\x00\x00\x00\x1e\x84Z\x01\
\x00\x00\x00\x01sRGB\x00\xae\xce\x1c\xe9\x00\x00\x00\
8eXIfMM\x00*\x00\x00\x00\x08\x00\x01\x87\
i\x00\x04\x00\x00\x00\x01\x00\x00\x00\x1a\x00\x00\x00\x00\x00\
\x02\xa0\x02\x00\x04\x00\x00\x00\x01\x00\x00\x00,\xa0\x03\x00\
\x04\x00\x00\x00\x01\x00\x00\x00,\x00\x00\x00\x00\xdf\xa6\xc5\
\x99\x00\x00\x03\xb1IDATX\x09\xed\x98\xc9k\x14\
Q\x10\x873Ac\xc0\xb8\xc4D\x0c!:j\xf0\xa0\
7\x05\xf5 \xa2\x12\x11\x11\xfc\x1b\x1aEo\xe2\xc1\x8b\
z\xf2\x120\xe0J.\xa2\x10\x10\x0f\x9e\xc45n\x17\
\xa3\xa8\xb8\x8b\x88\x0b\xe22\xaeA\xc1%\xb8\x22*\xf1\
\xab\xf0*\xd4\xf4\xf4d\xa6\xdb\xee\x99\x11R\xf0\xa3\xaa\
\xdf\xabW\xf5\xe5\xcd\xb3\xe7\x8dUU\xc3\xf6\x9f\xef@\
\x7f\x7f\x7f\x03jB\xd5\x15\xfb\xa7\x00W\x8b\xb6\xa0\xd7\
H\xed=A'j\xa8(p\x80\x9a\xd1\x1d\x94\xcf2\
L\xa4+\x02\x1a\x90)\xe8\x19R\xbbK\xb0\x19m@\
\x97uP\xe2\xb2\x03\x03\xe1\x87\xdd\xcb\xd8\x08\x05#N\
\xa1\xfdHm\x81\xce\x95\xdcC\x90Fvg;\x83 \
\xc8\x99\x84\xd46\x06\xe5$>F\xf74\xca \xb5@\
X\x01!\xa1\x1a\xfdv\x89\xed\x89\xc3\xf9\x1b\xd08\x8d\
2H-/\xac\x03^\xa1\x89\xf8\xd5\xfez\x89>\xd3\
p*zn\x00\x0a\xc1N#\xf7\x8d\xcb\xff\x82oL\
\x14\xd0\x16\xa7Y\x14\xd8\x17\x0eV\xdc:[/\xd18\
\x06\xd8\xed\x89\x02\xda\xe2\xc0\xca\xc7\x1a\xe6\x18L'\xdf\
\xee\xec.[/\xd1\xd8\xc1\xda\xe6\xf2\x1a\x9b\x97\xaf)\
s\x02\xfb\x12\xa9\xbd#\x18\x9b/?\xd6q\x1a\xc9\xce\
ZX\x85\x10\x7f\x1e5\xdb\x86<\xfba%O\xec\x0a\
J\x16\x9a\x06\xa3\xd1C\xa4&\xef\xd1\xb7\xe8\x8f\x0e\xe0\
\xef\xa1\x1a\x81\xc6\xb7\x22\xbb\xb3r\xe19\x83\xd4\x92\x85\
\xa6\xcb&\xed\x84?\x82\x06^G\xf8&t\x12\xa9\xad\
!\x10\xd8W:\x80\x1f8\xb3x\xb9\xbd\x9d6\xe3\xc9\
A\xd3\xe4\x96k\xf4\x11?\xde\xf7\xd1\xd73\xf6\xc1\xcd\
_\xc2\xe7\xc0j>s\xa3\xd0)\x97+.\x19h\x0a\
\xf7\xb9&\xdd\xda\xdcz\xe6\x0e\xb9y\xebv\xda\x1c\x8d\
I\x10h\xfb\xa9\xc4\x0fM\x83^GrN\x1b[\xcf\
\xdcA7\xafn\x87\x9d\xf7\xc7$\x09t\xb7&\xe3\x05\
\xba\xce\x9f\x17\xf9\x99b\x87]\xf1_\xf8\x99\xfeB\x8c\
=p\xf3\xe2\x86\x84\xd5\xb5\xe4\xd5\xa0\x13\xb2\xc0\x99\x9c\
\xefx~BQ\xa8M\xab\xe2\xe5m\x91\xf5\x13\x87\xe7\
\xc7n~\x9b\x02\x15\xe3Y#\xd0\xf6\x1f\xe2\xfab\xd6\
\x15\x95C\xe1}\x0eJ\xdcm4A\x17\x127\xa2\xd9\
\xfa\x1c\xc6\xb3\xae\x0e=Abr\xf4\x06/\xfca\xea\
\xe4\xe4Rh$:\x8a\xd4\xe4\xcdQ\x9f\x93\x18a\x80\
:k\xb5(~N\x84\x12\xc1K(&\xd0\xc7L\xf1\
\x9b\xc4\xff\x0cM\x8de\xa6\xe6\xd2\xe0\xee\x11G),\
\xe7\xce\x0f\x9d\xf5n\x0e[\x9az\xf6\xb8M\x0e\xbb\xbe\
`~\x00\xf4\x0d\xc6\x22A\xb3n\x15R;[\xb0y\
\xd4\x04:\xc8N\x1f\xd7N\xf8\xebh\x5c\x98z\xe4{\
H\xef#\xf2-:#\xcc\xfa\xd0\xb94\xf0C_c\
\xac(h\xf2<\xa4\xb0_\x89\x17\x86\x06\x88\xb2\x80F\
\x02m\xbf\x00\xae\xf2<\xe4\xf5\x91y\x0fY\xd8EQ\
zGZC\xe3\x16t\x11Y\x93\xaf\xda1A\x05\x19\
\xf7P\xd9`g\xd1\xbc\x17\xa9\xfd\xd4\x00\x7f\x01\xd5Z\
h\x9e=\xa4\xb0\xdf\x88K\xba\xb3r\xad\xb4\xbf@\x0e\
\xf0<\x11\xd9\x9bX\x97\x023\xee!\x0b\xbbX\xe7J\
\xe2i\xde\x81\xd4\xb6jS\x06\xe4\xa2.\xe7Xm>\
\x81\x87\xca\x07+p\x00<Eb\xf7Q\xd6-\x8b\xe7\
V\xa4\xff\x1d%\xf7\x0e\x0b\xbbD\xff\xb8\x92z\x03\xb4\
'\xa81\xf3\xfa+\x85p\xc0\xe4\xcc\xc6\x02\x9b\xb5;\
A\xcd\xf3\x8c\xf5\xb9\xf1\x9cW\x18`)\xe6\x06os\
\xc4?\xd0\xcaT*\xd5\xe3\xd6\x94\xde\x01e/\xf5\xcb\
\x95\x80\xf1j\xd4\x8e\xd4\xbe\x13\xb4\xe9|\xd9<\x10s\
\x91\x9eS\x81\xebA]H~\xee\xabU\x06\xac\xee\x12\
T\x1e\xb2\xef^\x05\x15\xff\x09\xc5rf\xb5_,\x1e\
(\xf9\xf2\x90\x9d\xcd\xa0\xcf\xe8\x11\xda\x8dZbi0\
\x5c\xa4\x0c;\xf0\x175\xb3\x87\xb3\x8b\xa2\xaa\xd0\x00\x00\
\x00\x00IEND\xaeB`\x82\
\x00\x00\x07\x92\
\x89\
PNG\x0d\x0a\x1a\x0a\x00\x00\x00\x0dIHDR\x00\
\x00\x00\x1a\x00\x00\x00\x10\x08\x06\x00\x00\x00\x08\xd1o\xa8\
\x00\x00\x00\x01sRGB\x00\xae\xce\x1c\xe9\x00\x00\x00\
\xc6eXIfMM\x00*\x00\x00\x00\x08\x00\x06\x01\
\x12\x00\x03\x00\x00\x00\x01\x00\x01\x00\x00\x01\x1a\x00\x05\x00\
\x00\x00\x01\x00\x00\x00V\x01\x1b\x00\x05\x00\x00\x00\x01\x00\
\x00\x00^\x01(\x00\x03\x00\x00\x00\x01\x00\x02\x00\x00\x01\
1\x00\x02\x00\x00\x00\x15\x00\x00\x00f\x87i\x00\x04\x00\
\x00\x00\x01\x00\x00\x00|\x00\x00\x00\x00\x00\x00\x00H\x00\
\x00\x00\x01\x00\x00\x00H\x00\x00\x00\x01Pixel\
mator Pro 3.6.6\x00\
\x00\x00\x04\x90\x04\x00\x02\x00\x00\x00\x14\x00\x00\x00\xb2\xa0\
\x01\x00\x03\x00\x00\x00\x01\x00\x01\x00\x00\xa0\x02\x00\x04\x00\
\x00\x00\x01\x00\x00\x00\x1a\xa0\x03\x00\x04\x00\x00\x00\x01\x00\
\x00\x00\x10\x00\x00\x00\x002024:08:1\
3 17:51:40\x00\xc4\xe6\xa9\x1a\x00\
\x00\x00\x09pHYs\x00\x00\x0b\x13\x00\x00\x0b\x13\x01\
\x00\x9a\x9c\x18\x00\x00\x03\xd8iTXtXML:\
com.adobe.xmp\x00\x00\x00\
\x00\x00<x:xmpmeta xml\
ns:x=\x22adobe:ns:m\
eta/\x22 x:xmptk=\x22X\
MP Core 6.0.0\x22>\x0a\
   <rdf:RDF xmln\
s:rdf=\x22http://ww\
w.w3.org/1999/02\
/22-rdf-syntax-n\
s#\x22>\x0a      <rdf:\
Description rdf:\
about=\x22\x22\x0a       \
     xmlns:exif=\
\x22http://ns.adobe\
.com/exif/1.0/\x22\x0a\
            xmln\
s:tiff=\x22http://n\
s.adobe.com/tiff\
/1.0/\x22\x0a         \
   xmlns:xmp=\x22ht\
tp://ns.adobe.co\
m/xap/1.0/\x22>\x0a   \
      <exif:Pixe\
lYDimension>16</\
exif:PixelYDimen\
sion>\x0a         <\
exif:PixelXDimen\
sion>26</exif:Pi\
xelXDimension>\x0a \
        <exif:Co\
lorSpace>1</exif\
:ColorSpace>\x0a   \
      <tiff:XRes\
olution>720000/1\
0000</tiff:XReso\
lution>\x0a        \
 <tiff:Resolutio\
nUnit>2</tiff:Re\
solutionUnit>\x0a  \
       <tiff:YRe\
solution>720000/\
10000</tiff:YRes\
olution>\x0a       \
  <tiff:Orientat\
ion>1</tiff:Orie\
ntation>\x0a       \
  <xmp:CreatorTo\
ol>Pixelmator Pr\
o 3.6.6</xmp:Cre\
atorTool>\x0a      \
   <xmp:CreateDa\
te>2024-08-13T17\
:51:40</xmp:Crea\
teDate>\x0a        \
 <xmp:MetadataDa\
te>2024-08-13T18\
:24:31+02:00</xm\
p:MetadataDate>\x0a\
      </rdf:Desc\
ription>\x0a   </rd\
f:RDF>\x0a</x:xmpme\
ta>\x0a\xc7C\xf3\xfb\x00\x00\x02\x81IDAT\
8\x11]\xd4IlMQ\x1c\xc7\xf1\xbe\x1a\xba\xa8Y\
J\xa4bX\x94\x85\x88F\x88\x04+\xd2\xd4\x10\xb1C\
Dl\xc5\xd0EwD\x88\xd8XY\x08\x12\x89y\xc5\
\xc6\xa2\x0b4\x22T\x17\x1a,\xa8\x9aU\xbd>U\xa1\
!\xada#U\xbe\xdf\xeb\xfc\xaf\xea/\xf9\xbcw\xce\
\xbd\xf7\x9d\xf9\xbeB\xd9\xff)P\xd5P\xba\x5c\xcbw\
\x1d\xd6`\x1eF\xc1\xfb\xe67\xbe\xa3\x0d\xcd\xb8\x85\x8f\
0>\xf7++\xa5\x8f\xf8\x91\xd5rD\x07\x8b)\xef\
B=*\xf1\x12\x0f\xd1\x8e>\x8c\xc5\x5c,\xc5\x02T\
\xe3\x05.\xe3\x0c\xfaa{\x0eFy\x1c\x81\xb1\x81}\
\xe8\x86\x0d^\xc4Z\xc4}g\xb8\x01\xce\xb2\x0a\xc6\x0e\
\xf7\xe0>\xbe\xe2\x0eV\xc3\x14\x92\xac\x12\x8dL\xa3v\
\x09>|\x1b6\x16q\xe4W\xf1\x1a%\xbcE\x07\x0e\
#b\xc7\x07\xe0\xfd\x1e\xecD\xc4\x0e\xb3\xd8\xc9u8\
\xe5c\x98\x88\xc8r\x0a\xcfa\x03~\x87W\x94?\xe1\
4F#\xb2\x8a\x82\xb3\xfb\x82\xc6t1\xebh\x0c\x15\
gb'\xfb\xd3\x0d\xbf\xca\xe1R6\xe1\x1d\x9e\xa2\x08\
;\xe8B'\x9e\xe0\x03\xb6\xc2\xf8\xbc\xa9A\x0b>c\
3\xb2\xec\xe6s\x00G\xfeV\xb3\xcf\x18\xa1KVD\
t\xe2lg\xc0=\xb8\x07\x0f\x893\xbd\x80\x88\x037\
\xf3\xf1(\x99\xe5\x85v\xb4b\x9c\x15\xe2Ld\xb6\xa0\
\x08\xf7\xe6\x01\xa6#\xd2@\xc1\xe3\xec\x0cob\x12\x8c\
\xcb\x14\x9d\xf9\xfb\x1f\xd8a\x83\xae\xa5\x9d\x8c\x87\xc97\
\x8e\xf2\xcfT\xf7\xd8W`\x0a\x22S)\xf8\xae\xf8\xfc\
 \xe2\xd5\xa0\x98\x1f\xe9\xc9\xe9\xba\x07\xacl=\x5c\xcb\
s\x88NbDN\xdf\x11?C\x17\xaea#\xf6\xc2\
\xf7\xc6%}\x8f\xe30\x0e<\x96}\x05eO\xe7\x0d\
T\x22\xcb!>\xbf\xe1$\x1c\xb9\x89\x1f\x9c\xa0\xec\x12\
=\x86\x9d\x95\xd0\x0d;r\x8f\x8aX\x09\x13\xaf\x8au\
\x9f\xef\xc4\x12\xe4q$GagWP\x83\x88\x9b\xdf\
\x0c\x8f\xb2{e\xe3\xd1A/\xe5\x06\x0c\xcfv*o\
\x92\xfat#\x1b\x80\x9dD\x5c\x12\x1b\xf4]\xf1\x85\x8b\
\x0d\xf6\xd8\x1eD\x1b<<\x9e\xa6&\xd4!\xb2\x88\xc2\
y\xf4\xc3\x139r\x96\x5c\xfaw\xca,;\x8aV\x0c\
\xc0\x86\x1b\xb1\x10\xc6A\xcdF\x95\x152\x01\xebp\x0a\
=p\x90.\x7f5L,e\xbe\xf9^\xf4 h\x08\
6\xb0\x0d\x9bP\x0b\xff\xa5Kpo\xdc\xaf\x0a\xd8\xe1\
\xcc\xf4\xed,\x1c\xdcY\xb4\xc0\xd8\x89\xa72\x8b\x0d\x8f\
\xcc\xf0\x07<\xf6\xcb\xe02\xb8\xa9s\xe0 \x06\xd1\x07\
\x0f\xc4]8\xf3\x0eD\x9c\xb9\x03\xce\xf3\x07\xbd1\x9e\
\x5cN\xb1\xa9\x8c\x00\x00\x00\x00IEND\xaeB`\
\x82\
\x00\x00\x0c\x04\
\x89\
PNG\x0d\x0a\x1a\x0a\x00\x00\x00\x0dIHDR\x00\
\x00\x00,\x00\x00\x00,\x08\x06\x00\x00\x00\x1e\x84Z\x01\
\x00\x00\x00\x01sRGB\x00\xae\xce\x1c\xe9\x00\x00\x00\
\xc6eXIfMM\x00*\x00\x00\x00\x08\x00\x06\x01\
\x12\x00\x03\x00\x00\x00\x01\x00\x01\x00\x00\x01\x1a\x00\x05\x00\
\x00\x00\x01\x00\x00\x00V\x01\x1b\x00\x05\x00\x00\x00\x01\x00\
\x00\x00^\x01(\x00\x03\x00\x00\x00\x01\x00\x02\x00\x00\x01\
1\x00\x02\x00\x00\x00\x15\x00\x00\x00f\x87i\x00\x04\x00\
\x00\x00\x01\x00\x00\x00|\x00\x00\x00\x00\x00\x00\x00H\x00\
\x00\x00\x01\x00\x00\x00H\x00\x00\x00\x01Pixel\
mator Pro 3.6.6\x00\
\x00\x00\x04\x90\x04\x00\x02\x00\x00\x00\x14\x00\x00\x00\xb2\xa0\
\x01\x00\x03\x00\x00\x00\x01\x00\x01\x00\x00\xa0\x02\x00\x04\x00\
\x00\x00\x01\x00\x00\x00,\xa0\x03\x00\x04\x00\x00\x00\x01\x00\
\x00\x00,\x00\x00\x00\x002024:08:1\
4 14:54:10\x00\x80p\xdd\x18\x00\
\x00\x00\x09pHYs\x00\x00\x0b\x13\x00\x00\x0b\x13\x01\
\x00\x9a\x9c\x18\x00\x00\x03\xb0iTXtXML:\
com.adobe.xmp\x00\x00\x00\
\x00\x00<x:xmpmeta xml\
ns:x=\x22adobe:ns:m\
eta/\x22 x:xmptk=\x22X\
MP Core 6.0.0\x22>\x0a\
   <rdf:RDF xmln\
s:rdf=\x22http://ww\
w.w3.org/1999/02\
/22-rdf-syntax-n\
s#\x22>\x0a      <rdf:\
Description rdf:\
about=\x22\x22\x0a       \
     xmlns:tiff=\
\x22http://ns.adobe\
.com/tiff/1.0/\x22\x0a\
            xmln\
s:exif=\x22http://n\
s.adobe.com/exif\
/1.0/\x22\x0a         \
   xmlns:xmp=\x22ht\
tp://ns.adobe.co\
m/xap/1.0/\x22>\x0a   \
      <tiff:YRes\
olution>720000/1\
0000</tiff:YReso\
lution>\x0a        \
 <tiff:XResoluti\
on>720000/10000<\
/tiff:XResolutio\
n>\x0a         <tif\
f:ResolutionUnit\
>2</tiff:Resolut\
ionUnit>\x0a       \
  <tiff:Orientat\
ion>1</tiff:Orie\
ntation>\x0a       \
  <exif:PixelYDi\
mension>44</exif\
:PixelYDimension\
>\x0a         <exif\
:PixelXDimension\
>44</exif:PixelX\
Dimension>\x0a     \
    <xmp:Metadat\
aDate>2024-08-14\
T14:55:04+02:00<\
/xmp:MetadataDat\
e>\x0a         <xmp\
:CreateDate>2024\
-08-14T14:54:10+\
02:00</xmp:Creat\
eDate>\x0a         \
<xmp:CreatorTool\
>Pixelmator Pro \
3.6.6</xmp:Creat\
orTool>\x0a      </\
rdf:Description>\
\x0a   </rdf:RDF>\x0a<\
/x:xmpmeta>\x0a3D\xe0s\
\x00\x00\x07\x1bIDATX\x09\xed\x98i\x88\x95U\
\x18\x80\x1d\x1d\xcb\xd4\x5cZp)MM-\x94\x92h\
_4-\xcb$A\xe8OIX\x11D?2h\x81\
\x90\xd0\x12\x12\x93\x02!\x8a\x0cJ1\x081\x08\x12B\
)\xb0btR\x09C30\xf7\x19\xc7%\xd3\xd2t\
r\x5c\xd2\x99\x9e\xe7\xccw\xae\xdf]\xbe\xf1^\x1d\xff\
y\xe0\x99\xf7\xac\xefy\xcf{\xcey\xcfw\xa7C\x87\
K\xe9\x92\x07.\x8e\x07ZZZ\xaaJi\xa6\xbe;\
\xf4\x84.\x19\xed%\xc7\x95\xeak]E\x9d\xb3\x94h\
,\xa9\xc5v\xf2]\x11\xf7\xc2\xad\xd0\x0f\xae\x80j8\
\x05\x8dP\x0f\xeb\xe8\xbf\x01\x19\x12c:Rn\x8e\xe5\
\xb6\xe4\x05\x19\xac\xa1*\xd7X\x92FMJ\x18\x8a\xbc\
\x01z\x82\xc9\xc5\xd8\xf74\x1c\x80z\xd8\x06_1\xf6\
'\xa4\x0b-\xcb\xe8\xf328\x1a\xeaD\x89\xb1\xd7\x91\
\x9d\x06\xe3`\x08h\xa0\x86\x1d\x83\xe3\xa0w\xf5t7\
\xe8\x05W\xc1?\xb0\x13\x96\xc3|\xf44\x95c\xb4^\
)+\xa9\x8c\x8e\x9d\xa0\x19\xe5g\xa2r\xe4 \xea\xde\
\x82\xd1\xd0\x03\xf4\x5c-\xac\x81\xedp\x14\x5c@g\xf0\
\x88\x8c\x82\xb1p\x1b\x8c\x84>\xd0\x0f=\xef\xa0\xf7\x08\
\x12\xd1z\xbc\xa8?\xbf\x84\x12\x0d-J\xd4{\x99\x16\
@\x1d\xd4\xc3\x22x\x00\xbch%w\x8f\xfa\xce0\x00\
\xa6\xc1\x1a\xd8\x07[\xe1]\x08\xf3 K\x8e\xd5\x80\xcc\
\x06\x1b\x1d\x18WK\xde\xed\xbc\x1b<\x9bW\x82\xdb\xed\
Y}\x12\xd4\xb3\x0c\xe6\xd2\x7f\x0f2$\xc6\xb8+\xe9\
9\xdc\x1d\xbd\xadnw\xf7a\x98\x0e\xc3@}sh\
\xff\x1c\x99\x99\xd2\xca\xf2:\x15\x18\xab\xe2\xc9\xe0v\xba\
\x85\xd1\xe3NnTX\x09\xaf3\xd9\x1f\x8e#/\xae\
6\x18G>\x97\x92Ex\xf6CT\xa0\xfc8\x8d\xb3\
@\xbd\x0d0\x85\xb6\xdd\xc8\xf3K(|\x06j\xc0-\
\xd7\xa0\x03\xb0\x1b\x1a\xe0\x10\xfc\x0cw\xa8\x1d\xd9\x092\
\x9d\x90\xb6\x80~z?$\xf2o\xc2\x0e\xa8\x837b\
})\xd9\xa6r\x06\x8fg\xd0\x5c\xb8\x16\xf4\xd6*\xf8\
\x0e\xdcv=\xd4\x1f\x8e\xe1\x91o\x90yG\xc8\xf2\xb9\
\x12\xfa;1\xd6\x0bl\x94Y\x08\xb7\x80\x97v\x22\xf5\
M\xc8\xf2\x13J\xbc8\xcb@Oz)f@\x7f\x88\
\xc7!(\xa3\x1c<\x85ls\xf1Y33\xce\xb3\xec\
bg\x81s\xfd\x0ec\x92\xba\x22\x9d\xb9m\x89\x0a\xe9\
l\xf81\x8d\x83\xa1!\xd7\x1a\xa2\xe6\xb1\xea}z$\
\xa9\x0b\x82r8\x8b\xc8x\x99|E\x8c\x04y\x0bK\
\x8f)\xc8\xc7sn\x18<\x04\x97\xc3\xedI\x9fl\x83\
\x99\xa0#0o\xd5\x7fIg\x07]\x06\x06\xf8\xaf\xa9\
7\xb0\x07o$\xedEB\x1d\x1a\xae\x0ep\xab\xcb1\
:\x1a\xbc\x05\x85\xc6l\xe7\x1c\x9c(/rh\xdc\x8e\
\xdc\xb3\xc8$#\xe8|#h\xb0\x03\x0e\xc2j0\xe5\
y\xb7\xb5\xaa\xf5obl3R\xaf\xdc\x03\xbb0\xda\
\x18\x1b\xcei\xbaoA>\x1a\xfc'\xf5'\xc0\x1d\x0e\
O:\xe3OG\xbdqLu\xac@\x1a\x9e\x9e\x85\xf1\
p\x138\xc8't/\x03\x8d\x0c\x99\x13\xc76\xa4\x93\
\xbd\x0c\x86\xc0m\x94\xdfg\xec\x16d\xce!\xd4\x17%\
\xda]\xe4I\xd0x\x9d2\x98:\xc3\xdd\x0a\xc6\x9fL\
\x8f\xaf\xa6B\xafh\xec,\x98\x08\xd7\x80\x83WA\x1d\
l\x06S\xf4Dk)\xf9\xcb\xd8x\xd3}X^\x83\
)\xa0\xbe\xeb\xa1\x07\xed\xb3\x99c\xa3\x93R.\x19\x9b\
i\xa7\xb9\xc5o\x0d\x9fv\xcf\xb0c\xdf\x86\x07\xa9\xff\
\x98\xf6z\xe4\xd9ESx\x15\x8c\x04{\xc1\xc80\x09\
\x5c\xa5Oo\xbc\x84\x8c\xcfO\xb4\x853\x8a\xec\x0ds\
\xc0X\xba\x0b6\xc1vP\xdfR\xb8\xcb\x91H-+\
:\x97\xb1\x1e\xf9\x14|\x0a\x8e7\xe6\xabc1\xdc\x90\
\x8c\xef\xa8\x92a\xb0\x1e|\x0c\xbe\x85\xa0<\xdf\xb4\xe2\
\x12\xfd\xc2\xc4\xc8>0\x0f\xf4\x82!\xa9\x16<\x06z\
\xb5\x06\xf6\xc3r\x08\xa1*\x99\xb8\xe8\xf6'\xf5\x1e\xd1\
\xbe\xf0\x10|\x09\x86\xb9:\xf8\x08\xdc\xc1\xb0\xeaW(\
8\x99g\xee\x85\xa4\xae\xa4\xc20 \xf5\x87\xfe\x03a\
>\xec\x04\xbd\xf9\x1c|\x08{@\xc3'\xc0j\xd0[\
+\xe0\xd1\xd4\xf06\xb3\xf4\x1d\x0e_\x80;\xe6\xcey\
\xa6C\x14\xb8/\x91\xf5\xc8\x95`*\xda\xb6\xd6\xea\xb3\
\x7fQ0\x90\xd2Lx\x0c\x5c\xe0\x07\x9c\xb5EH?\
\xd2\x8d>\xea\xa8\x85\x19\xb0\x03F\xc2t\xc6M@f\
&\xda\xc3\xb1A\xd7V:-\x84\x83\xe0\xb1\x9cL[\
\x17\x95z>\x9c`?\xec\x02Sx\x0cZ\xb3\xf9\x7f\
U\x98\xd4\x8cF>\x0d\xc1X\xe4'I\xbd\x17\xce\x0b\
\xaa\xee\xaeL\xfc\x03\xd2\x0b\xa4\x01\xf7\xc3\xf3\xe8\xc8\x8c\
\xcf\xf4wlLk\xc9\xac\x07u\xf9\xbd\xd2]C\xbd\
\x95N\xea\x83a\x08\x89\x06Q,N)\x85\x1bi\xd5\
\xc8M\xb0\x18\x8e\x83)\x8ewb\xf5\xfbe\xf6=z\
u\x82?\xa1\xfc=g\xe8\xcaL\xb4\x1b\xb9\x8c`>\
V\x0dt\xd4\xc3\xfeR\xe9\xa1\xc2#`(\xf3\x1b\xb7\
\x17\x9d\x0e\xd3\xc9\x15\xa5WJ1?\xd1\xef7\xfa\xe9\
\xb9&\xf2\xbej\xbeP\xa7R\xbd4<\xa7\x83>?\
\xd2\xe7\x17\xea\xfeM\xf5)'\x1bw[\x9b\x9a\xfd\xa3\
\xa7<w\xc3 \xbe\xe1>\xd3\xe1S\x11\xe9\x99*\x82\
\xbez\xae116\xcf8\xdbH9c\x19\xef<\xf6\
?\x0az\xafH_\xaa\xce\xb9\xf5\xae\xaf\x9cN\x18\x04\
:\xa2\x11\x8e\xa9h9x\xa6\xf4\xf0T:\xf5\xb13\
\x9c\x81\x10\xe8KI\xfa\xe6\x92\xed\xb9B\xe9L^{\
)}\xa9:\x7f\x95\xe8@\x93\x0f\x99g\xd7\xb4\x0e\x1a\
5\xb8\x16j\xc0\xcbb\xe3l\x8c\xbe\x13,\xb7Wr\
\x07\xcaJ\xcc\xab\xf7}\xb0\x9e`\xc0K\xe0'\x82\xc7\
b\x09\x0b9\xa1\xeb\x1bi|\x8f\x0a\x7f\xa2\x8c\x82\xb1\
0\x04<\xa3\xdel\xcf\xb8[R8\xa9^\xf3\x0e\xf8\
5\xb7\x12\xfcp)\x99\x98\xc3c\xe0\x83\xe47\x8a\x97\
SG\x95J\x06\x00\x7f,\x8c\x00\xc3\xe0\x00p\xde\xcf\
@\xa7\xe6n\xb1\xaf\xd2L\xca/\xc2\x18P\xf9\xcdp\
\x144\xb6\xd4\xadv\xd5\xee\x82\x9f\x85\xbfB\x13\xc4\xe4\
$a\x81\xe8\x8d\x1fMF\x88\xa9`\x5c\x0d\xd1\x03Y\
\x98\xac\xd7\xe8\xde\x89\xdc\x81\x5c\x0a\xfe\xdf\xe2\x04\xba\xaa\
\xaa\xfdC\xf2\xcfZ\xf2\xfbh|\x04\xbc|\xc3\xa1/\
\xb8%\x86\x95\xc2\xa4\xc1\xdd\xe0o(\x8c\xabz?\xef\
\xdcRVO?\xd0\xbbY\x06\xfb\xd1\xa5\x93\xdc\xd9\xcd\
\xa0Wk\xb0\xcdS\x80\xa8\x0a\xb7\x91|\xce\xe8\x06:\
,\xa0\xecO\xf6\xc1p5\xf8\x15U\xca\xe0x$\x0e\
\xd3\xee/\x05\x0d)\xda\x09&\x89uKh\xdf\x00m\
\x1d\x09\x0dv\xa7|\xc4\xea\x18\xebq\xf3{'\x18k\
>\xacT\xcb\xad\xb4\xc2<8@\xcaN\x8cwQ\xd1\
8u\x05}*H&\x5cCV*J\xc9\xd8\xdcn\
\xe5\xb6FC\xd5\x946\xbc\x22\xcd\xf9\x9d\xd5\x95\x9b$\
\xbf\xa9\xbcR\x96\x1d9\x83\xa3\x9ah\xb8\xe58(\xb6\
e\xc9\xf4\x98\xac>\xd6W\xa2/Kg\x91\xc1\xe9\x09\
\xb3\x06\xa5\xfbT\x92o\x0f}Y\xf1\xb0\x12;\x0a\xfb\
^\xd0Q(TVX\xbe\x18\x06\xfb\xfek\xb4\xba\x0b\
\xc3]\xe1\xfc\x15\x97\xdb\xd3\xe0\xe8\xd9\xbf\xb0\xa2\x17\x18\
%\x0cy\xed\x9a\xda<\xc3\x15\xce\x14C\xda\x22\xc6\x19\
\x12\xb7sf\xfd\x9eE\x9c\xf3\xe3\xa8\xc2\xa9\xda\xb9;\
Fv\x85\xf6\xdc\xbdv\xb6\xf0\x92\xbal\x0f\xfc\x0f\xb5\
\x83\x81\xdd\xc0\xab\xd3\x88\x00\x00\x00\x00IEND\xae\
B`\x82\
\x00\x00\x04\xbe\
\x89\
PNG\x0d\x0a\x1a\x0a\x00\x00\x00\x0dIHDR\x00\
\x00\x00,\x00\x00\x00,\x08\x06\x00\x00\x00\x1e\x84Z\x01\
\x00\x00\x00\x01sRGB\x00\xae\xce\x1c\xe9\x00\x00\x00\
8eXIfMM\x00*\x00\x00\x00\x08\x00\x01\x87\
i\x00\x04\x00\x00\x00\x01\x00\x00\x00\x1a\x00\x00\x00\x00\x00\
\x02\xa0\x02\x00\x04\x00\x00\x00\x01\x00\x00\x00,\xa0\x03\x00\
\x04\x00\x00\x00\x01\x00\x00\x00,\x00\x00\x00\x00\xdf\xa6\xc5\
\x99\x00\x00\x044IDATX\x09\xed\x98[oT\
e\x14\x86;\x05\x05\xaa\x16D\xa0\xe2\xa1\xc1r\xac@\
\x8d\x91^T/:\x1a\xd4\xc6\x90 g\xe4\xf0/\xb8\
\xe0\xda\x7f\xc0\x1f\xe0\xaa\x90\xda\xc6\x92\xd0\x8bFc\x89\
`BS\x8db\xa15\xa9\xa24(h\x8b\x963\xf4\
\x00\xad\xcfc\xdb\xa4\x17\x9dq\xf6\xfe\xbe!\x86\xf8&\
O\xbf\x99\xd9{\x7f\xfb\xed\x9a\xb5\xd7ZmI\xc9\xff\
*n\x042\xc5\xdd~r\xf7\x89\x89\x89\xf9\xbc\xaa\x80\
a\x18\xccd2\x13\x93G\x92\xff,M~I\xb2+\
0\xfb$Wd\xe10\xec\x81e\xf0\xdf\x14f3P\
\x0b'`\x04\x9aa}\x88\xdbbG\xf8e\xcc\xed\x85\
z\xf0^\x7f\xc0 \xa4V\xd1\x0c\x13\xc9r\x5cm\x81\
\xad\xf0,h\xf6\x02\xfc\x05\xa9U\x14\xc3\x98\x9d\x8b\xa3\
7a\x1fTM\xb9\xeba\xbd\xc0\x037>\xf5>\xd5\
R\x14\xc38\xa9\x86\x03\xf0\x06X\x89F\xe0<\xf4A\
\x90\xa2\x1b&\xba\xcbq\xb4\x0b\xde\x05\xcb\x99\xfa\x15z\
\x88\xee\xf5\x7f\xde\x05\xfc\x88j\x18\xb3ex\xd1\xe8\x0e\
X\x0cc`\xcd5w\xbb!X\xe6Z\x14a\xd6_\
~\x13\x98\x0a\xeb`\x004\xbb\x10L\x87\x9f!X1\
#\xbc\x0a7\xfb\xa1\x0e\xac\x08?\xc1}\xf8\x05|\xd8\
\xee\xb2\x06+\x8aa\xa2\xfb\x1cN,_\x1f\x80{v\
\xc2\xef\xb0\x14L\x07#\x1cE\xc1\x861;\x0f'Y\
\xb0A\xbc\x08\xdf\xc2\xf7`\xed\xb5\x84i\xf82DQ\
\x90a\xccZ\xb2j\xe0 l\x84K\xd0\x0a\x1a\xf5\xf3\
\x1f\xa1\x9bt\xb0\xacEQ\x90a\x1cT\xc2t\xeb\xbd\
\xc7\xeb6\xe8\x05\xeb\xb0\xe9`e\xb0aDSj\xc3\
Dw\xba\xf5~\x88\x9b\xa7\xe1,\xb4\x80\xd3X-\xd8\
\x82M\x07s9\x9aR\x955\xccN\xb7\xde\x8fp\xf2\
\x0a\xfc\x00\xc7\xe17\xd8\x05~v\x13\xde\x82r\xceg\
\x99U\x1e0\xbf\xcf\x906\xae\xc5\x11\x06j\xe0\x18\xdc\
\x87\x01\xf8\x18*\xa0\x01:A\x8d\xc3\x03\x18\xcb\xc3(\
\xc7\xba\xc0!\xa9 %\x8e0\x9b\xdbzw\xc2f\xf0\
\xa1;\x05\x9f\xc2\x10\x98\xb7\xc3p\x0er\xc9n\xe8\x1e\
\xa6\x94\x11\xbe\x057\xa0 %2\x8cYo\xf6\x1e\xec\
\x00\xcd}\x03M\xd0\x0b\x9a\xff\x0eL\x85\x5c\x9a\xc3\x81\
,\xec\x06\x0d\xf7\x83\x0fj\xb4:\xcd^\x93\xc2l)\
d\xe1sx\x08\x97\xe1\x10Xo\x0b\x12\xe7V\xc3Q\
\xb8\x07\xd7\xe1\x08\xac(\xe8\xe2\xa9\x93\x92Dx%\xd7\
X\xc2\xea\xc0\xear\x07\x8c\xf2vn\xca2\xabF\xf8\
\xf4\x1c\x0fT/\xe7,\xe1\xb5\x15\xa5\x01\xbco\x074\
q\xac\x9f\xb5`%1\xec@\xfe>X\xc2\xd4K\xe0\
\xa0c\x93\xc8\xa5>\x0e\x0ca\xd6\xb9\x22\x0b\xe6\xbe\xf9\
k'l\x04S(\x91\x92\x186\x8c\xe6\xe7\xcc\xbaj\
\xde\x9a\x973\xb5\x807\xcf\x80\xc7N\x83f\xed\x82~\
;\xaeW\xa1\x19:\xd2t\xc0$\x86\xbf\xe2&w\xc1\
\xaf6\x974\xe9<\xec\x10\xe4\xb0\xde\x05c`d\xdf\
\x86Qh\x87\x13\x98\xfd\x935\xb1\x0a6\xcc\x0d.\xb1\
\xbb\xe4\x14_\xbd9\xbd\x16\xdc\xd7\xd2f\xa7{\x07\xcc\
\xddE\xf0%\x1c\x07g\x8cT\xf2\xe1\x89)g\x88\xd7\
\xc0\xb9\xc2\x92\xf7\x14\xf8\xcf\x935\xa0I\xcdv\xf1\xcb\
\xe7\xcb{N\xc9\xadh\x86\x89\xaeQ5G_\x05[\
\xf5505|X\x87\xa0\x15\xda1kZ\xa5V4\
\xc38x\x1e\x8c\xeeB0\x9a\xfe\x13\xc5\x96\xfb\x04X\
\xc2Z0{\x955H1\x0do\xc0\x89\x11\xbe\x02\x9a\
\xac\x07M[\xba\x8eA\x0f\x04+\x8aa\xd2a\x1eN\
j`5\xdc\x01\x9b\xcc\xeb\xd0\x0f\x9f\x80\xd3\xd8\x03\xd6\
`\x15\x5c%\xfe\xe5NF\xd2\x08\x97\xc3\x0b\xe0\xbe\x0e\
A\xce\x09'1\x9bo\xbe\xe0\x94G,\x22\xbc\x0d\xba\
\xc1q\xd29\xc3\xb1\xb1\x0dl\xe3Q\x15\x9c\x12\x98\xb2\
t\x99\x0e\xa6\x81]\xcf={\xc1\xbc5\x7f\xa3*\xd8\
0n\xaa@\xc3\x1aWV\x82\x16\xf8\x82Tp\xf8\x89\
\xaa \xc3D\xd7Vle\x10e\x8d\xfd\x0cZ1\x9b\
\xaa\xf5\xbaI>\x05\x19fck\xae\xd1\xad\x04\xbb\xd7\
\xd7\xd0\x08\xd6\xe1\xa2(\xd4\xf0*\x5c\xad\x07\xcb\x9a&\
\xcd\xdb\xa0\xd6\xcb\xf5y\x15j\xd8\xbf6d\x10Z!\
\xb8\xf5\xb2G^\x85\xd6\xe1\x8b\xecnc(\x836\xf2\
6\xb8\xf5\xe6u\xcbA\x1f\x9a\xd4\x9az\xe8\xac\x0ex\
\xcd\xdcN\xbd\xd1\xe3|\xe1\xdf\xf9\xb6\xa4E\xa6J$\
8\x00\x00\x00\x00IEND\xaeB`\x82\
\x00\x00\x081\
\x89\
PNG\x0d\x0a\x1a\x0a\x00\x00\x00\x0dIHDR\x00\
\x00\x00,\x00\x00\x00,\x08\x06\x00\x00\x00\x1e\x84Z\x01\
\x00\x00\x00\x01sRGB\x00\xae\xce\x1c\xe9\x00\x00\x00\
8eXIfMM\x00*\x00\x00\x00\x08\x00\x01\x87\
i\x00\x04\x00\x00\x00\x01\x00\x00\x00\x1a\x00\x00\x00\x00\x00\
\x02\xa0\x02\x00\x04\x00\x00\x00\x01\x00\x00\x00,\xa0\x03\x00\
\x04\x00\x00\x00\x01\x00\x00\x00,\x00\x00\x00\x00\xdf\xa6\xc5\
\x99\x00\x00\x07\xa7IDATX\x09\xed\x98YlU\
E\x18\xc7[6\xa1\x80\xec\xfbb)-[A\x96\x02\
B\x80\x8a(\x82\x12\x95\xa8\x01\xa3\x89\xc6\xc4\x18L|\
\xf0\xc9\x07c\xe2\x83&\x92h\x8c\x09\x98\xb8\xe0\x9a@\
0\x91P\x17\x22 \x22\x22\xc8\xaa,\x05\xaaP\xb6\xb2\
/e\xb1@\xd9\xeb\xefw\xb9ssZ.\xe5^\xe0\
\xb1_\xf2\xeb\xcc\x9c3\xf3\xcd\xff|3\xe7\x9b{\x9a\
\x91Qgu\x11\xa8\x16\x81\xccj\xad\xdblTUU\
\xd5\xc7EC\xb0\xbc\x02\x17333\xafR\xde1\xbb\
e\xc1qqmQ\x92\x03\xdd\xa0#\xb4\x80,h\x00\
\x97\xa1\x12N\xc3Q(\x83]\xd6y\x08\x1f\xe6\x96,\
m\xc1\x08m\xc6L\xbda\x18\xf4\x87<\x08\x82\x9bS\
Wl0E\x9f\x81#\xb0\x0fv\xc0\x16X\x0f%\x08\
\xaf\xa0L\xcbR\x16\x8c\xd0\xc6x\xce\x87qP\x08\x83\
\xa1\x13\xd4\x83`.\xbf\x22\xc5m\xd1\x08\xa2sx\xdf\
ho\x80\x15\xb0\x04\x8a\x11\xeeJ\xa4dQg7\x1c\
\x80X\x85\x8d\x87\xc90\x1a\xda\x81v\x0eB\xe4\x0eR\
?\x0eF\xd4%WpSh\x03]\xa0'd\x83[\
F+\x87UP\x04\x8b\x11\xad\x9f\x9bZ\xad\x82\x11j\
\xf4\x5c\xfe\xa90%^\xf7\x9a\x93m\x84\xb5\xb0\x19J\
\xe1\x00\x943\xf1E\xca\x981\xde\x08\xb7\x86\xce\x90\x0b\
\x03\xc0\xadT\x00\xee\x7f#\xee\xd8y0\x07\xb61\xde\
k\xe9\x9bba |\x04\x87@\xab\x84\xd5\xf0\x16\x8c\
\x01_\xb2\x94\x8d\xfew\xc3Hx\x03V\xc29\xd0\x8e\
\xc0,\x18\x06\xd1-\x96\xb2\xef\x0c\x06\xe6\xc3\xc7P\x0e\
\xda1\x98\x0b\x8fA\xab\xd4=]\xdf\x93\xf1-`\x22\
|\x03\x8a\xd5N\xc2\x970\x08j]\xf9\xeb<2\xa0\
;L\x87\xa3\xa0\x19\xe1\x990\x18\xdc\x9b\xb7m\xfa\x81\
\xfe\xf0\x01\xec\x07\xcd\xe0|\x089)O@\xe7f0\
\x0dJA3\xb23\xa0o\xcaN\xd2\xe8\x88\xdf\x5cx\
\x1f\x0e\x83\xb6\x07^\x83\xd4\xb6\x1b\x1d\xdd\x9bK\xe0*\
\xb8\xc7\xe6\xc0\xa044\xa4\xdd\x15\xffn\xbf/\xe0\x0c\
h\x7f\xc0C\xc9\x1cE\x93\xbc\xfb\xd6\x144\x01|\x93\
\xddG\x9b`6\x14\xc3\x0d\x8dq\x0d\xb9\xe9\xd8\xf6\xd0\
\x1cl_\x86\x0a0\xef\x1e\xe7\xed\xbfDy#+\xe1\
\x86Y\xc2\xd4W\x08\xe6\xf8\x09\xf85G{\xe8$\xac\
\x9a`\xae\xde\x0bc\xe0n0u\xfd\x0c+\x19t\xdd\
Q\x8a3\xf7\xb2\xf9Y\xe7\xfd\xa0\x07\xd4\x14\xfc\x1f\xd7\
\x9cp/\xfd\xb7Q\x9a\x0a\xf7\xd7L]\xb6\xb9\xbf\x86\
{\x0b\xc04\xda\x01\xd4\xf1+,\x84\x84%\x043\xe0\
.\xae\x0e\x05s\xa5ft\x97\xe1\xecT\xac\x15\xffC\
?#\xefA\xa0C\xb9\x0f\xf2\xc0\xc8\xde\xc8\x8c\xb4\xf9\
\xd6\xbc\xbd\x1c\x1f+(\xf7\xe1\xbb\x8a2f\xd4+\xb8\
\xbe\x8c\xc6Xx\x04\xfa\x82in9\xf7\xceQ\x8fY\
B0-\xa3e\xa4Z\xc1y\xf0\xbc\xf7PH\x18\x83\
\x9b\xd0(\x80\xa7`\x22\xb8\x84.\xbf\xe6)\x17\x0e\x11\
O;O\xb9^`\x00<$\x5c\x89\xfep?,\x82\
y\xf8[\x8f\x98J\xea\xc1J\xa8\xac\x03\xb7\x85\xab\xac\
\x9en\xf0/\xc4,*\xd8T\xa2\x00\xed\x10l\xc5Y\
\x22\xba8o\xc9\xb5\x07\xe1%\x18\x05!\xa2FI\x87\
\xf3\xe0\x17\xd8\x0eQ\xc1\xe3i\xfb\x80F\xcc\x87\xeb\x03\
\xae\x90\xa5\x87\xc5\x920\x0f\xa5QV\xf4\xbe\xf8\xfd\xa0\
)\xa9`\x8fO\xd1\xf6BY\xac\xc6\x1f\x9c\xf8\xb4\x93\
\xe0Up\xdbD\x1ft?\xed\xd90\x8b\x09MM\x1e\
\xc7n\xaf\x13\xb4]~\x1f\xc0%\x9d\x06\xddA\xf3a\
\xc7\x81AhL\x9f\x1f\xe8\xeb~\xd7\xf6\x80\xf3\xfb@\
QM4\xabO\xdc\x86v\xeb\xd8\xd5ko\xf6Q\xeb\
8S\xdchx\x05\x86C=\x08ftW\xc1\xbc\xb8\
X#bDs\xc1|\xba\x88\xeb\xe6\xf3\xf9\xb4}\xa1\
\x83`\xaa\xb1h\x9b\x8d\xf4\xeb)g_3\x8b\xf3\xc6\
\xe6\xa6TO\xd0D\xb5\xba`\xf7\x9ch\x15\x10\x9e\xd8\
=\xf4\x04\xe8<*\x96f\xc6E\xd8\x0a;\x990\x8b\
\xf2Qx\x1d\x1cc\xe4\x1br\xfd3\xca]`?\xf7\
\xab\xefA0\xfd\x15\x80\xfe\xbd\xbf\x07\x9c[4\xfb6\
\xc5G=\x1e\xe6\xaa\x17\xa2\x02\xac\xd7\xf7\x22v%\x8e\
\xf5\x0e`d\x5c\xea\x9av\x81\x0bgp\xa6\xf0\xc6\x90\
\x07\x8a\xd5\xba\x82\xed\xac\xf8}\xf7\xb5\xfdk\x9a\xdbG\
\xff~\xb1h\xcem\xa453\x92\xba\x12:\x13\x15.\
F;\xba\x0dD;\x08\xa5`tj\x9a\x22[\x12\x01\
#\xe1\xfd-\xb0\x03\x9c\xd0\xa8\x16\xc3Y\xee\xdb\xcf\xa3\
\xd6\xb2\xa69N\xff\x07\xe27\x9c\xb7a\xbcnT\xd5\
e\x19\xb3 \xca\x86\x118\x0b>\xb1/\x99h\xfb\xa1\
\x08\xfaB!\x04gTcQwo\xf6!\x8a\x1b\x10\
f\x92W@.\xec\x86\xdf\xb8\xee\xf1>\x90\xfa \xa8\
)\xd8\x07[\x0d\xdfC\x10\xec\xbc!\x03\xe9\xcb\x15L\
*\xb8\x9c\x9b\xe6R7y\x07p\x89Lm\x9eB:\
\x9d\x09\xae\xc8H\x88N<\x82\xf6T\xfa\x9c\xa2\xefn\
\xca9\xb4]\xca\xab\xb4iV\xddC\xfd\x19\xb0_\xd4\
\xdc\x1e\xc1\xef\x9f\x11Qan\xfb\xaaI\x12\x16\x8d\xb0\
O(\xbd [\x98\x0c?\x99\xfeqY\xcd\xb1\xe7\xe1\
E0\x1f\xb7\x01\xcd\x09\xa6\x82/\xc7\x22J\xd3\x98\xab\
e[_\x0f\xc3\xe3\xd0\x11\x82\x9d\xa0\xf2;|n\xa9\
\xffp\x83\xb2\x07d\xc7\xdb\xaen\x88|\xecRT\xf0\
.\xae\xec\x84\xb1\xa0\x88|P\x94Q\xcf\x88\x8b^J\
\xd5\x94\xf3\x0f\x98\x11\xfaA\x16d\xc3\x0b`\x14\xdd\xc3\
\xbe\xe5\xcd \x0f\xfa@t\x89Kh/\x04\xb7\xd9&\
\xfc\xfa\xc2\xc6\x8c\x074/\xeb\xb3+\x982\x83&\xaa\
\xd7,*\xf80\x97L-\x0al\x07\xc3\xc0}\xb7\x04\
b\x16w\xfe7\x8e=\x89\xd6\xc1\x1807;I[\
\x18\x1a\x87\x22a\xee\xbfc\xe0C\xae\x85\xe5\xb0\x06_\
G(k\xda\x00.\xe8\xcf-w\x0a\xb6@\xf2\x08\xe3\
\xe0\x12B\x14\xb1\x11\xc6\x83\x83\xc7q\xcd(8a\xc2\
\xe2\xed\x9f\xb8\xe7\x1e\xcc\x87\xfe\xe0^\xed\x08F\xd3@\
\xf8B\x19i\x85\xed\x85m\xb0\x85\xb1G)\xaf3|\
\xf9\x1b\xe6\x01\xf07\x87V\x0c\xeb\xe8\x7f>\xd6J\xf6\
\x87A~k\xbd\x09\xe1;\xceh>\x0d\x8d\x92\xf5\x0f\
\xd7\xb8\xef\xdb\xe5\x07f\x0e\x0c\x84\xa1\xe0\xb7YO\xd0\
gf\xe8\x9b\xac\xe4~\x03\xf0[q5h\xa7\xe0\x1d\
\xa8v\xca%\x1b\xebQ<\x1c~\x84+p\x01\xe6\xc3\
\x08\x88\xe6\xec\xa4co\xe5\x22~}\xd8\x02\xf8\x16\xfc\
*w\xde\xc50:%\x7ftl\x02\xcf\xc3V\xd0|\
\xda\xaf`\x08\xdcQ\xd1\xfa\x83\x01\xf0\x09\x84U\xddN\
\xfdeh\x9a\x92`;\xd1\xb9\x13\xb85\xc2\xd7\xecq\
\xea_\xc3(\xf0`\xb9m\xc3O#p5?\x85\xe8\
\xd7\xf9\xdb\xb4\xcd\x12\xe9\x19\x83\xf2\xe0=8\x08\xdai\
X\x00\xcfA\xa7\xf4\xbcU\xef\xcd\xf8\xf60\x05\x8a\xe0\
$h\xfe\x7fb\x06x\xa2\xde\x9a1\xb87\xbc\x0b{\
@3\x93\x14\x83\x9f\xe5\x93\xa0#\xa4\xb4M\xec\x07\x0a\
\x9d\x08\xd3a#\x5c\x04\xad\x0c\xfc\xff\x84\x19\xa7V\xab\
\xf5\xedu$N\xb2)\x9e\x84g\xc1Tg\xc6\xf0$\
3\xaf\xae\x81\xcd\xe0\x81\xe3\xa9T\x0e\xde3\xa5\x99\xda\
\xdc\x87\x1e>\x9d!\x17\x1co~7\x0d\x9a\xfe.\x81\
\xe9n.|G\x0a+\xa5\xac\xd5n*\xd8\xd1\x886\
\xbd\x14\xc2d0W\xba\xc7\x8c\xac\xc2\xcc\xab\x0a6\xc1\
{\xe8(\xf8\x0a\xf8S5\x08\xeeB\xbd'\x98\xa7}\
\x10\x0f\x93\x83\xb0\x1c\x8a\xc0\x1fI\x8e\xbd\xa9\xa5$X\
/\x88v\xa2\x1cP\xb0\xe2\x0b \x1b\xd2y\x09\xfd\xc1\
\xe3)\xf9\x17\xac\x80\xa5\xb0\x03\xb1F:%KYp\
\xf0\x86p\xb7D\x0f\x18\x02.\xad\xbf\x17\xbaC{\xf0\
\xb4\xca\x02\xa3k\x94+\xc1#\xd6\xd3N\xa1.\xb9\xc7\
\xad\x82w!\xd4\x07H\xcb\xd2\x16\x1c\xf5\x8ex\x7f\xbb\
v\x8b\xe3r\xfb#]\xc1\xae\x86\xdbE\xc1\xa7!\x08\
.C\xa4\xed:\xab\x8b\xc0\x9d\x8a\xc0\xff\xd6\xe6\x9cc\
\x95\x1a7^\x00\x00\x00\x00IEND\xaeB`\x82\
\
\x00\x00\x09\xd2\
\x89\
PNG\x0d\x0a\x1a\x0a\x00\x00\x00\x0dIHDR\x00\
\x00\x00,\x00\x00\x00,\x08\x06\x00\x00\x00\x1e\x84Z\x01\
\x00\x00\x00\x01sRGB\x00\xae\xce\x1c\xe9\x00\x00\x00\
\xc6eXIfMM\x00*\x00\x00\x00\x08\x00\x06\x01\
\x12\x00\x03\x00\x00\x00\x01\x00\x01\x00\x00\x01\x1a\x00\x05\x00\
\x00\x00\x01\x00\x00\x00V\x01\x1b\x00\x05\x00\x00\x00\x01\x00\
\x00\x00^\x01(\x00\x03\x00\x00\x00\x01\x00\x02\x00\x00\x01\
1\x00\x02\x00\x00\x00\x15\x00\x00\x00f\x87i\x00\x04\x00\
\x00\x00\x01\x00\x00\x00|\x00\x00\x00\x00\x00\x00\x00H\x00\
\x00\x00\x01\x00\x00\x00H\x00\x00\x00\x01Pixel\
mator Pro 3.6.6\x00\
\x00\x00\x04\x90\x04\x00\x02\x00\x00\x00\x14\x00\x00\x00\xb2\xa0\
\x01\x00\x03\x00\x00\x00\x01\x00\x01\x00\x00\xa0\x02\x00\x04\x00\
\x00\x00\x01\x00\x00\x00,\xa0\x03\x00\x04\x00\x00\x00\x01\x00\
\x00\x00,\x00\x00\x00\x002024:08:1\
4 14:45:25\x00\x09}m\x11\x00\
\x00\x00\x09pHYs\x00\x00\x0b\x13\x00\x00\x0b\x13\x01\
\x00\x9a\x9c\x18\x00\x00\x03\xb0iTXtXML:\
com.adobe.xmp\x00\x00\x00\
\x00\x00<x:xmpmeta xml\
ns:x=\x22adobe:ns:m\
eta/\x22 x:xmptk=\x22X\
MP Core 6.0.0\x22>\x0a\
   <rdf:RDF xmln\
s:rdf=\x22http://ww\
w.w3.org/1999/02\
/22-rdf-syntax-n\
s#\x22>\x0a      <rdf:\
Description rdf:\
about=\x22\x22\x0a       \
     xmlns:tiff=\
\x22http://ns.adobe\
.com/tiff/1.0/\x22\x0a\
            xmln\
s:exif=\x22http://n\
s.adobe.com/exif\
/1.0/\x22\x0a         \
   xmlns:xmp=\x22ht\
tp://ns.adobe.co\
m/xap/1.0/\x22>\x0a   \
      <tiff:YRes\
olution>720000/1\
0000</tiff:YReso\
lution>\x0a        \
 <tiff:XResoluti\
on>720000/10000<\
/tiff:XResolutio\
n>\x0a         <tif\
f:ResolutionUnit\
>2</tiff:Resolut\
ionUnit>\x0a       \
  <tiff:Orientat\
ion>1</tiff:Orie\
ntation>\x0a       \
  <exif:PixelYDi\
mension>44</exif\
:PixelYDimension\
>\x0a         <exif\
:PixelXDimension\
>44</exif:PixelX\
Dimension>\x0a     \
    <xmp:Metadat\
aDate>2024-08-14\
T14:45:43+02:00<\
/xmp:MetadataDat\
e>\x0a         <xmp\
:CreateDate>2024\
-08-14T14:45:25+\
02:00</xmp:Creat\
eDate>\x0a         \
<xmp:CreatorTool\
>Pixelmator Pro \
3.6.6</xmp:Creat\
orTool>\x0a      </\
rdf:Description>\
\x0a   </rdf:RDF>\x0a<\
/x:xmpmeta>\x0a'\xf2\x0dP\
\x00\x00\x04\xe9IDATX\x09\xed\x99[\x88UU\
\x18\xc7g\xbcgjf\xa1\xe5\x04Z\xa9\x0f=\xc8\xd8\
CAH\x12\x95\x0f\x89\x04\x16\x85!A/^\x90\xc0\
\xb0\x08\x04\x11_\xac\x87\x88`\xe8!\x0cD\xc4 \xc3\
2\xf4\xc1\xd2\x08|\xc8$LE}\x10%\x1d\xbc\x95\
\x92\x97\xbc\x8dTN\xbf\xff9\xfb\xdb|g\xcd^{\
\xd6>\x8e3=\xf8\xc1\xff\xac\xb5\xbe\xf5]\xfe{\xad\
\xb5\xd7^{\x9f\x96\x96\xbbrgG\xa0\xf5v\xc2w\
wwO\xc5\xff\x0d\xf0\x14\x98\x0c\xee\x03\xc3A7\xe8\
\x02\x17\xc0o`\x17\xf8\xa2\xb5\xb5\xf5\x1ce\xff\x0a$\
\xc7\x80\x8f\xc1\x09p\xb3\x02\xba\xb0=\x0c\xde\x07C\xee\
8k\x92\x0c\x03k\xc1_\xa0\x0a\xd1\x22\xdb\xf3\xc4X\
\xd5\x0c\xe9\xa4%A\xf0W\x09\xfe)\x18\x1bI\xa2\xa9\
?\x05\xce\x82\xab`\x10\x18\x0d\x1e\x01mY\x9d\xa2\x87\
\x9cD\xf3:Keo\x8f\x9ef\x15\x90\xfd\x0ch:\
\xc3\x91:\x86n\x0d\x10\xa1R\xc1f:P\x9c\xb3 \
\x8cs\x15\xdd\xf2\xd2\x00)\x9d\x04\x19\x04\xbe/H \
\xa2/\xa7\xc4(\xb2\xc1\xf7m\xf0GA\xdc\x8e\x22\xfb\
d\x1d\x01w\x06A\xaf\xd3\xfe09@\x89!qt\
?l\x02\xe1\xcc5G\x9a@\xeb\x81\x9f\xba\x8b\xb4\x9f\
/\xe1\xd0T\x171\x17\x03\x0d\x84\xcfUmy\xe0\xbc\
\x00\xf8+\x17\xd9\xf6\xa6\x18%8\x11{\x1e\xf0\xa4\xb5\
\xa6g$\xb8\xb2\xdb\xd7\xf7\xd8?)\xed\x8a\xafQ\x9f\
\x95\xe4|\x1bF\xe4\xd0H[N\x95G\x93\xc2a\xa8\
u\xe5\x1d+\xed\x95\xf8>\x03\x8e\x03= \x1eOJ\
\x9a\x19a\xff\x15\xf0\xb9W\x96\xfac\xdc\x064\xa2\xe6\
t\xb8\xd4!\xe8\xc4o&\xb8\xec\xfc\xb5\x13$\x93\xc6\
v\x048\xe7\xfcU\x8f?\x11\xe9\xdc\xe0\x8cE\xfa\xd9\
\x80S\xb4)[\xe0\xc9\xdaEW%\xbd,\xe0\xf0n\
YR=.-\xd1\x81\xa8a\xd0QB\xd6bU%\
\xfd\xbb\xe3q(HW{\x84\xeaf\x9bM\xc7\x18\xd7\
\xb9\xce\xd5\xa3U\xfctCn\x05#2\xa3\x1b\xce\xf8\
zV\xd7\xe3\xfc'lS\x97\x87\xe2\x99L\xc1o\x9c\
5\xf2\x12\xe5\xe7\xc0FD[\x8c\x11\xc8m\xc2\x0a6\
\xb3\x80?\x08\x1d\xa3\xed\xe3\xac\xa0\xed\x9fhI#\x8d\
\xcf\x0c`\x5cT.\xf5\xb9uH\x91<Y/j\xbf\
\xa78\x8c\xe8,\x1b\x15\x82\xd8\xc8\xea\xec+\xb9\x02\xa4\
\x1b\xaaF&7)_\x02*%I#M\xee}\xd8\
^\xaby\xd4\x7f\x147\x17#\xfcp\xae\xa9\x1f\xb8]\
\xb3\xb1\x0a\xd9ah\xb6\x00#\xab\xd3\xd9\x0b$:M\
9\x12\x98\x8c\xceNa\xaf\xa1\xf8;S\x8a\xf4N3\
()\xcf\xb8\xbe\x86\xa5d\x84G9\x83\xe3\xae^T\
\x95\xed=Y\x87FBd\xf7gm\xd3\xaby\xaf~\
\xe8\xdbN1\x1f\x18\xe9\x9ekR\x86\x8d\xe2\x09?\xe0\
\xbb\x8c\xb0\xdf\xef.y\x83\xb0\x0e\x01\x9d}\xdf\x03\x22\
2\x93\xb6\xa6\xd0\xc4\x9f\xaf\xf3:6\xba\x91t\xc2\xdb\
\x01\x16\x9aqI\xa9%fb3Yk\x1b\xd1<8\
\xda\x7f\xcd2VB\xa0\x83>!Y\xf0\xf9\x01c!\
E<\x07\xcf\xad\xbe\xad\x11\xe1\x1f\x17E\xebl\xa0\xc5\
o\xb1v\xd3\xd68\xd9\x92\xf0w\xe5\xe4\x81fK\xfe\
\x87\x1c\x87\x8b\xae\x9e\x8f\xb0\xde\xc5L\x1e\xb3\xca\x00\x96\
m.w\xc3&`#|\xd0\x19Lb\xeb\xb2\xb5\xed\
\xd4\xfdS%\xf742\xf9%\xb1\xdbg6\xc2\xdf8\
\xa5\xc8\xbe\xe9\xda\xfd]]\x12$\xdc\xe8\xdbFx\x0b\
J{\xf6\xab?e\xeb\xf1q\xfa\xb2>\xcf\x05\xebd\
w\xd1\x03)\x97\x1aa\x94\xb7\xd0\xfc\x98k[Z\xda\
\x99\x9av\xd7\xee\x97*9\xf5\xd9\xcb\xdfp_F\x13\
k\xed\x80\x1b\xc0\x0e\x1e{\xa2\xc6\x91\x0e|7;\xff\
\xd5\x11\xb3B5~\xfa\xac\xd0\xe9\xfc\xf5.Y~\x08\
\xc3\xe0;\xe7 \xe2\x8b\x0b\xa3G\x94\xd8kf\x8e\x80\
} \xe5\x11\x9cG\xc2\xbe\x03\xd8`\xa9\xfc$\xef\x8c\
U0\x9a\x00\xfc\x9b\x83\x8e\x8fO\xc4\xec\xfbJO\x8e\
\xb9\xc0\xcf\xeei\xdai;\x15\x86\xef\x00\x7f\xa5z\x03\
\xf0\xfbb_\xf1\xac\xc5!\xf6\xd3\xc0\x9f\xabE|v\
\xa5$8l\x03!\xe9>\x1fi\x11\x03~F\x95\xf3\
\xa3Jde\x8c\xd3\x10\xf0+\xf0\xa45\x0a\x8b*\x07\
\x8b8\x10\xeb\x03\xe0?\xa0(\xd7\xd7\x11\xf3\xde\xd58\
\xeb\xb5{/\xf0\xa4U\xff\x19L\xef=B\xb1\x05\xbe\
/\x82# \x8c\xfbm\xb1G\x05-A\xb5\xd5l-\
\x08\xaeOY\xbb\xc1[\xa0\xd7\x9b\x03\x9b\x91`9\xd0\
\x07\x96\x90\xa8b%\x1fU\x1b\xce\x9a\xb1k!\xe02\
\xfa\xb4\xaf\x16\xed\x8bz\x93\xe8\x04\xfa/\xe3\x04\xb8\x0c\
\x06\x83\xfb\xc1\xa3@\xaf8\x13\x81t\xa1\xc8v!\x0f\
.=i\x93$\x89\xb0\x22Az<\xc5:\xf0\x1c(\
J\x8e:Yt\x91\x9b\xc1\x22\xc8v%{5c\x08\
\xf1\xa9@\xdf\xe0.\x80pz{kk\x8b\xd4\xff$\
\x0f6\x93[>\xc9#\x1c& \xa9\xce!s\xc0+\
@7\xa1\xde\xbc\xf5\xe2ikZ\xa3x\x05\xe8\xf0\xf2\
\x0b\xd8\xc4h\xee\xa2\xbc+\xff\xeb\x11\xf8\x0f~T\x8b\
\xdab\xb0\x83\xc1\x00\x00\x00\x00IEND\xaeB`\
\x82\
\x00\x00\x16\x1a\
\x89\
PNG\x0d\x0a\x1a\x0a\x00\x00\x00\x0dIHDR\x00\
\x00\x00 \x00\x00\x00 \x08\x06\x00\x00\x00szz\xf4\
\x00\x00\x0a\xd7iCCPICC Prof\
ile\x00\x00H\x89\x95\x97\x07TS\xc9\x1a\xc7\xe7\
\xde\xf4FK@@J\xe8\xbd\xb7\x00RB\x0fEz\
\x15\x95\x90\x04\x12J\x8c\x09AEl\xc8\xe2\x0a\xae\x05\
\x15\x11\xac\xe8\xaa\x88\x82e\xa5\xd9\x10\x0b\x16\x16\xc5\x86\
}\x83,\x0a\xca\xbaX\xb0\xa1\xe6]\xe0\x11\xdc}\xed\
\xbc\xef\x9c\xc9\xfc\xce\x97\x99\xaf\xcc\xbds\xce\xff\x02@\
\x09a\x8bD9\xb0\x0a\x00\xb9\xc2<qL\xb0\x1f=\
)9\x85\x8e{\x060@\x15P\x01\x1d\xd8\xb19\x12\
\x113**\x1c 69\xff\xd5\xde\xdf\x05\xd0\xd8|\
\xcbf,\xd6\xbf\xfe\xff_M\x8d\xcb\x93p\x00\x80R\
\x11N\xe7J8\xb9\x08\xb7!\xe3\x05G$\xce\x03\x00\
u\x08\xf1\x1b-\xc8\x13\x8d\xf1\x0d\x84ib\xa4@\x84\
\x7f\x1f\xe3\xcc\x09\xfe8\xc6\xe9\xe3\x8c&\x8f\xaf\x89\x8b\
\xf1G\x98\x0e\x00\x9e\xccf\x8b3\x01 [#~z\
>'\x13\x89C\x1e\xeb\xc1^\xc8\x15\x08\x11.D\xd8\
\x9b\xc3gs\x11>\x85\xb0un\xee\xbc1\x1e@\xd8\
\x1cY/\x02\x80\x82\x9c\x0e`\xa4\x7f\x173\xf3/\xf1\
\xd3\x15\xf1\xd9\xecL\x05O\xf45n\xf8\x00\x81D\x94\
\xc3^\xf4\x7f\x1e\xcd\xff\xb6\xdc\x1c\xe9d\x0eSd\x90\
\xf9\xe2\x90\x98\xb1|\xc8\xf9\xdd\xcb\x9e\x17\xa6`a\xfa\
\xcc\xc8I\x16p'j\x1ac\xbe4$~\x929\x12\
\xff\x94I\xe6\xb2\x03\xc2\x14{sf\x86Or\x86 \
\x88\xa5\x88\x93\xc7\x8a\x9bd\x9e$0v\x92\xc5\xf3b\
\x14\xb92\xc4\xfe\xccIf\x8b\xc7\xf3\x12\x11\x96I\xb3\
\xe3\x15~>\x8f\xa5\x88_\xc0\x8fK\x9c\xe4|A\xc2\
\xccI\x96d\xc7\x86M\xad\xf1W\xf8\xc5\xd2\x18E\xfd\
<a\xb0\xdfT\xde E\xef\xb9\x92\xef\xfa\x15\xb0\x14\
{\xf3\xf8q!\x8a\xde\xd9S\xf5\xf3\x84\xcc\xa9\x98\x92\
$Em\x5c^@\xe0\xd4\x9ax\xc5zQ\x9e\x9f\x22\
\x97('J\xb1\x9e\x97\x13\xac\xf0K\xf2c\x15{\xf3\
\x90\x97sjo\x94\xe2\x0c\xb3\xd8\xa1Q\x93\x0c\x04 \
\x02\xb0\x01\x87\xae<I\x00\xe4\xf1\x16\xe6\x8d5\xe2?\
O\xb4H,\xc8\xe4\xe7\xd1\x99\xc8m\xe3\xd1YB\x8e\
\xad5\xdd\xd1\xde\xd1\x11\x80\xb1\xbb;\xf1:\xbc\x8d\x1e\
\xbf\x93\x90F\xe7\x94o\xe5o\x00x\x9d\x95\xcb\xe5'\
\xa7|\xa1g\x018\xea\x86<\x96\x96)\x9f9\x03\x00\
U\x12\x00\x97[8Rq\xfe\x84\x0f=\xf6\x83A\x9e\
\x9e2\xa0\x01-\xa0\x07\x8c\x809\xb0\x01\x8e\xc0\x15x\
\x02_\x10\x08BA$\x88\x03\xc9`\x0eR+\x1f\xe4\
\x021X\x00\x0a\xc1\x0aP\x02\xca\xc0z\xb0\x19T\x81\
\x9d`\x0f8\x00\x0e\x83c\xa0\x09\x9c\x02\xe7\xc0%p\
\x0d\xdc\x00w\xc0C \x03\xfd\xe0%\x18\x06\xef\xc1(\
\x04A8\x88\x02Q!-H\x1f2\x81\xac G\x88\
\x01yC\x81P8\x14\x03%CiP&$\x84\xa4\
P!\xb4\x12*\x83\xca\xa1*h7T\x0b\x1d\x85Z\
\xa0s\xd0\x15\xa8\x1b\xba\x0f\xf5B\x83\xd0\x1b\xe83\x8c\
\x82\xc90\x0d\xd6\x85Ma;\x98\x013\xe108\x0e\
\x9e\x0dg\xc2\xf3\xe1\x02\xb8\x18^\x0bW\xc25\xf0!\
\xb8\x11>\x07_\x83\xef\xc02\xf8%<\x82\x02(\x12\
J\x03e\x80\xb2A1P\xfe\xa8HT\x0a*\x03%\
F-E\x95\xa2*P5\xa8zT+\xaa\x03u\x0b\
%C\x0d\xa1>\xa1\xb1h*\x9a\x8e\xb6A{\xa2C\
\xd0\xf1h\x0ez>z)z\x0d\xba\x0a}\x00\xdd\x88\
\xbe\x80\xbe\x85\xeeE\x0f\xa3\xbfa(\x18\x1d\x8c\x15\xc6\
\x03\xc3\xc2$a21\x0b0%\x98\x0a\xcc>\xcc\x09\
\xccE\xcc\x1dL?\xe6=\x16\x8b\xd5\xc0\x9aa\xdd\xb0\
!\xd8dl\x16v1v\x0dv;\xb6\x01\xdb\x86\xed\
\xc6\xf6aGp8\x9c\x16\xce\x0a\xe7\x85\x8b\xc4\xb1q\
y\xb8\x12\xdcV\xdc!\xdcY\xdcM\x5c?\xee#\x9e\
\x84\xd7\xc7;\xe2\x83\xf0)x!\xbe\x08_\x81?\x88\
?\x83\xbf\x89\x7f\x8e\x1f%\xa8\x10L\x08\x1e\x84H\x02\
\x97\xb0\x88\xb0\x8e\xb0\x97\xd0J\xb8N\xe8'\x8c\x12U\
\x89fD/b\x1c1\x8b\xb8\x82XI\xac'^$\
>\x22\xbe%\x91H\x86$wR4I@ZN\xaa\
$\x1d!]&\xf5\x92>\x91\xd5\xc8\x96d\x7fr*\
YJ^K\xdeOn#\xdf'\xbf\xa5P(\xa6\x14\
_J\x0a%\x8f\xb2\x96RK9OyB\xf9\xa8D\
U\xb2Ub)q\x95\x96)U+5*\xddTz\
\xa5LP6Qf*\xcfQ.P\xaeP>\xae|\
]yH\x85\xa0b\xaa\xe2\xaf\xc2VY\xaaR\xad\xd2\
\xa2\xd2\xa32\xa2JUuP\x8dT\xcdU]\xa3z\
P\xf5\x8a\xea\x80\x1aN\xcdT-P\x8d\xabV\xac\xb6\
G\xed\xbcZ\x1f\x15E5\xa2\xfaS9\xd4\x95\xd4\xbd\
\xd4\x8b\xd4~\x1a\x96fFc\xd1\xb2he\xb4\xc3\xb4\
.\xda\xb0\xba\x9a\xba\xb3z\x82\xfaB\xf5j\xf5\xd3\xea\
2\x0d\x94\x86\xa9\x06K#Gc\x9d\xc61\x8d\xbb\x1a\
\x9f\xa7\xe9NcN\xe3M[=\xad~\xda\xcdi\x1f\
4\xa7k\xfaj\xf24K5\x1b4\xefh~\xd6\xa2\
k\x05jekm\xd0j\xd2z\xac\x8d\xd6\xb6\xd4\x8e\
\xd6^\xa0\xbdC\xfb\xa2\xf6\xd0t\xdat\xcf\xe9\x9c\xe9\
\xa5\xd3\x8fM\x7f\xa0\x03\xebX\xea\xc4\xe8,\xd6\xd9\xa3\
\xd3\xa93\xa2\xab\xa7\x1b\xac+\xd2\xdd\xaa{^wH\
OC\xcfW/Ko\x93\xde\x19\xbdA}\xaa\xbe\xb7\
\xbe@\x7f\x93\xfeY\xfd\x17tu:\x93\x9eC\xaf\xa4\
_\xa0\x0f\x1b\xe8\x18\x84\x18H\x0dv\x1bt\x19\x8c\x1a\
\x9a\x19\xc6\x1b\x16\x196\x18>6\x22\x1a1\x8c2\x8c\
6\x19\xb5\x1b\x0d\x1b\xeb\x1bG\x18\x17\x1a\xd7\x19?0\
!\x980L\xf8&[L:L>\x98\x9a\x99&\x9a\
\xae2m2\x1d0\xd34c\x99\x15\x98\xd5\x99=2\
\xa7\x98\xfb\x98\xcf7\xaf1\xbfm\x81\xb5`Xd[\
l\xb7\xb8a\x09[\xbaX\xf2-\xab-\xaf[\xc1V\
\xaeV\x02\xab\xedV\xdd\xd6\x18kwk\xa1u\x8du\
\x8f\x0d\xd9\x86i\x93oSg\xd3k\xaba\x1bn[\
d\xdbd\xfb\xca\xce\xd8.\xc5n\x83]\x87\xdd7{\
\x17\xfb\x1c\xfb\xbd\xf6\x0f\x1d\xd4\x1cB\x1d\x8a\x1cZ\x1d\
\xde8Z:r\x1c\xab\x1do;Q\x9c\x82\x9c\x969\
5;\xbdv\xb6r\xe69\xefp\xbe\xe7Bu\x89p\
Y\xe5\xd2\xee\xf2\xd5\xd5\xcdU\xecZ\xef:\xe8f\xec\
\x96\xe6\xb6\xcd\xad\x87AcD1\xd60.\xbbc\xdc\
\xfd\xdc\x97\xb9\x9fr\xff\xe4\xe1\xea\x91\xe7q\xcc\xe3O\
O\x1b\xcfl\xcf\x83\x9e\x033\xccf\xf0f\xec\x9d\xd1\
\xe7e\xe8\xc5\xf6\xda\xed%\xf3\xa6{\xa7y\xef\xf2\x96\
\xf9\x18\xf8\xb0}j|\x9e\xfa\x1a\xf9r}\xf7\xf9>\
gZ0\xb3\x98\x87\x98\xaf\xfc\xec\xfd\xc4~'\xfc>\
\xf8{\xf8/\xf1o\x0b@\x05\x04\x07\x94\x06t\x05\xaa\
\x05\xc6\x07V\x05>\x092\x0c\xca\x0c\xaa\x0b\x1a\x0ev\
\x09^\x1c\xdc\x16\x82\x09\x09\x0b\xd9\x10\xd2\xc3\xd2eq\
X\xb5\xac\xe1P\xb7\xd0%\xa1\x17\xc2\xc8a\xb1aU\
aO\xc3-\xc3\xc5\xe1\xad\x11pDh\xc4\xc6\x88G\
3Mf\x0ag6E\x82HV\xe4\xc6\xc8\xc7Qf\
Q\xf3\xa3NFc\xa3\xa3\xa2\xab\xa3\x9f\xc58\xc4\x14\
\xc6t\xc4Rc\xe7\xc6\x1e\x8c}\x1f\xe7\x17\xb7.\xee\
a\xbcy\xbc4\xbe=A9!5\xa16\xe1Cb\
@by\xa2,\xc9.iI\xd2\xb5d\xeddAr\
s\x0a.%!e_\xca\xc8\xac\xc0Y\x9bg\xf5\xa7\
\xba\xa4\x96\xa4\xde\x9dm6{\xe1\xec+s\xb4\xe7\xe4\
\xcc9=Wy.{\xee\xf14LZb\xda\xc1\xb4\
/\xecHv\x0d{$\x9d\x95\xbe-}\x98\xe3\xcf\xd9\
\xc2y\xc9\xf5\xe5n\xe2\x0e\xf2\xbcx\xe5\xbc\xe7\x19^\
\x19\xe5\x19\x03\x99^\x99\x1b3\x07\xf9>\xfc\x0a\xfe\x90\
\xc0_P%x\x9d\x15\x92\xb53\xebCvd\xf6\xfe\
lyNbNC.>7-\xb7E\xa8&\xcc\x16\
^\x98\xa77o\xe1\xbcn\x91\x95\xa8D$\x9b\xef1\
\x7f\xf3\xfcaq\x98x\x9f\x04\x92\xcc\x964\xe7\xd1\x10\
\x91\xd4)5\x97\xfe \xed\xcd\xf7\xce\xaf\xce\xff\xb8 \
a\xc1\xf1\x85\xaa\x0b\x85\x0b;\x17Y.Z\xbd\xe8y\
AP\xc1\xcf\x8b\xd1\x8b9\x8b\xdb\x0b\x0d\x0aW\x14\xf6\
.a.\xd9\xbd\x14Z\x9a\xbe\xb4}\x99\xd1\xb2\xe2e\
\xfd\xcb\x83\x97\x1fXA\x5c\x91\xbd\xe2\xd7\x22\xfb\xa2\xf2\
\xa2w+\x13W\xb6\x16\xeb\x16//\xee\xfb!\xf8\x87\
\xba\x12\xa5\x12qI\xcf*\xcfU;\x7fD\xff(\xf8\
\xb1k\xb5\xd3\xea\xad\xab\xbf\x95rK\xaf\x96\xd9\x97U\
\x94}Y\xc3Ys\xf5'\x87\x9f*\x7f\x92\xaf\xcdX\
\xdb\xb5\xceu\xdd\x8e\xf5\xd8\xf5\xc2\xf5w7\xf8l8\
P\xaeZ^P\xde\xb71bc\xe3&\xfa\xa6\xd2M\
\xef6\xcf\xdd|\xa5\xc2\xb9b\xe7\x16\xe2\x16\xe9\x16Y\
exe\xf3V\xe3\xad\xeb\xb7~\xa9\xe2W\xdd\xa9\xf6\
\xabn\xd8\xa6\xb3m\xf5\xb6\x0f\xdb\xb9\xdbo\xee\xf0\xdd\
Q\xbfSwg\xd9\xce\xcf\xbb\x04\xbb\xee\xed\x0e\xde\xdd\
XcZS\xb1\x07\xbb'\x7f\xcf\xb3\xbd\x09{;~\
f\xfc\x5c\xbbO{_\xd9\xbe\xaf\xfb\x85\xfbe\x07b\
\x0e\x5c\xa8u\xab\xad=\xa8sp]\x1d\x5c'\xad\x1b\
<\x94z\xe8\xc6\xe1\x80\xc3\xcd\xf56\xf5\xbb\x1b4\x1a\
\xca\x8e\x80#\xd2#/\x8e\xa6\x1d\xbd{,\xecX\xfb\
q\xc6\xf1\xfa_L~\xd9v\x82z\xa2\xb4\x11j\x5c\
\xd48\xdc\xc4o\x925'7w\xb7\x84\xb6\xb4\xb7z\
\xb6\x9e8i{r\xff)\x83S\xd5\xa7\xd5O\xaf;\
C<S|F~\xb6\xe0\xecH\x9b\xa8m\xe8\x5c\xe6\
\xb9\xbe\xf6\xb9\xed\x0f\xcf'\x9d\xbf}!\xfaB\xd7\xc5\
\xb0\x8b\x97/\x05]:\xdf\xc1\xec8{\xd9\xeb\xf2\xa9\
+\x1eWZ\xae2\xae6]s\xbd\xd6\xd8\xe9\xd2y\
\xe2W\x97_Ot\xb9v5^w\xbb\xde|\xc3\xfd\
Fk\xf7\x8c\xee37}n\x9e\xbb\x15p\xeb\xd2m\
\xd6\xedkwf\xde\xe9\xbe\x1b\x7f\xf7^Oj\x8f\xec\
\x1e\xf7\xde\xc0\xfd\x9c\xfb\xaf\x1f\xe4?\x18}\xb8\xfc\x11\
\xe6Q\xe9c\x95\xc7\x15Ot\x9e\xd4\xfcf\xf1[\x83\
\xccUv\xba7\xa0\xb7\xf3i\xec\xd3\x87}\x9c\xbe\x97\
\xbfK~\xff\xd2_\xfc\x8c\xf2\xac\xe2\xb9\xfe\xf3\xda\x01\
\xc7\x81S\x83A\x837^\xccz\xd1\xffR\xf4rt\
\xa8\xe4\x0f\xd5?\xb6\xbd2\x7f\xf5\xcb\x9f\xbe\x7fv\x0e\
'\x0d\xf7\xbf\x16\xbf\x96\xbfY\xf3V\xeb\xed\xfew\xce\
\xef\xdaG\xa2F\x9e\xbc\xcf}?\xfa\xa1\xf4\xa3\xd6\xc7\
\x03\x9f\x18\x9f:>'~~>\xba\xe0\x0b\xeeK\xe5\
W\x8b\xaf\xad\xdf\xc2\xbe=\x92\xe7\xca\xe5\x22\xb6\x98=\
.\x05P\xc8\x8032\x00x\xb3\x1f\xd1\xc6\xc9\x00P\
\x11]N\x9c5\xa1\xad\xc7\x0d\x9a\xf8\x1e\x18'\xf0\x9f\
xB\x7f\x8f\x9b+\x00\xf54\x00\xa2\x87\x10u\xd3\x03\
\xc0\x91\xbd\x88\x9cE\xe2+#\xdf\x04Q\x14\x00\xe2\xdc\
\x01\xec\xe4\xa4\x18\xff4I\x86\x93\xe3D,2\xa2\xfb\
0O\xe4\xf2\xb7\x88\x06\xc6m\x04\xe0\xebz\xb9|\xb4\
F.\xff\xba\x07)\xf6\x11\x00m\xc2\x09M?fX\
D\xcb\xef\x0a\xff\x9a\x9e\x9b\x0e\xfe\x8dM\xe8\xfd\xefz\
\xfc\xfb\x0c\xc6*p\x06\x7f\x9f\xff\x01^#\x1a\xbd\xff\
\xc6\x8d\xf0\x00\x00\x00\xb8eXIfMM\x00*\x00\
\x00\x00\x08\x00\x06\x01\x12\x00\x03\x00\x00\x00\x01\x00\x01\x00\
\x00\x01\x1a\x00\x05\x00\x00\x00\x01\x00\x00\x00V\x01\x1b\x00\
\x05\x00\x00\x00\x01\x00\x00\x00^\x01(\x00\x03\x00\x00\x00\
\x01\x00\x02\x00\x00\x011\x00\x02\x00\x00\x00\x15\x00\x00\x00\
f\x87i\x00\x04\x00\x00\x00\x01\x00\x00\x00|\x00\x00\x00\
\x00\x00\x00\x00\x90\x00\x00\x00\x01\x00\x00\x00\x90\x00\x00\x00\
\x01Pixelmator Pro \
3.5.8\x00\x00\x00\x03\x92\x86\x00\x07\x00\x00\x00\
\x12\x00\x00\x00\xa6\xa0\x02\x00\x04\x00\x00\x00\x01\x00\x00\x00\
 \xa0\x03\x00\x04\x00\x00\x00\x01\x00\x00\x00 \x00\x00\x00\
\x00ASCII\x00\x00\x00Screens\
hot.T\x97A\x00\x00\x00\x09pHYs\x00\
\x00\x16%\x00\x00\x16%\x01IR$\xf0\x00\x00\x04\x14\
iTXtXML:com.adob\
e.xmp\x00\x00\x00\x00\x00<x:xmp\
meta xmlns:x=\x22ad\
obe:ns:meta/\x22 x:\
xmptk=\x22XMP Core \
6.0.0\x22>\x0a   <rdf:\
RDF xmlns:rdf=\x22h\
ttp://www.w3.org\
/1999/02/22-rdf-\
syntax-ns#\x22>\x0a   \
   <rdf:Descript\
ion rdf:about=\x22\x22\
\x0a            xml\
ns:exif=\x22http://\
ns.adobe.com/exi\
f/1.0/\x22\x0a        \
    xmlns:tiff=\x22\
http://ns.adobe.\
com/tiff/1.0/\x22\x0a \
           xmlns\
:xmp=\x22http://ns.\
adobe.com/xap/1.\
0/\x22>\x0a         <e\
xif:PixelYDimens\
ion>32</exif:Pix\
elYDimension>\x0a  \
       <exif:Pix\
elXDimension>32<\
/exif:PixelXDime\
nsion>\x0a         \
<exif:UserCommen\
t>\x0a            <\
rdf:Alt>\x0a       \
        <rdf:li \
xml:lang=\x22x-defa\
ult\x22>Screenshot<\
/rdf:li>\x0a       \
     </rdf:Alt>\x0a\
         </exif:\
UserComment>\x0a   \
      <tiff:Reso\
lutionUnit>2</ti\
ff:ResolutionUni\
t>\x0a         <tif\
f:XResolution>14\
40000/10000</tif\
f:XResolution>\x0a \
        <tiff:YR\
esolution>144000\
0/10000</tiff:YR\
esolution>\x0a     \
    <tiff:Orient\
ation>1</tiff:Or\
ientation>\x0a     \
    <xmp:Creator\
Tool>Pixelmator \
Pro 3.5.8</xmp:C\
reatorTool>\x0a    \
     <xmp:Metada\
taDate>2024-04-1\
8T10:44:01+02:00\
</xmp:MetadataDa\
te>\x0a      </rdf:\
Description>\x0a   \
</rdf:RDF>\x0a</x:x\
mpmeta>\x0a\xe0|\xe4\xc5\x00\x00\x06\x05\
IDATX\x09\xadW}lSU\x14?\xef\xf5\
\xb5e\xd0vm\xd7\xee\x0b\xc6>\x80\xb9\xc0\x18\x88|\
\x8c!\x04\x22\xf2\x87JD\x01C\x88FMLH&\
F%\x22\x1a@\x17\x05\x82\xb0L\x83\x0e\xc5(`b\
$\xa8\x11\x13\x8c\x18\x05Y\x840\x908\xb71\xc6\x04\
\xb6l\xeb\xc6\xd6\xb5\xa3t\xebX\xdb\xb7\xbe\xe7=\x17\
\xef\xeb{eo\xcc\xb0\xd3\xdc\xbe{\xef9\xf7\xfc\xee\
;\xe7\xdc\xf3\xce\xe5^~\xea\x93\x94\xcac\x1b{\xcb\
\xcad\xde\x7f\xe9\xc0\x9c\xee`\xf3\xc2@_\xf7\xbe\xc1\
p\x08\xc4X\x14\xc6\x82\x8c\x06\x13$\x8d\xb3@\x8a-\
\x13R\x1c\x99scf\xe9FfG\xd0\x07KA\xe2\
^{\xfa@F\xa7\xc1\xd1c\x8d4\xa6]mo\xe8\
\x88\x88\x83\xdcX\x80\xea\xe90\x19\x93\xa2\xf3\xa7\x95\xd8\
\x87,v\x8b!\x10\x14\x85\xdb.\xf0; \xc0\xd7W\
\xd7\xb4\xc4\xa4\x18g\x99`\x879\xb3\x96C\xaa+\x0b\
lV\x17\xf0\x1c\xaf\xa7kT\xf3\x92,A_\xbf\x1f\
z\xfc\x1e\xa8\xa9;\x09\xa1\x81[\xa6\xea\xa6\xaa\xce\x22\
Sz\x9aP4+]0\xfaD[]kU7\x01\
\x17r\xb2\x0aaI\xc9\x1a0\x19\xcd\xa3R>\x1a!\
|\x01\xbb-\x956\xd4\xff\xc7\xb9\xef\xa1\xd5\xd3\xe0h\
\x8c\x05\x06\xe6\x85`\xba\xe0\xeb\xf7\xf8#\xd1A\xc07\
g\xe0-m\xf5\xd0\xd0t\x0e\x82}>\x90ey4\
8\xba2\x1c\xc7A\xb2\xcd\x0d\x85\x05%\x90\x97]D\
1\xfc?u\xa0%\x8c\x9d\x81\xb6&C\xba+\xaf\x8c\
\xf8\x1d\x8a\xe7=A\xcd\x8e\xe0g/\xfc\x08\xe1\xc8\x80\
\xae\xd2\xff\xcb@]\xed\x9dM`\xb58\xc0\xe5\x9c\x08\
&s\x12\xb4y\x1aA\x92c<\x8f\xd1\x8e\x84>G\
\xc27\x1f#\xba\xcbtL7\xc3Bl\x81\x1d5\x0c\
8$4\xbb\x968\x09@\xe6\x96>R\xcc-\x5c<\
\x07\xa6\xe5\xe7@v\xeeD\xf0\xb4uAC\xfd?\xa4\
]\x85\xaa\x93\xe7!\x1c\x8eh\x96\xb9\xdcN\xae\xa2r\
\xab\x1c\x8d\x8a\xdc\xa6\xd2\x1d\xd0\xd7\x17Rt3,\xc4\
\x16\xd8*\x16\xedZ\x9fs\x92\xc3i\xe56o\xdd\xc0\
-Y6\x9f\x89\xd2\xe7\xd4\xfcl\xc0\xb6j\xcd\x0ax\
f\xfd\xe3\xf0\xd6\xeb{\xa0\xc7\xebWdJ\x16?\x04\
yS'\xd3#]\xbc\xe8A\xf8\xf5\xc4\x19%\x9e\x18\
\x16\x0a\x8fx\xc6,\xd6\xf1\xfc\xa1#\xe5\x0a\xb8(\x0e\
Am\xcd\x15\xf8\xe1\xe8/P\xffw\x13\xc4b1\x0a\
\x98_\x90\x0b_|\xbd\x1b\xf2\xa6LV6\xe0p\xda\
\x94\xbe\xcb\xed\xd0\x9aG\xe1@\xdc\x028'Iw\x14\
2\xfe\x86\x8d\xeb\x81,\xa6\xc3^\x7f\x00\xde\xde\xb4\x17\
\x1a\x1b\xae16\xa4\xb8\x1c\xf0\xd9\xe1\x9d\x90\x91\xe9\x06\
gJ2\xac{n%\xec*\xabT\xf8\xac#I\xb2\
\x91\xf5\x13\x9f\x1a\x0b\xe0i`\xf4@A\x1e<\xb9\xfa\
Q6\x84\xf7\xb6~\xac\x01G\x06nj\xcb\xab\xbba\
\xf0v\x98\xca-[^\x0c\x82\xa0xUYK\x8e\xa2\
nv\xd5l@\x92H\xbc\xfdG\x0b\x16\xcd\x96y\xfe\
\xce\xba\xcb\x97\xae\xc1_\x17/1\x96\xe6\xd9\xd2\xdc\x0e\
\x15\x1f|I\xddQ_\xd7\x04CCC\x1a>\x0eH\
\x5c\xe9n@\xb3]\xa3\x10\xcf\x80$\xd2\x95E\xb55\
\x8dw)UO\x9c8^\x05U\xa7\xce+\x96P\xf3\
\xee\xd5\xd7X\xc0(\x98\x14\xf9\x9c\xdcIJ\xdf\xdb\x15\
\x8fne2\xa1\xc3\xdc\x900M\x87\xc4\x03w\xe5\x04\
&\xa7\xd9\x80\xdaUV\xdb\x04&\x03\x91\x843\xae0\
F\xd9\x19\xc9\x05\x9a\x0d\xa8\xf5\xf5\xfao)\xc3l\x95\
5\x94\xc9\x84\xce\xcc\xd9\x05\x90l\x8f\x1f=5{\xd4\
\x16P/\xc2L\xc7(wJ\xdc\x1dlN\xfd\x5c\xf7\
\xecJ\xf8\xf4\xe0\xfb\xf0\xd5\xd1r0\x18\x0cj\x16\xed\
\xcb\xa0\xeb\x01\xfdD\x84A\xc5h\xc6\xcc|z\xe6\xd9\
X\xfdLMs\xc1\xf3/\xad\xa6S\x98|L\xa6a\
\x8f\xbc\xee\x0e\xf4\x5c _<_'wu\xf6P\xc5\
\xb6d\x0b\xec,\x7f\x03\x8cF\xcd\xa1\xa1\xc5\xca;;\
^\x01\x16/\x8d\x0d\xd7ap\xf0NNPo\x92\x03\
\xfd<\xa0\xd5\x18_\x15\x13\xc5\x18\xbfg\xe7\xe7\xdc\x87\
\xfb\xb7\xd1\xd9\xc2\xa2|8td/T\x9f\xad\x81+\
\x97\x9ba\xfa\xcci\xb0\x88\xe4\xfb\xac\xec\x0c\xca\xc7\xb4\
\xbc\xaf\xfcp\x5c\x83\xaa7R\x10\x0e\xbb\x01b/\x89\
\x03\xd9@\xac\x00\xbb\xde\xdd\x0fon\xdf@2\x9c\x01\
r\xf2&\xd1\xa6\xd2M\xbb\x91H\x14>\xdas\x90l\
\xec\xba\xc2\x0a\x0f\xc6\xd3\xffpVa\x82\xc3\xba\x003\
\x10i4-\xfe|\xfc4\x94\xbe\xb8\x0dN\xffV\x0d\
\xf81RS\xa8\x7f\x80Z\xe4\x85u\x9b\xe1\xf8\xb1S\
j\x16\x5c\xa8\xae\x051*\x02\xf9\x1c\xc3\x9f\xe4E\xf4\
hX\x0b\x10a\x92\x918R\x12\xc94\x194\x927\
\xdb\xbe\xa5\x02\xccf\x13\xb8S\x9d\xe4\xc3\xe3\x00o\xb7\
\x8f4\xfd\x04\xd5\xda\xd2\x01\xab\x1f+\xc5\x14-\x07\x83\
\xfdJVM\xdc\x88\xb2\x01\xac^\xf1;\x8d\xc9\x08k\
\x02\xf2\x9b@\xfe\xa2\xc4\x14JzDSwx\xbai\
KT4\xdc\xf8\xe6M\x9aK\x14p\x96\xe8\x10\x8b\x11\
\x8f\x97\x06$,\x9d\x91\xb0\x80T\x88\x82s$\xac9\
Q\x99\xbb\x8f\x0e\xd3\xcd\xb0\x10\x9b\xc7\x1b\x0b\x12\xd6\xed\
HX\xbdjI\x1eG\x5c1\xec\xe1\xd6\xca\xdd{\xc4\
t3,\xc4\xe6\x9d\xb6\x0c\x9a$\xf0\xd2\x10\x15#\xb4\
t~x\xc1*\xb0'\xa7Rw\xdc[\xed\xc8\x12h\
v\xd4\x85:\xb1,G\x0c\xc4\x22$9\xad\x19+\x84\
t\xc7\xa4\xb4.\x7f\x8b\x97\xd4\xe9\x1c^\x1a\xf0n\x80\
\x82\xd8\xc6\x9a\x10\x1c1\x08\x16\x98\x8dI\x5c\x9a;\xeb\
\xb2a\xde\xdc\xc5I\xee\xf1\x93+\xbc\x01\xcf\xe6@\xd0\
\x0b\xcd\xad\xb5\xb4n7\x18\x04\x92V\x93\xee\xdb\x0a\x18\
p\xc1~\x1f\xbd\x17\xfc~\xe6\x1b\xe2\xeav\x12\xec\x06\
\xff\x8c\x9c\xb9SD\x9e\x8fr\xa5\xa5\xdfZ,\x1d\xfd\
\x9c\x1f\xfcp\xb5\xfdb/)\xcb\xc6\xc4\xdfz\xd6#\
o~;\xc3^\x98\xf6]UYh\xed\xda2\x13W\
\xba\xb6\xd2\x92\xea\xf3\x85{\xdc\xeeqf\x88\xc4:o\
yC\xbd\xc1\x1b\xf4\xc2\xc2\xee\x0cz\xcaF;\xcf\xae\
\xe7N[f$\xd5\x9a5Q\x14BC\x99\xbe\xf0@\
\xaf\xdb\xe9\xf8\x17\xe7\x84]\xbbH\xbai\x9a\x00\x00\x00\
\x00IEND\xaeB`\x82\
\x00\x00\x14T\
\x89\
PNG\x0d\x0a\x1a\x0a\x00\x00\x00\x0dIHDR\x00\
\x00\x00 \x00\x00\x00 \x08\x06\x00\x00\x00szz\xf4\
\x00\x00\x0a\xd7iCCPICC Prof\
ile\x00\x00H\x89\x95\x97\x07TS\xc9\x1a\xc7\xe7\
\xde\xf4FK@@J\xe8\xbd\xb7\x00RB\x0fEz\
\x15\x95\x90\x04\x12J\x8c\x09AEl\xc8\xe2\x0a\xae\x05\
\x15\x11\xac\xe8\xaa\x88\x82e\xa5\xd9\x10\x0b\x16\x16\xc5\x86\
}\x83,\x0a\xca\xbaX\xb0\xa1\xe6]\xe0\x11\xdc}\xed\
\xbc\xef\x9c\xc9\xfc\xce\x97\x99\xaf\xcc\xbds\xce\xff\x02@\
\x09a\x8bD9\xb0\x0a\x00\xb9\xc2<qL\xb0\x1f=\
)9\x85\x8e{\x060@\x15P\x01\x1d\xd8\xb19\x12\
\x113**\x1c 69\xff\xd5\xde\xdf\x05\xd0\xd8|\
\xcbf,\xd6\xbf\xfe\xff_M\x8d\xcb\x93p\x00\x80R\
\x11N\xe7J8\xb9\x08\xb7!\xe3\x05G$\xce\x03\x00\
u\x08\xf1\x1b-\xc8\x13\x8d\xf1\x0d\x84ib\xa4@\x84\
\x7f\x1f\xe3\xcc\x09\xfe8\xc6\xe9\xe3\x8c&\x8f\xaf\x89\x8b\
\xf1G\x98\x0e\x00\x9e\xccf\x8b3\x01 [#~z\
>'\x13\x89C\x1e\xeb\xc1^\xc8\x15\x08\x11.D\xd8\
\x9b\xc3gs\x11>\x85\xb0un\xee\xbc1\x1e@\xd8\
\x1cY/\x02\x80\x82\x9c\x0e`\xa4\x7f\x173\xf3/\xf1\
\xd3\x15\xf1\xd9\xecL\x05O\xf45n\xf8\x00\x81D\x94\
\xc3^\xf4\x7f\x1e\xcd\xff\xb6\xdc\x1c\xe9d\x0eSd\x90\
\xf9\xe2\x90\x98\xb1|\xc8\xf9\xdd\xcb\x9e\x17\xa6`a\xfa\
\xcc\xc8I\x16p'j\x1ac\xbe4$~\x929\x12\
\xff\x94I\xe6\xb2\x03\xc2\x14{sf\x86Or\x86 \
\x88\xa5\x88\x93\xc7\x8a\x9bd\x9e$0v\x92\xc5\xf3b\
\x14\xb92\xc4\xfe\xccIf\x8b\xc7\xf3\x12\x11\x96I\xb3\
\xe3\x15~>\x8f\xa5\x88_\xc0\x8fK\x9c\xe4|A\xc2\
\xccI\x96d\xc7\x86M\xad\xf1W\xf8\xc5\xd2\x18E\xfd\
<a\xb0\xdfT\xde E\xef\xb9\x92\xef\xfa\x15\xb0\x14\
{\xf3\xf8q!\x8a\xde\xd9S\xf5\xf3\x84\xcc\xa9\x98\x92\
$Em\x5c^@\xe0\xd4\x9ax\xc5zQ\x9e\x9f\x22\
\x97('J\xb1\x9e\x97\x13\xac\xf0K\xf2c\x15{\xf3\
\x90\x97sjo\x94\xe2\x0c\xb3\xd8\xa1Q\x93\x0c\x04 \
\x02\xb0\x01\x87\xae<I\x00\xe4\xf1\x16\xe6\x8d5\xe2?\
O\xb4H,\xc8\xe4\xe7\xd1\x99\xc8m\xe3\xd1YB\x8e\
\xad5\xdd\xd1\xde\xd1\x11\x80\xb1\xbb;\xf1:\xbc\x8d\x1e\
\xbf\x93\x90F\xe7\x94o\xe5o\x00x\x9d\x95\xcb\xe5'\
\xa7|\xa1g\x018\xea\x86<\x96\x96)\x9f9\x03\x00\
U\x12\x00\x97[8Rq\xfe\x84\x0f=\xf6\x83A\x9e\
\x9e2\xa0\x01-\xa0\x07\x8c\x809\xb0\x01\x8e\xc0\x15x\
\x02_\x10\x08BA$\x88\x03\xc9`\x0eR+\x1f\xe4\
\x021X\x00\x0a\xc1\x0aP\x02\xca\xc0z\xb0\x19T\x81\
\x9d`\x0f8\x00\x0e\x83c\xa0\x09\x9c\x02\xe7\xc0%p\
\x0d\xdc\x00w\xc0C \x03\xfd\xe0%\x18\x06\xef\xc1(\
\x04A8\x88\x02Q!-H\x1f2\x81\xac G\x88\
\x01yC\x81P8\x14\x03%CiP&$\x84\xa4\
P!\xb4\x12*\x83\xca\xa1*h7T\x0b\x1d\x85Z\
\xa0s\xd0\x15\xa8\x1b\xba\x0f\xf5B\x83\xd0\x1b\xe83\x8c\
\x82\xc90\x0d\xd6\x85Ma;\x98\x013\xe108\x0e\
\x9e\x0dg\xc2\xf3\xe1\x02\xb8\x18^\x0bW\xc25\xf0!\
\xb8\x11>\x07_\x83\xef\xc02\xf8%<\x82\x02(\x12\
J\x03e\x80\xb2A1P\xfe\xa8HT\x0a*\x03%\
F-E\x95\xa2*P5\xa8zT+\xaa\x03u\x0b\
%C\x0d\xa1>\xa1\xb1h*\x9a\x8e\xb6A{\xa2C\
\xd0\xf1h\x0ez>z)z\x0d\xba\x0a}\x00\xdd\x88\
\xbe\x80\xbe\x85\xeeE\x0f\xa3\xbfa(\x18\x1d\x8c\x15\xc6\
\x03\xc3\xc2$a21\x0b0%\x98\x0a\xcc>\xcc\x09\
\xccE\xcc\x1dL?\xe6=\x16\x8b\xd5\xc0\x9aa\xdd\xb0\
!\xd8dl\x16v1v\x0dv;\xb6\x01\xdb\x86\xed\
\xc6\xf6aGp8\x9c\x16\xce\x0a\xe7\x85\x8b\xc4\xb1q\
y\xb8\x12\xdcV\xdc!\xdcY\xdcM\x5c?\xee#\x9e\
\x84\xd7\xc7;\xe2\x83\xf0)x!\xbe\x08_\x81?\x88\
?\x83\xbf\x89\x7f\x8e\x1f%\xa8\x10L\x08\x1e\x84H\x02\
\x97\xb0\x88\xb0\x8e\xb0\x97\xd0J\xb8N\xe8'\x8c\x12U\
\x89fD/b\x1c1\x8b\xb8\x82XI\xac'^$\
>\x22\xbe%\x91H\x86$wR4I@ZN\xaa\
$\x1d!]&\xf5\x92>\x91\xd5\xc8\x96d\x7fr*\
YJ^K\xdeOn#\xdf'\xbf\xa5P(\xa6\x14\
_J\x0a%\x8f\xb2\x96RK9OyB\xf9\xa8D\
U\xb2Ub)q\x95\x96)U+5*\xddTz\
\xa5LP6Qf*\xcfQ.P\xaeP>\xae|\
]yH\x85\xa0b\xaa\xe2\xaf\xc2VY\xaaR\xad\xd2\
\xa2\xd2\xa32\xa2JUuP\x8dT\xcdU]\xa3z\
P\xf5\x8a\xea\x80\x1aN\xcdT-P\x8d\xabV\xac\xb6\
G\xed\xbcZ\x1f\x15E5\xa2\xfaS9\xd4\x95\xd4\xbd\
\xd4\x8b\xd4~\x1a\x96fFc\xd1\xb2he\xb4\xc3\xb4\
.\xda\xb0\xba\x9a\xba\xb3z\x82\xfaB\xf5j\xf5\xd3\xea\
2\x0d\x94\x86\xa9\x06K#Gc\x9d\xc61\x8d\xbb\x1a\
\x9f\xa7\xe9NcN\xe3M[=\xad~\xda\xcdi\x1f\
4\xa7k\xfaj\xf24K5\x1b4\xefh~\xd6\xa2\
k\x05jekm\xd0j\xd2z\xac\x8d\xd6\xb6\xd4\x8e\
\xd6^\xa0\xbdC\xfb\xa2\xf6\xd0t\xdat\xcf\xe9\x9c\xe9\
\xa5\xd3\x8fM\x7f\xa0\x03\xebX\xea\xc4\xe8,\xd6\xd9\xa3\
\xd3\xa93\xa2\xab\xa7\x1b\xac+\xd2\xdd\xaa{^wH\
OC\xcfW/Ko\x93\xde\x19\xbdA}\xaa\xbe\xb7\
\xbe@\x7f\x93\xfeY\xfd\x17tu:\x93\x9eC\xaf\xa4\
_\xa0\x0f\x1b\xe8\x18\x84\x18H\x0dv\x1bt\x19\x8c\x1a\
\x9a\x19\xc6\x1b\x16\x196\x18>6\x22\x1a1\x8c2\x8c\
6\x19\xb5\x1b\x0d\x1b\xeb\x1bG\x18\x17\x1a\xd7\x19?0\
!\x980L\xf8&[L:L>\x98\x9a\x99&\x9a\
\xae2m2\x1d0\xd34c\x99\x15\x98\xd5\x99=2\
\xa7\x98\xfb\x98\xcf7\xaf1\xbfm\x81\xb5`Xd[\
l\xb7\xb8a\x09[\xbaX\xf2-\xab-\xaf[\xc1V\
\xaeV\x02\xab\xedV\xdd\xd6\x18kwk\xa1u\x8du\
\x8f\x0d\xd9\x86i\x93oSg\xd3k\xaba\x1bn[\
d\xdbd\xfb\xca\xce\xd8.\xc5n\x83]\x87\xdd7{\
\x17\xfb\x1c\xfb\xbd\xf6\x0f\x1d\xd4\x1cB\x1d\x8a\x1cZ\x1d\
\xde8Z:r\x1c\xab\x1do;Q\x9c\x82\x9c\x969\
5;\xbdv\xb6r\xe69\xefp\xbe\xe7Bu\x89p\
Y\xe5\xd2\xee\xf2\xd5\xd5\xcdU\xecZ\xef:\xe8f\xec\
\x96\xe6\xb6\xcd\xad\x87AcD1\xd60.\xbbc\xdc\
\xfd\xdc\x97\xb9\x9fr\xff\xe4\xe1\xea\x91\xe7q\xcc\xe3O\
O\x1b\xcfl\xcf\x83\x9e\x033\xccf\xf0f\xec\x9d\xd1\
\xe7e\xe8\xc5\xf6\xda\xed%\xf3\xa6{\xa7y\xef\xf2\x96\
\xf9\x18\xf8\xb0}j|\x9e\xfa\x1a\xf9r}\xf7\xf9>\
gZ0\xb3\x98\x87\x98\xaf\xfc\xec\xfd\xc4~'\xfc>\
\xf8{\xf8/\xf1o\x0b@\x05\x04\x07\x94\x06t\x05\xaa\
\x05\xc6\x07V\x05>\x092\x0c\xca\x0c\xaa\x0b\x1a\x0ev\
\x09^\x1c\xdc\x16\x82\x09\x09\x0b\xd9\x10\xd2\xc3\xd2eq\
X\xb5\xac\xe1P\xb7\xd0%\xa1\x17\xc2\xc8a\xb1aU\
aO\xc3-\xc3\xc5\xe1\xad\x11pDh\xc4\xc6\x88G\
3Mf\x0ag6E\x82HV\xe4\xc6\xc8\xc7Qf\
Q\xf3\xa3NFc\xa3\xa3\xa2\xab\xa3\x9f\xc58\xc4\x14\
\xc6t\xc4Rc\xe7\xc6\x1e\x8c}\x1f\xe7\x17\xb7.\xee\
a\xbcy\xbc4\xbe=A9!5\xa16\xe1Cb\
@by\xa2,\xc9.iI\xd2\xb5d\xeddAr\
s\x0a.%!e_\xca\xc8\xac\xc0Y\x9bg\xf5\xa7\
\xba\xa4\x96\xa4\xde\x9dm6{\xe1\xec+s\xb4\xe7\xe4\
\xcc9=Wy.{\xee\xf14LZb\xda\xc1\xb4\
/\xecHv\x0d{$\x9d\x95\xbe-}\x98\xe3\xcf\xd9\
\xc2y\xc9\xf5\xe5n\xe2\x0e\xf2\xbcx\xe5\xbc\xe7\x19^\
\x19\xe5\x19\x03\x99^\x99\x1b3\x07\xf9>\xfc\x0a\xfe\x90\
\xc0_P%x\x9d\x15\x92\xb53\xebCvd\xf6\xfe\
lyNbNC.>7-\xb7E\xa8&\xcc\x16\
^\x98\xa77o\xe1\xbcn\x91\x95\xa8D$\x9b\xef1\
\x7f\xf3\xfcaq\x98x\x9f\x04\x92\xcc\x964\xe7\xd1\x10\
\x91\xd4)5\x97\xfe \xed\xcd\xf7\xce\xaf\xce\xff\xb8 \
a\xc1\xf1\x85\xaa\x0b\x85\x0b;\x17Y.Z\xbd\xe8y\
AP\xc1\xcf\x8b\xd1\x8b9\x8b\xdb\x0b\x0d\x0aW\x14\xf6\
.a.\xd9\xbd\x14Z\x9a\xbe\xb4}\x99\xd1\xb2\xe2e\
\xfd\xcb\x83\x97\x1fXA\x5c\x91\xbd\xe2\xd7\x22\xfb\xa2\xf2\
\xa2w+\x13W\xb6\x16\xeb\x16//\xee\xfb!\xf8\x87\
\xba\x12\xa5\x12qI\xcf*\xcfU;\x7fD\xff(\xf8\
\xb1k\xb5\xd3\xea\xad\xab\xbf\x95rK\xaf\x96\xd9\x97U\
\x94}Y\xc3Ys\xf5'\x87\x9f*\x7f\x92\xaf\xcdX\
\xdb\xb5\xceu\xdd\x8e\xf5\xd8\xf5\xc2\xf5w7\xf8l8\
P\xaeZ^P\xde\xb71bc\xe3&\xfa\xa6\xd2M\
\xef6\xcf\xdd|\xa5\xc2\xb9b\xe7\x16\xe2\x16\xe9\x16Y\
exe\xf3V\xe3\xad\xeb\xb7~\xa9\xe2W\xdd\xa9\xf6\
\xabn\xd8\xa6\xb3m\xf5\xb6\x0f\xdb\xb9\xdbo\xee\xf0\xdd\
Q\xbfSwg\xd9\xce\xcf\xbb\x04\xbb\xee\xed\x0e\xde\xdd\
XcZS\xb1\x07\xbb'\x7f\xcf\xb3\xbd\x09{;~\
f\xfc\x5c\xbbO{_\xd9\xbe\xaf\xfb\x85\xfbe\x07b\
\x0e\x5c\xa8u\xab\xad=\xa8sp]\x1d\x5c'\xad\x1b\
<\x94z\xe8\xc6\xe1\x80\xc3\xcd\xf56\xf5\xbb\x1b4\x1a\
\xca\x8e\x80#\xd2#/\x8e\xa6\x1d\xbd{,\xecX\xfb\
q\xc6\xf1\xfa_L~\xd9v\x82z\xa2\xb4\x11j\x5c\
\xd48\xdc\xc4o\x925'7w\xb7\x84\xb6\xb4\xb7z\
\xb6\x9e8i{r\xff)\x83S\xd5\xa7\xd5O\xaf;\
C<S|F~\xb6\xe0\xecH\x9b\xa8m\xe8\x5c\xe6\
\xb9\xbe\xf6\xb9\xed\x0f\xcf'\x9d\xbf}!\xfaB\xd7\xc5\
\xb0\x8b\x97/\x05]:\xdf\xc1\xec8{\xd9\xeb\xf2\xa9\
+\x1eWZ\xae2\xae6]s\xbd\xd6\xd8\xe9\xd2y\
\xe2W\x97_Ot\xb9v5^w\xbb\xde|\xc3\xfd\
Fk\xf7\x8c\xee37}n\x9e\xbb\x15p\xeb\xd2m\
\xd6\xedkwf\xde\xe9\xbe\x1b\x7f\xf7^Oj\x8f\xec\
\x1e\xf7\xde\xc0\xfd\x9c\xfb\xaf\x1f\xe4?\x18}\xb8\xfc\x11\
\xe6Q\xe9c\x95\xc7\x15Ot\x9e\xd4\xfcf\xf1[\x83\
\xccUv\xba7\xa0\xb7\xf3i\xec\xd3\x87}\x9c\xbe\x97\
\xbfK~\xff\xd2_\xfc\x8c\xf2\xac\xe2\xb9\xfe\xf3\xda\x01\
\xc7\x81S\x83A\x837^\xccz\xd1\xffR\xf4rt\
\xa8\xe4\x0f\xd5?\xb6\xbd2\x7f\xf5\xcb\x9f\xbe\x7fv\x0e\
'\x0d\xf7\xbf\x16\xbf\x96\xbfY\xf3V\xeb\xed\xfew\xce\
\xef\xdaG\xa2F\x9e\xbc\xcf}?\xfa\xa1\xf4\xa3\xd6\xc7\
\x03\x9f\x18\x9f:>'~~>\xba\xe0\x0b\xeeK\xe5\
W\x8b\xaf\xad\xdf\xc2\xbe=\x92\xe7\xca\xe5\x22\xb6\x98=\
.\x05P\xc8\x8032\x00x\xb3\x1f\xd1\xc6\xc9\x00P\
\x11]N\x9c5\xa1\xad\xc7\x0d\x9a\xf8\x1e\x18'\xf0\x9f\
xB\x7f\x8f\x9b+\x00\xf54\x00\xa2\x87\x10u\xd3\x03\
\xc0\x91\xbd\x88\x9cE\xe2+#\xdf\x04Q\x14\x00\xe2\xdc\
\x01\xec\xe4\xa4\x18\xff4I\x86\x93\xe3D,2\xa2\xfb\
0O\xe4\xf2\xb7\x88\x06\xc6m\x04\xe0\xebz\xb9|\xb4\
F.\xff\xba\x07)\xf6\x11\x00m\xc2\x09M?fX\
D\xcb\xef\x0a\xff\x9a\x9e\x9b\x0e\xfe\x8dM\xe8\xfd\xefz\
\xfc\xfb\x0c\xc6*p\x06\x7f\x9f\xff\x01^#\x1a\xbd\xff\
\xc6\x8d\xf0\x00\x00\x00\xb8eXIfMM\x00*\x00\
\x00\x00\x08\x00\x06\x01\x12\x00\x03\x00\x00\x00\x01\x00\x01\x00\
\x00\x01\x1a\x00\x05\x00\x00\x00\x01\x00\x00\x00V\x01\x1b\x00\
\x05\x00\x00\x00\x01\x00\x00\x00^\x01(\x00\x03\x00\x00\x00\
\x01\x00\x02\x00\x00\x011\x00\x02\x00\x00\x00\x15\x00\x00\x00\
f\x87i\x00\x04\x00\x00\x00\x01\x00\x00\x00|\x00\x00\x00\
\x00\x00\x00\x00\x90\x00\x00\x00\x01\x00\x00\x00\x90\x00\x00\x00\
\x01Pixelmator Pro \
2.4.3\x00\x00\x00\x03\x92\x86\x00\x07\x00\x00\x00\
\x12\x00\x00\x00\xa6\xa0\x02\x00\x04\x00\x00\x00\x01\x00\x00\x00\
 \xa0\x03\x00\x04\x00\x00\x00\x01\x00\x00\x00 \x00\x00\x00\
\x00ASCII\x00\x00\x00Screens\
hot:\x22\xc2\xb8\x00\x00\x00\x09pHYs\x00\
\x00\x16%\x00\x00\x16%\x01IR$\xf0\x00\x00\x04\x14\
iTXtXML:com.adob\
e.xmp\x00\x00\x00\x00\x00<x:xmp\
meta xmlns:x=\x22ad\
obe:ns:meta/\x22 x:\
xmptk=\x22XMP Core \
6.0.0\x22>\x0a   <rdf:\
RDF xmlns:rdf=\x22h\
ttp://www.w3.org\
/1999/02/22-rdf-\
syntax-ns#\x22>\x0a   \
   <rdf:Descript\
ion rdf:about=\x22\x22\
\x0a            xml\
ns:tiff=\x22http://\
ns.adobe.com/tif\
f/1.0/\x22\x0a        \
    xmlns:exif=\x22\
http://ns.adobe.\
com/exif/1.0/\x22\x0a \
           xmlns\
:xmp=\x22http://ns.\
adobe.com/xap/1.\
0/\x22>\x0a         <t\
iff:YResolution>\
1440000/10000</t\
iff:YResolution>\
\x0a         <tiff:\
ResolutionUnit>2\
</tiff:Resolutio\
nUnit>\x0a         \
<tiff:XResolutio\
n>1440000/10000<\
/tiff:XResolutio\
n>\x0a         <tif\
f:Orientation>1<\
/tiff:Orientatio\
n>\x0a         <exi\
f:PixelXDimensio\
n>32</exif:Pixel\
XDimension>\x0a    \
     <exif:UserC\
omment>\x0a        \
    <rdf:Alt>\x0a  \
             <rd\
f:li xml:lang=\x22x\
-default\x22>Screen\
shot</rdf:li>\x0a  \
          </rdf:\
Alt>\x0a         </\
exif:UserComment\
>\x0a         <exif\
:PixelYDimension\
>32</exif:PixelY\
Dimension>\x0a     \
    <xmp:Creator\
Tool>Pixelmator \
Pro 2.4.3</xmp:C\
reatorTool>\x0a    \
     <xmp:Metada\
taDate>2022-06-1\
9T19:41:58+02:00\
</xmp:MetadataDa\
te>\x0a      </rdf:\
Description>\x0a   \
</rdf:RDF>\x0a</x:x\
mpmeta>\x0a%\xe7>h\x00\x00\x04?\
IDATX\x09\xbdW]l\x13G\x10\x9e\xdb\xbb\
\xb3\x1d'\xc1q\xec$\xd8\xb8\x22X)\x90\x00\x95\x22\
7iUEJTxh\xda\x82x\x89\xa8\xe0\xa1\xef\
\x08^h\x8b\x84\x90\x10\x12\xa2\x95\x90(U\xda>\x14\
\xe8SE\xa3\xaa\xcdS\xd5\xba\x02\xa3Zj\xaaB\x05\
\xe1\xaf\x10 (?\x80\xe3\xb8\x8e\x09\x91c\x9f\x7f\xee\
\x87\x9d\x83[l\x94\x12\x9f\x9dt\xa4\x93fo\xf7\xe6\
\xfbfv\xf6v\x86\x83\x02\xf1\xfb\xfd\x8e|^\xac\x96\
\x95TD\x91\x15P5\x154M+Xa^\xe58\
\x0e\x08G\x80\x17xMU\xeakc\xb1\xebijE\
\xeb\xed\xed\xb5\x06\x83\xc1<\x87&\xbb\xba\xdesNO\
\xdf\x11\xe6\xe7\xa5;y9_C_\x89\xf8~\xa9\x85\
\x92\xc9\x0a\xbc \xdbl\xa2{bb\x22\xd3\xd7\xd7\xc7\
\xeb\x04\xd6Qy4;wKUUR\xd5d\x85\x96\
\xbeW\xa0\xd6W\x0dv\x97\x0d8\xa2/)\x9b\x8b\xa6\
j\x90Nd \xf90\x05\xf7~|\x00R,\x0b<\
\xcfg\x1b\xdc\xde\xb57o^\xbe\xcf\x05\x02\x01{$\
\x12M\xe4e\xd9\xe6\xe9rA\xeb.?\xf0\x16\xbel\
\xc0\x97}\xa8\xe4\x14\x1893\x06\xd1\xa1\x04X-\xd6\
\xc8\xd4\xd4\x03\x9f\x90L&\x9d\x14\xdc\x82\x9e\x1b\xe03\
w\x13\x10\xb9\x12\x03i6\x03\xe8A%\x82\x11\xacr\
\xda`U{\x13\xb8\xd7>u\xf0\xf1\xe8<F\xc2\xdb\
\xd0\xb0\xa1\x86\xe4r\xb9\x04\x05P0\xec\xe89\x82\x8f\
\x86&h\xd8\xa4\x8a\xc1\x91\xf8\xd3-\x90t\x9bh\x1b\
1\x10\x8b\x0a'\x88s\x8fI:\x9d\x95\xe8@\xc4=\
GA\xcf\x97K\x0c\xdb\x06\x16=i<\xc1\xa3\x86\x82\
\x09\x87\x82a_.1l\x1bX\x88-\x18\xe7\xdc\xc8\
v\xb3{\x8e\xe7|\xf3\x1b[`g\xef.h^\xe5\
\x87\x95\xee\x95\xa0\xaa4\xd9\xc6G\xe0\xeb\x81~\x08_\
\x0a3\x7f\x0c\xdb\x0c\x8b\xfec\x046[\x86B\xcf4\
\x9c<t\x1a\xde\xa6\x04^\x94\x8e\x0d\x9dpl\xdfq\
\xe8\xdc\x19xq\xaah\x5c\x11\x81\x8f?\xdc_\x04\x9e\
\x92R\xf0\xfb\xdf\xe7!>\x1b\x07\x8e\xfe\xfd\xfe\xbc\xf2\
G\x11\xd8B\x83\xb2\x09\xa0\xf7;\xde\xf9\x80\xd9|4\
\x97\x80\xad{\xdf\x85\xc8\xbf\x11\xf6\xae\x14\x85\x94\xb2h\
\xa15\x1d\x1b;\xc1\xb9\xa2\x9eM\x0d\x86~2\x0d\x8e\
\x1f\x97M`c\xcb&\x06\x8e\xca\xf0\xc8\xe5\xa2q\xa9\
\x83\x92\xb7\xc0Q\xe3\x80\xba\xda:f7\xd0Z\x9c\x5c\
\xf3\xe9$\xac\xf6\xac\xd6\xe7eE.9\x1a%\x11h\
\xf3\xb7\xc1\xcf_\x05\x81'\xff}G|\xf7\xe9\x00#\
\x87\xca\xa9\xc1o\xe0\xe8\xa9#E\xef\x16\x1a\x94D`\
2:\x09\xa7\x07O\x82\xbb\xce\xad\xdb\x10E\x11\xb6\xf5\
lg\xf6b\x89i\x18\x1a~\x9e\xf1\xf4J\x87_\x87\
~a\xf3/SJ\x22\x80\xc7\xeb\xb3o\x8f2;\x18\
\x91B\x02\xa1\x0b\xe7\xe0\xe0\x97\x07\xd8\xbc\x19\xa5\xac$\
l\xa5\x04\x0a\xe5\xf6\xf8\xad\xc2\xa1)\xbd,\x02\xaf\xb7\
u\x14\x81\xdc\x18\xfd\xa7hlf`\x9a\x00f\xfa\xfb\
\xdd[\x19Ft&\x0a\xd7\xee^ec\xb3\xca\xa29\
\xd0\x1d\xe8\x867_{\x0blV\x1b48\x1b\xe9\xaf\
w3\xd8mv\x86\xf3\xc3o\x03\x15\x15\xae\x8b\x128\
\xb1\xbf\x1f\xea\x1d.\x06X\xa8\x84\xfe:\x0b\xfd\xdf\x7f\
Q\xf8\xca\xb4\xbe(\x81O>\xff\x08v\xef\xd8\x03\xeb\
\xd7\xac\xa7\xc5\xa4\x00\xd34\xe4\xe3\x0f\xc7a x\x06\
\xce]8[\x91\xf7\xc8V\xc0\xfb\x1ck\x02\xbc\xab\xf1\
\x9e\xc6\xc7\xb8\xb7q\xc1\xf9\x8b!\xfdA\xbdRau\
\xc0\xb3:S\xef\x19\xb0i@\xc1\xd2\x19\x05\x0b\xc8\xe5\
\x12\xc3\xb6\x81\x85\xd8\x84v,2\x02b\xdd\x8e\x82\xd5\
\xebr\x89a\xdb\xc0\xa2\xd8*\xf1z\x9a0\xa5Ul\
\x1a\xb0n\xc7\xd2\xf9\xd5-\xcd\xb4F\xac\xaa\xb8)A\
G0\xech\x0bm\xa2m\xc4@,\xba\xf3c\xd5\xf4\
8\x09\x16\x8bE\xa0\xc5\x85\x86\x1d\x0b6\x0d\xd8\x1b\xe0\
B|\x96Z\x8c\xc6D\xef\x8e\x88 \xfb|>\x85\xf5\
]\x8dM\x9e\x8c\xa2(\xd6\xff\xa35#\x84d\x1d+\
\x1a[h\x87\xa6\x22\x01\xae\xa7\xa7\xc7\x1a\x0e\x873^\
\xafo*\x9b\xcb\xe1\x95'.\xb5\xf7\xcf\xec\xa9\xa2`\
I\xba\x5c\x8eFB\xec>I\x9a\x9da\x11\x80\xc3\x87\
\x09}\xb0I\xe0<^\x9fD\x9b\x06\xeb\x12\xb7\xe7@\
\xf7\xdc\xd1\xde\xde\x9e\x8a\xc7\xe3\x1cuXO\xfe'\xce\
:\xb3\xcd\xe6F\x924\x00\x00\x00\x00IEND\xae\
B`\x82\
\x00\x00\x08\xad\
\x89\
PNG\x0d\x0a\x1a\x0a\x00\x00\x00\x0dIHDR\x00\
\x00\x00!\x00\x00\x00!\x08\x06\x00\x00\x00W\xe4\xc2o\
\x00\x00\x00\x01sRGB\x00\xae\xce\x1c\xe9\x00\x00\x00\
\xc6eXIfMM\x00*\x00\x00\x00\x08\x00\x06\x01\
\x12\x00\x03\x00\x00\x00\x01\x00\x01\x00\x00\x01\x1a\x00\x05\x00\
\x00\x00\x01\x00\x00\x00V\x01\x1b\x00\x05\x00\x00\x00\x01\x00\
\x00\x00^\x01(\x00\x03\x00\x00\x00\x01\x00\x02\x00\x00\x01\
1\x00\x02\x00\x00\x00\x15\x00\x00\x00f\x87i\x00\x04\x00\
\x00\x00\x01\x00\x00\x00|\x00\x00\x00\x00\x00\x00\x00H\x00\
\x00\x00\x01\x00\x00\x00H\x00\x00\x00\x01Pixel\
mator Pro 3.6.6\x00\
\x00\x00\x04\x90\x04\x00\x02\x00\x00\x00\x14\x00\x00\x00\xb2\xa0\
\x01\x00\x03\x00\x00\x00\x01\x00\x01\x00\x00\xa0\x02\x00\x04\x00\
\x00\x00\x01\x00\x00\x00!\xa0\x03\x00\x04\x00\x00\x00\x01\x00\
\x00\x00!\x00\x00\x00\x002024:08:1\
6 09:55:55\x00SD\xb5\xfe\x00\
\x00\x00\x09pHYs\x00\x00\x0b\x13\x00\x00\x0b\x13\x01\
\x00\x9a\x9c\x18\x00\x00\x03\xb0iTXtXML:\
com.adobe.xmp\x00\x00\x00\
\x00\x00<x:xmpmeta xml\
ns:x=\x22adobe:ns:m\
eta/\x22 x:xmptk=\x22X\
MP Core 6.0.0\x22>\x0a\
   <rdf:RDF xmln\
s:rdf=\x22http://ww\
w.w3.org/1999/02\
/22-rdf-syntax-n\
s#\x22>\x0a      <rdf:\
Description rdf:\
about=\x22\x22\x0a       \
     xmlns:tiff=\
\x22http://ns.adobe\
.com/tiff/1.0/\x22\x0a\
            xmln\
s:exif=\x22http://n\
s.adobe.com/exif\
/1.0/\x22\x0a         \
   xmlns:xmp=\x22ht\
tp://ns.adobe.co\
m/xap/1.0/\x22>\x0a   \
      <tiff:YRes\
olution>720000/1\
0000</tiff:YReso\
lution>\x0a        \
 <tiff:XResoluti\
on>720000/10000<\
/tiff:XResolutio\
n>\x0a         <tif\
f:ResolutionUnit\
>2</tiff:Resolut\
ionUnit>\x0a       \
  <tiff:Orientat\
ion>1</tiff:Orie\
ntation>\x0a       \
  <exif:PixelYDi\
mension>33</exif\
:PixelYDimension\
>\x0a         <exif\
:PixelXDimension\
>33</exif:PixelX\
Dimension>\x0a     \
    <xmp:Metadat\
aDate>2024-08-16\
T09:56:34+02:00<\
/xmp:MetadataDat\
e>\x0a         <xmp\
:CreateDate>2024\
-08-16T09:55:55+\
02:00</xmp:Creat\
eDate>\x0a         \
<xmp:CreatorTool\
>Pixelmator Pro \
3.6.6</xmp:Creat\
orTool>\x0a      </\
rdf:Description>\
\x0a   </rdf:RDF>\x0a<\
/x:xmpmeta>\x0a&\xfe\xfc\xe0\
\x00\x00\x03\xc4IDATX\x09\xb5\x97kh\x8ea\
\x18\xc7\xf7\x9a\xf3\x909\xe4\xac&fE\x84\xd2\xc2\xb4\
\x1c\xb6\x90\xc4\x07\x93$\x1a\x22_\xa4\xf8\xa2\xc4\x07\xbe\
\x88|\xd3\xb2/\x135\x14%\xe5P3\xa7\x9a\xd3\x1a\
)\x14\x163\xcdY\xb4\xcc\xd8\xf6\xfa\xfd\x9f=\xf7\xb3\
\xfb==\xcf\xfb\xbe\x9b\x7f\xfd\xdf\xfb\xba\xaf\xfb\xba\xae\
\xfbz\xee\xf3\x1b\xcap\x11\x0e\x87g\x22\x16\xc21\xb0\
\x1fL\x17\xed8~\x83\xb5\xb0*\x14\x0a\xb5\x05\x05\x0a\
\xd1y\x08\xa3\xc3pM\x90q\x1a\xed/\xf1)%\x91\
\x8f~\xbe\xbdh\x5c\x07\xffG\x02\xeaw\x0a<$\xc1\
\x0f\xbdi\x5cm\x19\xdc@.\x87\xdf-]\xaab\x7f\
\x1c\x16\xc2]P\xa3\x5c\xc0h\x8f`4\xbe \xc7\x85\
\x92P\xb6\xc2/\xb8\x1b\xe3\x16\xa7\xd6\xbd\x9fgt<\
\x8d\x10En\x98\xc9\x94\x09\x93\xd0t\x0ct\x0d\xdf\xf7\
P\x02n\xb8\x8cWF\xa0\xcc\xb2\xe4\x18QI\x18h\
U\xf7$:\xac`\x9a\x96\x84\xd0t$\x05\x86w(\
\x86\xb9p\x10\xb4\x93O\xe4?\x84\x86\x17n\xe3$\xfc\
\x97 \x87\xa1\xa6\xbd\xde\xde1\x81I\xe0\x9c\x8d\xd3A\
\xb8\x14&\xd39f1\xc8\x8b\xd6\x10\xf7\x01\xba}$\
\xd3\xe0\x1b\x14C\x0d\xe3\x09X\x0c}miO\x15s\
q\xa8\xa0\x8f\xac\xa0\x91\xc8\xc7p\x96\x15\xbd\x1a\xf99\
\xb4\xe7\xdbj\x0e\x14\xf5Q\x13\xe1r\x98\x09\xc7\xc2U\
AI\xd8\x09T0t:Y\xbb\x0d\xbe\xfe\x11A4\
\xc5\xc2\xec\xa0$\xb4\x1e\x0cnK \x80\x16\xe8\x0e8\
\x12\x9e%\xb1\xfb\x94\x09\x81\xbd\xce\xa1R\xa8;\xa4\x0c\
\xfbw\x94N,J!;(\x09\x0d\x99\x819\xc4\x8e\
\xa2X\xe0*\x8b\xe8d\x05\x81\xdf\x1a#\xbb\xa4Mg\
\xd0)8\xcc\xd5\xe7\xa3\xd3\x01fbI\x9d\x99\xceb\
\x9b\xe3\x06T\xd1\x07\xce\xb0\xea\xd1b\x0e\x0a\x93\x80\xda\
&\xc0Q\x12l\xa4\x93D\x8d\x15\xa0\x15\xb9\xce\xaaG\
\x8b\xf5(>Y\xca7\xc817j\xd0tX\xfe\x9e\
\xb8\x07i\x0b\x1c\x0d\xcf1\x15\x8d^K\x94@[\x0b\
\xc3\xbf\x01\xf5f\xa8\x1dU\x8e\xae\x03]\x84e\xcaI\
\x10\xa4\x99\x08\xc7#\xa2\xf8T\xb0\xd7z9\xe0c\xd2\
s\x07\x10_\x97\x07O\xc2\xd3p\xbe_\xa7\xd1m)\
\x8fDt\x00\xd5\xe9Tk\xab\x0cj\x8a\x84\xe9\xe8\x16\
3\x0a_;\xab\xfe\xbf\xf6\xc2\xb4\xb7\xa3\xbfWl\xeb\
`T&\x01\xb5\x0e\x80:\x19\x93\x82\x92\xd0\xad&\x8c\
#{9\xa7\x0c\xbe\xf8\x07N\xba\x90\x0c\x1a\x10t\xbc\
'\x05M\x87\x1e\xa3zi\xeb`9F\x22\xe5\x94\xe6\
y\x97\xca\xab{\x1b~k\xdd8\xda5\xbf\x91\x93\x82\
\x92\xb8\x08\x95\x84\xb0\xc8\xa5S\xe1\xe7\xa9\x11\x82J:\
\xd5)X\x11d\x17\xaf]\xd3Q\x09/\xc4k\x8c\xa7\
c\xa4ra%\xac\x86\xba\x13|\x81M1\xbc\x06/\
Cs\xdcG\xf8\x84L\x0d\x03\x8dF!\xb4\xff\xfch\
\xc1\x15@a=_[\x8b\x9d\x12\xd6#\xd6\xa0\x04\xfd\
cS\xb1Klu\xd9\xdd\x81}]\xbd\xce\x98yP\
S\x7f\xcf\xd5\xd5x[\x94@OP\x8a\x1e\x08\xb2\xdf\
\xabt\x09\xe3\xbbDG\xd2\x9b n\x12\xe8u\xd3\x9a\
\x04d\xac\xa7\xa1\x9e}m\xaa\x18h:R\xc5y\xcb\
\xe1\x03\xf2]\xab\x1e-\xbeFQg)o\xf1\xb1\x9f\
\xad\xba#z#\x11\xdd\xe0\xd6\xffXz\xe76$\xc8\
\x11F\xe8!z\xdd\x86\xd7\xa9\xff\xb4l\x22D\xdat\
OlB\xb9\x0c\xfe\x85W\xa10\xbc\xb3p~[\x83\
\x92h\xb2\x8c7\x12\xb0\x86\xc0\xcd\xf0\xa6\xa5\xf7\x15\xb1\
\xd5V\xd5\x0et@\x0c\xf5\xb9\xd5\xad\xaah\xf2\x16\xa6\
\xa5\xf4D\x1cr\xa8\x5c\x81\xc6N\xdb\xb0\x11\xa6\xfb\x1f\
Eq\xb4\xf0\xb5.\x0c\xb6\x9b\xe0F\x11S\x92\xc8^\
\x94\x81[1\xc619E\x15f;\x03\x93P,\x12\
YIQ\x02\xa7Bm\xdb\xa4\xfc\xb0\x8b\x07]\x13Z\
\xb0\x97\xe0\x19\xa6\xab\xfd\x1f{\x09\x0f\xad*'sy\
\x00\x00\x00\x00IEND\xaeB`\x82\
\x00\x00\x07F\
\x89\
PNG\x0d\x0a\x1a\x0a\x00\x00\x00\x0dIHDR\x00\
\x00\x00,\x00\x00\x00,\x08\x06\x00\x00\x00\x1e\x84Z\x01\
\x00\x00\x00\x01sRGB\x00\xae\xce\x1c\xe9\x00\x00\x00\
8eXIfMM\x00*\x00\x00\x00\x08\x00\x01\x87\
i\x00\x04\x00\x00\x00\x01\x00\x00\x00\x1a\x00\x00\x00\x00\x00\
\x02\xa0\x02\x00\x04\x00\x00\x00\x01\x00\x00\x00,\xa0\x03\x00\
\x04\x00\x00\x00\x01\x00\x00\x00,\x00\x00\x00\x00\xdf\xa6\xc5\
\x99\x00\x00\x06\xbcIDATX\x09\xed\x98Yl\x15\
e\x18\x86)\xca\xbe\x8b \x8b\xad\x05Z\x11\x0a\xb2\x09\
qaQ\x82\x8a\x12\x22.\x81\xa8\x09\x17^\x18.\xbd\
4\xc6\x84\x0bM$\xd1\x18\x13$.\xd1\xa0\x98\x18H\
 \x90\x10\xa2\x01d\x13D@\x10YU\x96`)K\
\x91\xb2H\x05)-\xf5y\x0eg\x0es\xe89gf\
\x80\xcb\xbe\xc9sf\xe6\x9f\x7fy\xe7\xfb\xb7\x99\xd3\xa2\
E\xb3\x9a#\x90\x15\x81\xa2\xac\xab[\xbchll\xbc\
\x83*Z\x81\xc7\x06\xa8+**\xba\xca\xf1\xb6\xe9\xa6\
\x0d\xa7\xcd\xdd\x8d\x93\xfeP\x0c\xbd\xa0\x0b\xb4\x87;\xa1\
\x1e.\xc1y8\x05\x95p\xd8s\x1e\xc2\x87\xb9)%\
6\x8c\xd1\x8e\xb44\x10F\xc3\x10(\x87\xc0p'\xce\
5\x1bH\xd3\xb5P\x0dG\xe1\x00\xec\x81_`?\xc6\
/pL\xa4\xd8\x861\xda\x96\x9a+`\x22\x8c\x87\x11\
\xd0\x1bZB \xbb_\x93\xe2\xb0h\x0d\xe16\xbco\
\xb4\x7f\x85\x8d\xb0\x1avc\xdc\x9e\x88\xa5pey\x0b\
`VcO\xc24\x18\x0b=@]\x84 r\xc79\
?\x0dF\xd4.\xd7p\x07\xe8\x0e}a\x00\x94\x82C\
F\xd5\xc0fX\x06+1m=\x91*h\x18\xa3F\
\xcf\xee\x9f\x01\xd3\xd3\xe7\xa6\xd9\xd8N\xd8\x0a\xbb\xe0 \
\x1c\x83\x1a\x1a\xae\xe3\x98\x12\xe5\x8d\xf0]\xd0\x07\xca`\
(8\x94F\x81\xe3\xdf\x88[v\x09|\x0b\xfb(o\
Zri\x16\x86\xc1<8\x01\xea\x12\xfc\x0c\xb3a\x1c\
8\xc9b\x8b\xfc\x9d\xe1\x11x\x0b6\xc1EP\xd5\xf0\
\x05\x8c\x86\xf0\x10\x8b]w\x0b\x0aV\xc0\xa7P\x03\xea\
oX\x08S\xa1[\xfc\x9a\x9a\xe6\xa4|\x17\x98\x0c\x0b\
@\xb3\xea,\xcc\x87\xe1P\xb0\xe7\x9b\xd4H\x81\x12\x98\
\x03\xa7@\x19\xe1\x8fa\x0486oY\xd6\x03C\xe0\
C\xa8\x02ep>\x82\xfe\xb1\x1b sG\x98\x05\x07\
A\x19\xd9\xb90(\xaa\x12\xf2\x14A+\xe8\x00m\xbd\
\x8eQ\xa6\x8c|\x1f\xc0IPG\xe0\x0d\xc89\xdc\xc2\
kfP\xb7\xcb\xd5K\xe0S\xba\xdc\xac\x82/\x99\x0c\
\xfb9\xe6\x14\x95;\xb1\x9cP\x83\xc1\x0d\xa4\x1d\xb8R\
\x9c\xe6\x9e\x93j\x07TQG#\xc7,\x91f`\xe6\
\x93h\x1dN\xec\xfb\xe0Ep\xbd^\x0d\xf9E\xc1\xee\
\xf0.\x9c\x07\xb5\x19\xa6@\xcea@\xba\x11\x1d\x08o\
\xc2\x1ap<\xd6\x83\xba\x0a\xd6\xb3\x03\xecf'[\xae\
\x009_\x9c\xe0\x93`=\xa8Zx\x1f\xee\xb9\xd1\xed\
\x8d\x15<H\x86q\xd0\x19\x5c\xba\xbe\x83MD\xc1h\
\xe5\x92\xd1\x9c\x01\xb3\xc0\xb5\xfa\x0c\xb8\xd4\x9d\x00\xbb\xf4\
\x01\x18\x0e.iN\xd4\x7f\xc1e0K\xd4\xef\xc3m\
!q\x05\xb8\x8cjT\x1f?\xc0\xf7\x90Q\xc60\x05\
\xda\x90\xfa\x10\xd8\xb5\xea7XGe\xe7RW\xb9\x7f\
\xdc\x9a\x9f\x06\xcd\xba\x0e/\x85\xe5\x10\x18\x9e\xc4\xf9+\
\xe0\xf6\xfd\x14l\xa5\x9d=\x1a\xe4<K\xa4]\xe0\xde\
:\x12\x1f\x87g\xc09\xe32\xb7\x81{nP)e\
\x0cse\xa3\x8eA#\xf1\x1f\xb8\xdf7\x89\x06ia\
\xb5\xe2\xc2:N\xc1b\x98G\xe5\xbe/\xa4Dc'\
9)\x03\x0d\x1b\xb5\x12p\x8b\xcf\x18\xe0<\xac\xfd\x5c\
l\x83\xf1`/\xeb\xa7\x18\xfe\x80\x94\xc2\x86\x9ddn\
\x9f\xca\x08\xed\xa5\xf1B\xd15\x9f\x13c\x1et\x82u\
\xe0\x04\x0b\xab\x9e\x8b+\xe9\x04'\x5c\x93\xc8\x863\xa7\
\xa3\xaci\xb7i\x87S\xe0)\xa7a\xb7OQ\x7fA\
e\xea\xac\xc0\x0f\x0dT\x12\xc5o\xcc\xc2y\xd6\x0a@\
\xba\xef\x10\x0e\x03\xb7bU\x05>\x90\xbdWHG\xb8\
i\xfb\x1a\x0e{\xe22\xfbU\xd0\x06\x5cZ\x94],\
\x91\xcaa\xb4%\x85\x1c\x02\xcf\xc1\xcb`\xc3\xd5\xb0\x04\
\xd6\x93\xbf`\x94\xc9\x13n[?\x81'N\xb3\x0d\xfb\
f%\xea\x02\xfc\x93:K\xf0CT]\xfeF\xc2k\
0\x15\x1c\xb7v\xa7\xe3{\x11\x1c\x82(\xd9\xb6\xa8v\
\xe0&\xd42x\xd0\xf0\x18626\xa8\x1a\xd2\xa4.\
\x12\xfc\x94\x92w&\xb828!\xd7\xc3\x02XE\x83\
\xce\x8b8\xb2m\xc7\xber\xa7\xd4\x97\xa4z&l8\
\xc8\xa8i\xd3\xc3\xf7\xb8\x8c\xa5a\xe4\x9a\x00\xce\xf0\xad\
\xf0\x09\xac\xc0l\xd4\xb8%[F\xb6\xeb\xc3*M\xea\
+3\x8ct\x1e\xa8\x96\x13\x17ve\x83\x92T\xe1y\
\xe0\xfb\xf2O\x09\xcd\xda\x9e\xed\xba\xea\xa8KP\x1b\x0c\
\x07\x13\xc2\x86k\xb8>m\x22r\xec\xf5J\x9d%\xfb\
q\x0d^\x0b\xbe\x7f\xfc\x08\xd6\x99T\xe1\xb6-\x9fU\
G\xb8\xdb\x8fqS\xee\x87Ra\xb0\xf3p\xd9\xcb\x15\
\xe9\x85\xb4\x9d\x9b\xe7\xc1\xc9r\x80\xb2u\x852\xe7\xb9\
\xd7\x8f\xf4\xd2\xf4\xbd*\x8ez\xca(\x1c\xe1\xc3\xa4\x1e\
\x02\xd7S\x9f\xb2\x02\xec\xe2$\xf2\xfd\xa1/\xf4\x86\xae\
\xce\xee$\x85\xc9\xdf\x95\xfc\x83\xe1^\xd0G\xe0\x89\xd3\
k\x0aWx\x92\xa4\xbd\xe0\xb0h\x0d.\xf8\xc3!\x96\
h\xcc-\xfdy\x98\x9df&\xc7\x12H\xa2\xa1d\x1e\
\x03m\xc1\x9er'\xcd\x1da\xba\xcf-\xd4}\xdc\xc9\
\xa2,<\x11#=RW\xd1?\xf6\x86\x8d\x05/P\
\x8fr^\x1c]\xecZ\x8e\xf4\x03?\xc1\xd5\x88t\x99\
\xdd\x1c\xb7\xe1+k\x85\x09G\xd8|>\xd1\x068\x03\
v\xefd\x98@eF<Jg\xc9\xe0\xc3\xee\x03\xbb\
r\x07\x1c\x87HQ\xbfsi,<\x0b\xeelFW\
\x1fA\xf08\xcd#\x0a\x8f\x81\xe5\xd0\x00\x97a)<\
\x0c7>\x5c\x93\x1a\xc8\xd3\x0f\xa6\xc3L\xa8\x80`#\
j\x927H \x8f\x1f\x01\xa3`\x11\xf8Un\xbb+\
\xc1\x07\x88\x16\x19\xdb\x81\x0d\xee\x05u\x0e\xbe\x82\x91\x10\
i:\xba\x85\xeb9\xac\x0f\x86\xc2g\x10|\x9d\xff\xc9\
\xf9\xeb\x10\xbc&\x5c/\x90\xef\x8c\xcc\xbd\xe1m\x08\xbe\
f\xfd6\xfb\x1a\x1e\x836\xf9\xca%I\xa7\x9e\xd6`\
o~\x0e\xe1\xaf\xf3w\xb8v\x95H&\x0a\x95\x83\xdf\
U\xc7A\xf9}\xb6\x02^\x05\x97\xad\x9b\x16\xe5{\x82\
Cg\x19\xf8\x7f\x84\xf2{p.\x0c\xba\x95\x8a\xfd\xc0\
|\x0f\xfc\xf4VW`7\xf8Y>\x05zA\xaca\
b>\xd0\xe8d\x98\x03;\xa1\x0e\x94\xef\xd5\xfe?\xe1\
\xda_PE\x05\xefr\x93JJ9\xbc\x00\xbe\x81\xb9\
\xd4\xb9b\xf8\xde\xf1;l\x81]\xe0\x86\xe3\xaeT\x03\
\xde\xab\x07g\xbe\xe3\xd0\xe5\xae\x0f\x94\x81\xe5]\xdf\x87\
@'p)uUY\x08\x8bY\xc2\x0er,\xa8H\
\xc3\x96\xc6\xb4K\xcdx\x98\x06\xae\x95\x8e1#\xab1\
_\xb85\xec\x02\xef\xa6\xa3\xe1\x06p\x85\x08\x0c\xbb\xfb\
\x0d\x00\xdfO|\x90\xab\xe0\x92\xb7\x01\x96\xc1Z\xcc\x06\
\xef1\x5c\xe6W,\xc3\x16\xc7\xb4\x0d\xf5\x07\x0dk~\
\x14\x94B\x92Ix\x99\xfcGa;l\x845\xe0;\
\x87\x91\x8e\xa5\xd8\x86\x83\xda0\xee\x90\xe8\x07#\xc1\xae\
-\x87\x12\xe8\x09\xdd\xa0=\x18]\xa3\xec\xeb\xe19\xa8\
\x06\x8d\xda\xe5nN\x1a>\x8cQ\x1f \x91\x12\x1b\x0e\
\xd7\x8ey\xdf]\x8b\xd3\xd8\xdd\xee\x8e\x1a\xb67\x1c.\
\x1av\xd7\x0a\x0cWb\xd2\xebf5G\xe0vE\xe0\
\x7f-\xc0\x0b\xc8\xe7\xfa\xea\x01\x00\x00\x00\x00IEN\
D\xaeB`\x82\
\x00\x00\x07R\
\x89\
PNG\x0d\x0a\x1a\x0a\x00\x00\x00\x0dIHDR\x00\
\x00\x00,\x00\x00\x00,\x08\x06\x00\x00\x00\x1e\x84Z\x01\
\x00\x00\x00\x01sRGB\x00\xae\xce\x1c\xe9\x00\x00\x00\
\xc6eXIfMM\x00*\x00\x00\x00\x08\x00\x06\x01\
\x12\x00\x03\x00\x00\x00\x01\x00\x01\x00\x00\x01\x1a\x00\x05\x00\
\x00\x00\x01\x00\x00\x00V\x01\x1b\x00\x05\x00\x00\x00\x01\x00\
\x00\x00^\x01(\x00\x03\x00\x00\x00\x01\x00\x02\x00\x00\x01\
1\x00\x02\x00\x00\x00\x15\x00\x00\x00f\x87i\x00\x04\x00\
\x00\x00\x01\x00\x00\x00|\x00\x00\x00\x00\x00\x00\x00H\x00\
\x00\x00\x01\x00\x00\x00H\x00\x00\x00\x01Pixel\
mator Pro 3.6.6\x00\
\x00\x00\x04\x90\x04\x00\x02\x00\x00\x00\x14\x00\x00\x00\xb2\xa0\
\x01\x00\x03\x00\x00\x00\x01\x00\x01\x00\x00\xa0\x02\x00\x04\x00\
\x00\x00\x01\x00\x00\x00,\xa0\x03\x00\x04\x00\x00\x00\x01\x00\
\x00\x00,\x00\x00\x00\x002024:08:1\
4 14:48:58\x00A\x0c\xc1h\x00\
\x00\x00\x09pHYs\x00\x00\x0b\x13\x00\x00\x0b\x13\x01\
\x00\x9a\x9c\x18\x00\x00\x03\xb0iTXtXML:\
com.adobe.xmp\x00\x00\x00\
\x00\x00<x:xmpmeta xml\
ns:x=\x22adobe:ns:m\
eta/\x22 x:xmptk=\x22X\
MP Core 6.0.0\x22>\x0a\
   <rdf:RDF xmln\
s:rdf=\x22http://ww\
w.w3.org/1999/02\
/22-rdf-syntax-n\
s#\x22>\x0a      <rdf:\
Description rdf:\
about=\x22\x22\x0a       \
     xmlns:tiff=\
\x22http://ns.adobe\
.com/tiff/1.0/\x22\x0a\
            xmln\
s:exif=\x22http://n\
s.adobe.com/exif\
/1.0/\x22\x0a         \
   xmlns:xmp=\x22ht\
tp://ns.adobe.co\
m/xap/1.0/\x22>\x0a   \
      <tiff:YRes\
olution>720000/1\
0000</tiff:YReso\
lution>\x0a        \
 <tiff:XResoluti\
on>720000/10000<\
/tiff:XResolutio\
n>\x0a         <tif\
f:ResolutionUnit\
>2</tiff:Resolut\
ionUnit>\x0a       \
  <tiff:Orientat\
ion>1</tiff:Orie\
ntation>\x0a       \
  <exif:PixelYDi\
mension>44</exif\
:PixelYDimension\
>\x0a         <exif\
:PixelXDimension\
>44</exif:PixelX\
Dimension>\x0a     \
    <xmp:Metadat\
aDate>2024-08-14\
T14:49:26+02:00<\
/xmp:MetadataDat\
e>\x0a         <xmp\
:CreateDate>2024\
-08-14T14:48:58+\
02:00</xmp:Creat\
eDate>\x0a         \
<xmp:CreatorTool\
>Pixelmator Pro \
3.6.6</xmp:Creat\
orTool>\x0a      </\
rdf:Description>\
\x0a   </rdf:RDF>\x0a<\
/x:xmpmeta>\x0a_\xb05\x99\
\x00\x00\x02iIDATX\x09\xed\x98\xbfkSQ\
\x14\xc7\xf3tP\xb0\x88\x01\x1dj\x071\xb8\xd81J\
\x09X-\xa4\x88(\xa2\x16E\x09H\x06A\xec\xe0\xe0\
\x90n\xa5P]J\x17\xfd3:\x94\x0e\x1d;\x8a\xd2\
\xa2\xd0J@\xadN\x8eBE\xbbth\x11\xe3\xe7h\
.\xdc\x1c|\xe9\xbb\xb97\x8d\x85{\xe1\xcb\xf9q\xcf\
=\xe7\xfb\xbe\xa4\xb7/\xc9\xe5\xe2\x8a\x0aD\x05\xf6\xb7\
\x02\x8dF\xe3\x22X\x02\xd5\xff\xfeI \xd9\x0f\xde\x82\
O\xe0#8\x1f\x9a\xf4\x81P\x0d!'\xbdf\xc1\xd1\
f\xcf?1\xf9\xbeP3\xa4O0\xc2\xf4z\x00\x86\
\xa4\xa9\xb5\x06\xf0'\xad\xd8\xdb\x0dB\x18\x15\xcf\xc2\xe4\
I\x0a\x9b1\xf6\xaf\xa4\xec9\xa7\x13\xe7\x13\xea\x00d\
\x0e\x91Z\x00g\xd4\x96\x1dn\x12\x5cO\x92d\xc3N\
v\xe2\x87Px\x82\xc1\xed\xc8\x0a\xafc`F\x1c\xdf\
\xe5E\x18uOC\xe0~F\x12\xc3\xd4\x973\xd6\xa6\
\x96y\x11\xa6\xeb6\xf8\x9a\xda\xbdu\xe3\x1b\xe1\xf7\xd6\
T\x8f#\x14<\x09\xe4\x0e6\xf0VT?\x92\xaf\xc2\
\xba_\xd7\xe3H\xb8\xdb\x12G\x85\xa3\xc2J\x81\xd0\x1f\
\x09\xddO\xc7j\xbc{\x18\xba\xe1\x09EA\xc7j\xdb\
=\x0cMX\xbf\xb0\x9fs\xa7\xd4\xfeDh\xc2\xd7\xd4\
\xb82\xff\xf5\x0e\xab\x9cW\x18\x8c0\xc4.\xc0dP\
\xb19B\x5cQ9\xaf\xd0\xfb}X\xa6C\xf6 f\
\x1eh\xc2\xb2\xfd\x03\x5c\xe5]X\xac\xf7\x0a\xa5\xf0c\
\x98\xd8d\xd7,fy\xfcgV\xec\xe5z\x13F\xdd\
2\x0c\xc6-\x16\xf2\x1a\xf9\x08\xd4\xad\xdce\xea\x1eZ\
qo\x5cH\x14\xc1;`^'\xd7\xf1G\x84\x0d\xb6\
\x00V\xd5\xde\xcd\xde0\xfdK\xa8\x04\x19\x9b\xac\x90\xb6\
\x95\x16\xd2\xa3@~\x9f0\x0f$\xfe\x9d='\xcd\xd0\
{\xe0\xbdED\x08M\xfd\x8b\x08\xf9\x8a\xaa\x93\xda\x1a\
\x90?\xd4\xee.\x86\xe4\xc1s`\x143v\x9a\x5c\xea\
\x8d\xc3^\x15\xc8\xc7\xc5\xd4\x8b\x9d\x03\xa7\xba\xc6\x98\xe6\
\xf2%r\x19\xd8C\xc5\xafe\x19J\xddm\xf0A\x9d\
\xafK>\xcbyS\x93\xaa\x8a)0\x96\xc6\xaf\xf1\x8f\
\x9b\x18+_@\x9fr\xbf\xca\xfd\x9bi\xd1\xa3D\xe1\
\x0b W\x9dY\xbfp.e\xfd\xcd\xc2\xe5Z\xdb2\
\x13\xb0\x9f\xc1]\x17\xb2r\x96\xfa\x15\xcc\x0d\xf0J\xe2\
\xe6\xfa\x89\xdd1\xc1n\xd6E\xe1\x02\xcdn\x81/`\
\x91\xe12\xa8\xe3\x85\xdar\x7f\x17\xc1Kz\xbd\xe9\xb8\
Q<\x18\x15\x88\x0aD\x05\xf6\xb7\x02\xbf\x01\xd2\xcav\
j\xd5.\xe4\xe7\x00\x00\x00\x00IEND\xaeB`\
\x82\
\x00\x00\x16#\
\x89\
PNG\x0d\x0a\x1a\x0a\x00\x00\x00\x0dIHDR\x00\
\x00\x00 \x00\x00\x00 \x08\x06\x00\x00\x00szz\xf4\
\x00\x00\x0a\xd7iCCPICC Prof\
ile\x00\x00H\x89\x95\x97\x07TS\xc9\x1a\xc7\xe7\
\xde\xf4FK@@J\xe8\xbd\xb7\x00RB\x0fEz\
\x15\x95\x90\x04\x12J\x8c\x09AEl\xc8\xe2\x0a\xae\x05\
\x15\x11\xac\xe8\xaa\x88\x82e\xa5\xd9\x10\x0b\x16\x16\xc5\x86\
}\x83,\x0a\xca\xbaX\xb0\xa1\xe6]\xe0\x11\xdc}\xed\
\xbc\xef\x9c\xc9\xfc\xce\x97\x99\xaf\xcc\xbds\xce\xff\x02@\
\x09a\x8bD9\xb0\x0a\x00\xb9\xc2<qL\xb0\x1f=\
)9\x85\x8e{\x060@\x15P\x01\x1d\xd8\xb19\x12\
\x113**\x1c 69\xff\xd5\xde\xdf\x05\xd0\xd8|\
\xcbf,\xd6\xbf\xfe\xff_M\x8d\xcb\x93p\x00\x80R\
\x11N\xe7J8\xb9\x08\xb7!\xe3\x05G$\xce\x03\x00\
u\x08\xf1\x1b-\xc8\x13\x8d\xf1\x0d\x84ib\xa4@\x84\
\x7f\x1f\xe3\xcc\x09\xfe8\xc6\xe9\xe3\x8c&\x8f\xaf\x89\x8b\
\xf1G\x98\x0e\x00\x9e\xccf\x8b3\x01 [#~z\
>'\x13\x89C\x1e\xeb\xc1^\xc8\x15\x08\x11.D\xd8\
\x9b\xc3gs\x11>\x85\xb0un\xee\xbc1\x1e@\xd8\
\x1cY/\x02\x80\x82\x9c\x0e`\xa4\x7f\x173\xf3/\xf1\
\xd3\x15\xf1\xd9\xecL\x05O\xf45n\xf8\x00\x81D\x94\
\xc3^\xf4\x7f\x1e\xcd\xff\xb6\xdc\x1c\xe9d\x0eSd\x90\
\xf9\xe2\x90\x98\xb1|\xc8\xf9\xdd\xcb\x9e\x17\xa6`a\xfa\
\xcc\xc8I\x16p'j\x1ac\xbe4$~\x929\x12\
\xff\x94I\xe6\xb2\x03\xc2\x14{sf\x86Or\x86 \
\x88\xa5\x88\x93\xc7\x8a\x9bd\x9e$0v\x92\xc5\xf3b\
\x14\xb92\xc4\xfe\xccIf\x8b\xc7\xf3\x12\x11\x96I\xb3\
\xe3\x15~>\x8f\xa5\x88_\xc0\x8fK\x9c\xe4|A\xc2\
\xccI\x96d\xc7\x86M\xad\xf1W\xf8\xc5\xd2\x18E\xfd\
<a\xb0\xdfT\xde E\xef\xb9\x92\xef\xfa\x15\xb0\x14\
{\xf3\xf8q!\x8a\xde\xd9S\xf5\xf3\x84\xcc\xa9\x98\x92\
$Em\x5c^@\xe0\xd4\x9ax\xc5zQ\x9e\x9f\x22\
\x97('J\xb1\x9e\x97\x13\xac\xf0K\xf2c\x15{\xf3\
\x90\x97sjo\x94\xe2\x0c\xb3\xd8\xa1Q\x93\x0c\x04 \
\x02\xb0\x01\x87\xae<I\x00\xe4\xf1\x16\xe6\x8d5\xe2?\
O\xb4H,\xc8\xe4\xe7\xd1\x99\xc8m\xe3\xd1YB\x8e\
\xad5\xdd\xd1\xde\xd1\x11\x80\xb1\xbb;\xf1:\xbc\x8d\x1e\
\xbf\x93\x90F\xe7\x94o\xe5o\x00x\x9d\x95\xcb\xe5'\
\xa7|\xa1g\x018\xea\x86<\x96\x96)\x9f9\x03\x00\
U\x12\x00\x97[8Rq\xfe\x84\x0f=\xf6\x83A\x9e\
\x9e2\xa0\x01-\xa0\x07\x8c\x809\xb0\x01\x8e\xc0\x15x\
\x02_\x10\x08BA$\x88\x03\xc9`\x0eR+\x1f\xe4\
\x021X\x00\x0a\xc1\x0aP\x02\xca\xc0z\xb0\x19T\x81\
\x9d`\x0f8\x00\x0e\x83c\xa0\x09\x9c\x02\xe7\xc0%p\
\x0d\xdc\x00w\xc0C \x03\xfd\xe0%\x18\x06\xef\xc1(\
\x04A8\x88\x02Q!-H\x1f2\x81\xac G\x88\
\x01yC\x81P8\x14\x03%CiP&$\x84\xa4\
P!\xb4\x12*\x83\xca\xa1*h7T\x0b\x1d\x85Z\
\xa0s\xd0\x15\xa8\x1b\xba\x0f\xf5B\x83\xd0\x1b\xe83\x8c\
\x82\xc90\x0d\xd6\x85Ma;\x98\x013\xe108\x0e\
\x9e\x0dg\xc2\xf3\xe1\x02\xb8\x18^\x0bW\xc25\xf0!\
\xb8\x11>\x07_\x83\xef\xc02\xf8%<\x82\x02(\x12\
J\x03e\x80\xb2A1P\xfe\xa8HT\x0a*\x03%\
F-E\x95\xa2*P5\xa8zT+\xaa\x03u\x0b\
%C\x0d\xa1>\xa1\xb1h*\x9a\x8e\xb6A{\xa2C\
\xd0\xf1h\x0ez>z)z\x0d\xba\x0a}\x00\xdd\x88\
\xbe\x80\xbe\x85\xeeE\x0f\xa3\xbfa(\x18\x1d\x8c\x15\xc6\
\x03\xc3\xc2$a21\x0b0%\x98\x0a\xcc>\xcc\x09\
\xccE\xcc\x1dL?\xe6=\x16\x8b\xd5\xc0\x9aa\xdd\xb0\
!\xd8dl\x16v1v\x0dv;\xb6\x01\xdb\x86\xed\
\xc6\xf6aGp8\x9c\x16\xce\x0a\xe7\x85\x8b\xc4\xb1q\
y\xb8\x12\xdcV\xdc!\xdcY\xdcM\x5c?\xee#\x9e\
\x84\xd7\xc7;\xe2\x83\xf0)x!\xbe\x08_\x81?\x88\
?\x83\xbf\x89\x7f\x8e\x1f%\xa8\x10L\x08\x1e\x84H\x02\
\x97\xb0\x88\xb0\x8e\xb0\x97\xd0J\xb8N\xe8'\x8c\x12U\
\x89fD/b\x1c1\x8b\xb8\x82XI\xac'^$\
>\x22\xbe%\x91H\x86$wR4I@ZN\xaa\
$\x1d!]&\xf5\x92>\x91\xd5\xc8\x96d\x7fr*\
YJ^K\xdeOn#\xdf'\xbf\xa5P(\xa6\x14\
_J\x0a%\x8f\xb2\x96RK9OyB\xf9\xa8D\
U\xb2Ub)q\x95\x96)U+5*\xddTz\
\xa5LP6Qf*\xcfQ.P\xaeP>\xae|\
]yH\x85\xa0b\xaa\xe2\xaf\xc2VY\xaaR\xad\xd2\
\xa2\xd2\xa32\xa2JUuP\x8dT\xcdU]\xa3z\
P\xf5\x8a\xea\x80\x1aN\xcdT-P\x8d\xabV\xac\xb6\
G\xed\xbcZ\x1f\x15E5\xa2\xfaS9\xd4\x95\xd4\xbd\
\xd4\x8b\xd4~\x1a\x96fFc\xd1\xb2he\xb4\xc3\xb4\
.\xda\xb0\xba\x9a\xba\xb3z\x82\xfaB\xf5j\xf5\xd3\xea\
2\x0d\x94\x86\xa9\x06K#Gc\x9d\xc61\x8d\xbb\x1a\
\x9f\xa7\xe9NcN\xe3M[=\xad~\xda\xcdi\x1f\
4\xa7k\xfaj\xf24K5\x1b4\xefh~\xd6\xa2\
k\x05jekm\xd0j\xd2z\xac\x8d\xd6\xb6\xd4\x8e\
\xd6^\xa0\xbdC\xfb\xa2\xf6\xd0t\xdat\xcf\xe9\x9c\xe9\
\xa5\xd3\x8fM\x7f\xa0\x03\xebX\xea\xc4\xe8,\xd6\xd9\xa3\
\xd3\xa93\xa2\xab\xa7\x1b\xac+\xd2\xdd\xaa{^wH\
OC\xcfW/Ko\x93\xde\x19\xbdA}\xaa\xbe\xb7\
\xbe@\x7f\x93\xfeY\xfd\x17tu:\x93\x9eC\xaf\xa4\
_\xa0\x0f\x1b\xe8\x18\x84\x18H\x0dv\x1bt\x19\x8c\x1a\
\x9a\x19\xc6\x1b\x16\x196\x18>6\x22\x1a1\x8c2\x8c\
6\x19\xb5\x1b\x0d\x1b\xeb\x1bG\x18\x17\x1a\xd7\x19?0\
!\x980L\xf8&[L:L>\x98\x9a\x99&\x9a\
\xae2m2\x1d0\xd34c\x99\x15\x98\xd5\x99=2\
\xa7\x98\xfb\x98\xcf7\xaf1\xbfm\x81\xb5`Xd[\
l\xb7\xb8a\x09[\xbaX\xf2-\xab-\xaf[\xc1V\
\xaeV\x02\xab\xedV\xdd\xd6\x18kwk\xa1u\x8du\
\x8f\x0d\xd9\x86i\x93oSg\xd3k\xaba\x1bn[\
d\xdbd\xfb\xca\xce\xd8.\xc5n\x83]\x87\xdd7{\
\x17\xfb\x1c\xfb\xbd\xf6\x0f\x1d\xd4\x1cB\x1d\x8a\x1cZ\x1d\
\xde8Z:r\x1c\xab\x1do;Q\x9c\x82\x9c\x969\
5;\xbdv\xb6r\xe69\xefp\xbe\xe7Bu\x89p\
Y\xe5\xd2\xee\xf2\xd5\xd5\xcdU\xecZ\xef:\xe8f\xec\
\x96\xe6\xb6\xcd\xad\x87AcD1\xd60.\xbbc\xdc\
\xfd\xdc\x97\xb9\x9fr\xff\xe4\xe1\xea\x91\xe7q\xcc\xe3O\
O\x1b\xcfl\xcf\x83\x9e\x033\xccf\xf0f\xec\x9d\xd1\
\xe7e\xe8\xc5\xf6\xda\xed%\xf3\xa6{\xa7y\xef\xf2\x96\
\xf9\x18\xf8\xb0}j|\x9e\xfa\x1a\xf9r}\xf7\xf9>\
gZ0\xb3\x98\x87\x98\xaf\xfc\xec\xfd\xc4~'\xfc>\
\xf8{\xf8/\xf1o\x0b@\x05\x04\x07\x94\x06t\x05\xaa\
\x05\xc6\x07V\x05>\x092\x0c\xca\x0c\xaa\x0b\x1a\x0ev\
\x09^\x1c\xdc\x16\x82\x09\x09\x0b\xd9\x10\xd2\xc3\xd2eq\
X\xb5\xac\xe1P\xb7\xd0%\xa1\x17\xc2\xc8a\xb1aU\
aO\xc3-\xc3\xc5\xe1\xad\x11pDh\xc4\xc6\x88G\
3Mf\x0ag6E\x82HV\xe4\xc6\xc8\xc7Qf\
Q\xf3\xa3NFc\xa3\xa3\xa2\xab\xa3\x9f\xc58\xc4\x14\
\xc6t\xc4Rc\xe7\xc6\x1e\x8c}\x1f\xe7\x17\xb7.\xee\
a\xbcy\xbc4\xbe=A9!5\xa16\xe1Cb\
@by\xa2,\xc9.iI\xd2\xb5d\xeddAr\
s\x0a.%!e_\xca\xc8\xac\xc0Y\x9bg\xf5\xa7\
\xba\xa4\x96\xa4\xde\x9dm6{\xe1\xec+s\xb4\xe7\xe4\
\xcc9=Wy.{\xee\xf14LZb\xda\xc1\xb4\
/\xecHv\x0d{$\x9d\x95\xbe-}\x98\xe3\xcf\xd9\
\xc2y\xc9\xf5\xe5n\xe2\x0e\xf2\xbcx\xe5\xbc\xe7\x19^\
\x19\xe5\x19\x03\x99^\x99\x1b3\x07\xf9>\xfc\x0a\xfe\x90\
\xc0_P%x\x9d\x15\x92\xb53\xebCvd\xf6\xfe\
lyNbNC.>7-\xb7E\xa8&\xcc\x16\
^\x98\xa77o\xe1\xbcn\x91\x95\xa8D$\x9b\xef1\
\x7f\xf3\xfcaq\x98x\x9f\x04\x92\xcc\x964\xe7\xd1\x10\
\x91\xd4)5\x97\xfe \xed\xcd\xf7\xce\xaf\xce\xff\xb8 \
a\xc1\xf1\x85\xaa\x0b\x85\x0b;\x17Y.Z\xbd\xe8y\
AP\xc1\xcf\x8b\xd1\x8b9\x8b\xdb\x0b\x0d\x0aW\x14\xf6\
.a.\xd9\xbd\x14Z\x9a\xbe\xb4}\x99\xd1\xb2\xe2e\
\xfd\xcb\x83\x97\x1fXA\x5c\x91\xbd\xe2\xd7\x22\xfb\xa2\xf2\
\xa2w+\x13W\xb6\x16\xeb\x16//\xee\xfb!\xf8\x87\
\xba\x12\xa5\x12qI\xcf*\xcfU;\x7fD\xff(\xf8\
\xb1k\xb5\xd3\xea\xad\xab\xbf\x95rK\xaf\x96\xd9\x97U\
\x94}Y\xc3Ys\xf5'\x87\x9f*\x7f\x92\xaf\xcdX\
\xdb\xb5\xceu\xdd\x8e\xf5\xd8\xf5\xc2\xf5w7\xf8l8\
P\xaeZ^P\xde\xb71bc\xe3&\xfa\xa6\xd2M\
\xef6\xcf\xdd|\xa5\xc2\xb9b\xe7\x16\xe2\x16\xe9\x16Y\
exe\xf3V\xe3\xad\xeb\xb7~\xa9\xe2W\xdd\xa9\xf6\
\xabn\xd8\xa6\xb3m\xf5\xb6\x0f\xdb\xb9\xdbo\xee\xf0\xdd\
Q\xbfSwg\xd9\xce\xcf\xbb\x04\xbb\xee\xed\x0e\xde\xdd\
XcZS\xb1\x07\xbb'\x7f\xcf\xb3\xbd\x09{;~\
f\xfc\x5c\xbbO{_\xd9\xbe\xaf\xfb\x85\xfbe\x07b\
\x0e\x5c\xa8u\xab\xad=\xa8sp]\x1d\x5c'\xad\x1b\
<\x94z\xe8\xc6\xe1\x80\xc3\xcd\xf56\xf5\xbb\x1b4\x1a\
\xca\x8e\x80#\xd2#/\x8e\xa6\x1d\xbd{,\xecX\xfb\
q\xc6\xf1\xfa_L~\xd9v\x82z\xa2\xb4\x11j\x5c\
\xd48\xdc\xc4o\x925'7w\xb7\x84\xb6\xb4\xb7z\
\xb6\x9e8i{r\xff)\x83S\xd5\xa7\xd5O\xaf;\
C<S|F~\xb6\xe0\xecH\x9b\xa8m\xe8\x5c\xe6\
\xb9\xbe\xf6\xb9\xed\x0f\xcf'\x9d\xbf}!\xfaB\xd7\xc5\
\xb0\x8b\x97/\x05]:\xdf\xc1\xec8{\xd9\xeb\xf2\xa9\
+\x1eWZ\xae2\xae6]s\xbd\xd6\xd8\xe9\xd2y\
\xe2W\x97_Ot\xb9v5^w\xbb\xde|\xc3\xfd\
Fk\xf7\x8c\xee37}n\x9e\xbb\x15p\xeb\xd2m\
\xd6\xedkwf\xde\xe9\xbe\x1b\x7f\xf7^Oj\x8f\xec\
\x1e\xf7\xde\xc0\xfd\x9c\xfb\xaf\x1f\xe4?\x18}\xb8\xfc\x11\
\xe6Q\xe9c\x95\xc7\x15Ot\x9e\xd4\xfcf\xf1[\x83\
\xccUv\xba7\xa0\xb7\xf3i\xec\xd3\x87}\x9c\xbe\x97\
\xbfK~\xff\xd2_\xfc\x8c\xf2\xac\xe2\xb9\xfe\xf3\xda\x01\
\xc7\x81S\x83A\x837^\xccz\xd1\xffR\xf4rt\
\xa8\xe4\x0f\xd5?\xb6\xbd2\x7f\xf5\xcb\x9f\xbe\x7fv\x0e\
'\x0d\xf7\xbf\x16\xbf\x96\xbfY\xf3V\xeb\xed\xfew\xce\
\xef\xdaG\xa2F\x9e\xbc\xcf}?\xfa\xa1\xf4\xa3\xd6\xc7\
\x03\x9f\x18\x9f:>'~~>\xba\xe0\x0b\xeeK\xe5\
W\x8b\xaf\xad\xdf\xc2\xbe=\x92\xe7\xca\xe5\x22\xb6\x98=\
.\x05P\xc8\x8032\x00x\xb3\x1f\xd1\xc6\xc9\x00P\
\x11]N\x9c5\xa1\xad\xc7\x0d\x9a\xf8\x1e\x18'\xf0\x9f\
xB\x7f\x8f\x9b+\x00\xf54\x00\xa2\x87\x10u\xd3\x03\
\xc0\x91\xbd\x88\x9cE\xe2+#\xdf\x04Q\x14\x00\xe2\xdc\
\x01\xec\xe4\xa4\x18\xff4I\x86\x93\xe3D,2\xa2\xfb\
0O\xe4\xf2\xb7\x88\x06\xc6m\x04\xe0\xebz\xb9|\xb4\
F.\xff\xba\x07)\xf6\x11\x00m\xc2\x09M?fX\
D\xcb\xef\x0a\xff\x9a\x9e\x9b\x0e\xfe\x8dM\xe8\xfd\xefz\
\xfc\xfb\x0c\xc6*p\x06\x7f\x9f\xff\x01^#\x1a\xbd\xff\
\xc6\x8d\xf0\x00\x00\x00\xb8eXIfMM\x00*\x00\
\x00\x00\x08\x00\x06\x01\x12\x00\x03\x00\x00\x00\x01\x00\x01\x00\
\x00\x01\x1a\x00\x05\x00\x00\x00\x01\x00\x00\x00V\x01\x1b\x00\
\x05\x00\x00\x00\x01\x00\x00\x00^\x01(\x00\x03\x00\x00\x00\
\x01\x00\x02\x00\x00\x011\x00\x02\x00\x00\x00\x15\x00\x00\x00\
f\x87i\x00\x04\x00\x00\x00\x01\x00\x00\x00|\x00\x00\x00\
\x00\x00\x00\x00\x90\x00\x00\x00\x01\x00\x00\x00\x90\x00\x00\x00\
\x01Pixelmator Pro \
3.5.8\x00\x00\x00\x03\x92\x86\x00\x07\x00\x00\x00\
\x12\x00\x00\x00\xa6\xa0\x02\x00\x04\x00\x00\x00\x01\x00\x00\x00\
 \xa0\x03\x00\x04\x00\x00\x00\x01\x00\x00\x00 \x00\x00\x00\
\x00ASCII\x00\x00\x00Screens\
hot.T\x97A\x00\x00\x00\x09pHYs\x00\
\x00\x16%\x00\x00\x16%\x01IR$\xf0\x00\x00\x04\x14\
iTXtXML:com.adob\
e.xmp\x00\x00\x00\x00\x00<x:xmp\
meta xmlns:x=\x22ad\
obe:ns:meta/\x22 x:\
xmptk=\x22XMP Core \
6.0.0\x22>\x0a   <rdf:\
RDF xmlns:rdf=\x22h\
ttp://www.w3.org\
/1999/02/22-rdf-\
syntax-ns#\x22>\x0a   \
   <rdf:Descript\
ion rdf:about=\x22\x22\
\x0a            xml\
ns:tiff=\x22http://\
ns.adobe.com/tif\
f/1.0/\x22\x0a        \
    xmlns:exif=\x22\
http://ns.adobe.\
com/exif/1.0/\x22\x0a \
           xmlns\
:xmp=\x22http://ns.\
adobe.com/xap/1.\
0/\x22>\x0a         <t\
iff:YResolution>\
1440000/10000</t\
iff:YResolution>\
\x0a         <tiff:\
ResolutionUnit>2\
</tiff:Resolutio\
nUnit>\x0a         \
<tiff:XResolutio\
n>1440000/10000<\
/tiff:XResolutio\
n>\x0a         <tif\
f:Orientation>1<\
/tiff:Orientatio\
n>\x0a         <exi\
f:PixelXDimensio\
n>32</exif:Pixel\
XDimension>\x0a    \
     <exif:UserC\
omment>\x0a        \
    <rdf:Alt>\x0a  \
             <rd\
f:li xml:lang=\x22x\
-default\x22>Screen\
shot</rdf:li>\x0a  \
          </rdf:\
Alt>\x0a         </\
exif:UserComment\
>\x0a         <exif\
:PixelYDimension\
>32</exif:PixelY\
Dimension>\x0a     \
    <xmp:Creator\
Tool>Pixelmator \
Pro 3.5.8</xmp:C\
reatorTool>\x0a    \
     <xmp:Metada\
taDate>2024-04-1\
8T10:43:23+02:00\
</xmp:MetadataDa\
te>\x0a      </rdf:\
Description>\x0a   \
</rdf:RDF>\x0a</x:x\
mpmeta>\x0a\x9a\x09\xdf^\x00\x00\x06\x0e\
IDATX\x09\xb5W\x0blSe\x14\xfeno\
\xbbG\xbbnc\xdd\xd6\x8d\xb1\xcd\x81l8\x08\xcf\x81\
 (\x1b\x88A\x8c\x86\x87K@\x81\xc4\x07j\x14\x14\
E\x8c\xc6DgL|\x90\x88\x91Lc\x044a\x92\
 \x82\x10I|+\x03\xcc$\xc8\x90\xf0\xd0\xcd\xc9\xc6\
\xd8\xc6\xd6\xb5e\x0f\xb6\xae\x8f\xf5\xd6sn\xb9\xb7\xbd\
k7\xb6d\x9c\xe6\xb6\xe7\xfe\xff\x7f\xcew^\xff\xdf\
\xf3\x0b\x8b\xd7\x7fc\xf9u\xcfJgYY@WY\
spfW\xd7\x7f\xf3\x5c\x9dM;\xbc\xeen\xf8\xfd\
\x1e\x8c\x06\x89b,b\xe2\x12aL\xca\x86)%\xbb\
H\xd0IW\xc5\xe6q\xf6\xca\xe2c\x92p\xf7\xda\x83\
\x99\x19\x1e\x7f\xfbU\x8f\xcd\xda\xdaR\xdd\xdc\xefs\x09\
\xa3\x01:\x98\x0e\x83\xc1\xe8M\x1f\xbf,99\x01\x09\
}\x1d\xbd>\xbd\xcb\xe8p\xd4\x1b\xa1s\x9e\xaa\xaa\x97\
$\xbf\x10\x97\x90\x82\xdc\x99\xcb\x90\x98\x96\x87\xf8\xc4t\
\x08\x82n0]\xc3\x1a\x0f\x04$\xf4u\xb7\xa3\xdb\xde\
\x80\xc63\xdf\xc1\xdds-\xa6\xb5\xeep\x8bW\x5ch\
5MM\xcc\xd0\x8b\xf6\xb8DgSe\x1b\x81\xebS\
s\xa7\xa3\xe0\x9eu\xd0\x1b\xe2\x86\xa5|8\x8b\xd8\x01\
cR\x86\xfc\xa4\xe6\xce@\xed\xf1\x0a8\x1a\xcf\x8e\xe9\
\x14O\xf6\x9a}\xcb\x0b\xf5\xbe\xbeV\x87\xcf\xdb\x0b\xf6\
\x5c\x01oo\xa8F\xd3\xdf\x95pu\xda\x08#0\x1c\
\x9c!\xd6\x080&[\x91]X\x8c\xf4\xbcY2F\
\xcf\xa1+\x1c\x09C\xb7\xe3\x9f\x1a1)\xad\xa0\x8c\xf2\
\x8e\x09sW\xc9ag\xf0\xda\xaa}\xf0\xb9{\x86P\
:\xb2)\xd6\xe5l\xba\x80x\xb3\x05fK\x0e\xf4\xb1\
\xf1p6\x9eC@\xea\xd7\xe9\xb9\xda\x998\xe7L\xec\
\xf9p(\xd3\x9a\x82\xc9\xf9\xb9\xc8\xc9J\x83\xa3\xa3\x1b\
\x97.\xb7\xe2bm\xa3*\x1a \x12\x88\xd4\x01bX\
7GA\xc1bl\xbd\xb2\xd5\xb8\xe0\x98\x82a\x97Y\
\xf9+\x10\x80Di`]\xa4L\xc0\xda\x87K\xf0\xe2\
S+\x90Be<\x90.7\xd9\xf0\xee\x8e\xfd\xf8\xe9\
\xd8\x19*^A\xa0\xe4\xf9)\x83,)W\xb2\xa2[\
\xc1bl\xb5\xc4C\xd5\x1e\xcay8\xf8X\xab\x05{\
?\xd9\x8a\xb7_Y\x17\x15\x9c\x8d\xb9-\xdb\x8aO\xb7\
m\xc4\xa6'\x1e\xa27\x81>\x10\xe9\xf1\x87\x0c\x0d\xea\
\x0ea\x01\xfa\xd0d$\x17\xb4\x5c\x80(\x8a\xd8\xbd\xfd\
\x05L\x9a\x98\xad.\xfa\xf3l\x1d\x8e\x9f\xbc\x80\xe6V\
\x07fO\x9b\x88\x92\xf9S\xc1iaw_zz\x05\
\xd2,Ixc[\x05\xdba\x08HB\x8f\xa0\x0bD\
\x86\x8c\xb4i\x0c\x08Ha\xc6\xaaP\xc0c\xab\x97h\
\xc0w\xec\xfa\x16\x1f~v\x98V\x04=:\xfc}\x15\
\xe2bc\xf1\xf5\xce\xd70eR\xae,\xb9vU\x09\
*\x0e\xfc\x86\xba\xfa\x162B\xa2}\xad)\x07U\xbb\
\x9a\x02\x1e\xe9\xf7\xba\xd4\x09\x85aO6oX\xae\xbc\
\xa2\xb2\xea<\x81\x1f\xa2\xf7P\xaax\xd2\xed\xf1\xe0\xc9\
-\x1f\xa1\xdd\xd1)\xaf\xe5H\x14Qd\x98\x88\x17e\
&\xca\x97\xc6\x00I\xa2z\x0b\x91\x8cP4-\x1f&\
c\xac:Z\xfe\xf9\x11\x95\x1f\xc8\xd8\xec\x1d\xd8R\xb6\
\x0b\x92\x14@\x9f\xdb\x8bSgj\x95%\xd1\xdd\xa7Y\
M\x0aDC\x08\x88\xe6d\xa1\xdb\xf32\x15%\xe4\xa5\
\x17\xd5\xe7\xea\xd4\xf7h\xcc\xef\xa7.b\xce\xfd\x9b\xd1\
\xef\x97\xd0\xd5}\xf3\xb3Dc\x80^\xaf1@\xd6?\
1o\xac\x8a\xd3j\xbb\xa6\xf2C1N:\x17\x06\x10\
G3j\x144)\xa0d\x0d\x90\x03\xc6fX\xd41\
\xbb\xb3K\xe5G\xc8D*\xbe\xa1@k@\x14\xad\x9d\
]\xa10\x8e\xcbL\x8d\xb2bXC\xda\x8a\x0d\x13\x19\
\xca\x00Y\xc8f\x0fV5\xcbp4\x12L\xf1a\xe2\
\x91ljJ\x12\xbe\xfcx+*\xca\xb7\xc22&Q\
^@\xa7r\xe4\xc2\x1b#C\x19 \x87\xeddu\x8d\
F8\x7f|\x96\xe6}\xe0\xcb\xc6\xc7\x1f\xc4\xfc\xd9\x85\
X0\xa7\x10\x0f\xdc;'8-\x08\x9a\xed\x15.3\
\x98\x01l\xb2l\xf6/'\xce\xca\xd5\xaf\x08\xbd\xba\xa9\
\x14z:\x19\xa3\xd1\xbc\xa2;\xb0\xbet\x91:\xd5\xd2\
\xe6\x90y\xf2d0\x9c\xe8\x13\x142?EM6\xa0\
\xcf\xed\xc1\xce\xbd?\xaaJgO\xcf\xc7\x9b/?*\
\x1f\xcf\xea 19Y\xe9\xd8\xfe\xd6\x06\xf9(\xe6\xf1\
k\x1d\xd7\xe9\x1c\xf8WY2h\x11j\xb6\xa1\xb2\x9a\
v\x8cD\x1bBu\xb3|\xf7\x11,-\x99\x05eK\
\xf21\xbb|\xe9\x5c\xfcq\xba\x06WZ\xecXp\xe7\
d\x14L\xd0\xa6\xe6\xf5\xf7\xf6\xe0zo\xe4\xc9\x1a\xc2\
\x08rQ\x0d`s\xc9}\x89~e#\xbc>\x1f\xd6\
<\xf3>v~\xf0<fL\x99 Kr1.Y\
8c\xa0>x\xbc>l+?\x80\x1f\x8e\x9e\x8e\x98\
\x8b6\x10\xd5\x00:2b\xa8\x05\xe8\x85\x100)B\
|\xb8\xb0\x11\x8f\xac,\xc6\x9a\x15\xc5j4\x94\xf9\x0e\
\xda\xae\x7f\x9d\xbf\x84w>\xfa\x0a\x97\x1a[\x95a\xfe\
\xe5T\xde<\x05\xdc\xbd\x06\xff\xa7\x83\xfeS;a\xa2\
:\xf0R*b\x14m\xec\xdd\x17\xfb~\x96\x1f\xdeb\
\xd6\xb4d$\x99M\xa8\xbf\xd2\x06\xfe\x1f\x18\x84\xc2\xc0\
\x83,c)D\x05\x1d+_@\xb8u\x96\xbbWj\
 ]\x9dm\xf2<\x83Sc\xe5\x16\x10\x10\xc9\x07\x83\
\x22\xc4\xbf\x1c\x91(Gn\xf8\x92\x08\x9e\x9bS&\xc6\
bbl\x1d\xdfX\x98\xb8og\xe2\xee5\x9c(\x12\
q\x03\xc1\xc3\xe7G\xc2+\xba\x15,\xc6\xd6\xd1uI\
\xden|i\xe8\xf7\xb9\x83\xad\xf3]\xab\xa9\x95\xce \
\xdda\xd1\x1b\x09\x92f-\xb7\xe5\x19( \x9d\xdc\x90\
2\x06cQeH\xf1\xe6\x9c\xfb\xf4\x09\xe6\xf1\xd6.\
C\x8d\x8d\xfat\x81/\x0d|7\xe0\x85\xfc\x8c61\
8c\x10\x16\xf41F\xc1\x94\x92sQX\xbc\xbe\xdc\
\xd2w]\x14\xaf6\x1c\xb7\xd1\xedH\xbe\xa0\xdc\xe2\xab\
\x19\x15\xbb\xe8\xc8\xc8]4E\x17+\xf8\x84\xe2g\x8f\
&$6w\x0bN8\xd0\xd6r\xc2\xe9\xf3\xb94\xc5\
6\xdaQ\xd0\x1bL\xae\x1cs\x91\xb5\xb2\xf2\xb9\x9e\xc9\
\xa5\xfbc\x84\xe2\xd2\xfd\x09\xb0\xa7\xb9\x91f\x8f\xa3\xcb\
\xb8\xdf\xddS\xdfC\xd7s\xdd-\xba\x9e{R\xd2\xf3\
\xb3:\xfb\xec\xfdf{~\xaf?\xada\xcc\xff\xcf\xc4\
G\xb0#\xde\x1e\x8b\x00\x00\x00\x00IEND\xaeB\
`\x82\
\x00\x00\x04%\
\x89\
PNG\x0d\x0a\x1a\x0a\x00\x00\x00\x0dIHDR\x00\
\x00\x00,\x00\x00\x00,\x08\x06\x00\x00\x00\x1e\x84Z\x01\
\x00\x00\x00\x01sRGB\x00\xae\xce\x1c\xe9\x00\x00\x00\
8eXIfMM\x00*\x00\x00\x00\x08\x00\x01\x87\
i\x00\x04\x00\x00\x00\x01\x00\x00\x00\x1a\x00\x00\x00\x00\x00\
\x02\xa0\x02\x00\x04\x00\x00\x00\x01\x00\x00\x00,\xa0\x03\x00\
\x04\x00\x00\x00\x01\x00\x00\x00,\x00\x00\x00\x00\xdf\xa6\xc5\
\x99\x00\x00\x03\x9bIDATX\x09\xed\x96IH\x95\
Q\x14\xc7}*EY\x0e)\x14\xa5Bj\x83\x15\x12\
M\x90\xd1@\x19E\x09m\x8c\xe0\x15D\x05E\xc3\xa2\
6%\x11T\x10\x14\x11-\xa2E\x0b\xc3j\x95\x8b\x08\
#(Tp'\xb5\xc8)\xc1f\x87\x10\xa7\x08\xcar\
\xca\xfc\xfa\xfd\x9f\xef{~\xfa\xde\xf7\xf9\xda\x15\xdc\x03\
?\xeep\xce=\xf7\xbcs\xef=\xdf\x8b\x891b2\
`2`2`2`2`2`2`2\xf0\xef\
f\xc0\x17Mh\x96e\xcd\xc2.\x0bR \x0e~@\
\x9b\xcf\xe7\xeb\xa6\xfd+\xc1\xd7l\x16dC\x12\xc8\xd7\
w\x90\xaf^\xda)\xc53`\x9c'\xe3\xa1\x00\xd6A\
\x0eh\x1c\x0f}\xd0\x06\x8dP\xc9f\x1fi=\x05_\
\xa9\x18l\x87\xb5\xa0\x1f/_\xb1 _\xadP\x0f\xf2\
%\xbf\xae\xe2\x1a0\x1b,d\xd5Q(\x84%\xf0\x01\
:a\x04\xe6\x80\xe6~B%\x94\xb2Q5mD\xc1\
\xd7b\x14\xc7`\x17(\xd8\xf7\xd0\x05\xbf!\x0d\xa4\xff\
\x06\x15P\x82\xaf\x1a\xda\x88\xa2l\x85\x09\x1b\xcce\xf2\
<\x1c\x00\xfd\xe2\x9bP\x0bv\xc0\xcaV.\xec\x84\xfd\
\x90\xc9\x9a~6zI\x7f\x820\x9f\xce\xc4\x05\xd8\x07\
\x0a\xf4\x06\xd4\x81\x02\x1e\x05\xf9Z\x01\xf2u\x10\xd2Y\
s\x16_\xcaxt\xc2\x82b\x18\x82f\xf0\x83\xee\xf0\
\x04a.\x0e6A9H\x9e@\xa2\xd3\x88\xb1\x0f\xae\
\xc0/h\x80\xbd\x90\xe0\xb4Q\x9f\xb9x\xd8\x0a\xcfA\
\xf2\x10fN\xb6\x8b8\xc6p>\xb4\x83\x02>\x0c\xae\
\xd7&\xb8\xd9*l>\xc10\x14A\x0e\xac\x84\x5c\xc8\
\x83.\xe8\x07\x7f\xc4\x0d\x1d\x93\xd8\xe4C\x07\x0c\xc06\
\x87*\xd4\x0d]\x09\x0cv0\xab\xfb\xb4\x142\xa0\x01\
\xca8\x1a\x8b\xd6U\xd0\xd7\xb2\xb6\x1c\x83\xd3p\x06Z\
@'2\x04\xaa\x02\xba^\xba\x93\x8f\xc0S\xf0U\x83\
\xafg\x18\x1d\x81\xe3\xf4\xe7\xd1\x0e\xc3St\x03\xb4\xe3\
\x82R\xc6\xef\xa0\x07$w\xc6\xb5\xde=l\x0b\x03+\
,k\x94V\xd9\xae\x8370\x08\x92\xeb\xde\x1e\xc6\xb5\
\xd8\xfa\x03+,\xab\x8fV\xf14\x81\x1ex@B\x19\
f\xa4\x9a\xaaW;=\xa0\x19\xab\xb5\xc1\xee\x94\x8d\xea\
\xb2\xa4\x07.\x81j\xeb\x0c8\x09\x1b\xc0\xd6\xd3\x9dR\
l[U#\xc5\xa4\x93R\x96\x03\xe2\x0c\xf823z\
\xb1\xbbAG\xbb\x0c\xa2\x95\xdc\xa0a\x13G\xf7\xc0^\
Df\x16\xd1W\xc0\xb6\xdeVy\xb5\xf6\xbe\xaf0\xba\
\x0a\x0a\xf6\xb3\xeb\x026Y\x0d:\xca^\xc8s5\x0c\
*\xb0I\x82j\x90\x14;\xed\x19\xab\x8a\xa8B\xe8!\
\xe9mx\x0a6\xa9\xf0\x02$'<\x8dm%\x86\xd3\
\xc0.Ue\xf4U\xe8#\x0a\xbaD8\x07\xaa(-\
\xa0\x8c\x86\x84q\x02T\x81\xe4\x1ed\x86\x94\x93:\xe8\
\x92\xe1\x22\x8c\x80\xee\xbf\xab\xed\xa4\xa5\x81\xba\xa8\xf2\xd2\
\x08\xc3p\x1f\xf6@\x06\xa8^\xc6\x822\xb1\x11Tc\
\xbb\xe1+\xe8\xbe\x86\x09\xf3\xaa\xafoA\xa7V\x02z\
\xa0\x0b\xc0\xf6\x95F\x7f3\x5c\x83/\xa0G\x7f(\xcc\
Qp\xc2\xb5\xc6\xb2\xa8\x08\x9bS\xa0;\xf8\x1a\xf4u\
\xea\x04=\x06}\x9au\xd7\xf2\xa1\x03J\xe1\x16\xf7\xd7\
~0\x0c\xc7\x04?\xda\xc3\x0f:b\xfd'\xd1\x17L\
8\xbft\xcb\x19\xaf\x07\x95\xc4\xbbp\x1b_\x83\xb4a\
\xe2\x15\xb0t[\xa0\x10\x9c\x7f~T[\x15X\x1b\xa8\
VW\xc1c6\xd0\xff\x8a\x88B\xd0\xb1(\x0a@\x0f\
z\x0ddC2h\xbe\x0fZA?\xa2\x02\xca\xdd\x82\
E\x17\xe3\x1a\xb0\x94\x126\x93c{\x93\x14\xfa\x0aX\
\x9b\xb4C\x03\xce\x95\x95\xa8\x04_:\x19\xf9\xca\x02\xf9\
\x95/\x95@\xfd\xf8z|\xc9\xa7\x11\x93\x01\x93\x01\x93\
\x01\x93\x01\x93\x01\x93\x01\x93\x01\x93\x81\xff6\x03\x7f\x00\
h/q\x15\xe8;3\xcb\x00\x00\x00\x00IEND\
\xaeB`\x82\
\x00\x00\x0aG\
\x89\
PNG\x0d\x0a\x1a\x0a\x00\x00\x00\x0dIHDR\x00\
\x00\x00,\x00\x00\x00,\x08\x06\x00\x00\x00\x1e\x84Z\x01\
\x00\x00\x00\x01sRGB\x00\xae\xce\x1c\xe9\x00\x00\x00\
\xc6eXIfMM\x00*\x00\x00\x00\x08\x00\x06\x01\
\x12\x00\x03\x00\x00\x00\x01\x00\x01\x00\x00\x01\x1a\x00\x05\x00\
\x00\x00\x01\x00\x00\x00V\x01\x1b\x00\x05\x00\x00\x00\x01\x00\
\x00\x00^\x01(\x00\x03\x00\x00\x00\x01\x00\x02\x00\x00\x01\
1\x00\x02\x00\x00\x00\x15\x00\x00\x00f\x87i\x00\x04\x00\
\x00\x00\x01\x00\x00\x00|\x00\x00\x00\x00\x00\x00\x00H\x00\
\x00\x00\x01\x00\x00\x00H\x00\x00\x00\x01Pixel\
mator Pro 3.6.6\x00\
\x00\x00\x04\x90\x04\x00\x02\x00\x00\x00\x14\x00\x00\x00\xb2\xa0\
\x01\x00\x03\x00\x00\x00\x01\x00\x01\x00\x00\xa0\x02\x00\x04\x00\
\x00\x00\x01\x00\x00\x00,\xa0\x03\x00\x04\x00\x00\x00\x01\x00\
\x00\x00,\x00\x00\x00\x002024:08:1\
4 15:11:18\x00\xd7r\x9a\xe8\x00\
\x00\x00\x09pHYs\x00\x00\x0b\x13\x00\x00\x0b\x13\x01\
\x00\x9a\x9c\x18\x00\x00\x03\xb0iTXtXML:\
com.adobe.xmp\x00\x00\x00\
\x00\x00<x:xmpmeta xml\
ns:x=\x22adobe:ns:m\
eta/\x22 x:xmptk=\x22X\
MP Core 6.0.0\x22>\x0a\
   <rdf:RDF xmln\
s:rdf=\x22http://ww\
w.w3.org/1999/02\
/22-rdf-syntax-n\
s#\x22>\x0a      <rdf:\
Description rdf:\
about=\x22\x22\x0a       \
     xmlns:tiff=\
\x22http://ns.adobe\
.com/tiff/1.0/\x22\x0a\
            xmln\
s:exif=\x22http://n\
s.adobe.com/exif\
/1.0/\x22\x0a         \
   xmlns:xmp=\x22ht\
tp://ns.adobe.co\
m/xap/1.0/\x22>\x0a   \
      <tiff:YRes\
olution>720000/1\
0000</tiff:YReso\
lution>\x0a        \
 <tiff:XResoluti\
on>720000/10000<\
/tiff:XResolutio\
n>\x0a         <tif\
f:ResolutionUnit\
>2</tiff:Resolut\
ionUnit>\x0a       \
  <tiff:Orientat\
ion>1</tiff:Orie\
ntation>\x0a       \
  <exif:PixelYDi\
mension>44</exif\
:PixelYDimension\
>\x0a         <exif\
:PixelXDimension\
>44</exif:PixelX\
Dimension>\x0a     \
    <xmp:Metadat\
aDate>2024-08-14\
T15:11:51+02:00<\
/xmp:MetadataDat\
e>\x0a         <xmp\
:CreateDate>2024\
-08-14T15:11:18+\
02:00</xmp:Creat\
eDate>\x0a         \
<xmp:CreatorTool\
>Pixelmator Pro \
3.6.6</xmp:Creat\
orTool>\x0a      </\
rdf:Description>\
\x0a   </rdf:RDF>\x0a<\
/x:xmpmeta>\x0a\xb4\x1f\x80\xfa\
\x00\x00\x05^IDATX\x09\xed\x96[\x88UU\
\x18\xc7\xd5\xecf\x96h6B\x1a\xe9d\xde\x10\xb2\x14\
\xc4,$!\x93\x0a\xc2\x021\xa8\xb0T\x10\xc2\x87\x92\
\xa2\x87 \x14\xc4\x08\x83\x1e\xca\xa0z\x0e\xaa\x07\xa1\x0b\
\x16!\x8d/\x95X\x04\x19]\x10c\x82@S\xd1\x9a\
I\xbb\xa9\xf5\xfbm\xf7wZgf\xef}\xce\xf6\xe8\
\xdb\xf9\xe07k\xed\xb5\xbe\xf5\xad\xff\xfa\xd6\xe5\xcc\x88\
\x11]\xebf\xa0\x9b\x81n\x06\xaa20\xb2\xaa\xb3F\
\x9fq\xfe\xcd\xfd\xc7P\xde\x01K\xe0F\xb8\x0c\xce\x80\
>\xc7\xe0k\xf8\x04\xf6BX:>\xda\x0aK\x1d;\
\xb1\x18\xaf\xd8Ka\x15\xac\x85\x09`\xdf\xa8\xbc\xa4\xc8\
L\xbf\xd3\xe0\x02\x0e\xc0+\xf01h\xfa\xda^i1\
a\xa5SAg:N\x11Sa3\xdc\x0e\x7fA\xda\
\xcfg\xa1\x85\xcf\x0ez\xb7\xc0\x00\xb4\x14}Qa\xa8\
\xe2F\x83]\x0c1\xd1h\xeafk\x16\xbc\x0c\x0b\xe0\
\x04\xb4\x1b\xd3\x85\x9e\x82\xf90\x17v\xc3Ip\x1e\xfb\
\x0a\xad\x9d\xe0\x0a\xd4\xcf\xed\x8a\xed4\xa0\xdf\x13\xe1U\
\x98\x03\x8au\x11\xed\x9aq\x15\xf7\x07\xcc\x80\xe9\xf0\x11\
\xfc\x03\x91\x14\xaa\xcdV\xda\x91\xbb\xd9\x1f\xab\xed\xa5\xbe\
\x1c\xa6\x81\xe7\xd5-\x9c\x0cK\xe1w\xa8#\x16\xf7&\
S\xe48x\x11^j\xea\x19\xf2Q%8\x15\xfb$\
\xe3\xee\x85)\xe0+\xe0\x22\xcc\x8e\xe7U\xac\x87\xc5\x02\
\xe3\xdb\xb2j\x1e\xfbc\x8cGd\x05\xec\xb7\xb1\xc8Z\
\x1d\x09'\xda\x06\x0f\x817\xdf\x80\x0a\xfc;/=\x22\
\xa9X\x8f\x89\x99v\x07,\xc59\xf4ST\x99\xf0h\
\xbf\x1c\x1f\xc7\xec\x82BK'+rXK\xe3\xfd\xa0\
\x10E\x1a\xd81)|f\xa6\x8fo\xae>\x07a\x0f\
\xec\x83A\xb8\x04\xe2\x1eP-4\xc7\xb9\xb0epe\
\xa1\x07\x8d\xae\xa6\xccz\xe8X\x0f\x0a\xa9\xca\x8e\xe3\xf5\
1\xab\xc7a;\xbc\x09\xdex\xad\x176\x82\xe7?D\
GFij2\xe3\x5c\x01\xb7\xc1N\xd0/\x8e\x0b\xd5\
\xe6\xed\xcc\x1a\xf8\xe3\xd3\xa5\xdd\x0d\x0e6H\xd9\x04t\
5\x16\xf3'\xf5\xe7\xe0\x0d\xf0\xe6;\xc6\x9d\xf8\x116\
\xc0\xbb`\xa6\x9b\x04\xf0\x9d\x9a}&\xf1\xa6\xbcq\xd8\
\xbc\x06\x0c\xb3\xd3\x0cxc\xb5\x19\xd0j\x02\xfd\xdc\xc6\
\xf1\xe0\x0f\xc0{\x101\x9d\xdc\xc5*\xc0\xd2\xb7\xba\x1f\
\xbc\xb4~\x97\x99\x1a\xae\xcf;\x87\x09\x8e#\xe1$\x06\
qrW\xb7\x18\x16\xe5\xdf\x14\xa5\xa6('\x18\x00\xcf\
\xac\x96.\xdao/\xaa\xbbv\x00\xbe\x87\xe9Pf\x11\
ol\xe2\xa0h\xdb3Sp\x88\xf5\xc2<\x01\x1e\x85\
)\xe0\x02\xcc\xf6\xb0U\xd2\x16f \xc5\x1c\x81\xa3y\
cQ\xf6bB/\xa3\x977v!\x1f\xd2T\xd8?\
\x1b\x1e\x06\xef\x82cCc\xa3\xa2\xd8\xad\xb0\x0e\xae\x05\
\xcf`+\xb1\xb84.\x85\x17\xce\xe3\xa3\x15-0\xda\
\x9c\xc7\x1d\x88\x05\xe8\x9f\x9a~\xee\xf2U\xf0,\xbc\x0e\
\xd7\x81Ip\x5cc\xa5\x8fQ\x7f\x00\xe2\x8d\xb53&\
\xa1Zj\xfa\x98\x11\x17\xd9\x9b{\x0d\xcd\x9e\xdf\x8a\xd0\
\xf4\xa9\x12\xac\x8f1c\x97\x96R\xf7\x97\xcf\x1d7\xc6\
(\x07\xbb\x02\x1bc\xd5C'\xa4\xab\xd2\x1c\xe7$\xbe\
\x9d}\xe0y\xf6\x98\x18'\x16\xeed\xf7\xc1J\xd0b\
\xcc\xd9\xaf\xe1\x7f\x8d\xa7\x8f\xc9\xb8\x01\xc6A\x1f\x9c2\
\xe0\x83\xe0J<\x02u\xc52$\x1bc\xe0i\xa0\xe8\
/\xc1\x7f\x84\xccR\xe0\x7fr\xcf\xc0d\xd0\xb7\x9dy\
\x14\xad\x9f\xcf\xe5<\xf8\x02\xfa\x15\xecEsK[\xad\
\x1a\x97RK\x03\xcf\xc5\xcbo\xcf\xe1T\xb8\x07\x9e\x02\
\x17\xe4\xddp\xce\xba\x16Oc\x9f\xab\xf8\x0c\xae\x06\x05\
wbf\xd3]\xf2\xff\x019\x0e\x1e\x0d\x9f\xa8\xdf\xc0\
\xf8N\xec\x9cu,\x12i\x8c\xbb\x0c`&:\x11\x1b\
c\x15y\x0d\x98\xc5C\xe0O\xb3\x99\xf6\xfc\xf6\xe4\xa5\
\xff\x86\xfa.\xd7\x11\xad\xaf\xc9\x98\x04c\x15\xec\xcb`\
y.\xa6X\x9f4\x85\xb9S\xef\xc3\xb7\xa00\xb3\xed\
d\xf6+x!\xac\x00/\xb9\xe7\xb2\xaep\xe7\x18c\
\xc0\xb7\xe1f0\x13uV\x8e{\xb6\xf5\xfb(_\x00\
/\x85Y\x8d\x8cSm2\xdfiws%<\x0e\xfe\
\x9f\xe2n(\xa4\x95\x99a\x7f\xd2o\xd5y\x17\xf8\xa0\
\xdb\xd8\xae)\xca1;\xc0Wf7\xf82\xd8\xee\xa2\
\xd3\x85G\xdd\xd7\xe1(l\x87G\xe0'\xf0\x18\x99\xa8\
*3\xa6'\xe0;\x18T\xb0\xdb\xf8\x0bxA\xda\x11\
\xad\x8f\x99\xfa\x00\x9e\x06\x85\x1a0\xf0\x15\x90\xf4;\xea\
Q\xfa\xf4m\x00\xe75\xd3U\xa2=Z^\xdc\x9d0\
`\xe0Apk\x96\x83gK\x8b\xac\x9c\xfd\xfa\xff\xaf\
\xabuk\xf7\xc2\xa3\xe09\xb4\xcdE\xd4\x01\xf7L\xac\
Y[\x06\xf1\xd4\xa5\xf3Z\x0f\xb1?S\xdf\x02\xbf\xba\
b\xed-\x98\x05k\xc0\xe7H!\xd1G\xb5a\x8ar\
'>\x87[\xc0\x89\x14\x5c\xd7\x14cV\x8d\xf5\x0d,\
\x02w*\x84S\xcd\x1e\x03\xcf\xad~\xcfC?\x8ct\
\xa0\xc7B!v\xbaM\xeb\xc1,\xfa\xee\xd9/\xa9\xe9\
\x7f\x18\x1cc\xdf\xb9\x08fXc\xac\xf3\xfa\xd3\x1b\xc7\
\xc2x2\x1e\x8e\xc1&x\x07l\xcb\x04S6D\xbb\
\xc2%\xb0\x1a\xee\x04EyY,\x1d\x10\x96f\x22\xda\
\xea\x96\x99\x00\x06Y\xc6\xe2M\x86\xc9\xd2>\x84\xd7`\
\x8f\x1fX\x96\x9c4{\x91i;\xbdT3a1\xcc\
\x81\x1e\xf0=\x0d\xffT<\xcd\x1dY\xc4\xf4\x18\x1e\x81\
\xaf\xe0S\xf8\x01\xbc_Z&6*YK\xc1\x1f\x9d\
\x5c\xadg\xd9\xc5D`\xaa\x17\xcc\xcc\xb4\x17\xcd]=\
\x9fI\xb9`\x82\xbb\x81\xbb\x19\xe8f\xa0\x9b\x81\x0e3\
\xf0\x1f\xde\x10>GS\x06\xab\x19\x00\x00\x00\x00IE\
ND\xaeB`\x82\
\x00\x00\x0a\x89\
\x89\
PNG\x0d\x0a\x1a\x0a\x00\x00\x00\x0dIHDR\x00\
\x00\x00,\x00\x00\x00,\x08\x06\x00\x00\x00\x1e\x84Z\x01\
\x00\x00\x00\x01sRGB\x00\xae\xce\x1c\xe9\x00\x00\x00\
\xc6eXIfMM\x00*\x00\x00\x00\x08\x00\x06\x01\
\x12\x00\x03\x00\x00\x00\x01\x00\x01\x00\x00\x01\x1a\x00\x05\x00\
\x00\x00\x01\x00\x00\x00V\x01\x1b\x00\x05\x00\x00\x00\x01\x00\
\x00\x00^\x01(\x00\x03\x00\x00\x00\x01\x00\x02\x00\x00\x01\
1\x00\x02\x00\x00\x00\x15\x00\x00\x00f\x87i\x00\x04\x00\
\x00\x00\x01\x00\x00\x00|\x00\x00\x00\x00\x00\x00\x00H\x00\
\x00\x00\x01\x00\x00\x00H\x00\x00\x00\x01Pixel\
mator Pro 3.6.6\x00\
\x00\x00\x04\x90\x04\x00\x02\x00\x00\x00\x14\x00\x00\x00\xb2\xa0\
\x01\x00\x03\x00\x00\x00\x01\x00\x01\x00\x00\xa0\x02\x00\x04\x00\
\x00\x00\x01\x00\x00\x00,\xa0\x03\x00\x04\x00\x00\x00\x01\x00\
\x00\x00,\x00\x00\x00\x002024:08:1\
4 14:51:23\x00a\xfb\xbf\xf2\x00\
\x00\x00\x09pHYs\x00\x00\x0b\x13\x00\x00\x0b\x13\x01\
\x00\x9a\x9c\x18\x00\x00\x03\xb0iTXtXML:\
com.adobe.xmp\x00\x00\x00\
\x00\x00<x:xmpmeta xml\
ns:x=\x22adobe:ns:m\
eta/\x22 x:xmptk=\x22X\
MP Core 6.0.0\x22>\x0a\
   <rdf:RDF xmln\
s:rdf=\x22http://ww\
w.w3.org/1999/02\
/22-rdf-syntax-n\
s#\x22>\x0a      <rdf:\
Description rdf:\
about=\x22\x22\x0a       \
     xmlns:tiff=\
\x22http://ns.adobe\
.com/tiff/1.0/\x22\x0a\
            xmln\
s:exif=\x22http://n\
s.adobe.com/exif\
/1.0/\x22\x0a         \
   xmlns:xmp=\x22ht\
tp://ns.adobe.co\
m/xap/1.0/\x22>\x0a   \
      <tiff:YRes\
olution>720000/1\
0000</tiff:YReso\
lution>\x0a        \
 <tiff:XResoluti\
on>720000/10000<\
/tiff:XResolutio\
n>\x0a         <tif\
f:ResolutionUnit\
>2</tiff:Resolut\
ionUnit>\x0a       \
  <tiff:Orientat\
ion>1</tiff:Orie\
ntation>\x0a       \
  <exif:PixelYDi\
mension>44</exif\
:PixelYDimension\
>\x0a         <exif\
:PixelXDimension\
>44</exif:PixelX\
Dimension>\x0a     \
    <xmp:Metadat\
aDate>2024-08-14\
T14:52:01+02:00<\
/xmp:MetadataDat\
e>\x0a         <xmp\
:CreateDate>2024\
-08-14T14:51:23+\
02:00</xmp:Creat\
eDate>\x0a         \
<xmp:CreatorTool\
>Pixelmator Pro \
3.6.6</xmp:Creat\
orTool>\x0a      </\
rdf:Description>\
\x0a   </rdf:RDF>\x0a<\
/x:xmpmeta>\x0a\x89_Z]\
\x00\x00\x05\xa0IDATX\x09\xed\x97K\xa8\x95U\
\x18\x865\xbb\xa7F7I$\xa2@\xbbbG*\xb2\
\x94#\x158\xe8\x02\xd1$\x82 \x02\xc5A\x13\x9b\xd4\
(P\x8a\x06\x95\x114\xb0\x88\x06\x19\x05e\x92ML\
\xb2\xd42\xa8\x14J-3/\xd1\xc5\xd4\xa24\xb5\x8b\
v\xefy\xf6\xfe_[\xfeg\x9f}\xf69\xa9\xc7\xc0\
\x17\x9e\x7f\xdd\xd7\xfa\xfeo}k\xfd{\x0f\x19rT\
G=\xf0\xff\xf6\xc0\xd0Ch\xfe1\xcc}2\x1c_\
\xad\xf1\x1b\xe9>\xf8\xa3*\x0f(9X\x06k\xdc_\
\x95\x05\xa3H\xaf\x87\xcb\xe0\x028\x03\x5c\xe7\x07\xf8\x0c\
>\x80\xf7`\x13(\xc7\xaa\x8co\x96\x0e\xe13\x0b\x9e\
\xc8\x1a3`9\xec\x04=)\xbfW$\xbf\x9b\xf2J\
\x98\x05c \xca<)\x1f\xd4\xd4\xc9\x8f\x85,r\x0e\
\xf9y\xb0\x0b\xf4\x94\xc6\xfd\x02\x1a\xbe\xb5b\x07\xe9^\
\xb0\xcd>\xb6/\x07w#\xca|)\xf7H\xfb\x13\x12\
N\xd6j\xdb\xce\xa3~.\x5c\x07\xc3@\xa3?\x84%\
\xf0)\xec\x01\xc7\x9d\x06\x17\x83\x06N\x80SAm\x86\
{\xe1U\x0b\xa8\xb7u\x9a\xad\x1d>\xebo\xaeGe\
\x1c,\x80l\xfb:\xf2\xd3@\xef\xf7\xa6\xe14L\x87\
\xb5\xe0A\xfc\x13|\xb1\xab@\xb5\x1b\xdb\xec\xd1\xe1s\
$\xfd\xee\x82y\xf06\xbc\x0b\xab\xe0Gp\x9b\xf5\xea\
\x95\x10\xb9\xb0\xb7\x84\xb1\x1dJc\xba\xa8_\x01y\xd9\
7\xc9\xa7=)U\x03\x93\x93/\x04O\xba\x1eq\x8b\
M\xc3\x97\xe4\xaf\x05\xe5n\xe4*kT\xd4\x1e\x1a\x93\
\x1d\xbb\x94\xfc\xc7\xe0|\x1e\xc6\x99\xa0\xd2\xde,u\xf8\
\xcc '\xf5\x1a\xd2\x8b\x1a\xf83x\x906\xc0\x96*\
?\x8b4\xea\xc4;\x99\xdb1\xd3\xc08wnw-\
\xe3\x93R\xd5\xb72\xa1\xf16\x1f4\xd6\xad\xfb\x1c\x1e\
\x80\x89\xe0\x012\xee\xba\xc1\xadW\xfdY$k\x9c\xc9\
\xb8\xa5\xa0\x97\xbf\x85r\xa7(\xf6-'\xca\x96\xdeJ\
\xfe;p2\xb7\xfd\x16\xe8M\xfd1\xd69b\xb0\xf9\
\xd9\xf0+\xb8{\x0fB\xaf\xaa/\xe2$\xe2\xe9U\x93\
\xc1\xeb\xc7\xf2b0\x8e\x95\x1e\xd5\xebY\xd4v\xcb\xfd\
\x91N\x88>\x22cXx\xf5\x8dMe\xab\xb44\xd8\
\xc5\x9dD\x0c\x85)p5\x0c\x03?\x00\xaf\x80r\x8c\
\x97\xfe\xc1P\xd6t\xf7\xf4\xae\x9fq\x1d\x14\xb9V\x9f\
\x8ep\xdb\x97\x81\xa1\xe06\xf9\x02\x1e\xb2\xd3A\xc5\xab\
\xcdR\xeb\xa7}:\xe9\x17\x87y\x1e6\x83ky'\
\xeb\xac\xa8\xed<w\xd3k;xb}3\x8d\xde\x08\
/B\x06&\xa5\xea?+su1\x93^\xfe\x1b\xf6\
\xc16x\x0c\xbc\xfbU\xfa5K\xd5\xf3fR;\xfa\
\x96\xc6\xd3|\xb8\x11\xe2Y\xb2\x1dk\x14=\xb3X\xbb\
A1d4\x9d\x9e\x84/\xc0\xd0\xd0\x06\xc3NG\xe5\
\x06\x22\xfb\xaf4\xca\x03eG\x078x\xa0\xba\x83\x81\
+\xe1Y\xc8m\x13\xc3Z\xcdY\xb6]H\x87\xc7\xc1\
\x10t\x975ZO\xf7\xd0\x0d\xd4\xb8%vZ\x0d\xf1\
\xaa\x0b:a9)\xc5\x1e*\xdb\xfdm\xe1\xd6\x1aN\
~tT\xd9\xde\xaci\xff\x9cN\xb3w\xb2\x0e\xd4\xae\
\xcb\xa1\xa1Lt\x11%O\xa8\xd7\xd3\xfb\xb0\x13\x94q\
\xec \xe9D\xce\xe7\xad\xa2\xc1~h\xf2\xe2d;R\
v\xe4iz\xbb\xe3:\xf0,\xb8\x1d\x1a\x8a\xc1\xc6\x9b\
\x9d\xed\xb0\xa9\xd1\xd2\xbc\xbe:5\xb4\x1a\xd2H\xca1\
:\xa0?\xb2\x7flZD~\x0f\x9c\x00\xde\x22\x0d\xa5\
Q\x8fD\xa9K\xb9\xbf\xe9\xd0b\xc0@\xe6\xca\x98\xaf\
\x98\xc7\x1b\xc3\xf9N\xc9\x9ci4\x04l<\x0e\xc6W\
\x8d\x86C\xee\xc9\xaa\xea\xb0&\x86SBd\xffN\xc5\
\xe054~\x03\x1a<\x09\xae\x01\xa5\xd1\x87[Y\xf3\
&\x16\x1e\x01\x9e\x05\x0f^C1x\x15\xa5w\xc0\xf8\
\x1b\x03s\xa0\x1b:U\x19\xb7\xe5\x98\xd4'-\xdbz\
\xcb\xbb\xab3\xe16\xd0\xc3\xee\xfe\xcb\xd0P\xb6\xdc\xfb\
\xee)\xb8\x02.\xa9\xd2\xe7H\xdf\x80\xf5\xe0 \xdf\xb4\
\x94q\xef\x8d`\xfdZ\xf0\x87x]q\xc8H\x1a\xa6\
\xc0\xd9\xb0\x17\xca8\xa7\xd8\x90\xffJl\xd7\x86I\xe0\
\x0f!\x7f\x1a\xbc\x06\x8b\xa1\xa5\xa6Rkx\xd8Q\xaf\
\xe4\xf2\xd6\xe0\x1d5\xbe\xa7\xec?\x10C\xe9!\x88\xfc\
\x91\xe4\xd8m\xd0]U\x8e']\x07?\x81\xf7s}\
.\xcb\xbb\xc0s\x94u\xbd!\x16\x80\xb1\xbc_\xf1p\
*^'\xf35\xdc\x07.\xe6\xddl\x5c\x0f\x87\xbaW\
\xf4\xb0\x1e<\x09\xec\xd7N^M\xde\xa7~f\xdd\xe6\
\xfa\x5cT5\xeen\xe3W\xc3\xb7\xc2K0\x07\xdc}\
\xd7\xf1E\x0e\xb8\x05R\xf9\x09\xf5wB\x17x\xf8\xfc\
\xa8\xf8\x93\xcfEK\xc5`\xb7xI\xd9P\xe4\x1b\x8b\
Pv\x17\x9e\x87\xf3\xc1O\xbf\xa1T\xca\xb9\xf4\xae\xde\
w\x87\xdf\x82-\xa0tj\x0eb\xa3\xa2\xfe\xa8{\xbd\
\xde\xde\xae\xec\xd82$&\xb6\xeb\xdcA[\x0f[\xf4\
j]\xbe\x8d\xf5n]\xab\xf6\xf4\xb7}\x06<\x0a\xe3\
\xaa\xcaz\xff,h\xdf\xe9\xf0\x08\xec\xffjUc\xea\
\x89c\xb2v[\xcf\xd6\x07\xa6\xac\x11%1b\x02\xf5\
\x1b\xc0I\x97\xc2hP\x0b\xc1P\xd8\x0e\xf9\xd12\x9b\
\xfcn0|\xcc\xab\x18U\xce]\x7f\xe1f\xcf\xe2\xd9\
g\x07\xfa\xbaxI\xdez\x1b\xf5\xab\xc1\xf8\xeb\x86y\
p.xh\x94\xfd\x1c7\x13\xee\x81\x11\xe0\x18\x7f\x5c\
\xa9\xb4\x97s\x9b?\xa4\x1a\xc5\xec/\x80\x07\xc6\xcf\xe7\
2X\x0c^\x87zx.x\xfdY^\x0fSa\xd0\
\x94\xdd\xf1\xaaz\x06\xbc~4Z\x0f\xfb\x02\x96\x0d\x83\
|X&\x93\x8f26\xe5\xc3\x96&\x9e5\xe0\x09\xf0\
\xc3\xa07\xfd\xf0h\xa8\xac\x82.\x88\x06\xcd\xd8V\x06\
<L\xa5\x1e\x8e\xd1+\xc8\x8f\xad:j\xe8\xa0\x1b[\
\xd9r\x80!\xf7S\xb9\x11\x16\x81\x87Pe'\x9a\xa5\
#\xe4Yz\xcf+\xce\xcf\xb9*\xeb\x9b5G\x9fG\
\xb0\x07\xfe\x01\x01\xb6V\xba\xa6\xe5r\x02\x00\x00\x00\x00\
IEND\xaeB`\x82\
\x00\x00\x15\x9d\
\x89\
PNG\x0d\x0a\x1a\x0a\x00\x00\x00\x0dIHDR\x00\
\x00\x00 \x00\x00\x00 \x08\x06\x00\x00\x00szz\xf4\
\x00\x00\x0a\xd7iCCPICC Prof\
ile\x00\x00H\x89\x95\x97\x07TS\xc9\x1a\xc7\xe7\
\xde\xf4FK@@J\xe8\xbd\xb7\x00RB\x0fEz\
\x15\x95\x90\x04\x12J\x8c\x09AEl\xc8\xe2\x0a\xae\x05\
\x15\x11\xac\xe8\xaa\x88\x82e\xa5\xd9\x10\x0b\x16\x16\xc5\x86\
}\x83,\x0a\xca\xbaX\xb0\xa1\xe6]\xe0\x11\xdc}\xed\
\xbc\xef\x9c\xc9\xfc\xce\x97\x99\xaf\xcc\xbds\xce\xff\x02@\
\x09a\x8bD9\xb0\x0a\x00\xb9\xc2<qL\xb0\x1f=\
)9\x85\x8e{\x060@\x15P\x01\x1d\xd8\xb19\x12\
\x113**\x1c 69\xff\xd5\xde\xdf\x05\xd0\xd8|\
\xcbf,\xd6\xbf\xfe\xff_M\x8d\xcb\x93p\x00\x80R\
\x11N\xe7J8\xb9\x08\xb7!\xe3\x05G$\xce\x03\x00\
u\x08\xf1\x1b-\xc8\x13\x8d\xf1\x0d\x84ib\xa4@\x84\
\x7f\x1f\xe3\xcc\x09\xfe8\xc6\xe9\xe3\x8c&\x8f\xaf\x89\x8b\
\xf1G\x98\x0e\x00\x9e\xccf\x8b3\x01 [#~z\
>'\x13\x89C\x1e\xeb\xc1^\xc8\x15\x08\x11.D\xd8\
\x9b\xc3gs\x11>\x85\xb0un\xee\xbc1\x1e@\xd8\
\x1cY/\x02\x80\x82\x9c\x0e`\xa4\x7f\x173\xf3/\xf1\
\xd3\x15\xf1\xd9\xecL\x05O\xf45n\xf8\x00\x81D\x94\
\xc3^\xf4\x7f\x1e\xcd\xff\xb6\xdc\x1c\xe9d\x0eSd\x90\
\xf9\xe2\x90\x98\xb1|\xc8\xf9\xdd\xcb\x9e\x17\xa6`a\xfa\
\xcc\xc8I\x16p'j\x1ac\xbe4$~\x929\x12\
\xff\x94I\xe6\xb2\x03\xc2\x14{sf\x86Or\x86 \
\x88\xa5\x88\x93\xc7\x8a\x9bd\x9e$0v\x92\xc5\xf3b\
\x14\xb92\xc4\xfe\xccIf\x8b\xc7\xf3\x12\x11\x96I\xb3\
\xe3\x15~>\x8f\xa5\x88_\xc0\x8fK\x9c\xe4|A\xc2\
\xccI\x96d\xc7\x86M\xad\xf1W\xf8\xc5\xd2\x18E\xfd\
<a\xb0\xdfT\xde E\xef\xb9\x92\xef\xfa\x15\xb0\x14\
{\xf3\xf8q!\x8a\xde\xd9S\xf5\xf3\x84\xcc\xa9\x98\x92\
$Em\x5c^@\xe0\xd4\x9ax\xc5zQ\x9e\x9f\x22\
\x97('J\xb1\x9e\x97\x13\xac\xf0K\xf2c\x15{\xf3\
\x90\x97sjo\x94\xe2\x0c\xb3\xd8\xa1Q\x93\x0c\x04 \
\x02\xb0\x01\x87\xae<I\x00\xe4\xf1\x16\xe6\x8d5\xe2?\
O\xb4H,\xc8\xe4\xe7\xd1\x99\xc8m\xe3\xd1YB\x8e\
\xad5\xdd\xd1\xde\xd1\x11\x80\xb1\xbb;\xf1:\xbc\x8d\x1e\
\xbf\x93\x90F\xe7\x94o\xe5o\x00x\x9d\x95\xcb\xe5'\
\xa7|\xa1g\x018\xea\x86<\x96\x96)\x9f9\x03\x00\
U\x12\x00\x97[8Rq\xfe\x84\x0f=\xf6\x83A\x9e\
\x9e2\xa0\x01-\xa0\x07\x8c\x809\xb0\x01\x8e\xc0\x15x\
\x02_\x10\x08BA$\x88\x03\xc9`\x0eR+\x1f\xe4\
\x021X\x00\x0a\xc1\x0aP\x02\xca\xc0z\xb0\x19T\x81\
\x9d`\x0f8\x00\x0e\x83c\xa0\x09\x9c\x02\xe7\xc0%p\
\x0d\xdc\x00w\xc0C \x03\xfd\xe0%\x18\x06\xef\xc1(\
\x04A8\x88\x02Q!-H\x1f2\x81\xac G\x88\
\x01yC\x81P8\x14\x03%CiP&$\x84\xa4\
P!\xb4\x12*\x83\xca\xa1*h7T\x0b\x1d\x85Z\
\xa0s\xd0\x15\xa8\x1b\xba\x0f\xf5B\x83\xd0\x1b\xe83\x8c\
\x82\xc90\x0d\xd6\x85Ma;\x98\x013\xe108\x0e\
\x9e\x0dg\xc2\xf3\xe1\x02\xb8\x18^\x0bW\xc25\xf0!\
\xb8\x11>\x07_\x83\xef\xc02\xf8%<\x82\x02(\x12\
J\x03e\x80\xb2A1P\xfe\xa8HT\x0a*\x03%\
F-E\x95\xa2*P5\xa8zT+\xaa\x03u\x0b\
%C\x0d\xa1>\xa1\xb1h*\x9a\x8e\xb6A{\xa2C\
\xd0\xf1h\x0ez>z)z\x0d\xba\x0a}\x00\xdd\x88\
\xbe\x80\xbe\x85\xeeE\x0f\xa3\xbfa(\x18\x1d\x8c\x15\xc6\
\x03\xc3\xc2$a21\x0b0%\x98\x0a\xcc>\xcc\x09\
\xccE\xcc\x1dL?\xe6=\x16\x8b\xd5\xc0\x9aa\xdd\xb0\
!\xd8dl\x16v1v\x0dv;\xb6\x01\xdb\x86\xed\
\xc6\xf6aGp8\x9c\x16\xce\x0a\xe7\x85\x8b\xc4\xb1q\
y\xb8\x12\xdcV\xdc!\xdcY\xdcM\x5c?\xee#\x9e\
\x84\xd7\xc7;\xe2\x83\xf0)x!\xbe\x08_\x81?\x88\
?\x83\xbf\x89\x7f\x8e\x1f%\xa8\x10L\x08\x1e\x84H\x02\
\x97\xb0\x88\xb0\x8e\xb0\x97\xd0J\xb8N\xe8'\x8c\x12U\
\x89fD/b\x1c1\x8b\xb8\x82XI\xac'^$\
>\x22\xbe%\x91H\x86$wR4I@ZN\xaa\
$\x1d!]&\xf5\x92>\x91\xd5\xc8\x96d\x7fr*\
YJ^K\xdeOn#\xdf'\xbf\xa5P(\xa6\x14\
_J\x0a%\x8f\xb2\x96RK9OyB\xf9\xa8D\
U\xb2Ub)q\x95\x96)U+5*\xddTz\
\xa5LP6Qf*\xcfQ.P\xaeP>\xae|\
]yH\x85\xa0b\xaa\xe2\xaf\xc2VY\xaaR\xad\xd2\
\xa2\xd2\xa32\xa2JUuP\x8dT\xcdU]\xa3z\
P\xf5\x8a\xea\x80\x1aN\xcdT-P\x8d\xabV\xac\xb6\
G\xed\xbcZ\x1f\x15E5\xa2\xfaS9\xd4\x95\xd4\xbd\
\xd4\x8b\xd4~\x1a\x96fFc\xd1\xb2he\xb4\xc3\xb4\
.\xda\xb0\xba\x9a\xba\xb3z\x82\xfaB\xf5j\xf5\xd3\xea\
2\x0d\x94\x86\xa9\x06K#Gc\x9d\xc61\x8d\xbb\x1a\
\x9f\xa7\xe9NcN\xe3M[=\xad~\xda\xcdi\x1f\
4\xa7k\xfaj\xf24K5\x1b4\xefh~\xd6\xa2\
k\x05jekm\xd0j\xd2z\xac\x8d\xd6\xb6\xd4\x8e\
\xd6^\xa0\xbdC\xfb\xa2\xf6\xd0t\xdat\xcf\xe9\x9c\xe9\
\xa5\xd3\x8fM\x7f\xa0\x03\xebX\xea\xc4\xe8,\xd6\xd9\xa3\
\xd3\xa93\xa2\xab\xa7\x1b\xac+\xd2\xdd\xaa{^wH\
OC\xcfW/Ko\x93\xde\x19\xbdA}\xaa\xbe\xb7\
\xbe@\x7f\x93\xfeY\xfd\x17tu:\x93\x9eC\xaf\xa4\
_\xa0\x0f\x1b\xe8\x18\x84\x18H\x0dv\x1bt\x19\x8c\x1a\
\x9a\x19\xc6\x1b\x16\x196\x18>6\x22\x1a1\x8c2\x8c\
6\x19\xb5\x1b\x0d\x1b\xeb\x1bG\x18\x17\x1a\xd7\x19?0\
!\x980L\xf8&[L:L>\x98\x9a\x99&\x9a\
\xae2m2\x1d0\xd34c\x99\x15\x98\xd5\x99=2\
\xa7\x98\xfb\x98\xcf7\xaf1\xbfm\x81\xb5`Xd[\
l\xb7\xb8a\x09[\xbaX\xf2-\xab-\xaf[\xc1V\
\xaeV\x02\xab\xedV\xdd\xd6\x18kwk\xa1u\x8du\
\x8f\x0d\xd9\x86i\x93oSg\xd3k\xaba\x1bn[\
d\xdbd\xfb\xca\xce\xd8.\xc5n\x83]\x87\xdd7{\
\x17\xfb\x1c\xfb\xbd\xf6\x0f\x1d\xd4\x1cB\x1d\x8a\x1cZ\x1d\
\xde8Z:r\x1c\xab\x1do;Q\x9c\x82\x9c\x969\
5;\xbdv\xb6r\xe69\xefp\xbe\xe7Bu\x89p\
Y\xe5\xd2\xee\xf2\xd5\xd5\xcdU\xecZ\xef:\xe8f\xec\
\x96\xe6\xb6\xcd\xad\x87AcD1\xd60.\xbbc\xdc\
\xfd\xdc\x97\xb9\x9fr\xff\xe4\xe1\xea\x91\xe7q\xcc\xe3O\
O\x1b\xcfl\xcf\x83\x9e\x033\xccf\xf0f\xec\x9d\xd1\
\xe7e\xe8\xc5\xf6\xda\xed%\xf3\xa6{\xa7y\xef\xf2\x96\
\xf9\x18\xf8\xb0}j|\x9e\xfa\x1a\xf9r}\xf7\xf9>\
gZ0\xb3\x98\x87\x98\xaf\xfc\xec\xfd\xc4~'\xfc>\
\xf8{\xf8/\xf1o\x0b@\x05\x04\x07\x94\x06t\x05\xaa\
\x05\xc6\x07V\x05>\x092\x0c\xca\x0c\xaa\x0b\x1a\x0ev\
\x09^\x1c\xdc\x16\x82\x09\x09\x0b\xd9\x10\xd2\xc3\xd2eq\
X\xb5\xac\xe1P\xb7\xd0%\xa1\x17\xc2\xc8a\xb1aU\
aO\xc3-\xc3\xc5\xe1\xad\x11pDh\xc4\xc6\x88G\
3Mf\x0ag6E\x82HV\xe4\xc6\xc8\xc7Qf\
Q\xf3\xa3NFc\xa3\xa3\xa2\xab\xa3\x9f\xc58\xc4\x14\
\xc6t\xc4Rc\xe7\xc6\x1e\x8c}\x1f\xe7\x17\xb7.\xee\
a\xbcy\xbc4\xbe=A9!5\xa16\xe1Cb\
@by\xa2,\xc9.iI\xd2\xb5d\xeddAr\
s\x0a.%!e_\xca\xc8\xac\xc0Y\x9bg\xf5\xa7\
\xba\xa4\x96\xa4\xde\x9dm6{\xe1\xec+s\xb4\xe7\xe4\
\xcc9=Wy.{\xee\xf14LZb\xda\xc1\xb4\
/\xecHv\x0d{$\x9d\x95\xbe-}\x98\xe3\xcf\xd9\
\xc2y\xc9\xf5\xe5n\xe2\x0e\xf2\xbcx\xe5\xbc\xe7\x19^\
\x19\xe5\x19\x03\x99^\x99\x1b3\x07\xf9>\xfc\x0a\xfe\x90\
\xc0_P%x\x9d\x15\x92\xb53\xebCvd\xf6\xfe\
lyNbNC.>7-\xb7E\xa8&\xcc\x16\
^\x98\xa77o\xe1\xbcn\x91\x95\xa8D$\x9b\xef1\
\x7f\xf3\xfcaq\x98x\x9f\x04\x92\xcc\x964\xe7\xd1\x10\
\x91\xd4)5\x97\xfe \xed\xcd\xf7\xce\xaf\xce\xff\xb8 \
a\xc1\xf1\x85\xaa\x0b\x85\x0b;\x17Y.Z\xbd\xe8y\
AP\xc1\xcf\x8b\xd1\x8b9\x8b\xdb\x0b\x0d\x0aW\x14\xf6\
.a.\xd9\xbd\x14Z\x9a\xbe\xb4}\x99\xd1\xb2\xe2e\
\xfd\xcb\x83\x97\x1fXA\x5c\x91\xbd\xe2\xd7\x22\xfb\xa2\xf2\
\xa2w+\x13W\xb6\x16\xeb\x16//\xee\xfb!\xf8\x87\
\xba\x12\xa5\x12qI\xcf*\xcfU;\x7fD\xff(\xf8\
\xb1k\xb5\xd3\xea\xad\xab\xbf\x95rK\xaf\x96\xd9\x97U\
\x94}Y\xc3Ys\xf5'\x87\x9f*\x7f\x92\xaf\xcdX\
\xdb\xb5\xceu\xdd\x8e\xf5\xd8\xf5\xc2\xf5w7\xf8l8\
P\xaeZ^P\xde\xb71bc\xe3&\xfa\xa6\xd2M\
\xef6\xcf\xdd|\xa5\xc2\xb9b\xe7\x16\xe2\x16\xe9\x16Y\
exe\xf3V\xe3\xad\xeb\xb7~\xa9\xe2W\xdd\xa9\xf6\
\xabn\xd8\xa6\xb3m\xf5\xb6\x0f\xdb\xb9\xdbo\xee\xf0\xdd\
Q\xbfSwg\xd9\xce\xcf\xbb\x04\xbb\xee\xed\x0e\xde\xdd\
XcZS\xb1\x07\xbb'\x7f\xcf\xb3\xbd\x09{;~\
f\xfc\x5c\xbbO{_\xd9\xbe\xaf\xfb\x85\xfbe\x07b\
\x0e\x5c\xa8u\xab\xad=\xa8sp]\x1d\x5c'\xad\x1b\
<\x94z\xe8\xc6\xe1\x80\xc3\xcd\xf56\xf5\xbb\x1b4\x1a\
\xca\x8e\x80#\xd2#/\x8e\xa6\x1d\xbd{,\xecX\xfb\
q\xc6\xf1\xfa_L~\xd9v\x82z\xa2\xb4\x11j\x5c\
\xd48\xdc\xc4o\x925'7w\xb7\x84\xb6\xb4\xb7z\
\xb6\x9e8i{r\xff)\x83S\xd5\xa7\xd5O\xaf;\
C<S|F~\xb6\xe0\xecH\x9b\xa8m\xe8\x5c\xe6\
\xb9\xbe\xf6\xb9\xed\x0f\xcf'\x9d\xbf}!\xfaB\xd7\xc5\
\xb0\x8b\x97/\x05]:\xdf\xc1\xec8{\xd9\xeb\xf2\xa9\
+\x1eWZ\xae2\xae6]s\xbd\xd6\xd8\xe9\xd2y\
\xe2W\x97_Ot\xb9v5^w\xbb\xde|\xc3\xfd\
Fk\xf7\x8c\xee37}n\x9e\xbb\x15p\xeb\xd2m\
\xd6\xedkwf\xde\xe9\xbe\x1b\x7f\xf7^Oj\x8f\xec\
\x1e\xf7\xde\xc0\xfd\x9c\xfb\xaf\x1f\xe4?\x18}\xb8\xfc\x11\
\xe6Q\xe9c\x95\xc7\x15Ot\x9e\xd4\xfcf\xf1[\x83\
\xccUv\xba7\xa0\xb7\xf3i\xec\xd3\x87}\x9c\xbe\x97\
\xbfK~\xff\xd2_\xfc\x8c\xf2\xac\xe2\xb9\xfe\xf3\xda\x01\
\xc7\x81S\x83A\x837^\xccz\xd1\xffR\xf4rt\
\xa8\xe4\x0f\xd5?\xb6\xbd2\x7f\xf5\xcb\x9f\xbe\x7fv\x0e\
'\x0d\xf7\xbf\x16\xbf\x96\xbfY\xf3V\xeb\xed\xfew\xce\
\xef\xdaG\xa2F\x9e\xbc\xcf}?\xfa\xa1\xf4\xa3\xd6\xc7\
\x03\x9f\x18\x9f:>'~~>\xba\xe0\x0b\xeeK\xe5\
W\x8b\xaf\xad\xdf\xc2\xbe=\x92\xe7\xca\xe5\x22\xb6\x98=\
.\x05P\xc8\x8032\x00x\xb3\x1f\xd1\xc6\xc9\x00P\
\x11]N\x9c5\xa1\xad\xc7\x0d\x9a\xf8\x1e\x18'\xf0\x9f\
xB\x7f\x8f\x9b+\x00\xf54\x00\xa2\x87\x10u\xd3\x03\
\xc0\x91\xbd\x88\x9cE\xe2+#\xdf\x04Q\x14\x00\xe2\xdc\
\x01\xec\xe4\xa4\x18\xff4I\x86\x93\xe3D,2\xa2\xfb\
0O\xe4\xf2\xb7\x88\x06\xc6m\x04\xe0\xebz\xb9|\xb4\
F.\xff\xba\x07)\xf6\x11\x00m\xc2\x09M?fX\
D\xcb\xef\x0a\xff\x9a\x9e\x9b\x0e\xfe\x8dM\xe8\xfd\xefz\
\xfc\xfb\x0c\xc6*p\x06\x7f\x9f\xff\x01^#\x1a\xbd\xff\
\xc6\x8d\xf0\x00\x00\x00\xb8eXIfMM\x00*\x00\
\x00\x00\x08\x00\x06\x01\x12\x00\x03\x00\x00\x00\x01\x00\x01\x00\
\x00\x01\x1a\x00\x05\x00\x00\x00\x01\x00\x00\x00V\x01\x1b\x00\
\x05\x00\x00\x00\x01\x00\x00\x00^\x01(\x00\x03\x00\x00\x00\
\x01\x00\x02\x00\x00\x011\x00\x02\x00\x00\x00\x15\x00\x00\x00\
f\x87i\x00\x04\x00\x00\x00\x01\x00\x00\x00|\x00\x00\x00\
\x00\x00\x00\x00\x90\x00\x00\x00\x01\x00\x00\x00\x90\x00\x00\x00\
\x01Pixelmator Pro \
3.5.8\x00\x00\x00\x03\x92\x86\x00\x07\x00\x00\x00\
\x12\x00\x00\x00\xa6\xa0\x02\x00\x04\x00\x00\x00\x01\x00\x00\x00\
 \xa0\x03\x00\x04\x00\x00\x00\x01\x00\x00\x00 \x00\x00\x00\
\x00ASCII\x00\x00\x00Screens\
hot.T\x97A\x00\x00\x00\x09pHYs\x00\
\x00\x16%\x00\x00\x16%\x01IR$\xf0\x00\x00\x04\x14\
iTXtXML:com.adob\
e.xmp\x00\x00\x00\x00\x00<x:xmp\
meta xmlns:x=\x22ad\
obe:ns:meta/\x22 x:\
xmptk=\x22XMP Core \
6.0.0\x22>\x0a   <rdf:\
RDF xmlns:rdf=\x22h\
ttp://www.w3.org\
/1999/02/22-rdf-\
syntax-ns#\x22>\x0a   \
   <rdf:Descript\
ion rdf:about=\x22\x22\
\x0a            xml\
ns:exif=\x22http://\
ns.adobe.com/exi\
f/1.0/\x22\x0a        \
    xmlns:tiff=\x22\
http://ns.adobe.\
com/tiff/1.0/\x22\x0a \
           xmlns\
:xmp=\x22http://ns.\
adobe.com/xap/1.\
0/\x22>\x0a         <e\
xif:PixelYDimens\
ion>32</exif:Pix\
elYDimension>\x0a  \
       <exif:Pix\
elXDimension>32<\
/exif:PixelXDime\
nsion>\x0a         \
<exif:UserCommen\
t>\x0a            <\
rdf:Alt>\x0a       \
        <rdf:li \
xml:lang=\x22x-defa\
ult\x22>Screenshot<\
/rdf:li>\x0a       \
     </rdf:Alt>\x0a\
         </exif:\
UserComment>\x0a   \
      <tiff:Reso\
lutionUnit>2</ti\
ff:ResolutionUni\
t>\x0a         <tif\
f:XResolution>14\
40000/10000</tif\
f:XResolution>\x0a \
        <tiff:YR\
esolution>144000\
0/10000</tiff:YR\
esolution>\x0a     \
    <tiff:Orient\
ation>1</tiff:Or\
ientation>\x0a     \
    <xmp:Creator\
Tool>Pixelmator \
Pro 3.5.8</xmp:C\
reatorTool>\x0a    \
     <xmp:Metada\
taDate>2024-04-1\
8T10:50:53+02:00\
</xmp:MetadataDa\
te>\x0a      </rdf:\
Description>\x0a   \
</rdf:RDF>\x0a</x:x\
mpmeta>\x0a\x8e-\xafN\x00\x00\x05\x88\
IDATX\x09\xb5WolSU\x14?\xef\xf5\
\xb5+l\xb4k\xbb\xfeY\xc1\xe1\xc4\x84\x81c\x03\xc6\
\x1c\xff\xc5(c\xfc\x1bA\xec\x17\x9d\x9a\xe0\x17\x82\x1f\
4\xf1\x9b\xd1\xa4\x91\xe8'\xfd\xa0\x11\xbeh\xd4h\x22\
1\x86\xc4( \xff]@\x9c3 \xe3\x9f\xcc\x09\xcc\
\xfd\x03\xb6\xd7nl\xb4]\xdb\xd7\xf6y\xcf-\xf7\xb6\
\xef\xad\x0fG6O\xf2\xde;\xe7\xdes\xce\xef\xdcs\
\xcf\xbd\xef^\xe1\xfd\xd7^v\xbd\xb5\xf7\xabp0\x18\
\x14\xa5P\xe7\xd2>yx\x85\x1c\x1a\xfb8:\x1e\x07\
%\x95\x86\xe9 \xb3d\x82\xe2\x19V\xf0\xb8\xec\xe0w\
\xb9\x96\x99\xd2\xe2-\xc5\xdf/\x03\xac\xcb\x08\xef\xbd\xd1\
R\xde1\x90\x18\xaa\x9c\x95\xf0^\xe9\xea\xef\x8f'\x15\
a:@\x8d|X-\xe6\xe4\xfc\xfay\xa5\xeeTI\
I\xd24\xa2H=\xb1\x99!\x87c\xa6\xf8\xc7\xa5\xf6\
\x9b\x99LF\xb0\x95\x14\xc3\x9a\xbaZ\x98\xedu\x83\xd3\
n\x03A\x98Z<\xaa\xaa\xc2\xf0\xe8\x18\x0c\x0c\xcap\
\xe6\xfcE\x18\x8bD-W\xda\xba\x06*k$o\x85\
T\xe3\x93\x5cf\xd9\xd6q\xb1\xf7\x0e\x01\x97\xe6WV\
\xc0\x96u\xab\xc0b6\x1b\x0d\xe0\xa1\xdbq\x00\xaeR\
;}\xaa\x1e\x9b\x0b\x07[\xcf\xc2_\xdd\xbd\x8e\xfek\
j\xb4r\x91\xb2P\x1a\x91c\xa1D2\x098r\x06\
~\xedF7\x9c\xbb\xd2\x09\xe1\xbbc\x80#\x98\x0ae\
\x03\xb0\xc1\xb2\xea*X0\xaf\x92b\xdc\x96\xc3\x98\x09\
sOH\xee4U\xf8\xdcA2\xef\xf0\xec\x8az\xf0\
{\xdc\x80\xe0G\xce\xb4C,\x9e\x98\x0a\xae\xc6\x16}\
]\xef\x1d\x80\xd2Y\xc5\xe0+s\x81\xd5b\x81\xbf{\
\xfa \x9d\xce\x88\x22V;\x12\xce9\x12\x8e|2\xf4\
\xf8\xfc\x05\xb0y{\x00\x9e\xa8Y\x5cP\x9d\xe4mB\
\xea\x98o\x86\x85\xd8\x12[jXpH\x98v\x1de\
\x88',E^\x8dO7n\x847\xdf~\x97\x17\xe8\
\xe7\xfb>\x82\x03\xfb\xbf\xd6\x98Q}AH\x03)l\
\xa2(b'\xf3\xcd\xb0\x10\x9bv`'\xabv\xdd\x9c\
O\x00\x97H\x81\xee\xdc\xfd:\xd7G\xdb\x96WwA\
\xa9\xc3\x81\xac\x96T\xd5D\x14\xf9f\xc2|3,T\
\xe6\x01h-\xb9$\xe6\x8f\x1c[W\xae]\x07NW\
\x19W@\xc6RT\x04\xcf4m\xd1\xb4\xe5\x09f\x15\
\xd4H\x9e\xaca5\x01\x90\xa5\xa8\xe9,$l\xd8\xba\
\x9d7_\xbd\xd4\xc1\xf9\xa6\xe6\xe74Y\xe1\x1d\x94\x11\
\xacZ9'i\x02\x88\x93\xe5\xf8 \xf2\xf9gC\xed\
\xd2z\xaa\x92J\xa5\xe0\x83=\xef@<>Ne\xff\
\x9cG\xa0\xb6.\xdb\xa7\xf7A\xb2h\xd2\xb71Y\x13\
\x80.\x03\x13\xaa\xb8q\xcb6>\xca\xf3\xbf\xfd\x0aC\
wnC\xdb\xe9\x9f\x99/\xd8\xb8m\x07\xe7u\x0c/\
`]\xbb\xb6\x06t;\xa0\xc6\xc8d2\xc1\xfaM\xcd\
\xdc\xfe\xd4\xb1\xc3\x94?u4\xfbEa\xf9\xea\xa7\xc0\
\xe1tq\x9d\xc90\x9a\x0c\x98%\xc9\xd0\xa6~\xc5j\
^|\xb1h\x14~?{\x9a\xea^8\xd7\x0e\xc3!\
\xf2c#$\x11\xfb\xc6\xcd\xb9 ic\xf65!\x9b\
\xacO\x13@\xfe\xf2`\x0a\xec\xdb\xd4\x9c+\xbe_Z\
O@\xf2~\xbd\xa8d\xa1\xb6\x1e?\xc2\xd4`\x03\xd1\
\x13p\xedhiB\x03\xeb\xd6\x04\xc0\x1a\xf5\xdf2\xb7\
\x07\xea\x1aV\xf2\xe6\xd6c9@l<y\xe4\x10\xef\
\xf3\xfa\xfc\x1a\xdd\xfb\x1d\x86\x190\xceyv+\xa5\x91\
\xaf'i\x15\xc5\x5c\xac\xcf\xbf\xf8\x0a\xecx\xe1%\x0e\
\x8aL:\x9d\x06\xac\x13\xa4M\xcd;\xe0\x5c\xdbY\xca\
\xe3\x0b\xd1\x8dR\xf0\xa0\x00\xa8\x0d\xa6\xb3q\xf36\xee\
\x0c\x99\xa5O.\xd7\xc8z\xa1~\xe5j\xc0\xac\x85\xe4\
!\xdaE\x1c\xe1\x06Sp)\xe6\x86\xa5\xf5\x82A\xd3\
\xb4-Y\xb6\x1c<\xber\xde;2\x1c\x86\xe1p\xa8\
\xe0\xc3\xb6Z\xccV~\xcd\x10c#\x1c(\x98\x01\x82\
\x9c&Q\xa3\x91\x90\xef\xa8\xaf\xa7\x1bv\xb5\x04x0\
zf\xcf\x87\x9f\xf0\xec`\xd6\xbe\xf9\xe2S\xf2/\xa2\
\xbb\xab\xd1\x0c\x14\x8eLPU\xb4\x12f\xd9\xed\xd0\xb0\
j-\xc79\xf1\xd3A\xce\x17b\x8e\x1f\xfe\x817\xbb\
\xc8\x14,XT\xcbe#\xc6 54\xe0L\xd5\xc2\
Etm\xa31n\xbd'\xff#\x00\xdc\x15G\xef\x8e\
p\xac\x9a%u\x9c7b\x0a\x07 \x80\x85\x94m\xfc\
\xea\xa5\x0b\x80s\x8et\xf4\xe0\xf7\x9c7r\xa6(\x0a\
\xec\xff\xf23\xda\x8d\xfb\xc4\xf9\xf66\xe4i-\x19\xd9\
\xf0\x1a\xc0\x02\xc2\x8d\x08\x1fZL*\x14\xc7\x22\x91\xe4\
\xce\xc0V\x8b\x7fN\x05\xfcs\xf3\xba\x91\x0fM\xfb\x8f\
\x07\xbe\x85?/_$\xff\x89[po\x8c\x1en\xf8\
\xfc\xb3\x8d\x8e\x15+\x1a\x8axi@\xc2\xa33\x92\xab\
4{2\xa2\x82 X\xc8H\xe2\x04\x5c\xa1\xf2$_\
7\xba:\x19\xb8\xc6\x82\xf9fX\x88-\xe2\x8d\x05\x09\
\xcf\xedHxz\xd5\x11*L\xcb9\x9d\xf9fX\x88\
-z\x9cv:GxiH\x929\xc4\xa3s\xd3\x9a\
\x06(s\xd8\xf9\xafW\x17\xd0C\x89\x98v\xf4\x85>\
\xd17b \x16\x99\xe7\x8c\xdbik\x94*|6o\
\xefmy\x90\x9c\xd3\x05\xbc4\xe0\xdd\x00\x15\xf1\x99n\
Bp\xc4 X`-\xb2\x08\xe5^\xe7U\xe9^f\
Ffa\xf5\x5c_G\xc7\xcdArc\x01\xbc4\xfc\
\xcfW3\x10\x051\xb4\xb8jN5\x8c\xa7\x15ao\
pwI$\x16\x17\xc2\xa1\x10\x5c\xee\xea\x0f'\x92\xca\
\xb4\xcc\xb7Q\xf6\xc8\xe54\xf6h\xb9\xcd\xbb\xef\xbb\xd6\
H0\x10\xb0\x08\xc1\xdd\x81\x12\xf0\xc8q\x18r[G\
\x8b \x1d\x1f\xb8\x17\x19\x0c\xdf\xa5\x17\x16vg0r\
6\xd9v~=w\xda\x13\x15\x1e\xef\xecQe<5\
\xc3/G\x13a\xb7\xe3_\x89\xff#n\xce\xa9m\xc1\
\x00\x00\x00\x00IEND\xaeB`\x82\
\x00\x00\x08b\
\x89\
PNG\x0d\x0a\x1a\x0a\x00\x00\x00\x0dIHDR\x00\
\x00\x00!\x00\x00\x00!\x08\x06\x00\x00\x00W\xe4\xc2o\
\x00\x00\x00\x01sRGB\x00\xae\xce\x1c\xe9\x00\x00\x00\
\xc6eXIfMM\x00*\x00\x00\x00\x08\x00\x06\x01\
\x12\x00\x03\x00\x00\x00\x01\x00\x01\x00\x00\x01\x1a\x00\x05\x00\
\x00\x00\x01\x00\x00\x00V\x01\x1b\x00\x05\x00\x00\x00\x01\x00\
\x00\x00^\x01(\x00\x03\x00\x00\x00\x01\x00\x02\x00\x00\x01\
1\x00\x02\x00\x00\x00\x15\x00\x00\x00f\x87i\x00\x04\x00\
\x00\x00\x01\x00\x00\x00|\x00\x00\x00\x00\x00\x00\x00H\x00\
\x00\x00\x01\x00\x00\x00H\x00\x00\x00\x01Pixel\
mator Pro 3.6.6\x00\
\x00\x00\x04\x90\x04\x00\x02\x00\x00\x00\x14\x00\x00\x00\xb2\xa0\
\x01\x00\x03\x00\x00\x00\x01\x00\x01\x00\x00\xa0\x02\x00\x04\x00\
\x00\x00\x01\x00\x00\x00!\xa0\x03\x00\x04\x00\x00\x00\x01\x00\
\x00\x00!\x00\x00\x00\x002024:08:1\
6 09:57:20\x00Q\xbc\x04^\x00\
\x00\x00\x09pHYs\x00\x00\x0b\x13\x00\x00\x0b\x13\x01\
\x00\x9a\x9c\x18\x00\x00\x03\xb0iTXtXML:\
com.adobe.xmp\x00\x00\x00\
\x00\x00<x:xmpmeta xml\
ns:x=\x22adobe:ns:m\
eta/\x22 x:xmptk=\x22X\
MP Core 6.0.0\x22>\x0a\
   <rdf:RDF xmln\
s:rdf=\x22http://ww\
w.w3.org/1999/02\
/22-rdf-syntax-n\
s#\x22>\x0a      <rdf:\
Description rdf:\
about=\x22\x22\x0a       \
     xmlns:tiff=\
\x22http://ns.adobe\
.com/tiff/1.0/\x22\x0a\
            xmln\
s:exif=\x22http://n\
s.adobe.com/exif\
/1.0/\x22\x0a         \
   xmlns:xmp=\x22ht\
tp://ns.adobe.co\
m/xap/1.0/\x22>\x0a   \
      <tiff:YRes\
olution>720000/1\
0000</tiff:YReso\
lution>\x0a        \
 <tiff:XResoluti\
on>720000/10000<\
/tiff:XResolutio\
n>\x0a         <tif\
f:ResolutionUnit\
>2</tiff:Resolut\
ionUnit>\x0a       \
  <tiff:Orientat\
ion>1</tiff:Orie\
ntation>\x0a       \
  <exif:PixelYDi\
mension>33</exif\
:PixelYDimension\
>\x0a         <exif\
:PixelXDimension\
>33</exif:PixelX\
Dimension>\x0a     \
    <xmp:Metadat\
aDate>2024-08-16\
T09:57:29+02:00<\
/xmp:MetadataDat\
e>\x0a         <xmp\
:CreateDate>2024\
-08-16T09:57:20+\
02:00</xmp:Creat\
eDate>\x0a         \
<xmp:CreatorTool\
>Pixelmator Pro \
3.6.6</xmp:Creat\
orTool>\x0a      </\
rdf:Description>\
\x0a   </rdf:RDF>\x0a<\
/x:xmpmeta>\x0a\x1dq\x91\xd7\
\x00\x00\x03yIDATX\x09\xad\x97[h\xcea\
\x1c\xc7\xdf\x99\xf3X\xe6\xd0\xcc\xa9&\x96\x22BIN\
-\xc7p!.\x88$\x1a\x227R\xdc(\xd9\x8d\x92\
\xc8\x9dd7\x93\x0b\x87\xa2\xa4\x1cj\xcez\x19k\xa4\
l5d3\xcdY$\x8c\x19\x9f\xefz\x9ewO\xff\
\xf7\xfd\x1f\xde\xff\xf6\xab\xcf\x9e\xdf\xf3;<\xfb\xed9\
\xfd\x9f\xe5$:e\x0aj)\x14A\x1f\x88+\x7fI\
\xfc\x0c5P\x05m\x10(9x\xc5\x01X\x15\x18\x19\
\xcf\xd9@Z\x19\xbc\x0bJ\xcf\xc5\xb9\x16\xb6\x07\x05u\
\xc17\x84\xdcqp1h\x8c\x9e8W:\x01\xd7\xd1\
+\xe0\x8bc\xcbV\xedK\xc2<\xd8\x09\x9a\xe5\xb90\
\x14>BFQ\x11\xe3\x8d\xe7\x07\xed.\xf8i\xfa]\
i\x9e\x91<\x11\x16\x9bA4\x1b\xbeE\xf4\xc0\xd9\xdf\
\x04\xbe\xa1\xed\x8e\x02\xccp\x89\xe7V\xa1\xcds\xf44\
UEX\xd1\xae\xeeNiw\x06\xd3\xb2\xf8\x8a\x96#\
\xaa\x0c\x22\xb0\x04\x06\x80[\xbc_~>\x8ez\xe3\x1c\
K\xbb\x10\xfe\x81\x96\xfd%\xa4NL\x94\x22\x0aH(\
\x87E\x10\xe5\x97\x13\x96&\x13\xd2,\x89D5\xb6\xbd\
\xd0\x146\xa8\xa6\xf1\x18,\x81\xb0XB\xb2\x92\x19D\
WB^\xd8L\xcc$h\xaa3\xf4\x0d\xf4:p\xd7\
\xdbq\x87\xaa\xfa\xa3\xc6\xc02\xd0\x1d5\x02V\x84\x15\
\xe1\x16\xa0\xaau\xb3v\x87<b\x90r3\xd0\xb4\xb0\
\x22\xb4\x1f\xac\xdc6\x8a6\xa8n\xd8ap\x06\x1e@\
\x90\xe8\x1e\xd2\xd5\xado\xc8qx\x0dv,\xd4DA\
X\x11\x9a2+\xf6\x0e9\x8ca\x8e1\xea2Z\x0e\
\x8d\xa6\xefmt\x07\x9d\x84\xc1\xc6\xa1\xe5U\x8e\x1dK\
\xe6\xdc8\x9bm\xba2\x8d\xf4\xa2\x9dl;\x19\xdab\
l\xb6\x00\xb9GC\xa1\x14W\xe2\x14\x91t\x06hE\
\xafu\xfa^U\xf7\xc1{\xc7\xf8\x0a=u?X{\
\xd8r\xd88\xb7\xddMg3\x0c\x87\xb3\xd0\x0c~\xa2\
i_\x0f\x9b@'\xaa\xc2\xb44\x9d\x12\xa7\x88\xef\xa4\
\x1f\xed\x1c\x22T\xd3~\xd9\x1f\x14\x15g9\xfc\xc6\xd3\
\xadx\x02N\xc1l\xbf\xa0L\xf683\x91i\x1c\xfd\
1:~Z\x22\xc9$X\x00\x9f\xd4\x09\x13w&\xdc\
\xe3\x18\x96\xe7\xf5\x0f\xc4`\x0b\x90\xaf\x1f\xe8f\x8c$\
*B_5\xc9HPr\x1c\xf9JR\xb5\x93\xd8\x84\
^\xe7\xf4\x03U-G\x03\xe8\xa5\xad\x8b\xe5\x08h\x07\
\xdb\xe7]6\xaf\xee\xad\xe4\xad\x06\x8d\xa3S\xf3\x0b\x22\
\x89\x8a\xb8\x00*B2\xdf\xd0\xd1\xe1\xc7S\xabDh\
u\x1c+#\xc4\xa5\x85h9N\xc3\xf94\x8f\xbf\xa1\
\xc4\xe4\xe8\x8bZ\xe6\x1f\x96\xf2\xe8\x19p\x15.\x81\xbd\
\xeeSN)9NO\xb3Q\x0aE`\x97A\x1bN\
\xafe\xc9:\xa8\x01\x15\xacG\xac\x955(\x8fm\xc7\
\xd3\xeacw\x07z\x1b\xbb\xee\x98Y\xa0%\xbbol\
I\xf7\x88>\xc1(\x5c\xd9\xe7v\x8c>\xcac\xd3\x9b\
\xc0\xaf\x08}im\x01J\xd3\xd30\x1f\xda\xd4\xb1\xa2\
\xe5\xc8V\xce9\x09o\xd1\xef:}\xaf\xfa\x02C\xad\
c\xbc\x85\xfe\xc1\xe9w\xa8\xeeLx}\xea\xffv\x8c\
\xf6kx\x08\xdbC(\x84k\xf0\x0d\xfcD\xdf\x8b\x8d\
\xb0\x14\xfe\xc0\x15\x90\xe8?3+\xadaE\xb4\xd8H\
\xda\x0d\x90\x04\xad\xebM\x88*:\xaa:\x81V\xf4;\
\xb7\xd8\x0em\x8b\xbb1\x1d{J-F\xbb\x0c6N\
\xc7\xb0\x19\xe2\xfe\x8f\xa2q\xb4\xf1\xb5/\xacl\xb3\x83\
[C\xa6v\x0f\xc6(G1Sn\x98\xad\x8a\x80\x1d\
\xb9aQ\xf8\xefA#\xe8\xbd\xa9#\xab\xdd\x1e\xa5x\
\xc22\x8a>\x13\xf5\xa0\x9b\xf9 \xb4\xff\x07\x22\xa3\x89\
\xde\x825\x9fs\x00\x00\x00\x00IEND\xaeB`\
\x82\
\x00\x00\x07\xbb\
\x89\
PNG\x0d\x0a\x1a\x0a\x00\x00\x00\x0dIHDR\x00\
\x00\x00,\x00\x00\x00,\x08\x06\x00\x00\x00\x1e\x84Z\x01\
\x00\x00\x00\x01sRGB\x00\xae\xce\x1c\xe9\x00\x00\x00\
8eXIfMM\x00*\x00\x00\x00\x08\x00\x01\x87\
i\x00\x04\x00\x00\x00\x01\x00\x00\x00\x1a\x00\x00\x00\x00\x00\
\x02\xa0\x02\x00\x04\x00\x00\x00\x01\x00\x00\x00,\xa0\x03\x00\
\x04\x00\x00\x00\x01\x00\x00\x00,\x00\x00\x00\x00\xdf\xa6\xc5\
\x99\x00\x00\x071IDATX\x09\xed\xd7IlU\
e\x14\xc0q@&\x19dh\x99[\xe8(e(\x83\
\x05\x05\x03e\x88$X%\x82\x10AC4\xee\xc0\xb8\
p\xe5\xc2\x98\xb8\x90\x85\x0bcL\xc4\xc4\x04\x82\x89F\
\x82QB\x15\x0dH\x10\x08\x223R\xa1\x16\x14\xa8\xa5\
-S\x19\x04\xcblA\xff\xff\xd7w\xeb}\x1d_\x07\
v=\xc9\x8f;\xbc\xfb\xbe{\xee\xf9\xcew_\xe9\xd0\
\xa1=\xda+\x10S\x81\x8e1G\xad?x\x88!\xba\
\xc0\xed=\xdc\xc5}\xb4Y\xb4&a\x93JD\x1a\x92\
1\x18}\xd0\x03\x9dQ\x85[\xb8\x86\x0a\x94\xa28\xba\
\xef\xc3\xb4(Z\x92p/\xee4\x12\x931\x16\x99\x08\
\x12\xee\xcd\xbe\xc9\x06a\xd2\xd7q\x01e8\x81B\x1c\
\xc41T\xa2Y\xd1\x9c\x84\xbb3\xf2\x18\xccF.&\
b\x08:!\x08\xa7\xdf$\xe5\x0ctE\xf8\x1e~n\
\xb5\x0fc\x17\xb6\xe2(\x9c\x89\xb8\x22<Xc_0\
\xb19\x98\x8fi\x18\x00\xe3&\x82\xca\x9de\xff\x12\xac\
\xa8Sn\xc2=\x91\x80aHG\x0al\x19\xe32\xf6\
 \x1f[\xe08MFS\x09[=\xa7\x7f1^\x88\
\xee{\xce\x9b\x15`?\x8e\xe0$\xce\xc0\xf3.\xb4 \
\xacp\x7f\x0cE\x06\xb2a+\xe5\xc0\xfe\xb7\xe2~w\
=\xd6\xa2\x08\x9ekQ\x98\xd8x|\x8cs\xf8\x17N\
\xdd^\xbc\x83\xe9p\x915'\x1e\xe1\xe2\xa9x\x0b?\
\xc3\x19r\x5c{|5|\x98p\x8bq\x18\x7f\xd8\xaf\
\x9f\xc0\xaa9\xe8E\xac\xc3<\xf4Ck\xc2\x07\x9d\x8b\
\xcf`\xb2\x8e\xff\x17>\xc5\x0445\xf3\x5c\x12\x1b\xc3\
9|\x0f.\x10\x07\xb3\xc2+\xe1B\xb37\xdb\x22\x1c\
\xc7\xb7\xcc\x07(\x87\xf7\xb18\x1f\x22\x0dqG/\xae\
\x5c\x06{\xcbA\xac\xecG\x18\x85\x07\x11\xf6\xf6\xfb8\
\x0f\xefW\x827\x10w\xbb\xd9\x9b[a\xf3\xdbc.\
\x06\xa7\xe9A\x86\xed\xb7\x06\xbeaL\xfa'<\x85:\
Q{z}\x05-\xc5\x02t\xc7!\xb8\xe8v\xc3\x81\
\x1a\x8a.|0\x10N\xa5\x15KG\x12\xecu\x17\xd1\
\x1d4\xb6\xfam\x05\x93\xcd\xc4\x08\x98\x87=\xed\x1b\xe8\
\x06j\xa2s\xcd^\xf5\xce86V\xd8\xd5\xec \x9b\
\xe0j\xf6\xbdZ;|X\xdf\xcf\xf6\xf5h\xa4\xc2\xa4\
{\xc3\x07\xa8\xc2\xdfpQ\x9dF\x11\x0aP\x8e\xda\xc9\
{\xbc\x0f\xdf\xc3\xd7\xe8 \x98\xc7\x8f\xd8\x8c\x9a\x08'\
\xdc\x8d\xb3\x93\x90\x1d\xfd\xf4W\xb6;p5z\x1cl\
\x5c\xc1\xfe\x108\xa0\x9e\x80\x951\xd1\x86\xa2\x92\x0fN\
\xc2\xf7\xf6N\xecB\x19\xc2\xb3\xe65;0\x13O\xc3\
5\xe3k\xce\xebm\xcdH\x84\x13\xb6ZV\xcai\xbc\
\x8d\x83pJ\xc2\xf10\x079X\x88\xb9p\xea\xad\xa6\
q\x09^obNoO<\x0a\x0b\x90\x08gb,\
f\xe0\x07\xac\x87\xf7\xf0\xdd\x1e\xc41v\x0e \x17\xce\
\xb2\xf9$\xe3w\xd4\x89\xd9\x9c\xf1i|\xeab\xbc\x8c\
p\xf4\xe5\xc0D7\xc1\xa9\xf6:9\x9d\xdeh\x05L\
\xc6\x07\xb7\xda\xfe\xf5\xe6\x8d\xdf\x85\xed\x10\x5c\xef\xd6\xef\
;\xd5\x8b\xe0\xb8\xe1X\xc2\x81\xe3y\x9dm\x92\x87\x9a\
\x08W\xd8\x9fO\x19\xf6\x5cid\xaf\xfa\x1f\x9f\xf6\x19\
\xbc\x0e\xdb&\xfc\xbdr\x8e\xbf\xc0j\xf8j\xea\x0a\xdb\
\xeb\x0a,\xc0\x1fpJ\x97a8\x0c\x1f\xc8\x02\x99\xac\
\x8b\xfb[\xf8\x10F\x09\xbc\x7f\x16\xc29q\x18{\xe3\
\x04\x8e\xfbG\xceV\xff`TD\xf7Mn\x1a\x96\xe3\
qtB\x10Va\x0f\x9c^\x93M\xc3\x1cd\xa0\x04\
N\xbd-\xb2\x01\xe3\x10$\xccn\xa4\x95\xecQ\xc7\xf5\
\x8d\xe0\xb5U\xf0\xbe\xc1\xbd\xcd'\xc8\x89\xdd\xd8\x84\xed\
9\x19\x95\x08\x9e\xd8\x1ez\x0e\x0e\x1eN\x96\xc3\xc8\x1f\
:\xbf\xb1=\x85\x1e\xc8\xc3\x9b\xf0;V\xde\xfe^\x85\
bx\xdd-\xb8\x0e\x82p\xbc\x1c8\xbe\x9f\x97\xc0{\
\xcb\xf0Zs\xf2\xba\xfb\x88I\xc0\x93\xbe\xaa\x8c{Q\
\xee\x0f\x82\x95q\xaak\xc7\x1dN\xb8\xc0\xee\xc2\xa9\xcd\
\x84\xc9\x1aI\xf0\xd8\x07\xf1s\xaf\xf3\xfa\xda\xd1\x8d\x13\
\x8eo\xcf\x1b\xde\xdbJ\x1b\xbe\x91\xccK\x91\xa8\xd9\xe1\
(|\xa1m \xe3,\x9cV\xabS;L\xd2>\xb4\
\x12~^\x08\xffW\xe1\x0d\xad\xeaQ\xdc\x80\xd7\xf5\x89\
n\xd9\xc4\x84\xdfs\xfc3\xd1\xb3\xde\xd7\x991\xac\xaa\
y\xb9\x8dD\x90\x94\x07V\xc0\xc1}b\x17\x99\x8cr\
\xe4c\x14r\x11\x0c\xc6n\xa4\xea\xf6f\x16\x0e\xc3\x95\
o\x02\x19\xf8\x13\xdb\xe1\x82\x1b\x8f\x090\xf1p\xf8`\
{\xf1\x0d\x82\x84\xbd\xaf\x8b\xd2p,\xf3\xaa7\xe1\xcb\
|\xe0\xbb\xd4&\x1f\x04\xa7\xc8\xbe\xf2b\x07]\x09g\
d*\xc27\x9e\xc2\xf1b\x5c\x85I\xae\x85S\xe9\xf7\
\x5c\x94#\xb0\x04^\x17\x0e\xdb#\x18w7\xfbAR\
\xc1\xbd\xbd\xd6\x9cT\x13A\xcfz\xc2D\x1fC*L\
\xcc_\xba\x02\x18\xff\xa0\x0cV\xdb\x9e\xf4a\xdc\x1a\xbd\
\x90\x84\x048\x9eI\xda\xef^\xe3\xc3-\xc5BxM\
\x10W\xd8\xd9\x0a\x8b\xb0\x0d\xcel\x103\xd8\x99\x0f\xf3\
\xb1`\x1bq\x0a\x91\x08\xb7D1g\xfc`&|\xca\
10\x09\xabn8\xa8\x83W\xe08\xf20\x1a&\x9e\
\x82W`\x15\xed\xe1J\xf8 \x99\xc8Bx\x8a\x8fq\
\xbc\x19\xf9\xb0(.\xc8 \xfa\xb2\xe3\x98>\x9c\x0f\x1e\
\xe4\xc4nu\x84\x13>\xcf)\x9f\xc8\x04\x07`2&\
\xc0J\x04\xe1\xe0\xbf\xc0j\x1f\xc0t\xf8n\xf6&\x89\
\x98\x14\xc5\xa6&\xee\xb3w\x11>\xe4~\xec\xc4>\x5c\
@\xed\xc8\xe6\x84\xe3\xd9rWQ\x88\xa0\xb7\xd9\xfd\xff\
M\xe0\xbe\xd3n\x12\x05\x98\x03\xbf<\x1bV\xc1\x1b\x86\
\xc3\xe3\xef`\x0f\x8e\xc1X\x8c\xc0`XM\x0bQ\x05\
+mb\xa7Q\x04\x13\xa8@}\xd1\x8f\x93\xb301\
\xfa\xe1Q\xb6\xe6s;z\x5c\xef\xc6W\xcf\xdb\xb8\x0c\
\xa7\xc4j.\x82=\xd9Xt\xe4CWw\x1a|#\
L\x82\xb3\x93\x0e\xc7\xf4\xf3\xc6\xc2\x07\x9c\x07\x0b\xe0}\
\xad\xee\x0a\xd8\xc7M\x86S\xb2\x11\xbe\xff\x5c\xc9\x1b0\
\x05\x9d\xf0 \xc2\x87\xc9\xc1\x97\xb8\x05\xef\xbb\x05\xd3P\
'\x5c\xd5\xb5\xc3\x15ld\xc1)\x1e\x02\x17\xd0i8\
\xbdV\xa0\xad\xc2\x22\xd8N\xcb\xf1,l\xa7\x93X\x0d\
\x93\xb6Mc\xa2\xbe\x84\xab\xb8\xc2>\xeb\x82\x91p\x01\
&\xc3\xe9\xf1\xbc\xacBk\xc36\xf35j\xb2\x0b\x90\
\x88\xf3\xf8\x1c\xeb`[\xd6\x89\xfa\x12\xf6\xa2\xeb8\x07\
\x7f\xf5R10\xbaua\x99\xec%xMK\xc3\xf1\
\xe6\xe25\xe4!\x01\x16\xe2+\xac\x81\xaf\xb3z\xa3\xa1\
\x84\xbd\xd8\xd6(\x85=f\x85}7\x9b\xbc\xad\xe2\x0d\
\x9d\x81J\xdcD<m\xe2\xf4;[\xd3\xf1\x22^\xc5\
\x93\xe8\x892\xd8\xc3\xabP\x84\x06\xc3d\x9a\x8a\x14.\
x\x1e/!\x1bN\xa5\xd5=\x8e}8\x82S(\x87\
\xd3\xe8g\xb6\x95+\xdfd\xac\xdePd\xc0\xef\xfb~\
\xb7o{\xc3\x1e5A[\xe0k\xd8\xbf\x8dF<\x09\
;\x80\xfd\x9b\x8b\xf9\x98\x85$X\xb1\xa0\xdfM\xd8\x17\
|\xd0*\xf7\xd8w\xf6\x82\x84\x87\xb1\x9f\x0e\x17\xb1\x0f\
\xe2\x8f\xc9Y\xecD>\xb6\xc3\xef6\x19\xf1&\xec@\
\xde(\x0d&l\xf2\xbe\x8aR`\x9f\xc7\x1b\xbe&\x9d\
\xfeC\xd8\x85m8\x01+\x1dW4'\xe1`@[\
\x22\x15\xaep\xa76\x13\xc3a_\xfbk\xd5\x03V\xd7\
*\xfb^\xf5G\xe0\x02L\xd4)/\x84\x09\x17\xc3\x07\
hV\xb4$\xe1\xf0\x0d\xfcuK\x8er\xba\xfdU3\
ag\xc3v1\xe1k\x08\x12.\x8d\x1e\xb3i\x8f\xf6\
\x0a\xb4I\x05\xfe\x032\xca\xc6`\x80F\xcb\xec\x00\x00\
\x00\x00IEND\xaeB`\x82\
\x00\x00\x0a\xa1\
\x89\
PNG\x0d\x0a\x1a\x0a\x00\x00\x00\x0dIHDR\x00\
\x00\x00,\x00\x00\x00,\x08\x06\x00\x00\x00\x1e\x84Z\x01\
\x00\x00\x00\x01sRGB\x00\xae\xce\x1c\xe9\x00\x00\x00\
\xc6eXIfMM\x00*\x00\x00\x00\x08\x00\x06\x01\
\x12\x00\x03\x00\x00\x00\x01\x00\x01\x00\x00\x01\x1a\x00\x05\x00\
\x00\x00\x01\x00\x00\x00V\x01\x1b\x00\x05\x00\x00\x00\x01\x00\
\x00\x00^\x01(\x00\x03\x00\x00\x00\x01\x00\x02\x00\x00\x01\
1\x00\x02\x00\x00\x00\x15\x00\x00\x00f\x87i\x00\x04\x00\
\x00\x00\x01\x00\x00\x00|\x00\x00\x00\x00\x00\x00\x00H\x00\
\x00\x00\x01\x00\x00\x00H\x00\x00\x00\x01Pixel\
mator Pro 3.6.6\x00\
\x00\x00\x04\x90\x04\x00\x02\x00\x00\x00\x14\x00\x00\x00\xb2\xa0\
\x01\x00\x03\x00\x00\x00\x01\x00\x01\x00\x00\xa0\x02\x00\x04\x00\
\x00\x00\x01\x00\x00\x00,\xa0\x03\x00\x04\x00\x00\x00\x01\x00\
\x00\x00,\x00\x00\x00\x002024:08:1\
4 15:12:55\x00\x22u6\xa9\x00\
\x00\x00\x09pHYs\x00\x00\x0b\x13\x00\x00\x0b\x13\x01\
\x00\x9a\x9c\x18\x00\x00\x03\xb0iTXtXML:\
com.adobe.xmp\x00\x00\x00\
\x00\x00<x:xmpmeta xml\
ns:x=\x22adobe:ns:m\
eta/\x22 x:xmptk=\x22X\
MP Core 6.0.0\x22>\x0a\
   <rdf:RDF xmln\
s:rdf=\x22http://ww\
w.w3.org/1999/02\
/22-rdf-syntax-n\
s#\x22>\x0a      <rdf:\
Description rdf:\
about=\x22\x22\x0a       \
     xmlns:tiff=\
\x22http://ns.adobe\
.com/tiff/1.0/\x22\x0a\
            xmln\
s:exif=\x22http://n\
s.adobe.com/exif\
/1.0/\x22\x0a         \
   xmlns:xmp=\x22ht\
tp://ns.adobe.co\
m/xap/1.0/\x22>\x0a   \
      <tiff:YRes\
olution>720000/1\
0000</tiff:YReso\
lution>\x0a        \
 <tiff:XResoluti\
on>720000/10000<\
/tiff:XResolutio\
n>\x0a         <tif\
f:ResolutionUnit\
>2</tiff:Resolut\
ionUnit>\x0a       \
  <tiff:Orientat\
ion>1</tiff:Orie\
ntation>\x0a       \
  <exif:PixelYDi\
mension>44</exif\
:PixelYDimension\
>\x0a         <exif\
:PixelXDimension\
>44</exif:PixelX\
Dimension>\x0a     \
    <xmp:Metadat\
aDate>2024-08-14\
T15:13:19+02:00<\
/xmp:MetadataDat\
e>\x0a         <xmp\
:CreateDate>2024\
-08-14T15:12:55+\
02:00</xmp:Creat\
eDate>\x0a         \
<xmp:CreatorTool\
>Pixelmator Pro \
3.6.6</xmp:Creat\
orTool>\x0a      </\
rdf:Description>\
\x0a   </rdf:RDF>\x0a<\
/x:xmpmeta>\x0a\x88\x13.L\
\x00\x00\x05\xb8IDATX\x09\xed\x98[\x88VU\
\x14\xc7u.Y\x93%Z)\xa4R\x0d]\xb4\x88(\
\x8a(\x13I\xe8BHa\xc1P\x81\x11]\xc0\x8c\x88\
\x12z\x88 \x0a\xc2(\x02\x1fJ\xe8\xf2\xd2KQ=\
\x0ct\xc1\xa0\x22\xea!\x93\x8a \xa3\x0ba\x18\x04]\
4\xa5\xb1Q\x9b\x19\x9d~\xbf\xddYg\xce7\xf3\x9d\
\xf3\x9dof\x1e\xbf\x05\xff\xd9\xb7\xb5\xd7\xfa\xaf\xb5\xd7\
\xde\xe7\xd39s:\xd2\xc9@'\x03\x9d\x0cTe`\
n\xd5b\xdd\xb5\xf1\xf1\xf1\xb9\xc8\xb8\xfa\xf4\xfbh\xae\
\x06k\xc09\xe0xp\x0c\xe8k?\xf8\x06|\x8c\xfe\
\x17\xb4I\x8a\xfbc\xae\xac\x9d\x11a\x1diX\xb2\xc8\
<\xba\xb7\x82{\xc0\x22\xa7AW\xd6\xd2$1\xa8\xa3\
\xc0\x00v\x83\x17\xd8\xfb\x01\xad\x81v\xd1w\xbeR\xa6\
E8\x88j9#{&\xdd'\xc1j\xf0/\xa8c\
7t\x06\xd1\x7f\x0a;CuH\xc7&\xf6T\x8b\xc6\
\xd0\xe8\x01fAt\xe3d\x94\xf9\x15\xf4\xb7\x82\x95\xe0\
\x1f\xa0N\x1d\x89l\x9f\x84\xf2\xa7\xe0A\xec\xfd\xd5\x8a\
tK\xc2\x18P\xc7\xe3\xf2(\x1b\x84\xb5S\x99x\x15\
\x5c\x00\x86A]\xb2\xa8\xe62J\xefd\xf0!\xd8\x84\
\x9f#\xfaD\xd2\x9d\xc8\xb5\xb2N%\xe1\xe2F\xfa\xfd\
\xec\xb9\x1e\x9c\x05\xac\xd7!\xb0\x14\xac\x05\xedd\x16\xf5\
)\x22\xe9\x05\xe09\x88zZ\xa5RJx\x12\xd9\x87\
\xb1\xb0\x0e,\x03\xbe\x02Fo\x89X\xaf\xc2~H\xb3\
\xcc\x94\xfa\xc96\xc5\x9e1\xc6\xeb!\xfdS\x18\x9b\xdc\
V\x1a\x924\x1b\x9e\x057\x81n0\x02\xc28\xdd$\
E\xb2\xd6\xb6e\xd1\xfb\xffR\xfa\xab~\xec\xab\xf2\xa7\
\x9e'\xf7:\x84\x1fM;\x9b\xfc):k\xb2\x9c\x9e\
\xa8\x9bY\x90\x88Nu\xe8\x9e\x22\x18&Q\xc77W\
\x9d\xdf\xc0N\xb0\x0b\x1c\x04\xc7\x01\x03V\xa7L\xdc\xe7\
=\xb9\x96Dy\x11\x9bJ\xe9%a\xd3bvl\x04\
:1\xfa\xaa\xec\xa8cv\x0e\x80m\xe05\xb2t\x88\
\xd6\xf7\xb5\x9ff3\xb0\xfe\x83t\x99-\xed\x9c\x08\xae\
\x02\xdb=a\xa4\xe1D\xa7d\x18\xa58\xce\x1b\xb2\xcd\
\x1a)s\xc0R\x1e\xcc\x11\xfa\x8f\xe3\xe0\x15\xda\xc3:\
\x03\xbe.?3~\x00\xbc\x0d\xcct\x03\x01\xc6Eq\
\xcd$^\x94MN\xf1\x9b\x13\xce\x1c\xa4\xb75S>\
\x97\xb6\x95\x03U=\xc6\x85`\x10r\xefH\xd2I3\
\x03\x8e1\xee\xb1e\xeay\xb0\x07xi\x1d\x97\x89\xa7\
pF\xb68\x85p*\x89,\x13\x1a9J\xdf\xe8V\
\x81+\x1c\x83*1#:\xf0\x89\xb3f\x95b\xd0\x12\
\x1f\xc3f/\xedn\xda\x1fX?;i5\xff\x13\xf6\
\xe6\xc72{\xd8:Q\x16=L\xa4o8\xad\x17\xe6\
!`)\xf8|\x19\x80\xef\xe3\x94(\x99\x0b\xd1\x81%\
\xb4\x17\xec\xcb&\x9beO=\xc5\xcb\xe8\xe5\xcdO\xd6\
\xc9I\xe2\xfaJ\xf8l\xa0\xf5.\xd0\x9d\xf8\x9dQ$\
\xbb\x05\x85{\xc1\xe9\xe00hE\x16\x95\x14\x8cd\xbc\
p\x96\x8f\xd2,\xc0\x983)\x9eH\x04\xa0~Q\xd4\
\xf3T\xfd\xf2=\x06^\x86\xecrH[Z\xee\xcb#\
\xbd\x8b\xfe-\xc0\x8f\x80\x11\xba\x18N\xe8\x96\x8a:\xea\
\x1bd\x7f\xa6\xd5\x90=\xb3\xc3|\x94\x96:U\x845\
\xa1\xcd8\xa5\xb5\xf4\xb7bc\x19\xa4-\xd7\xae.\xfe\
,g\xf2>`VUnp\xc8\xb8\x95\xb8\xc7\x17b\
\x1d\xb6\x96`x\x84\xb6\x17Xn\x96K\x9c\xa2\x1f\x1f\
\x7f \x85\x1f\xba\xa5\xa2MO\xc1\xa7\xf1r\xb0\x19[\
\xf3\xcc\xb4\xe4\xacY\x8b\xdc\xa8TlW\xcc\x98\x86/\
\x03\x1a^\x84\xe1Q0\x16-s\x97\xb2\xb6\x09x\xd4\
c\xa0\x8e\x1fu\xb4\xed\x85\xf6\xf4}\x04\xd2\x9b\xb7\x9a\
\xb6\xae\x11\xf74\x13\x0d\xfbE\x1b\x00K!8H\xfb\
+\xf0\x15\xba\x10\xdc\x0e\xbc\xc8\x06\xa6n;\x22q\x93\
y#vwx\x05w08\x05\x94]\x04\x96j\x89\
F\xbd\xa8'd8@kIxz\x7f\x03\xed\x1b@\
\x9d\xec\xa2\x96\x8b\xfb\xdc\xa3\x8d\xeb4\xe01\xcd\x84l\
\xec\x95\xe8i\xc0\x1a\xfd\x1d\x98MK\xce\x0b\xb78k\
\xfd\x19\xda\xeeiF\x86\x97\xb0w\xbe\x84}\x19l\xa7\
#\x92\xf5I\x93\x98'\xf5.\xf8\x0eH,\x9eE\xd7\
%\xec\xe5Y\x0f\xbc\xe4^\xd2v\x89\xeb\xa3\xcf\x92x\
\x93\xce\xc5\xc0L\xb4{\x5cfu\x17x\x06|\x09\x0e\
q\xd1\x22\xe3\x0c'\x04?\xbe\xd3\x9e\xe6\x00\xb8\x1f\xf8\
#\xc7\xd3\x90H+\xb1\xdc\xfa\xc0\x95*\x7f\x04|\xd0\
\x9d\xac+\x92r\x8f\x97\xeb6H~\x02\x86%\x8b\xf8\
'\x0f<\xfa\xac\x8d\x80}`\x1b{\xee\x00\xbf\x00\x03\
6QU\xa2/+\xe0{pP\xc2\x1e\xe3\x1f\xc0\x0b\
R\x87\xb4:f\xea=\xf0\x08\x18\x86\x94on\x02c\
_\x81\xee\xe28\xfa\xd1B\xfa+t\xfc\x05\xa7_3\
]E\xda\xd2\xf2\xe2ng\xdfP\xca\x04\x8660\xb1\
\x05x\x13\x0d\xa2\xec\x98\x8c\xd6\xc0\xbe\x06\x03\x18\xa8\x13\
 \xaa\xcd\x05\xbf\xabXy\x11\xc4\x1d\xcaO\x869\xfb\
~E\x0d\xc8K\xecI\xee\x09\xc57\x98X\x01\xee\x06\
>G^\x88X\xa3\x9b\x8b\x04%\xfc9\xb8\x04\x87f\
\xb3i\xcd2_%\x921\xab\xda\xfa\x16\xf8Q\xf0_\
\xdd\xc57\xda\xc7\xc0\xbaU\xefi\xc9\xe2/\x15]|\
:]\xf4\x986\x02/\x88\xd9\xd6p1j\x86)\xfb\
\x7f\xd2J\xde\xb5\xe9\x10f[\xbeW\xbf\x0b@\x94\x85\
\xf6\xc4B\xb0\x1f<\x01\xde\x820|!\xcc \xffo\
\xa2,ck\x98\xba\x13\x5c\x03$\xe5\xb1\xd8\x16\x89\x15\
3\xc1\xd2\xb4D{\x11p\x04o)\xc6\xaf\xbe\xf7\xe9\
\xbf\x04\xd1\x9dZOd!\x9d\x08g\x13)\xd3Y\xdf\
Ku\x1e\xb0\xc6\xce\x07\xbe\xa3\xbe\xa7\xa1_$\xcf\xf4\
\x8c$lZ\x86{\x81\xf7\xe33\xf0#d\xfd\xdc\xe7\
d\xed\x87\xb2\xfd\x061\x22&\x8c\xd6Z6\xf2R]\
\xd6fK\xcc\xb4\xaf\x82O\xe0l&e\xb6\xf8u\xec\
t2\xd0\xc9@'\x03\xb3\x9d\x81\xff\x00\x86j-%\
\x846Cs\x00\x00\x00\x00IEND\xaeB`\x82\
\
\x00\x00\x02f\
\x89\
PNG\x0d\x0a\x1a\x0a\x00\x00\x00\x0dIHDR\x00\
\x00\x00,\x00\x00\x00,\x08\x06\x00\x00\x00\x1e\x84Z\x01\
\x00\x00\x00\x01sRGB\x00\xae\xce\x1c\xe9\x00\x00\x00\
8eXIfMM\x00*\x00\x00\x00\x08\x00\x01\x87\
i\x00\x04\x00\x00\x00\x01\x00\x00\x00\x1a\x00\x00\x00\x00\x00\
\x02\xa0\x02\x00\x04\x00\x00\x00\x01\x00\x00\x00,\xa0\x03\x00\
\x04\x00\x00\x00\x01\x00\x00\x00,\x00\x00\x00\x00\xdf\xa6\xc5\
\x99\x00\x00\x01\xdcIDATX\x09\xed\x98\xbbJC\
A\x10\x86s\x92\xa8x\xc1[l\x15E\xf0\x19\xac|\
\x07\xf19\xb4\xb0\xb0\x11DD\x11\x11\xb1P\x10\x0b/\
\x88(\x11\xb1\x0cX\x08vZ\x88Z)\x88 ^\xfa\
`aa \x1e\xbf\x81\x14\xc3\xb2\x01I\xce\xe2\x12v\
\xe0'3g73\xdf\xf9\xb39\x84\xa4R!\x82\x03\
\xc1\x81\xe0@p\xa0!\x1c\x88\xe38\x872\xde\xdf\x0c\
\x90\x11\xda@\x12\x8f\xa8\xc3[h\xe0\xd2h\x07\xe9\x18\
\xf5\x12\x18B\x81\xdd\xd3\xa4\xe4\xd7\xa8\xc9;`\xa0\x04\
v\x1f\xe9\xb8\xa1\xe8\xf6\x15\xf6@\x93\x92\xdf\xa2\x1e\x1f\
a3\x80\x1d\x1a\xb0\xf7\xd4\xbd\xbe\xc2\x1eY`\xfb|\
\x85=6`/\xa9\xbb|\x84\xcd\x02\x967`\xcf\xa8\
[|\x85=1`\xb7\xa9\xd3\xbe\xc2\x9e\x1a\xb0\x0b\xff\
\x0d\x1a\xd9\x00\x80\x94\x87\x7f\x1e\x8dW\xd6\x7fx\x9dD\
[\xa8\x13\xc9\xf3\xb6\x15\xb9\x88\x98\xa6\x1fQ\x14}\xfd\
\xb99\xc0\xbb\x86\xb3%\xea\x22*\x1b\xd7]\x952k\
\xc4\x06\x5c\xed,N\x18\x9b\xc5qq\xb5\xda~c{\
\xdd\xa5\xcc\x1a\xb3u\xa9\x06\xb0il\xfe\xa6\xbeC/\
\xa8\x88\xca\xc8e<\xd1\xbc`\x1b\x90\xb5]\xe4\xfc\xcc\
\xf2\x91\xc8\xcf\xc4\xa9\xca\xba<\xc2.\xd0\x0ckr\x0c\
\xe4\xec\x8b\xeb\xd6\xef\x00\xd7\xeb\x89\x98\x19\xa5\x9a\x1a\x00\
\xb6.t*\xe47\x84\xf5&k\x1a\xe0\xe2M\x00\xae\
)`I\x0b\xa8\xcd\xc5\xac\xc4z\x02\xb8*\xa4*\xae\
\xc8s\x89\x0dp\xd1\x08\xc0\x15\x05,\xe9\x03\xeaw1\
+\xb1\x9e\x00.\x0b\xa9\x8aw\xf2\xe1\xc4\x06\xb8h\x04\
\xe0\x92\x02\x96\xf4\x0d\x0d\xb9\x98\x95XO\x00\x17\x85T\
\xc5+\xf9`b\x03\x5c4\x02pA\x01K\xfa\x82\x06\
\x5c\xccJ\xac'\x80\xf3H\xc73E{b\x03\x5c4\
\x02pN\x13\x93\xfb\xf9\xbf\x84\xbey \xa7\xd1':\
G\xcdz-\xe4\xc1\x81\xe0@p 8\xd0X\x0e\xfc\
\x02M\x98\x99\xfe\xe2\xf6\x9d\x06\x00\x00\x00\x00IEN\
D\xaeB`\x82\
\x00\x00\x04O\
\x89\
PNG\x0d\x0a\x1a\x0a\x00\x00\x00\x0dIHDR\x00\
\x00\x00,\x00\x00\x00,\x08\x06\x00\x00\x00\x1e\x84Z\x01\
\x00\x00\x00\x01sRGB\x00\xae\xce\x1c\xe9\x00\x00\x00\
8eXIfMM\x00*\x00\x00\x00\x08\x00\x01\x87\
i\x00\x04\x00\x00\x00\x01\x00\x00\x00\x1a\x00\x00\x00\x00\x00\
\x02\xa0\x02\x00\x04\x00\x00\x00\x01\x00\x00\x00,\xa0\x03\x00\
\x04\x00\x00\x00\x01\x00\x00\x00,\x00\x00\x00\x00\xdf\xa6\xc5\
\x99\x00\x00\x03\xc5IDATX\x09\xed\xd7\xd7jT\
Q\x14\x87\xf1\x18{\x0d\xb1w\xec\xd8ET0z\xe1\
(6D\xb07\xd4\x1b\xf1\x11|\x02_@|\x01\xaf\
T\xac\x11\x14\x11E\x05\x0b\x8a\xbdFQ1\x06{o\
\xd8\xfb\xf7\x81\x06\x11\xce0\xe7\xec=:\x17.\xf8\x91\
d&s\xe6\x9f=\xeb\xac\xbdSV\xf6\xbf\x8a\xbb\x02\
\x0d\x8b{\xf9\xfa\xab7\xe3\xbbn\xf0\xeb\xbb\xfaG3\
|\xf37\x027!\xd7D\xacD'\xd4\xe1-J\xb2\
\x1a\x90j\x0cv\xe0#\xb6`\x082Wy\xe6W\x16\
\xf6\xc2\x1e\xfc\xdabL\x80\xef\xf5\x10\x8f\x91\xb9\x8a\x19\
\xb8\x0d\xa9fb\x16*a\xd8Kx\x86\x92\xabF$\
\x9a\x8e\xa3\xf8\x86\xef\xd8\x83\xb1\x08\xaab\xad\xf0 R\
-\xc3(\xd8\xc7\xf6\xefE\x5cCP\x15#p\x17\x12\
-\xc0\x148\xc6\xac;\xb8\x8c\x17\xfe\x10R\xb1\x03\xb7\
 \x8cA\xe7\xa1->\xc3v\xb0w/ \xb8\xec\xb5\
X\xe5\x1f?\x1a\xb6\xc2@<\x82a+`;\xdcD\
p\xc5\x5c\xe1~\xa4Y\x8a*8\x11n\xe0=j\xe1\
\x0aG\xd9,b\x05nG \xc7\xd7\x0cx\xcd\xe3x\
\x80\x0e0\xac+\x1c\xa5b\x04nJ\x92\x1c\xdc <\
/\x9c\xc1y8{\x1di\x06\xbe\x8d(\x15\x1a\xd8\x91\
5\x1c\xcb1\x0c\xb7P\x0d\x83\xfa\xf8ux\xb39\xd6\
\xa2Th\xe0\x9e\xa4\xf8\xb5\xf5z\x0a\xdb\x85\x1a8\x87\
m\x07\xc3:\xce\xa2UH\xe0_[\xefl\xd2\xb4\xc2\
1lEG\x8c\x81[\xb0\xed`/G\xab\xacc\xcd\
\xd7\x8d\xc3\x12\xf4\xc6\x15l\xc4],\x80\x8f\xbd\xc2x\
\xf8\x87%\x95c\xcf\xfe>\xfc\xf3k\xd2\xef\x05?n\
\x7fn\x80c\xcby\xbb\x1a\x9eu=?8!\x0cb\
\x1f\x7f\xc1\xe7<>\xf1\xdc\x09xH*\xa8\xb2\xac\xb0\
[\xef|L\x867\xddAl\xc7s\xd8\xb7\x1fp\x0e\
I\xe5n\xe85\x5cy\xff\xb0\xd7x\x89\x82*m`\
\xdfl*\xe6\xc1p\xa7\xb0\x0950\xfcY\xd8\x0aI\
\xe5\x7f89,\x84\x81\xeb\xe0\x8d\x1amNs\xad\xfa\
*\xe7\xbb\x1c\xf6\xe1+nc\x15*Qh9=\xd6\
\xc1\x89\xe2Ah-z\xa1\xe0J\xb3\xc2}\xb9\xaa#\
\xac\x0a\x86\x7f\x03Wy.\x92\xea#O\xd8\x1e~\x02\
\xed\xe1D\xb1\xcf}\xdf\x03\xf0\xd3\xa9C\xc1\x95&\xb0\
Sa\x1a\x1caVwx\xd0\xf1\xe6J\xaak<a\
o{\xae\xc8\xc1\xde\xb7\x7f\xdd\x09\xd7\xc3\x16JUi\
\x02{\x83\xd8\x9f\x0f~{\x07\xfb\xf6\xcf\xff\xbc\x9b\xf3\
Xk\xf8\xdc!\x18\xd6]\xd0O\xc7\xaf\xf7\xb1\x05\xae\
\xb0\x9f@\xaaJ\x13\xf8\x08W~\x0b?\xda\xa42\xa4\
\xe7a\x0fA\xf6\xa8#\xcb\xb1\xe6\xcaN\x84c\xcc\x7f\
\x95v\xe0)\xfey\xd9\xd3k`\xc8\xdd\xc8a\x05\xae\
\xc2\x1b\xd5U\x9d\x84rd\xaa\xcc/Lx7\xa7\xc0\
\x088\x05\x1cy-\xb1\x08\x03p\x1d\xee\x86\xaez\xbe\
\xbe\xe7\xe9\xe4\x8a\x19\xd8\xf6\xb2G\x07\xc3\xad\xfa\x09l\
\x0doVo\xbcj\xd8\x0e\xb6U\xe6\x8a\x19\xb83)\
\x5c\xdd\x0a\xb8\x9a=\xe0\x96\xdb\x18\xb6\xc2Vx\xc3\x05\
U\xcc\xc0CI\xe2\x0a\xdf\x83!'\xc0\xd0\x8e\xae\x0d\
\xb8\x8c\xe0\x8a\x15\xb8)I\x86\xa3?\xde\xc0Mf$\
\xea\xb0\x19\x87\xe1A(\xb8\xd2\x8c\xb5|o\xe6J\xba\
\xc2m\xd0\x15^\xd7C\x90\xe7\x84\x9dp~\x97T\xcd\
!\xcd\x05\xb8\x8a_\xf1\x09\x86\xadB\xd4\x8a\xd1\x12\x8e\
.\xdb\xc16p\xd7\xf3\x9a5\xb0o\xed\xdf\xa8\x15#\
p\x1f\x12\x19\xd8\xe0\x96\x93\xc0\x89\xb0\x1f\xa9\xb7^^\
\x93\xb7B\x03\xbb\x15;\x19d9c\xf7\xa2\x1aE\xd9\
zC\x03;s]\xdd\x9ep\xf7:\x89\xf5p\x0e\x17\
\xa5B\x03\xf7#\xd5\x108\xd6\x0ci\xdf\x06m\xbd\xbc\
>o\x85\x06\xae\xe4\xeaz\x0c\xdb x\xeb\xe5\x1ay\
\xcb\xbb:\xa4<#{2;\x8dm\xa8EI\x977\
]+\xb4.\xe9\x94\xff2\xdc\x0f\x9c\xbd\xcfy\xd4`\
\x10\x80\x00\x00\x00\x00IEND\xaeB`\x82\
\x00\x00\x06\xd3\
\x89\
PNG\x0d\x0a\x1a\x0a\x00\x00\x00\x0dIHDR\x00\
\x00\x00,\x00\x00\x00,\x08\x06\x00\x00\x00\x1e\x84Z\x01\
\x00\x00\x00\x01sRGB\x00\xae\xce\x1c\xe9\x00\x00\x00\
8eXIfMM\x00*\x00\x00\x00\x08\x00\x01\x87\
i\x00\x04\x00\x00\x00\x01\x00\x00\x00\x1a\x00\x00\x00\x00\x00\
\x02\xa0\x02\x00\x04\x00\x00\x00\x01\x00\x00\x00,\xa0\x03\x00\
\x04\x00\x00\x00\x01\x00\x00\x00,\x00\x00\x00\x00\xdf\xa6\xc5\
\x99\x00\x00\x06IIDATX\x09\xed\x96IlU\
U\x1c\x87)R\xa8@\x1d\x01\x19ki\xa9 P\x99\
\xac\x82\x81\x12\x88\x1a\xac!\x82&\x18X`4\xc6(\
n\x5c\x1a7l\x5c\x98h\x8c\x89\x1a\xc78@4\x18\
 \x928,\xd0\x80 \x0a\x02E\xc2\xa8\x02\x0d\x96\x82\
L\x05\x14\x04\x19\xf5\xfb\xea\xbd\xcd}\x8f\xfb\xde\xbb\xb7\
\xed\xb2\xbf\xe4{w:\xc3\xff\xfc\x87s^\x97.\x9d\
\xea\xf4@\x86\x07\x8a2\x9e\xda\xffp\x0dC\x14\x83\xd7\
\xcbp\x01\xae@\x87\xa9=\x06kT\x1f\xa8\x80!\xd0\
\x1f\xae\x87\x9e\xd0\x0d.\xc19\xf8\x13\x8eB#4\x04\
\xf7.\xa6Mj\x8b\xc1\xbd\x99i8\xd4\xc0h\xa8\x82\
\xd0\xe0R\xee56\x94F\x9f\x81#p\x00\xf6\xc0\x0e\
\xd8\x0c\xbb\xe14\xa4R\x1a\x83K\x18y\x14L\x87Z\
\x18\x07\x03\xa0+\x842\xfc\x1a)F\xa0;D\xe7\xf0\
\xbb\xde\xfe\x19\xd6\xc1\xb7\xb0\x1d\x8cD\x22E\x07\xcb\xd7\
A\xc3\xee\x83Y0\x19\xfa\x82:\x0b\xa1\xe7\x0eq\x7f\
\x1c\xf4\xa8!\xd7\xe0^p3\x0c\x82J(\x07SF\
5\xc3zX\x01+\xc1q\x0a\xaa\x90\xc1z\xcf\xf0?\
\x0as\x82{\xdf9\xd9V\xd8\x08\xdb`/\x1c\x04\xdf\
[h\xa1\xf4\xf0M0\x10\x86A5\x98J\x13\xc0\xfc\
\xd7\xe3\xf6]\x0e\x9f\xc2.\xf0]\x9b\xa4ac\xe0M\
\xf8\x03\xfe\x05C\xb7\x01\x16\xc2\x14\xb0\xc8\xd2\xe8:\x1a\
O\x82\x17\xe0\x070B\x8ek\x8e\xbf\x0f.&\x9ab\
<&\x97\xf9\xfa6\xe85\x07=\x06K`&\xdc\x08\
\xed\x91\x0b\x9d\x01\x8b@c\x1d\xff$|\x08c\xa1P\
\xe4i\x92\xa92\x1e_\x02\x0b\xc4\xc1\xf4\xf0\x1b`\xa1\
\x99\x9b\x1d!\xc7q\x97y\x15\x9a\xc0yt\xcekP\
\x01\x89\xd5\x9b\x96O\x83\xb9\xe5 z\xf6u\xb8\x1d\x0a\
I\xcf\x14\x83\xc5V\x02I<en\xbf\x02\x87\xc1\xf9\
\xf6\xc3s\x10\x9bnq\xde\xba\x9b\xc6\x0b`<\xfc\x03\
_\x83\xde\xdd\x01\xb9da\xdd\x05\x0f@\x1d\xdc\x0b\xb5\
0\x06\xfa\x81\xb9z\x1a\xe2t\x82\x97\x16\xac;\xcfm\
\xc1U\xa7\xb9g7@^\xb9\x05\xbd\x08\x9eN\xaev\
=<\x08q\x0b\xe3u\x8b\x07\x87s}\x1eV\x81\xf9\
x\x09\xec{\x05\x1cg\x0b\x18f\x8b\xad\x1b\xc4\xc9B\
s\x91k\xc0\xbeg\xe0e\xb8\x052\x94m\xc8D\xbe\
>\x06\xae\xd4|\xfa\x04\x96\x81\xbbC\x9c\xdc\x9f\xe7\xc3\
\xb3P\x0d\xe7\xc1mn\x13\x98\xf7\xee\x0aU0\x0a\xf4\
\x9ai\xe6\xa2\xb2\xa5\x91\xc7\xc04\xb8\x03,jm\xfb\
\x15\xec\xd3\xaa\xa8\xc1=x;\x1b\x1e\x81ka\x03|\
\x0cv\xca\xa5I|x\x12F\x82a]\x0a\xef\xc2\x97\
`\xffS\xe0\xa11\x00\xf4\xd6\xefP\x0f\x1a\x98-\xf7\
\xef\x8b`\xc4\x5c\xa4\x8b\xb5\xfdf\xf0}\x8b\xa2!r\
P'vu\xe6\xae\x0d\xf5V>\x15\xf3\xd11\x8e\x82\
\x91p\xcf6\xf7BYH\xc3@\x034\xb8\x0cJ\xc0\
\x9c\x8e\xd3n^\x1a\x9dZ\xd0`\xed\xf1\x7fJ\xab\xd3\
\xa2\x06\xbb\x95T\x822\x9c;A\x0f\xe5\x93\x85\xa8\x91\
\xa5\xf0\x1dd\x84\x8fg\xf39\xf4\x8e^5\xaf\xf3\xc9\
\xc2\xd4\xe8\x030\x02B\x9bb\x0d\xf6\xf8\x14e(\x1a\
[\xee\xf2\xff\xd8fq\xd0$;\xcc\x16\xf0\xfdP\x13\
|o\xe2\xea\x82\x8c^>\xed\xe7\xa3\xf3kp\xd4&\
\x1e3\xab\xd6\x09\xdc\x9e\x94!\x96$\xca6\xb4+\x9d\
L\x81\x87`.8\xb1\x85\xb6\x1c\xd6@!/G\xe7\
\xd6\x9e\xd0&n3\x0d\xee\xc5\xb3(C\xf3W\xcb]\
\xba\x1f\x8bx<<\x013\xc1\xbc5\x9c\xe6\xf7g\xb0\
\x0f\x0a\xc9\xb9EY\xfc\xda\xa4\x13Z\x16\x1a\xcda_\
:\xa1\xf2\xef\xa1\xa4U9\x1d\xe6\xc3<\xb0 \xf5\xe8\
\x22\xf8\x06\xac\x8b$r^s_\x15\x81v\xc5\x1a\x1c\
6\xd4h\x17\x12]\x0c\x8f\x89\xe4\xc96\x15\xac\xf0\x8d\
\xf0\x16|\x05\x85\xf2\x96&\xadr^\x17\xab\xf4\xaav\
\xb5\xa6\x91\x96\x87\xf2t\xf9;xpBI\xabh\x1d\
l\xa5\xf3\x8f\x90\xc6X\xe7s^w\x1du\x0e\xb4+\
\xd6\xe0f>\x1c\x07e\xee\xf5o\xb9K\xf7\xe3\x1e\xbc\
\x1aL\x81\xef\xc11\xd3*:\xb7\xfd3\xc6\x88\x86\xfd\
 \x1f\xc5c\xb9<\xc0\x1c\xca\xde\x05x\x95S\xf5|\
\xf1\xff\x83\xc5\xa2\xf1\x17 \xad\x86\xd2\xa1<\xe8\xd4\xc4\
U\x9bZ\x15M\x89\x06\xde\xee\x03\x0dt\x95\xa3\xc0\x10\
\xa7\x91\xff\x05\x06\xc1\x00\xb8\x01\xa2\xe3\xf3XP\xf6\x19\
\x09\x83A;B\x9b\xb8\xfd_\xd1\x01\x0f\xf3j'\x98\
\x16\xdd\xc1\x0d\x7f,$\x95G\xba\xffE\x16\x06\xcc\xe7\
Z\x06iTMc\xff\xa6\x96\x80\x91\xf2$\xcd\xe9\xe1\
\x8b|\xdc\x04\x16\x8b\xb2\xf3t\xe8\xebC\x02\x19\x0d'\
\xbb\x13\xec{\x0f\x0c\x81\xa4r\xc1\xd3`\x5c\xd0a;\
W\xed\xc9(\xda\xa8\x87m\xe7\x8a\xd6\xc2\x090\xbc3\
`*\xe8\xf1B:I\x03\x17\xbb\x0b\x0c\xe5\x168\x04\
Id-M\x86:\xf0d\xd3\xbb\xda\x11:\x8f\xdb\xdc\
\xd2K_\x80\xfb\xdfy\xf8\x1c&B\xf6\xe2xu\x95\
,\x989`:X\x03\xe1A\xc4mN\x15\xf1e\x02\
x\x12\xba\x8d9\xefJp\x01\x89d\x85;\xa1\xf9l\
\xe2\x9f\x82\x8f\xc0#7\x89\xd14K,\xc73}\xde\
\x81fp\xbe\xdf\xe0)\xe8\x05W)\xce\x03\x1e\x8b\xfe\
\x01)\x06\xffL\x9b\xc3\xe6\xa2\xa1\xf2\xbd\xe8\x85\xf6\xca\
4\xd3\x09\xcf\xc0l\xe8\x03\x16\xfebX\x02.\xe0*\
\xc5\x19l\xa33\xe0\xd9\xdf\x03\x0cs\xbf\xe0z+W\
\x8du'\xb1M[\xe5x\xd6\xc7\x02\xa8\x03\x0bVG\
,\x85\x0f\xc0\x1a\x88U.\x83ml\xe15\x829\xa6\
\x87\xdd\x9b5~\x048\xa1\x118\x0dg\xc1P\x16\x92\
\xe17ZS`.<\x0e\xee$\x86\xfe\x00\x98\xc3\xef\
\xc1.\xc8)\x8d)\xa4r\x1a<\x0c\xf3\xc0|3\x94\
z\xf7\x17\xf8\x09\xb6\xc1>\xf0T2\x8c~3\xad\xac\
|\x8d\xd1{\x03a\x18\xd8\xbf\x06FC)\xb8\x95j\
\xa0)\xb0\x0c\xf6B^%1\xd8\x01\xcc\xdfZ\x98\x05\
\xd3`0\xe8\xb10\xdf5\xd8\x0d>L\x95\xcb\xdc\x1b\
\xbd\xd0`O\xbfJ\xf0\xff\x89\x0b\xb9\x02nyka\
\x05\xac\x06\xfb\x16TR\x83\x1d\xc8\x89*@\x835\xde\
\xad\xa8\x1c\xcc\xf3\xa4r\x9b4\xfc\xf5\xb0\x0eV\xc1\x1e\
\xd0\xd3\x89\x94\xc6\xe0p@Sb(X\xe1\x86\xb6\x0a\
\xca\xc0\xbc\xf6\xb4\xea\x09zW/\xbb\xaf\xba-\x1e\x01\
\x0d5\xe4;@\x83\x1b\xc0\x05\xa4R[\x0c\x8eN\xe0\
\x7f\xd7!\x01\x86\xdb\xd3Q\x83\x8d\x86\xe9\xa2\xc1\x9eZ\
\xa1\xc1\x8d\xc13\x97Nuz\xa0C<\xf0\x1f\x8e\x1d\
vD\x15\x91X\xd9\x00\x00\x00\x00IEND\xaeB\
`\x82\
\x00\x00\x16P\
\x89\
PNG\x0d\x0a\x1a\x0a\x00\x00\x00\x0dIHDR\x00\
\x00\x00 \x00\x00\x00 \x08\x06\x00\x00\x00szz\xf4\
\x00\x00\x0a\xd7iCCPICC Prof\
ile\x00\x00H\x89\x95\x97\x07TS\xc9\x1a\xc7\xe7\
\xde\xf4FK@@J\xe8\xbd\xb7\x00RB\x0fEz\
\x15\x95\x90\x04\x12J\x8c\x09AEl\xc8\xe2\x0a\xae\x05\
\x15\x11\xac\xe8\xaa\x88\x82e\xa5\xd9\x10\x0b\x16\x16\xc5\x86\
}\x83,\x0a\xca\xbaX\xb0\xa1\xe6]\xe0\x11\xdc}\xed\
\xbc\xef\x9c\xc9\xfc\xce\x97\x99\xaf\xcc\xbds\xce\xff\x02@\
\x09a\x8bD9\xb0\x0a\x00\xb9\xc2<qL\xb0\x1f=\
)9\x85\x8e{\x060@\x15P\x01\x1d\xd8\xb19\x12\
\x113**\x1c 69\xff\xd5\xde\xdf\x05\xd0\xd8|\
\xcbf,\xd6\xbf\xfe\xff_M\x8d\xcb\x93p\x00\x80R\
\x11N\xe7J8\xb9\x08\xb7!\xe3\x05G$\xce\x03\x00\
u\x08\xf1\x1b-\xc8\x13\x8d\xf1\x0d\x84ib\xa4@\x84\
\x7f\x1f\xe3\xcc\x09\xfe8\xc6\xe9\xe3\x8c&\x8f\xaf\x89\x8b\
\xf1G\x98\x0e\x00\x9e\xccf\x8b3\x01 [#~z\
>'\x13\x89C\x1e\xeb\xc1^\xc8\x15\x08\x11.D\xd8\
\x9b\xc3gs\x11>\x85\xb0un\xee\xbc1\x1e@\xd8\
\x1cY/\x02\x80\x82\x9c\x0e`\xa4\x7f\x173\xf3/\xf1\
\xd3\x15\xf1\xd9\xecL\x05O\xf45n\xf8\x00\x81D\x94\
\xc3^\xf4\x7f\x1e\xcd\xff\xb6\xdc\x1c\xe9d\x0eSd\x90\
\xf9\xe2\x90\x98\xb1|\xc8\xf9\xdd\xcb\x9e\x17\xa6`a\xfa\
\xcc\xc8I\x16p'j\x1ac\xbe4$~\x929\x12\
\xff\x94I\xe6\xb2\x03\xc2\x14{sf\x86Or\x86 \
\x88\xa5\x88\x93\xc7\x8a\x9bd\x9e$0v\x92\xc5\xf3b\
\x14\xb92\xc4\xfe\xccIf\x8b\xc7\xf3\x12\x11\x96I\xb3\
\xe3\x15~>\x8f\xa5\x88_\xc0\x8fK\x9c\xe4|A\xc2\
\xccI\x96d\xc7\x86M\xad\xf1W\xf8\xc5\xd2\x18E\xfd\
<a\xb0\xdfT\xde E\xef\xb9\x92\xef\xfa\x15\xb0\x14\
{\xf3\xf8q!\x8a\xde\xd9S\xf5\xf3\x84\xcc\xa9\x98\x92\
$Em\x5c^@\xe0\xd4\x9ax\xc5zQ\x9e\x9f\x22\
\x97('J\xb1\x9e\x97\x13\xac\xf0K\xf2c\x15{\xf3\
\x90\x97sjo\x94\xe2\x0c\xb3\xd8\xa1Q\x93\x0c\x04 \
\x02\xb0\x01\x87\xae<I\x00\xe4\xf1\x16\xe6\x8d5\xe2?\
O\xb4H,\xc8\xe4\xe7\xd1\x99\xc8m\xe3\xd1YB\x8e\
\xad5\xdd\xd1\xde\xd1\x11\x80\xb1\xbb;\xf1:\xbc\x8d\x1e\
\xbf\x93\x90F\xe7\x94o\xe5o\x00x\x9d\x95\xcb\xe5'\
\xa7|\xa1g\x018\xea\x86<\x96\x96)\x9f9\x03\x00\
U\x12\x00\x97[8Rq\xfe\x84\x0f=\xf6\x83A\x9e\
\x9e2\xa0\x01-\xa0\x07\x8c\x809\xb0\x01\x8e\xc0\x15x\
\x02_\x10\x08BA$\x88\x03\xc9`\x0eR+\x1f\xe4\
\x021X\x00\x0a\xc1\x0aP\x02\xca\xc0z\xb0\x19T\x81\
\x9d`\x0f8\x00\x0e\x83c\xa0\x09\x9c\x02\xe7\xc0%p\
\x0d\xdc\x00w\xc0C \x03\xfd\xe0%\x18\x06\xef\xc1(\
\x04A8\x88\x02Q!-H\x1f2\x81\xac G\x88\
\x01yC\x81P8\x14\x03%CiP&$\x84\xa4\
P!\xb4\x12*\x83\xca\xa1*h7T\x0b\x1d\x85Z\
\xa0s\xd0\x15\xa8\x1b\xba\x0f\xf5B\x83\xd0\x1b\xe83\x8c\
\x82\xc90\x0d\xd6\x85Ma;\x98\x013\xe108\x0e\
\x9e\x0dg\xc2\xf3\xe1\x02\xb8\x18^\x0bW\xc25\xf0!\
\xb8\x11>\x07_\x83\xef\xc02\xf8%<\x82\x02(\x12\
J\x03e\x80\xb2A1P\xfe\xa8HT\x0a*\x03%\
F-E\x95\xa2*P5\xa8zT+\xaa\x03u\x0b\
%C\x0d\xa1>\xa1\xb1h*\x9a\x8e\xb6A{\xa2C\
\xd0\xf1h\x0ez>z)z\x0d\xba\x0a}\x00\xdd\x88\
\xbe\x80\xbe\x85\xeeE\x0f\xa3\xbfa(\x18\x1d\x8c\x15\xc6\
\x03\xc3\xc2$a21\x0b0%\x98\x0a\xcc>\xcc\x09\
\xccE\xcc\x1dL?\xe6=\x16\x8b\xd5\xc0\x9aa\xdd\xb0\
!\xd8dl\x16v1v\x0dv;\xb6\x01\xdb\x86\xed\
\xc6\xf6aGp8\x9c\x16\xce\x0a\xe7\x85\x8b\xc4\xb1q\
y\xb8\x12\xdcV\xdc!\xdcY\xdcM\x5c?\xee#\x9e\
\x84\xd7\xc7;\xe2\x83\xf0)x!\xbe\x08_\x81?\x88\
?\x83\xbf\x89\x7f\x8e\x1f%\xa8\x10L\x08\x1e\x84H\x02\
\x97\xb0\x88\xb0\x8e\xb0\x97\xd0J\xb8N\xe8'\x8c\x12U\
\x89fD/b\x1c1\x8b\xb8\x82XI\xac'^$\
>\x22\xbe%\x91H\x86$wR4I@ZN\xaa\
$\x1d!]&\xf5\x92>\x91\xd5\xc8\x96d\x7fr*\
YJ^K\xdeOn#\xdf'\xbf\xa5P(\xa6\x14\
_J\x0a%\x8f\xb2\x96RK9OyB\xf9\xa8D\
U\xb2Ub)q\x95\x96)U+5*\xddTz\
\xa5LP6Qf*\xcfQ.P\xaeP>\xae|\
]yH\x85\xa0b\xaa\xe2\xaf\xc2VY\xaaR\xad\xd2\
\xa2\xd2\xa32\xa2JUuP\x8dT\xcdU]\xa3z\
P\xf5\x8a\xea\x80\x1aN\xcdT-P\x8d\xabV\xac\xb6\
G\xed\xbcZ\x1f\x15E5\xa2\xfaS9\xd4\x95\xd4\xbd\
\xd4\x8b\xd4~\x1a\x96fFc\xd1\xb2he\xb4\xc3\xb4\
.\xda\xb0\xba\x9a\xba\xb3z\x82\xfaB\xf5j\xf5\xd3\xea\
2\x0d\x94\x86\xa9\x06K#Gc\x9d\xc61\x8d\xbb\x1a\
\x9f\xa7\xe9NcN\xe3M[=\xad~\xda\xcdi\x1f\
4\xa7k\xfaj\xf24K5\x1b4\xefh~\xd6\xa2\
k\x05jekm\xd0j\xd2z\xac\x8d\xd6\xb6\xd4\x8e\
\xd6^\xa0\xbdC\xfb\xa2\xf6\xd0t\xdat\xcf\xe9\x9c\xe9\
\xa5\xd3\x8fM\x7f\xa0\x03\xebX\xea\xc4\xe8,\xd6\xd9\xa3\
\xd3\xa93\xa2\xab\xa7\x1b\xac+\xd2\xdd\xaa{^wH\
OC\xcfW/Ko\x93\xde\x19\xbdA}\xaa\xbe\xb7\
\xbe@\x7f\x93\xfeY\xfd\x17tu:\x93\x9eC\xaf\xa4\
_\xa0\x0f\x1b\xe8\x18\x84\x18H\x0dv\x1bt\x19\x8c\x1a\
\x9a\x19\xc6\x1b\x16\x196\x18>6\x22\x1a1\x8c2\x8c\
6\x19\xb5\x1b\x0d\x1b\xeb\x1bG\x18\x17\x1a\xd7\x19?0\
!\x980L\xf8&[L:L>\x98\x9a\x99&\x9a\
\xae2m2\x1d0\xd34c\x99\x15\x98\xd5\x99=2\
\xa7\x98\xfb\x98\xcf7\xaf1\xbfm\x81\xb5`Xd[\
l\xb7\xb8a\x09[\xbaX\xf2-\xab-\xaf[\xc1V\
\xaeV\x02\xab\xedV\xdd\xd6\x18kwk\xa1u\x8du\
\x8f\x0d\xd9\x86i\x93oSg\xd3k\xaba\x1bn[\
d\xdbd\xfb\xca\xce\xd8.\xc5n\x83]\x87\xdd7{\
\x17\xfb\x1c\xfb\xbd\xf6\x0f\x1d\xd4\x1cB\x1d\x8a\x1cZ\x1d\
\xde8Z:r\x1c\xab\x1do;Q\x9c\x82\x9c\x969\
5;\xbdv\xb6r\xe69\xefp\xbe\xe7Bu\x89p\
Y\xe5\xd2\xee\xf2\xd5\xd5\xcdU\xecZ\xef:\xe8f\xec\
\x96\xe6\xb6\xcd\xad\x87AcD1\xd60.\xbbc\xdc\
\xfd\xdc\x97\xb9\x9fr\xff\xe4\xe1\xea\x91\xe7q\xcc\xe3O\
O\x1b\xcfl\xcf\x83\x9e\x033\xccf\xf0f\xec\x9d\xd1\
\xe7e\xe8\xc5\xf6\xda\xed%\xf3\xa6{\xa7y\xef\xf2\x96\
\xf9\x18\xf8\xb0}j|\x9e\xfa\x1a\xf9r}\xf7\xf9>\
gZ0\xb3\x98\x87\x98\xaf\xfc\xec\xfd\xc4~'\xfc>\
\xf8{\xf8/\xf1o\x0b@\x05\x04\x07\x94\x06t\x05\xaa\
\x05\xc6\x07V\x05>\x092\x0c\xca\x0c\xaa\x0b\x1a\x0ev\
\x09^\x1c\xdc\x16\x82\x09\x09\x0b\xd9\x10\xd2\xc3\xd2eq\
X\xb5\xac\xe1P\xb7\xd0%\xa1\x17\xc2\xc8a\xb1aU\
aO\xc3-\xc3\xc5\xe1\xad\x11pDh\xc4\xc6\x88G\
3Mf\x0ag6E\x82HV\xe4\xc6\xc8\xc7Qf\
Q\xf3\xa3NFc\xa3\xa3\xa2\xab\xa3\x9f\xc58\xc4\x14\
\xc6t\xc4Rc\xe7\xc6\x1e\x8c}\x1f\xe7\x17\xb7.\xee\
a\xbcy\xbc4\xbe=A9!5\xa16\xe1Cb\
@by\xa2,\xc9.iI\xd2\xb5d\xeddAr\
s\x0a.%!e_\xca\xc8\xac\xc0Y\x9bg\xf5\xa7\
\xba\xa4\x96\xa4\xde\x9dm6{\xe1\xec+s\xb4\xe7\xe4\
\xcc9=Wy.{\xee\xf14LZb\xda\xc1\xb4\
/\xecHv\x0d{$\x9d\x95\xbe-}\x98\xe3\xcf\xd9\
\xc2y\xc9\xf5\xe5n\xe2\x0e\xf2\xbcx\xe5\xbc\xe7\x19^\
\x19\xe5\x19\x03\x99^\x99\x1b3\x07\xf9>\xfc\x0a\xfe\x90\
\xc0_P%x\x9d\x15\x92\xb53\xebCvd\xf6\xfe\
lyNbNC.>7-\xb7E\xa8&\xcc\x16\
^\x98\xa77o\xe1\xbcn\x91\x95\xa8D$\x9b\xef1\
\x7f\xf3\xfcaq\x98x\x9f\x04\x92\xcc\x964\xe7\xd1\x10\
\x91\xd4)5\x97\xfe \xed\xcd\xf7\xce\xaf\xce\xff\xb8 \
a\xc1\xf1\x85\xaa\x0b\x85\x0b;\x17Y.Z\xbd\xe8y\
AP\xc1\xcf\x8b\xd1\x8b9\x8b\xdb\x0b\x0d\x0aW\x14\xf6\
.a.\xd9\xbd\x14Z\x9a\xbe\xb4}\x99\xd1\xb2\xe2e\
\xfd\xcb\x83\x97\x1fXA\x5c\x91\xbd\xe2\xd7\x22\xfb\xa2\xf2\
\xa2w+\x13W\xb6\x16\xeb\x16//\xee\xfb!\xf8\x87\
\xba\x12\xa5\x12qI\xcf*\xcfU;\x7fD\xff(\xf8\
\xb1k\xb5\xd3\xea\xad\xab\xbf\x95rK\xaf\x96\xd9\x97U\
\x94}Y\xc3Ys\xf5'\x87\x9f*\x7f\x92\xaf\xcdX\
\xdb\xb5\xceu\xdd\x8e\xf5\xd8\xf5\xc2\xf5w7\xf8l8\
P\xaeZ^P\xde\xb71bc\xe3&\xfa\xa6\xd2M\
\xef6\xcf\xdd|\xa5\xc2\xb9b\xe7\x16\xe2\x16\xe9\x16Y\
exe\xf3V\xe3\xad\xeb\xb7~\xa9\xe2W\xdd\xa9\xf6\
\xabn\xd8\xa6\xb3m\xf5\xb6\x0f\xdb\xb9\xdbo\xee\xf0\xdd\
Q\xbfSwg\xd9\xce\xcf\xbb\x04\xbb\xee\xed\x0e\xde\xdd\
XcZS\xb1\x07\xbb'\x7f\xcf\xb3\xbd\x09{;~\
f\xfc\x5c\xbbO{_\xd9\xbe\xaf\xfb\x85\xfbe\x07b\
\x0e\x5c\xa8u\xab\xad=\xa8sp]\x1d\x5c'\xad\x1b\
<\x94z\xe8\xc6\xe1\x80\xc3\xcd\xf56\xf5\xbb\x1b4\x1a\
\xca\x8e\x80#\xd2#/\x8e\xa6\x1d\xbd{,\xecX\xfb\
q\xc6\xf1\xfa_L~\xd9v\x82z\xa2\xb4\x11j\x5c\
\xd48\xdc\xc4o\x925'7w\xb7\x84\xb6\xb4\xb7z\
\xb6\x9e8i{r\xff)\x83S\xd5\xa7\xd5O\xaf;\
C<S|F~\xb6\xe0\xecH\x9b\xa8m\xe8\x5c\xe6\
\xb9\xbe\xf6\xb9\xed\x0f\xcf'\x9d\xbf}!\xfaB\xd7\xc5\
\xb0\x8b\x97/\x05]:\xdf\xc1\xec8{\xd9\xeb\xf2\xa9\
+\x1eWZ\xae2\xae6]s\xbd\xd6\xd8\xe9\xd2y\
\xe2W\x97_Ot\xb9v5^w\xbb\xde|\xc3\xfd\
Fk\xf7\x8c\xee37}n\x9e\xbb\x15p\xeb\xd2m\
\xd6\xedkwf\xde\xe9\xbe\x1b\x7f\xf7^Oj\x8f\xec\
\x1e\xf7\xde\xc0\xfd\x9c\xfb\xaf\x1f\xe4?\x18}\xb8\xfc\x11\
\xe6Q\xe9c\x95\xc7\x15Ot\x9e\xd4\xfcf\xf1[\x83\
\xccUv\xba7\xa0\xb7\xf3i\xec\xd3\x87}\x9c\xbe\x97\
\xbfK~\xff\xd2_\xfc\x8c\xf2\xac\xe2\xb9\xfe\xf3\xda\x01\
\xc7\x81S\x83A\x837^\xccz\xd1\xffR\xf4rt\
\xa8\xe4\x0f\xd5?\xb6\xbd2\x7f\xf5\xcb\x9f\xbe\x7fv\x0e\
'\x0d\xf7\xbf\x16\xbf\x96\xbfY\xf3V\xeb\xed\xfew\xce\
\xef\xdaG\xa2F\x9e\xbc\xcf}?\xfa\xa1\xf4\xa3\xd6\xc7\
\x03\x9f\x18\x9f:>'~~>\xba\xe0\x0b\xeeK\xe5\
W\x8b\xaf\xad\xdf\xc2\xbe=\x92\xe7\xca\xe5\x22\xb6\x98=\
.\x05P\xc8\x8032\x00x\xb3\x1f\xd1\xc6\xc9\x00P\
\x11]N\x9c5\xa1\xad\xc7\x0d\x9a\xf8\x1e\x18'\xf0\x9f\
xB\x7f\x8f\x9b+\x00\xf54\x00\xa2\x87\x10u\xd3\x03\
\xc0\x91\xbd\x88\x9cE\xe2+#\xdf\x04Q\x14\x00\xe2\xdc\
\x01\xec\xe4\xa4\x18\xff4I\x86\x93\xe3D,2\xa2\xfb\
0O\xe4\xf2\xb7\x88\x06\xc6m\x04\xe0\xebz\xb9|\xb4\
F.\xff\xba\x07)\xf6\x11\x00m\xc2\x09M?fX\
D\xcb\xef\x0a\xff\x9a\x9e\x9b\x0e\xfe\x8dM\xe8\xfd\xefz\
\xfc\xfb\x0c\xc6*p\x06\x7f\x9f\xff\x01^#\x1a\xbd\xff\
\xc6\x8d\xf0\x00\x00\x00\xb8eXIfMM\x00*\x00\
\x00\x00\x08\x00\x06\x01\x12\x00\x03\x00\x00\x00\x01\x00\x01\x00\
\x00\x01\x1a\x00\x05\x00\x00\x00\x01\x00\x00\x00V\x01\x1b\x00\
\x05\x00\x00\x00\x01\x00\x00\x00^\x01(\x00\x03\x00\x00\x00\
\x01\x00\x02\x00\x00\x011\x00\x02\x00\x00\x00\x15\x00\x00\x00\
f\x87i\x00\x04\x00\x00\x00\x01\x00\x00\x00|\x00\x00\x00\
\x00\x00\x00\x00\x90\x00\x00\x00\x01\x00\x00\x00\x90\x00\x00\x00\
\x01Pixelmator Pro \
3.5.8\x00\x00\x00\x03\x92\x86\x00\x07\x00\x00\x00\
\x12\x00\x00\x00\xa6\xa0\x02\x00\x04\x00\x00\x00\x01\x00\x00\x00\
 \xa0\x03\x00\x04\x00\x00\x00\x01\x00\x00\x00 \x00\x00\x00\
\x00ASCII\x00\x00\x00Screens\
hot.T\x97A\x00\x00\x00\x09pHYs\x00\
\x00\x16%\x00\x00\x16%\x01IR$\xf0\x00\x00\x04\x14\
iTXtXML:com.adob\
e.xmp\x00\x00\x00\x00\x00<x:xmp\
meta xmlns:x=\x22ad\
obe:ns:meta/\x22 x:\
xmptk=\x22XMP Core \
6.0.0\x22>\x0a   <rdf:\
RDF xmlns:rdf=\x22h\
ttp://www.w3.org\
/1999/02/22-rdf-\
syntax-ns#\x22>\x0a   \
   <rdf:Descript\
ion rdf:about=\x22\x22\
\x0a            xml\
ns:exif=\x22http://\
ns.adobe.com/exi\
f/1.0/\x22\x0a        \
    xmlns:tiff=\x22\
http://ns.adobe.\
com/tiff/1.0/\x22\x0a \
           xmlns\
:xmp=\x22http://ns.\
adobe.com/xap/1.\
0/\x22>\x0a         <e\
xif:PixelYDimens\
ion>32</exif:Pix\
elYDimension>\x0a  \
       <exif:Pix\
elXDimension>32<\
/exif:PixelXDime\
nsion>\x0a         \
<exif:UserCommen\
t>\x0a            <\
rdf:Alt>\x0a       \
        <rdf:li \
xml:lang=\x22x-defa\
ult\x22>Screenshot<\
/rdf:li>\x0a       \
     </rdf:Alt>\x0a\
         </exif:\
UserComment>\x0a   \
      <tiff:Reso\
lutionUnit>2</ti\
ff:ResolutionUni\
t>\x0a         <tif\
f:XResolution>14\
40000/10000</tif\
f:XResolution>\x0a \
        <tiff:YR\
esolution>144000\
0/10000</tiff:YR\
esolution>\x0a     \
    <tiff:Orient\
ation>1</tiff:Or\
ientation>\x0a     \
    <xmp:Creator\
Tool>Pixelmator \
Pro 3.5.8</xmp:C\
reatorTool>\x0a    \
     <xmp:Metada\
taDate>2024-04-1\
8T10:43:52+02:00\
</xmp:MetadataDa\
te>\x0a      </rdf:\
Description>\x0a   \
</rdf:RDF>\x0a</x:x\
mpmeta>\x0aCx)o\x00\x00\x06;\
IDATX\x09\xb5W\x0dlSU\x14\xfe^\xfb\
\xda\xb5\xact\xb4k\xb7\xb1\xb1u\x1b?\xe3W\x07\xce\
\x91!\x06$\xa2(\x1a\x03\xba\x04C\x94\x10\x12\xc9F\
\x08\x18uF#q ?\xd1h\x188f\x82\x81\x18\
\x14\x02(\x8aQ$\x18cP\x11p\xe2\x98lc\xc0\
`\xac[\xd9\xd8\xfaG\xf7\xc3\xfaC[\xefy\xdb{\
\xeb+\xad\x8cd\x9c\xa4}\xf7\xdd{\xee\xf7\x9d{\xce\
y\xf7\x9e\xcb-\xd9\xba&\xf9\xbbww9\xcb\xcb\xcb\
\x15u|\xc7,O[g\x91\xc7\xee\xde\xe9\xed\xebG\
\xd0\x7f\x07#!J5\x0fM\xa2\x16\xfa\x14\x03\x8c\xe9\
\xa6\x82\x04\xa5\xa2\xdd\x16H\xb7\xcf\x07B\xdc\xd2-\xaf\
\x8dU\xd6\xba\xbb|9\xcaTk}\x8b-\xd0\xef\xe7\
F\x824\x1e\x86J\xab\xf6O\xca\xcb\x1c\xa33\xa7\xe9\
\xdc\xfe\x9e\x00o\xb2\xc2\x01\x83Aq\xba\xa6\xa69\x14\
\x0cq\x89I:<\xf4x>L\xe9f\x8c6\xea\xc1\
q\x8axX\xc3\xea\x0f\x87C\xe8qu\xc3\xd1n\xc7\
\x85?j\xd1\xe7\xe9U7\xd6\xb7\xdcH\xc81\xa4N\
\xcc\x1a\x95\xc6\xdb\x93\xbd\xfa\xeb\xb5M7\x199\x9f9\
\xd9\x82\xa2\xc5s\xa1R\xab\x87\x05>\x1c%Z\x80>\
y\x8c\xf0\xcb\xcc\xb3\xe0\xcc\xb1Sh\xbbd5\xdc\xb1\
\xd5\xf5\x05sfN\xe5\xbb\xdd\xdd\x0e\xbf\xd7\x07Z\xb9\
Hnml\xc6\xe5s\x8d\xe8vy\x10\x0e\x87\x87\xc3\
\x13W\x87\xe38\xe8\x8dI\xc8+\x98\x02\xcb\x94\x5c\x81\
\xc3\xd5\xe1$O\xa8\x5c\xd6\xf6KJSVjy\xc0\
\xebG\xc1\xc2B\xe6\xf6\x14\x10y\xf5\x893\xf0\xf5{\
\xe3\x82\xde\xef\x00a\xdd\xb8f\x83\x8e-\xd2\x98f\x82\
Z\xa3\x86\xedJ+\xc2\xa1\x90\x82\xa7l'\xa1\x98\x93\
\xd0\xca\xef%\x9a\x04\x0dr\xb3\xb21\xc12\x1ej\x16\
\xae\xb6v\x1bZlVt:\xba\x86\xa6\x92\xebh\xf9\
\x11B\xd8\xe4\x05\x91\x8b\xb8y\xf1S\xa3\x84#!\xb7\
\xcb\x85e\x11\x83\x22\xb0TS\x0a6\xbf\xf9>fM\
\xcf\x87\x22Fr\xfe\xf6\xd7)\xec\xfc\xa2\x0a\xcd\xad\xd7\
A\xfa\x8c=\xc8&\xb3\xe7\x80\xb2\x88-r\x11\xb7\x94\
\xe2b\xb6\xcbc>D>;\xffQ\x1c\xfat\x1f\x0a\
f\xcc\x8aINF\xcf\x9b=\x17\xfb+\xf6b\xf2\xf8\
I\xc2\x1aX\xf6(\xb90\x17\x14\x17$b\x8b\x5c\xd4\
\xcf\x8b\x83\xb1\x9f\xcc\xf2A'\x96\xad~\x1dI\xfa$\
A\xed|\xc3\xbf8r\xfc(\xce\xd6\xfe\x0d\x03\xeb+\
d\xc6\xadye5Fi\xb5\xa0\xf0l+\xdb\x84%\
\xab\x97\x0d@rP\xb1`\xf427\xe8bq\xc8\x0c\
\x08\x85B\xb1t0nl\x06\x8by\x8e0\xd6\xd7\x7f\
\x1b\xa5\x1b\xd6\xc3\xeb\x1bHR\xa7\xdb\x89\xab\xd6f\xb8\
=nl}k\xa3\xa0\x93=\xce\x02\x931\x19\x0e\x97\
Sxgk\xd0\xc4\x04f\x9dR\x08H\x81>\xc7X\
B\xc9&\x0a\x8b'b\x19z\xfc\xe4\xcf\xf8\xf1\xd7\xe3\
\x82Z\x8b\xad\x15N\x97K\x9c\xc2\xf2\x01\xca\xa1\x17y\
Kf@8$\xfb\xe6\xa5\x97\x9a\xfa\xf3\x12)\xb9\xb9\
\xea\x83\x0a\xe4\xe5N\x94#\xb1\xb7\x8d\x15[\xb1\xea\xed\
\x12,[\xfb*\xcb[i:\xe9\x0d\x06\xf2\xae)\xf2\
\x1c\xe0\xd9\xa1\x11!\xd2\xa4\xee\xde\x1e\x9c\xab\xabA\xe1\
\xc3\x05\xc2\xf0#3f\xe2 KH[\xc7\x0d\x9c=\
_\x8d?\xff9\x8bj\x96\x0f\xb7\xbd\xfd\xa8\xa9\xaf\x8d\
\x80\xb8wS\xe6\x01^\xad\x8a;\xa3l\xdb{\x8c\xe4\
\x9cl\x9cr\xe3\xa5g\x97`\xfb\x86\x0fq\xf2\xd0\x09\
|\xf4\xce\x16L\xc8\x1e\x0aW\x84\xb2\xcc\x1d\x11\xfd\xf2\
\x1c\xa0\xf8\xc6\x13O\x8f\x07%\x1b\xd6\xe1\xe3\xdd\x15h\
\xb8r\xf7f\xa5\xe2UX8w\x01\x0eW~\x89\x15\
/.\x8f\x86\x89\x0b,\xf3y\xf4\xac\xe8wJ\xbe\xfd\
\xdf\x1f\x12~i\xe6T,\x983\x1fE3\x0bA!\
\xd1j\xb4\x82:m?\xebV\xae\xc1\xf56+~\xaf\
>%B\x90\x07b\x1a!\x0b\x81\xa8=\xf8\x94\xb9\xcd\
\x92\x91\x09\xfd\xe8\x81\xdd\x92\xc6o\xda;q\x80\x19\xb3\
\xb6\xfc\x0d<\xb9|1\xf6}\xbb_\x9aNF,\x9a\
\xb7Pzg'\xdaP;\xaa\xf5\x7f\x06H\x16/]\
\xf4\x02\x8e\xee>\x8cc{\x8e\x08\xdfw\x14\x86\x90|\
\xdb\xf7T\xe2Bc\x9d44m\xd2\x14\xa9\xcd\xb6\xe5\
\xd8\x1b\x0c\xd3\x88g\x00\x99,\x99=#o\x9a\x00\xa6\
K\xd4a\xed\x8a\x92!\xe0\xa8\xd6\xe5\xe6&\xa9'j\
\xaf\x88\xc7\x13\xc7\x800\xd8\xfe=\xe47:dDy\
n\xc13B\xcc\xc5w\xf1I\x07\xd5\x13s\xe6\x89\xaf\
\xa8\xbf|Qj\xb3\x86\xe4\xcd\xc8Nj\xc7NB\x8e\
\x1dB\xe0\xa4\xdd\xeb4\xfb\xce\xe9\xc8\xcdL\x1f\x07\x85\
B\x81\xcf6\xef\xc07\xec,h\xb8r\x11\x1au\x02\
\x1e+\x98\x03:\xach\x93\x22\xf1\xf9},'\x0e\x08\
\xed{\xfd\xc56``\x16\xc5M0\xc2\x1f\xf0\x0b;\
\xdc\xeem\x95\xa0}\x9e>\xb9\x97\x9f/\x8e\x89\xdd\xe5\
\xb4c\xfd\xa624\xb5\x5c\x8d9\x1e\xdd\x19'6\x1c\
\x15\x85\xb2\x92\xc8\xeer`UY\x09\xbe:z\x10\xb7\
\xbao\xc9p(\xdeT\x03\xfc\xf0\xcbOX\xbe~%\
\x1a\xaf^\x8a\x1c\x97r)\xb2SlK\x1e\xa0\xea\x95\
\xcei\xfa\x84\x06\xcf\xedD\xb6\x9f\xb3\x1a]0F\xd0\
w\xb1\x13\xef\x93\xcfw\xa0bo%(\xe6f\xa3I\
8#\x9aZ\xaeI\xa7\xa3\x08\x1c\xf1\x94\xe2/\x94(\
l\x80\xb8D\xe1\xe9\xd2@\x95\x09\x95\xceB\xf5\xca\x0a\
H\x8fs`\x85D\xceR\xd1\xcb\x10\x94,\x8d\xa4}\
:\x18\x0c\xa2\xbd\xb3C\xf8\x89@\xc3yRqJB\
\x5c$\xc4\xad\xa0\x1b\x0b\x09\xd5\xed$T\xbdF\x0as\
\x88&\x92<r\xec~\xdb\x22\xb6\xc8E\xdc\x0av]\
\x12bD\x97\x86\x80\xdf/\x14\x8d\x85O\x17!\x89\xd5\
\xf2\xa2\xcb\xee\x97(R\x9f0\x08\x8b0\xa9 %\x0e\
\xe2b\x8b\x0a\xe9\xcd\xc6\xa7xc\x96!\xd5\xd1z\xb3\
\x93\xd5\xe9\x1c]\x1a\xe8n@\x8a\xf4\x1bi!r\xe2\
`\x5c`W4\xce<\xd6\xd0\xc0k{\x82\xa1\xdc\xa9\
\x13\xd3\x9aj\x1b;\xd9\x8d\x05tix\xc0W3\xb6\
\xc3(\x1c\x96\xfc\x9c\xe9Ap\x01\xaetW\xa9\xce\xd6\
\xab\xe3\xe0t\xc0Zw\xd1\xc9.)R\xb2\x8d\xb4\x07\
\x08\x8f\xad\xfc\xb6!;3\xf5d\xd5\xd7\xbd\xc5\xe5\xc5\
j\xae\xb8\xbcTgG\x8a\xd7\x8c.\x0d<\x09A\xb7\
\xb7\xa5\xd7\xd3\xe9R<\xa0\xeb\xb9O\x9f\x95\x91\xc1{\
\x02w\xec\xda\xf4>\xb3\xcfj\xf8\x0f\xb6\xeapvY\
\xf6,c\x00\x00\x00\x00IEND\xaeB`\x82\
\x00\x00\x14\xb6\
\x89\
PNG\x0d\x0a\x1a\x0a\x00\x00\x00\x0dIHDR\x00\
\x00\x00 \x00\x00\x00 \x08\x06\x00\x00\x00szz\xf4\
\x00\x00\x0a\xd7iCCPICC Prof\
ile\x00\x00H\x89\x95\x97\x07TS\xc9\x1a\xc7\xe7\
\xde\xf4FK@@J\xe8\xbd\xb7\x00RB\x0fEz\
\x15\x95\x90\x04\x12J\x8c\x09AEl\xc8\xe2\x0a\xae\x05\
\x15\x11\xac\xe8\xaa\x88\x82e\xa5\xd9\x10\x0b\x16\x16\xc5\x86\
}\x83,\x0a\xca\xbaX\xb0\xa1\xe6]\xe0\x11\xdc}\xed\
\xbc\xef\x9c\xc9\xfc\xce\x97\x99\xaf\xcc\xbds\xce\xff\x02@\
\x09a\x8bD9\xb0\x0a\x00\xb9\xc2<qL\xb0\x1f=\
)9\x85\x8e{\x060@\x15P\x01\x1d\xd8\xb19\x12\
\x113**\x1c 69\xff\xd5\xde\xdf\x05\xd0\xd8|\
\xcbf,\xd6\xbf\xfe\xff_M\x8d\xcb\x93p\x00\x80R\
\x11N\xe7J8\xb9\x08\xb7!\xe3\x05G$\xce\x03\x00\
u\x08\xf1\x1b-\xc8\x13\x8d\xf1\x0d\x84ib\xa4@\x84\
\x7f\x1f\xe3\xcc\x09\xfe8\xc6\xe9\xe3\x8c&\x8f\xaf\x89\x8b\
\xf1G\x98\x0e\x00\x9e\xccf\x8b3\x01 [#~z\
>'\x13\x89C\x1e\xeb\xc1^\xc8\x15\x08\x11.D\xd8\
\x9b\xc3gs\x11>\x85\xb0un\xee\xbc1\x1e@\xd8\
\x1cY/\x02\x80\x82\x9c\x0e`\xa4\x7f\x173\xf3/\xf1\
\xd3\x15\xf1\xd9\xecL\x05O\xf45n\xf8\x00\x81D\x94\
\xc3^\xf4\x7f\x1e\xcd\xff\xb6\xdc\x1c\xe9d\x0eSd\x90\
\xf9\xe2\x90\x98\xb1|\xc8\xf9\xdd\xcb\x9e\x17\xa6`a\xfa\
\xcc\xc8I\x16p'j\x1ac\xbe4$~\x929\x12\
\xff\x94I\xe6\xb2\x03\xc2\x14{sf\x86Or\x86 \
\x88\xa5\x88\x93\xc7\x8a\x9bd\x9e$0v\x92\xc5\xf3b\
\x14\xb92\xc4\xfe\xccIf\x8b\xc7\xf3\x12\x11\x96I\xb3\
\xe3\x15~>\x8f\xa5\x88_\xc0\x8fK\x9c\xe4|A\xc2\
\xccI\x96d\xc7\x86M\xad\xf1W\xf8\xc5\xd2\x18E\xfd\
<a\xb0\xdfT\xde E\xef\xb9\x92\xef\xfa\x15\xb0\x14\
{\xf3\xf8q!\x8a\xde\xd9S\xf5\xf3\x84\xcc\xa9\x98\x92\
$Em\x5c^@\xe0\xd4\x9ax\xc5zQ\x9e\x9f\x22\
\x97('J\xb1\x9e\x97\x13\xac\xf0K\xf2c\x15{\xf3\
\x90\x97sjo\x94\xe2\x0c\xb3\xd8\xa1Q\x93\x0c\x04 \
\x02\xb0\x01\x87\xae<I\x00\xe4\xf1\x16\xe6\x8d5\xe2?\
O\xb4H,\xc8\xe4\xe7\xd1\x99\xc8m\xe3\xd1YB\x8e\
\xad5\xdd\xd1\xde\xd1\x11\x80\xb1\xbb;\xf1:\xbc\x8d\x1e\
\xbf\x93\x90F\xe7\x94o\xe5o\x00x\x9d\x95\xcb\xe5'\
\xa7|\xa1g\x018\xea\x86<\x96\x96)\x9f9\x03\x00\
U\x12\x00\x97[8Rq\xfe\x84\x0f=\xf6\x83A\x9e\
\x9e2\xa0\x01-\xa0\x07\x8c\x809\xb0\x01\x8e\xc0\x15x\
\x02_\x10\x08BA$\x88\x03\xc9`\x0eR+\x1f\xe4\
\x021X\x00\x0a\xc1\x0aP\x02\xca\xc0z\xb0\x19T\x81\
\x9d`\x0f8\x00\x0e\x83c\xa0\x09\x9c\x02\xe7\xc0%p\
\x0d\xdc\x00w\xc0C \x03\xfd\xe0%\x18\x06\xef\xc1(\
\x04A8\x88\x02Q!-H\x1f2\x81\xac G\x88\
\x01yC\x81P8\x14\x03%CiP&$\x84\xa4\
P!\xb4\x12*\x83\xca\xa1*h7T\x0b\x1d\x85Z\
\xa0s\xd0\x15\xa8\x1b\xba\x0f\xf5B\x83\xd0\x1b\xe83\x8c\
\x82\xc90\x0d\xd6\x85Ma;\x98\x013\xe108\x0e\
\x9e\x0dg\xc2\xf3\xe1\x02\xb8\x18^\x0bW\xc25\xf0!\
\xb8\x11>\x07_\x83\xef\xc02\xf8%<\x82\x02(\x12\
J\x03e\x80\xb2A1P\xfe\xa8HT\x0a*\x03%\
F-E\x95\xa2*P5\xa8zT+\xaa\x03u\x0b\
%C\x0d\xa1>\xa1\xb1h*\x9a\x8e\xb6A{\xa2C\
\xd0\xf1h\x0ez>z)z\x0d\xba\x0a}\x00\xdd\x88\
\xbe\x80\xbe\x85\xeeE\x0f\xa3\xbfa(\x18\x1d\x8c\x15\xc6\
\x03\xc3\xc2$a21\x0b0%\x98\x0a\xcc>\xcc\x09\
\xccE\xcc\x1dL?\xe6=\x16\x8b\xd5\xc0\x9aa\xdd\xb0\
!\xd8dl\x16v1v\x0dv;\xb6\x01\xdb\x86\xed\
\xc6\xf6aGp8\x9c\x16\xce\x0a\xe7\x85\x8b\xc4\xb1q\
y\xb8\x12\xdcV\xdc!\xdcY\xdcM\x5c?\xee#\x9e\
\x84\xd7\xc7;\xe2\x83\xf0)x!\xbe\x08_\x81?\x88\
?\x83\xbf\x89\x7f\x8e\x1f%\xa8\x10L\x08\x1e\x84H\x02\
\x97\xb0\x88\xb0\x8e\xb0\x97\xd0J\xb8N\xe8'\x8c\x12U\
\x89fD/b\x1c1\x8b\xb8\x82XI\xac'^$\
>\x22\xbe%\x91H\x86$wR4I@ZN\xaa\
$\x1d!]&\xf5\x92>\x91\xd5\xc8\x96d\x7fr*\
YJ^K\xdeOn#\xdf'\xbf\xa5P(\xa6\x14\
_J\x0a%\x8f\xb2\x96RK9OyB\xf9\xa8D\
U\xb2Ub)q\x95\x96)U+5*\xddTz\
\xa5LP6Qf*\xcfQ.P\xaeP>\xae|\
]yH\x85\xa0b\xaa\xe2\xaf\xc2VY\xaaR\xad\xd2\
\xa2\xd2\xa32\xa2JUuP\x8dT\xcdU]\xa3z\
P\xf5\x8a\xea\x80\x1aN\xcdT-P\x8d\xabV\xac\xb6\
G\xed\xbcZ\x1f\x15E5\xa2\xfaS9\xd4\x95\xd4\xbd\
\xd4\x8b\xd4~\x1a\x96fFc\xd1\xb2he\xb4\xc3\xb4\
.\xda\xb0\xba\x9a\xba\xb3z\x82\xfaB\xf5j\xf5\xd3\xea\
2\x0d\x94\x86\xa9\x06K#Gc\x9d\xc61\x8d\xbb\x1a\
\x9f\xa7\xe9NcN\xe3M[=\xad~\xda\xcdi\x1f\
4\xa7k\xfaj\xf24K5\x1b4\xefh~\xd6\xa2\
k\x05jekm\xd0j\xd2z\xac\x8d\xd6\xb6\xd4\x8e\
\xd6^\xa0\xbdC\xfb\xa2\xf6\xd0t\xdat\xcf\xe9\x9c\xe9\
\xa5\xd3\x8fM\x7f\xa0\x03\xebX\xea\xc4\xe8,\xd6\xd9\xa3\
\xd3\xa93\xa2\xab\xa7\x1b\xac+\xd2\xdd\xaa{^wH\
OC\xcfW/Ko\x93\xde\x19\xbdA}\xaa\xbe\xb7\
\xbe@\x7f\x93\xfeY\xfd\x17tu:\x93\x9eC\xaf\xa4\
_\xa0\x0f\x1b\xe8\x18\x84\x18H\x0dv\x1bt\x19\x8c\x1a\
\x9a\x19\xc6\x1b\x16\x196\x18>6\x22\x1a1\x8c2\x8c\
6\x19\xb5\x1b\x0d\x1b\xeb\x1bG\x18\x17\x1a\xd7\x19?0\
!\x980L\xf8&[L:L>\x98\x9a\x99&\x9a\
\xae2m2\x1d0\xd34c\x99\x15\x98\xd5\x99=2\
\xa7\x98\xfb\x98\xcf7\xaf1\xbfm\x81\xb5`Xd[\
l\xb7\xb8a\x09[\xbaX\xf2-\xab-\xaf[\xc1V\
\xaeV\x02\xab\xedV\xdd\xd6\x18kwk\xa1u\x8du\
\x8f\x0d\xd9\x86i\x93oSg\xd3k\xaba\x1bn[\
d\xdbd\xfb\xca\xce\xd8.\xc5n\x83]\x87\xdd7{\
\x17\xfb\x1c\xfb\xbd\xf6\x0f\x1d\xd4\x1cB\x1d\x8a\x1cZ\x1d\
\xde8Z:r\x1c\xab\x1do;Q\x9c\x82\x9c\x969\
5;\xbdv\xb6r\xe69\xefp\xbe\xe7Bu\x89p\
Y\xe5\xd2\xee\xf2\xd5\xd5\xcdU\xecZ\xef:\xe8f\xec\
\x96\xe6\xb6\xcd\xad\x87AcD1\xd60.\xbbc\xdc\
\xfd\xdc\x97\xb9\x9fr\xff\xe4\xe1\xea\x91\xe7q\xcc\xe3O\
O\x1b\xcfl\xcf\x83\x9e\x033\xccf\xf0f\xec\x9d\xd1\
\xe7e\xe8\xc5\xf6\xda\xed%\xf3\xa6{\xa7y\xef\xf2\x96\
\xf9\x18\xf8\xb0}j|\x9e\xfa\x1a\xf9r}\xf7\xf9>\
gZ0\xb3\x98\x87\x98\xaf\xfc\xec\xfd\xc4~'\xfc>\
\xf8{\xf8/\xf1o\x0b@\x05\x04\x07\x94\x06t\x05\xaa\
\x05\xc6\x07V\x05>\x092\x0c\xca\x0c\xaa\x0b\x1a\x0ev\
\x09^\x1c\xdc\x16\x82\x09\x09\x0b\xd9\x10\xd2\xc3\xd2eq\
X\xb5\xac\xe1P\xb7\xd0%\xa1\x17\xc2\xc8a\xb1aU\
aO\xc3-\xc3\xc5\xe1\xad\x11pDh\xc4\xc6\x88G\
3Mf\x0ag6E\x82HV\xe4\xc6\xc8\xc7Qf\
Q\xf3\xa3NFc\xa3\xa3\xa2\xab\xa3\x9f\xc58\xc4\x14\
\xc6t\xc4Rc\xe7\xc6\x1e\x8c}\x1f\xe7\x17\xb7.\xee\
a\xbcy\xbc4\xbe=A9!5\xa16\xe1Cb\
@by\xa2,\xc9.iI\xd2\xb5d\xeddAr\
s\x0a.%!e_\xca\xc8\xac\xc0Y\x9bg\xf5\xa7\
\xba\xa4\x96\xa4\xde\x9dm6{\xe1\xec+s\xb4\xe7\xe4\
\xcc9=Wy.{\xee\xf14LZb\xda\xc1\xb4\
/\xecHv\x0d{$\x9d\x95\xbe-}\x98\xe3\xcf\xd9\
\xc2y\xc9\xf5\xe5n\xe2\x0e\xf2\xbcx\xe5\xbc\xe7\x19^\
\x19\xe5\x19\x03\x99^\x99\x1b3\x07\xf9>\xfc\x0a\xfe\x90\
\xc0_P%x\x9d\x15\x92\xb53\xebCvd\xf6\xfe\
lyNbNC.>7-\xb7E\xa8&\xcc\x16\
^\x98\xa77o\xe1\xbcn\x91\x95\xa8D$\x9b\xef1\
\x7f\xf3\xfcaq\x98x\x9f\x04\x92\xcc\x964\xe7\xd1\x10\
\x91\xd4)5\x97\xfe \xed\xcd\xf7\xce\xaf\xce\xff\xb8 \
a\xc1\xf1\x85\xaa\x0b\x85\x0b;\x17Y.Z\xbd\xe8y\
AP\xc1\xcf\x8b\xd1\x8b9\x8b\xdb\x0b\x0d\x0aW\x14\xf6\
.a.\xd9\xbd\x14Z\x9a\xbe\xb4}\x99\xd1\xb2\xe2e\
\xfd\xcb\x83\x97\x1fXA\x5c\x91\xbd\xe2\xd7\x22\xfb\xa2\xf2\
\xa2w+\x13W\xb6\x16\xeb\x16//\xee\xfb!\xf8\x87\
\xba\x12\xa5\x12qI\xcf*\xcfU;\x7fD\xff(\xf8\
\xb1k\xb5\xd3\xea\xad\xab\xbf\x95rK\xaf\x96\xd9\x97U\
\x94}Y\xc3Ys\xf5'\x87\x9f*\x7f\x92\xaf\xcdX\
\xdb\xb5\xceu\xdd\x8e\xf5\xd8\xf5\xc2\xf5w7\xf8l8\
P\xaeZ^P\xde\xb71bc\xe3&\xfa\xa6\xd2M\
\xef6\xcf\xdd|\xa5\xc2\xb9b\xe7\x16\xe2\x16\xe9\x16Y\
exe\xf3V\xe3\xad\xeb\xb7~\xa9\xe2W\xdd\xa9\xf6\
\xabn\xd8\xa6\xb3m\xf5\xb6\x0f\xdb\xb9\xdbo\xee\xf0\xdd\
Q\xbfSwg\xd9\xce\xcf\xbb\x04\xbb\xee\xed\x0e\xde\xdd\
XcZS\xb1\x07\xbb'\x7f\xcf\xb3\xbd\x09{;~\
f\xfc\x5c\xbbO{_\xd9\xbe\xaf\xfb\x85\xfbe\x07b\
\x0e\x5c\xa8u\xab\xad=\xa8sp]\x1d\x5c'\xad\x1b\
<\x94z\xe8\xc6\xe1\x80\xc3\xcd\xf56\xf5\xbb\x1b4\x1a\
\xca\x8e\x80#\xd2#/\x8e\xa6\x1d\xbd{,\xecX\xfb\
q\xc6\xf1\xfa_L~\xd9v\x82z\xa2\xb4\x11j\x5c\
\xd48\xdc\xc4o\x925'7w\xb7\x84\xb6\xb4\xb7z\
\xb6\x9e8i{r\xff)\x83S\xd5\xa7\xd5O\xaf;\
C<S|F~\xb6\xe0\xecH\x9b\xa8m\xe8\x5c\xe6\
\xb9\xbe\xf6\xb9\xed\x0f\xcf'\x9d\xbf}!\xfaB\xd7\xc5\
\xb0\x8b\x97/\x05]:\xdf\xc1\xec8{\xd9\xeb\xf2\xa9\
+\x1eWZ\xae2\xae6]s\xbd\xd6\xd8\xe9\xd2y\
\xe2W\x97_Ot\xb9v5^w\xbb\xde|\xc3\xfd\
Fk\xf7\x8c\xee37}n\x9e\xbb\x15p\xeb\xd2m\
\xd6\xedkwf\xde\xe9\xbe\x1b\x7f\xf7^Oj\x8f\xec\
\x1e\xf7\xde\xc0\xfd\x9c\xfb\xaf\x1f\xe4?\x18}\xb8\xfc\x11\
\xe6Q\xe9c\x95\xc7\x15Ot\x9e\xd4\xfcf\xf1[\x83\
\xccUv\xba7\xa0\xb7\xf3i\xec\xd3\x87}\x9c\xbe\x97\
\xbfK~\xff\xd2_\xfc\x8c\xf2\xac\xe2\xb9\xfe\xf3\xda\x01\
\xc7\x81S\x83A\x837^\xccz\xd1\xffR\xf4rt\
\xa8\xe4\x0f\xd5?\xb6\xbd2\x7f\xf5\xcb\x9f\xbe\x7fv\x0e\
'\x0d\xf7\xbf\x16\xbf\x96\xbfY\xf3V\xeb\xed\xfew\xce\
\xef\xdaG\xa2F\x9e\xbc\xcf}?\xfa\xa1\xf4\xa3\xd6\xc7\
\x03\x9f\x18\x9f:>'~~>\xba\xe0\x0b\xeeK\xe5\
W\x8b\xaf\xad\xdf\xc2\xbe=\x92\xe7\xca\xe5\x22\xb6\x98=\
.\x05P\xc8\x8032\x00x\xb3\x1f\xd1\xc6\xc9\x00P\
\x11]N\x9c5\xa1\xad\xc7\x0d\x9a\xf8\x1e\x18'\xf0\x9f\
xB\x7f\x8f\x9b+\x00\xf54\x00\xa2\x87\x10u\xd3\x03\
\xc0\x91\xbd\x88\x9cE\xe2+#\xdf\x04Q\x14\x00\xe2\xdc\
\x01\xec\xe4\xa4\x18\xff4I\x86\x93\xe3D,2\xa2\xfb\
0O\xe4\xf2\xb7\x88\x06\xc6m\x04\xe0\xebz\xb9|\xb4\
F.\xff\xba\x07)\xf6\x11\x00m\xc2\x09M?fX\
D\xcb\xef\x0a\xff\x9a\x9e\x9b\x0e\xfe\x8dM\xe8\xfd\xefz\
\xfc\xfb\x0c\xc6*p\x06\x7f\x9f\xff\x01^#\x1a\xbd\xff\
\xc6\x8d\xf0\x00\x00\x00\xb8eXIfMM\x00*\x00\
\x00\x00\x08\x00\x06\x01\x12\x00\x03\x00\x00\x00\x01\x00\x01\x00\
\x00\x01\x1a\x00\x05\x00\x00\x00\x01\x00\x00\x00V\x01\x1b\x00\
\x05\x00\x00\x00\x01\x00\x00\x00^\x01(\x00\x03\x00\x00\x00\
\x01\x00\x02\x00\x00\x011\x00\x02\x00\x00\x00\x15\x00\x00\x00\
f\x87i\x00\x04\x00\x00\x00\x01\x00\x00\x00|\x00\x00\x00\
\x00\x00\x00\x00\x90\x00\x00\x00\x01\x00\x00\x00\x90\x00\x00\x00\
\x01Pixelmator Pro \
2.4.3\x00\x00\x00\x03\x92\x86\x00\x07\x00\x00\x00\
\x12\x00\x00\x00\xa6\xa0\x02\x00\x04\x00\x00\x00\x01\x00\x00\x00\
 \xa0\x03\x00\x04\x00\x00\x00\x01\x00\x00\x00 \x00\x00\x00\
\x00ASCII\x00\x00\x00Screens\
hot:\x22\xc2\xb8\x00\x00\x00\x09pHYs\x00\
\x00\x16%\x00\x00\x16%\x01IR$\xf0\x00\x00\x04\x14\
iTXtXML:com.adob\
e.xmp\x00\x00\x00\x00\x00<x:xmp\
meta xmlns:x=\x22ad\
obe:ns:meta/\x22 x:\
xmptk=\x22XMP Core \
6.0.0\x22>\x0a   <rdf:\
RDF xmlns:rdf=\x22h\
ttp://www.w3.org\
/1999/02/22-rdf-\
syntax-ns#\x22>\x0a   \
   <rdf:Descript\
ion rdf:about=\x22\x22\
\x0a            xml\
ns:tiff=\x22http://\
ns.adobe.com/tif\
f/1.0/\x22\x0a        \
    xmlns:exif=\x22\
http://ns.adobe.\
com/exif/1.0/\x22\x0a \
           xmlns\
:xmp=\x22http://ns.\
adobe.com/xap/1.\
0/\x22>\x0a         <t\
iff:YResolution>\
1440000/10000</t\
iff:YResolution>\
\x0a         <tiff:\
ResolutionUnit>2\
</tiff:Resolutio\
nUnit>\x0a         \
<tiff:XResolutio\
n>1440000/10000<\
/tiff:XResolutio\
n>\x0a         <tif\
f:Orientation>1<\
/tiff:Orientatio\
n>\x0a         <exi\
f:PixelXDimensio\
n>32</exif:Pixel\
XDimension>\x0a    \
     <exif:UserC\
omment>\x0a        \
    <rdf:Alt>\x0a  \
             <rd\
f:li xml:lang=\x22x\
-default\x22>Screen\
shot</rdf:li>\x0a  \
          </rdf:\
Alt>\x0a         </\
exif:UserComment\
>\x0a         <exif\
:PixelYDimension\
>32</exif:PixelY\
Dimension>\x0a     \
    <xmp:Creator\
Tool>Pixelmator \
Pro 2.4.3</xmp:C\
reatorTool>\x0a    \
     <xmp:Metada\
taDate>2022-06-1\
9T19:36:10+02:00\
</xmp:MetadataDa\
te>\x0a      </rdf:\
Description>\x0a   \
</rdf:RDF>\x0a</x:x\
mpmeta>\x0ag\xe8l\x95\x00\x00\x04\xa1\
IDATX\x09\xb5W[P[e\x10\xdesI\
\xc2\xa4I\x13HBH\xb5D:\x83\xcae\xa8\x15\xa5\
ri\x8d\xbd\xd8\x8eZ\xc6\xd4\xa9\x8a0X_|\xd0\
\x17\x1ft\xf4\xb1\x0f\x8e\xb7'\xc7\x17g|0m\xe9\
\x8c3\x16a\xda\x19\xb5Z\x9cB\xab2ma\xaam\
\x11,\x96KL\x91\x90pIB\xee$\xf1\xdf\x9f\x9e\
p\x92\xc0$\x07\xc8\xce\x9c\x9c\xfd\xf7\xdf\xfd\xbe=\xff\
\xd9$\xbbL\x9d\xb5Gw\xad\xfb\xc0,\x9cH\xb0\xd5\
\xb7~x<\xe8\xb9S\x1f\xf2\xda\xbfX\x0ay \x1e\
\x0b\xc3f\x08\xcb)\x80/\xd0\x80b\xab\x19\xe4\x85\xe6\
'\x18E|\xca\xe8(r\xf5Z\xfa\xe2L\xc5\xd1\x0b\
\xa6a\xce;\xf3H\xd8g\xf4\xd8\xaf:bQ?\xb3\
\x19\xa4ka\xf02e\x84+?\xa85\xa8T\xaa\xc4\
|8\xca+\xf5\x93\xeeZ\x00\xd6\xd1\xff\xfbX<\xbe\
\xc4\xc8T:(\xde\xd5\x0cJ\xc3\x0e\x92\xb1\x11\x18\x86\
]\x0b+'{\x22\x11\x87\xb0\xd7\x09\x01\xd7\x18\xcc\xdc\
8\x0f\xd1\xc5Yy|\xe4\xfb{\xac\xbc\xc1\x18\xae1\
\x960\x8fZ\xbbt\x0b\x13\x17\xa6c\x11?\xaf6\xd7\
\xc2\xf6=o\x00'+\xc8\x09\x5c\xaaS,\x1a\x82\x7f\
\xaf\xd8\xc079H8TQ]\xb9\xb5\x92\x8f\xf8\xec\
nB\x0e\xf8\xe4\x02\xf9\xfc\xf8u\x98\x19\xfe\x05\xc2\x9e\
iH$\x12RyR\xfc\x19\x86\x01\x85\xa6\x04\x8a+\
\xf6Ca\xd9\x93\x94ctv\x02OB\x16\x9c\x1f\x19\
\xe1\x94\xfa\x8a\x13\xe4\xbd\x83i\xf7\xab\xb0\x85\x1c;\x92\
\xdb\xfb\xcf\xc0Rh1\x05h#\x0b\xc4\xf28n\x82\
B\xa5\x07\xa5\xce\x0c\xacB\x09>\xfb\x1f\x00\x89%\x96\
\xc5jG\xc1w\x8e\x82O\x9e/\x11\xb0\x05.\xe4f\
\x85\xaf\x1a\x16\x1c\x0a\x1e{\xbeD\xc0\x16\xb8\x90;Y\
\xe2B\xb5\xa7\xbf\xf3#\xfbka\xe8\xa7\xcf`\xe0\xdc\
\x87p\xfc\xa5\xbdYsC\x1f\xf4\xc5\x18\x8c\x15\x8b\x80\
-p\xe1^2\x01\xb1\xa3X\xff\xf8\xbd\x97\xc1\xa8\xd7\
\xc0C\x0f\x1a\xe0\x93\xf7[\xc0\xfc\x80^\xbc\x9d\xa2\x97\
\x11\x9fO?h\xa1\xbe\x18\xf3\xd1\xbb\xc7R\xf6W[\
dM\xa0\xc4\xa0M\xc6\xf1\x1c\x0b\xed\xd6=\xc9u\xba\
\xf2:yz\x8e]\x81\x14\xc7\xa6\xfb\x0a\xeb\x15o\xc1\
\x92\xe5\xde\xd2\xdc\x00\x98H\xba\xc8x\x0e^y\xa1>\
\xdd\x9cu\x9d\x89\x94%\xa4X\xb7\x15\x0e6\xd5dx\
\x1d\xda\xbb\x13\x0cE\xea\x0c{6C\xce\x098\xa6\xe7\
 \x18\x8aP\xbc\xf6\xa3M\x19\xb8m\xd6e\x9b?\x18\
\x81{\xce\xb9\x8c\xfd\xb5\x0c9'\xe0\xf1\x05\xa0\xfb\xe2\
\x00\xc5\xd9\xd7P\x05\xa6\xe2\x95\xda\xd8f,\x84}O\
U\xd2\xbd\xee\x9f\xaf\x83\xc7\x17\x5c\x8b/\xc3\x9es\x02\
\x18y\xfa\xbb\xcb\x14\x00\x0b\xed\xb5#\x0dI\xb0\xd6\xe6\
F`\xd9\xe5?\xd1\x8e\xaee\x9f\xe4f\x16ER\x02\
\x03\xb7\xc6a\xf8\xee\x14\x85l}\xb1\x89\xfcS\x02\xbd\
\xb00Q\x86F\x1d0x{\x82\xea\xb9~HJ\x00\
AO\xdd?\x85\xd2m:x\xba\xae\x12,\xbb+\x01\
u\x94\xd3]W\xe8]\xca\x87\xe4\x04:\x7f\xbc\x0a\xa1\
H\x94r\xb4Y\x1bA(\xbe`8\x0a\xb8'U$\
'\xb0\xe0\x0d\xc0\xf9\x9eA\xca\xf3\xfc3\xbb\xe09\xcb\
cT?G\x0aTJ\xf1\x09\x89JN\x00\x03;\xba\
~\xa5\xf1\xf8\xe3\x83\x17\xcaz\x8e\x1f\xe3\xd6\x95@\xff\
\x8dQ\xb83\xfe\x1f\xc6S\x19\x19\x9b\x82k\x7f\xde\x15\
\x96\x92\xeeY\x13\xc0\x1f\x16\x94@0\xb5C\xb6u^\
N\x12\xd9\xce\xf6%uT\xfc\x81e_\x7fZL\x8a\
\xd3\xfd\x05\xbf\x9aQl\xfb\xb2\xe3\x22)\xb4F\xf8:\
\x8d\xc4v\xb6\x17J\xc8?\x1evl'E\xc9`\xac\
\xad\xb3\x0f\xb6\x9b\x8a\xe0L\xf7ob\xa8Uu\xc6P\
\xd5J\x9b\xbe\xea\xe3_\xd1\x0e\xf8\xe67\xefl\xb8\x0f\
\x5c\x95\x89\x18\xb1?\xaci\xf9\x9c\xe0\xc7\xe1\xf6\xc97\
\xa9\x1b\x8bC\x03\x0a\xb6\xce(\xd8@\xe6K\x04l\x81\
\x0b\xb9Y\x9cXP\xb0oG\xc1\xee5_\x22`\x0b\
\x5c\xc8\xcd\x92q\x89\xbe\x02\x1c\x1a\xb0o\xc7\xd6\xb9\xb4\
\xbe\x0d\x0a\xb4&zd\x1bM\x06\x8f\x1d\xb1\x10\x13\xb1\
\x91\x03\xb9\x88\xc4\xe5j\xf3\xb3<[\xf8\xb0\x91s\xff\
\xe5$}:\x83C\x03\xce\x06\xe8\x88\xd7f\x8b0\x98\
\x10.2\x98la\xe4\x86\xb2!\xa6\xae\xfd\x94.\xe4\
c\xb8\xe9\x7fz\x9c\x89x\x8c\x0e(y\x1e\xcd\x80e\
8\xb7a\xc7\xe1\xea\x84\x82\x8f2Uo]Ri\x1d\
2\xc6\x0d\x7f\x03\x19Ng\xc9\x90\x22\xdb\xec'\x17\xe3\
\x91'\x0f\xe8\xb4;\x8dC\xbdo/V\x1d\xfbV\xce\
\x83\xcb\x052\xaf!\xc8\x1b\xd4\x05e\xe5\x074\xce\x85\
\xa9\xc5\xb0g\x92\x0e,\xc2\xcc \x06X\x8f.\x1a\xcf\
\xc3zuu\xa9\x9b\x9f\xe3,\x96K\xbc\x07\x5c\x9a\xff\
\x01\xbdF\xbe\x94\x0d\xa8(,\x00\x00\x00\x00IEN\
D\xaeB`\x82\
\x00\x00\x02<\
\x89\
PNG\x0d\x0a\x1a\x0a\x00\x00\x00\x0dIHDR\x00\
\x00\x00,\x00\x00\x00,\x08\x06\x00\x00\x00\x1e\x84Z\x01\
\x00\x00\x00\x01sRGB\x00\xae\xce\x1c\xe9\x00\x00\x00\
8eXIfMM\x00*\x00\x00\x00\x08\x00\x01\x87\
i\x00\x04\x00\x00\x00\x01\x00\x00\x00\x1a\x00\x00\x00\x00\x00\
\x02\xa0\x02\x00\x04\x00\x00\x00\x01\x00\x00\x00,\xa0\x03\x00\
\x04\x00\x00\x00\x01\x00\x00\x00,\x00\x00\x00\x00\xdf\xa6\xc5\
\x99\x00\x00\x01\xb2IDATX\x09\xed\x98\xcd+D\
Q\x18\xc6\xc7w\xbe?\xb7D\xca\xdf`\xe3\x8f\xf0?\
\xd8\xda\xccZ\x92H\x92$\x0bY\xf8H\x22\x92\xa5\xb2\
\xb3c!)EI\xc9\xc7^\x92B\xf9\xf8=u\xa7\
\xdeN\xa3\xc6\x98\xc9K\xe7\xad\xa7s\x9f\x99s\xcf\xfd\
\xdd\xa7s\xcf=3\xa9T\xac\x98@L &\x10\x13\
\xf8/\x09\xb4r#e\x7f\xe1fJ\x80\x9cC\x1f\xe8\
\x1c\xd5!\xb7U\x0a\xd9\x22\x12lF\xbd^i\x05\xbb\
l@\x05|\x88*\x90\xbb\x12\xec\x0a\xca\xa4\xaa\xf6\x08\
5!w%\xd8Uda\x8f\xf1\xcd\xeeH\x01\xd2*\
\xb0\x86,\xec\x09\xbe\x05\xb9+\xc1\xae\xa3\x10\xb6\xcd\x1d\
)@\x82\xdd\x08`\xf7\xf1\x8d\xc8]\x95C\xb4\x89l\
\xb2;\xf8*w\xa4\x00\x09v\x0bY\xd8\x05\xbc\x1e<\
w%\xd8mdaG\x7f\x9bR\xaf\xd5l\xa5\xc5_\
\xd3\xa0?\xf9\xf2\x9dv\x10\xcd\xa3\x06\xa4\xf5\xb6\x1a\x15\
\xa3\x14\xd0\x1dz\xfa\xce\xe0Kt\xb6\xc9\xbe\xe2\xef\xd1\
[\xf0\xb9\xedS\xc8c]\xab\x07\xe5\x5c\x0f\xf4,$\
@>c\x0dd\xa3\xfdj;XO\xe7>s\xc2\x0b\
\xc7\xa7\xe89\xf9\xac\x92\xb6\x98\x0f\xde\x05\xe3\x0f\xa1\xc7\
\xe4z95\xb3\xf4\xb2\xc9L\xe13s^\xad\xa0\xb5\
\xb4\x15Z\x1a7\xef\x9a\xe1L\x0b\xad=\x84V\x0f\xd7\
5\x0d\x9d\x85\xde\xc5\xd7\xb8&\x06N\xd3\xc1B\x1f\xe0\
\xf5\x93\xc8uMBg\xa1\xcf\xf0\xed\xae\x89\x81\x9b\x08\
\xa0o\xf1\xdd\xde\xa1\xc7\x03\xe8\x1b|\x97w\xe8\xb1\x00\
\xfa\x1a\xdf\xe9\x1dZ\x1b!;\xa7\xaf\xf0\x1d\xde\xa1G\
\x02\xe8K|\xadw\xe8\xe1\x00\xda\xed\xff\x126\xc84\
F\x1b\xa6=\xf4\xa3W\xab\x1d4\x1e\xc7\x04b\x021\
\x81\x98\x80\xbf\x04>\x01\xebP\xad\x8d&\x83\x97N\x00\
\x00\x00\x00IEND\xaeB`\x82\
\x00\x00\x0bS\
\x89\
PNG\x0d\x0a\x1a\x0a\x00\x00\x00\x0dIHDR\x00\
\x00\x00,\x00\x00\x00,\x08\x06\x00\x00\x00\x1e\x84Z\x01\
\x00\x00\x00\x01sRGB\x00\xae\xce\x1c\xe9\x00\x00\x00\
\xc6eXIfMM\x00*\x00\x00\x00\x08\x00\x06\x01\
\x12\x00\x03\x00\x00\x00\x01\x00\x01\x00\x00\x01\x1a\x00\x05\x00\
\x00\x00\x01\x00\x00\x00V\x01\x1b\x00\x05\x00\x00\x00\x01\x00\
\x00\x00^\x01(\x00\x03\x00\x00\x00\x01\x00\x02\x00\x00\x01\
1\x00\x02\x00\x00\x00\x15\x00\x00\x00f\x87i\x00\x04\x00\
\x00\x00\x01\x00\x00\x00|\x00\x00\x00\x00\x00\x00\x00H\x00\
\x00\x00\x01\x00\x00\x00H\x00\x00\x00\x01Pixel\
mator Pro 3.6.6\x00\
\x00\x00\x04\x90\x04\x00\x02\x00\x00\x00\x14\x00\x00\x00\xb2\xa0\
\x01\x00\x03\x00\x00\x00\x01\x00\x01\x00\x00\xa0\x02\x00\x04\x00\
\x00\x00\x01\x00\x00\x00,\xa0\x03\x00\x04\x00\x00\x00\x01\x00\
\x00\x00,\x00\x00\x00\x002024:08:1\
4 14:55:38\x00vM\xaa\xce\x00\
\x00\x00\x09pHYs\x00\x00\x0b\x13\x00\x00\x0b\x13\x01\
\x00\x9a\x9c\x18\x00\x00\x03\xb0iTXtXML:\
com.adobe.xmp\x00\x00\x00\
\x00\x00<x:xmpmeta xml\
ns:x=\x22adobe:ns:m\
eta/\x22 x:xmptk=\x22X\
MP Core 6.0.0\x22>\x0a\
   <rdf:RDF xmln\
s:rdf=\x22http://ww\
w.w3.org/1999/02\
/22-rdf-syntax-n\
s#\x22>\x0a      <rdf:\
Description rdf:\
about=\x22\x22\x0a       \
     xmlns:tiff=\
\x22http://ns.adobe\
.com/tiff/1.0/\x22\x0a\
            xmln\
s:exif=\x22http://n\
s.adobe.com/exif\
/1.0/\x22\x0a         \
   xmlns:xmp=\x22ht\
tp://ns.adobe.co\
m/xap/1.0/\x22>\x0a   \
      <tiff:YRes\
olution>720000/1\
0000</tiff:YReso\
lution>\x0a        \
 <tiff:XResoluti\
on>720000/10000<\
/tiff:XResolutio\
n>\x0a         <tif\
f:ResolutionUnit\
>2</tiff:Resolut\
ionUnit>\x0a       \
  <tiff:Orientat\
ion>1</tiff:Orie\
ntation>\x0a       \
  <exif:PixelYDi\
mension>44</exif\
:PixelYDimension\
>\x0a         <exif\
:PixelXDimension\
>44</exif:PixelX\
Dimension>\x0a     \
    <xmp:Metadat\
aDate>2024-08-14\
T14:55:58+02:00<\
/xmp:MetadataDat\
e>\x0a         <xmp\
:CreateDate>2024\
-08-14T14:55:38+\
02:00</xmp:Creat\
eDate>\x0a         \
<xmp:CreatorTool\
>Pixelmator Pro \
3.6.6</xmp:Creat\
orTool>\x0a      </\
rdf:Description>\
\x0a   </rdf:RDF>\x0a<\
/x:xmpmeta>\x0a\xfax\xc8\xbb\
\x00\x00\x06jIDATX\x09\xed\x97k\x8c]S\
\x14\xc7\xdb\x9a>P}!\xa6\x9a\xea\xc3h\xabE#\
(B'S\x8aH\x1b\x12\x1f1\x88\x04\x1f\x90\xf0\x81\
\xf8\x806%!$\xc4#\xa9\xa0\xd2\x0f\xd2\x94HH\
\xa4M\xc5+C\xab\x12E\x8bP\xd5\xc7\xcch\xab\x14\
\xa3\xad\xb6\xa3\x9dN\xfd~\xf7\xdeu\x9d\xb9s\xce\x9d\
{\xcdH\x1a\xe9J~\xe7\xec\xb3\xf7^k\xff\xf7\xda\
\x8f;\xd3\xaf\xdfQ;\x9a\x81.\x198\xa6\xcbW\xef\
>\xfag\xb8\x0f\xa5\xfeX\xb0\xbd#\xa5O\x96_J\
\xd7|\x90\xd4\x86*+\x1d\xf4p\xc1\xe78\xde\x17\xc3\
90\x1a\x14[\x03\x07`\x0f4\xc3\x1aX\x0ba\x03\
(t\xc6G\xb9wU\xb3K\x09\x14\xfe\x8aU\xd4\xdc\
\x02u\xbc\xc7\xc1p\xd0l\xb7\xaf\x19\xfe\x05\x9a\xe1\x07\
x\x03V\x81V\x91\xe8\x180\xefR\xf93\xe9\xa7\x98\
1p\x17\xcc\x82\x89`\x9d\xc2\xf6\xc2~0\xbbf\xfa\
x\x18\x01\xa3\xe0\x0f\xd8\x0c\xcba!\xec\x83\x1eE\x9b\
\x95J\xcd`\xeey\x97\xee\x10D\xf0\xf1\x94\x1f\x86\x99\
0\x0c\xcc\xdcJX\x0d\x1ba78\x81\x81\xe0\x16\x99\
\x0e\x0dp.L\x83S\xc0\xfaG`\x17\x98\x0c\xfb\xf7\
\xca\xb2\x0e\xa7K\xbe\x08\xb6@3,\x86Ka($\
W\x81\xcf\xa2)|,\xb8\x22Nj;l\x80\xc7 \
\xc6\xc9\xf2-v\xa0o\xaa\x85\xa33v9\xcdb\x03\
\xd4\xc3Yp\x0d\xcc\x05\xfb-\x83\x05\xf0\x0d\xb8\x054\
W!\x89u\x87\xc0\xac\x7f\x01\xadp&\xd4\x82\xfb\xde\
\x0c\xaf\x83\x7fe!V\xe7\xcb\xe1Yh\x82\xf5\xe0\xb2\
\x8b\x99\xd9\x0aK\xc0e\xd5\xf4Sd\xd2\xdf\xfa\xb0\x98\
@|\xcf\xa1\xf0\x19(\xde\xadd\xf63-\x96 \xb3\
\x03\x0d7\xc1\xbdp!\xb8\xdf\xcc\xb4b\xf4\xf5\x00\xb5\
\xc0\x83\xa0x\xeb\x5c\x8dr{0\xda\x15n\xd9\x89\x9f\
\x0c\xeem\xb7X;\xc4\xcdA\xb1\xabee!z\xcd\
\xa6\xf08\x18\xd0\xe0\x1f\xc3;`V=|\xa7\x827\
\xc1\xdb\xa0\x19\xaf\x9c\xd8\x5c\xa7\xc4\xc3\x09\xbaE\xc6\xc0\
+p68\x81\xab\xc1[\xa3*\xf3\xe0\xb8/]*\
\xb3g\x16\x15\xe8 I3SZO\x93\xcf\xf7\xea\xfe\
\xac)T\xcd\xe7\xedX\xdf\x81gD\xeb\x163\x06\xcb\
7\xe7\x9f\x9ebm\x16\xd4\xe5J\xf9\xd3\xfc\x14eO\
\xb4\x19I\x9a\x99\xd6\x22\xb3\x0eb\x8c\xd2\x89\xd9'\xcd\
\xc2\xcf\x1b\xe3w\x18\x0c\xe7\x15:\x96\x15\xacx;\x1c\
,t\xd6i\x10x\xc1\xbf\x09.Qd\x83b\xaa\x19\
C\x01\xc6pb\x95\x88\x0e\xc1\xdf\xd3\xdf\xdb\xc31'\
\x80\xd6-\xa1!\xc0\x86\xc8\xd4T\xca\xa7\x83\x82\xad\xdf\
\x09\x9f\x80V\x9a\xdd|m\xfe\x191\x9c\xf4E\xd0\x02\
\xae\x88\xa2\xcb\xf9\x85\xe0\x9f\xe9\xe7\x81su<|Z\
\x07D\xdc\x5c\x85\x82\xa3\xc2?Zn\x86\xd90\x19t\
\x1a\x05\xdb\xc0\x9f\xd9r\x03G\x9b\x83\xdd\x0d\xd7\x82\x87\
\xe7I0s1\x06\xc5Ts\x92\x7f\x81\xe2\x9d\x9c\x19\
\x9e\x03\xef\x81\xf5E\x7f\x07\xb2\x93b\xe7\xc3\xf5\xa0X\
\xebW\xc1\x8a\x02_\xf16hd\x83b\xd1B\xac\xd7\
\xdd}\xe0\xa4\xbdU\xc6\xc1\x14P\xf0\x0ep\xd04\x8b\
\xb8\xfe\xadq;xu\xba\x8fg\xc0Dp\xe2m\xa0\
\xffa\x07\xd3\xfc\x99l\x04\xb3\xfa%,\x80\xa5\xe0\x0c\
\xfdv\xbb\x94\x13;\x92\xf6\x07\xe0F\x18\x02\xeewc\
;\xa0\x09\xd8\x0c[Aq\xb9\x81y'\xcdz3\xfb\
'\x98Qo#\x85\xd7\x81\x93^\x03\x9e%}\xfb\x9d\
\x01\x8a\xfa\x11\xcc\xa83\xab\xc4r\xcet4\xb07H\
3x%\xad\x04\xb3\xea\xaa4\x81\xd9]\x0e\xf5\x10\xa6\
\xc04\xab\xa1\xb2\x16.\x83\xd7\xa0\x15\xb6\xc0\xf3\xe0\x0a\
\xe6\xec\x1e\x9e\xcd`\xeao\x03-+`\xbe\xf5\x9f\xe7\
i\x14\x17\x82\x19\xdc\x06\xb7\xc0s`6\x15~\x15x\
`\x7f\x02W\xebJ\xa8\xd4&\xd1\xf1Uh\x81M\xe0\
\x9e\xce\xd9\xeb<\x9d\xc9\xbb09W\x93_\xceB1\
\xf3\xa5\xd8\x97\xc0\x0c\xc8\xfd\xa0=\x0dfU\xa1f\xc5\
l)^\xd1\x1f\x80\x93(g&k@\xa1\x83\xben\
\x07\xf5\xbd\x08Cl\x18\x075\xe0 \xceF\xeb\xcc\xbf\
R\x9f\x91\xfd\x99\xb4\xde\x00~?\x03/\x80\xe6\x01>\
\x0c\xc6\xb6\xac\xc8y\xb0\x01.\x81[!\xce\x0e\xc5n\
\xa6o\xd8\xa7\x14\xdc\xae\xc6:\x1f\x86*t08\xe8\
Ap\xc3\x87 \x8a\xa9\x16\x01\xdd\xa3\x8a\xfc\x16\x96\xc0\
~\xd0\xc2\xdf~\xc6\xd7\xde\x07\x930\x17\xcc\x98\x07\xac\
\x9c\xd9W\xdf}\xd0\x0a\x03\xc1?\xb4\x86Y\xb9\x0bN\
\x82\x13\xc0\xca6pF!\x8cb\xaa}M\xed<0\
\xa8\x02\x06\xc1\x01\x08Sx2\xc6\x87|\x7f\x0e\xde\x04\
\xd5X\xac\xb6\x9a:}\x98\xa9\x0e\xf0\xb6\xf0\xd7M\xb3\
\xdees\xd0,h\xca\xfd\x17\xac\xd8Rq\xb6%\xc5\
\x1aO\xdb\x0d\x0a\xc8\x8ai\xbd}M\xa4\x9aL\xc2x\
0\x11{`\xaf\x8d\xcbAqf\xb8\x11\xbc\xa6\xec\xac\
\x10\x07\xcd\x82\xa6\xa2%\xc5\x15+\x13\x85\xd2\xf6\xac\x98\
\xd6;!\xc7\xd7\xfc3\xd3\xbd\xab\xb9\x95\xf6(x%\
4\x81\x07\xc4\xc6G\xe1\x82\xc27\xaf>13W\xa9\
\xd9w8\x5c\x07w\x16\xcaNb)\xb4\x9bzS\xfd\
\x04\x98\xd9\xe9\xd0\x00\x13\xc1=\xea\xc9v\x8f\xbb$\xa5\
\x83\x9a\x0d\xfd\xfd\x05\xfa\x08\xda!\xcb\x1cp\x06xm\
z8MT\x9ay\x01\xf8\xb3>\x15\xa6\xc1Xp\xdc\
\x97\xa1\x09\x8a\xa7\xd8}\xfc\x10\xdc\x01\xf5`\xf0)\xe0\
\x9eS\xac\xdb\xa3\xd4\x14\xe1\xaa\xf8\xab\xb6\x0e<|a\
\x0e\x12\x13t\xbb\xe9\xef\x0d\xd1\x08;\xc1\x89\xa6\x99\xf5\
\x8a\x1eYxo\xe2\xfd\x16,\x04\x13\xd2\xdf\x0e\x066\
[\xdey\xdb\xe1\x0a\xf0\xf0M\x82Zpy\xbcVJ\
M\xc1\xfe0\xfc\x06\xa5\xf7j\xec\xd1\xa4\x8fqF\x83\
\xd9\xcd\x12\xec\xb5j\x92\x5c\xd9\xf5`V\xc5]\x90\xd3\
\xa9\xa3\xc1Ct+\xe5E\xb0\x0c&\xc0\x89\xe0_Q\
i\x82cK\xb4\xd1\xee\x7f\x0a\x0a1\x93\xa5\x16u\xee\
\xc1\xb5PnK(\xd8\x95\xda\x01[\xc0\xed\xa6\x85\xbe\
\xe2LC\xb4\x8d\x96u\x90j\xccI\x858\x07\x900\
\xcb\xab\x0bD]\xa5\xef\xa2X\x1d\x92K\xa3P-\x06\
\x8a\xef|muO}{\xe3\xefh\xa9:\x92\x82C\
Rr\xa0p\x8a\xb6\xacw\xd2'\xab\x8f\xf5\xd5\xc4K\
\x8d\x99&89`\xaaS\xb2C\x95\xe5^\xc7\xcb\xba\
\x0f\xab\xd4\xd1\xa5{\xafEu\x89V\xf2\xf1_\x08\xf6\
\xf7_\xd1\xc6.\xbd\xeeJ\x86\xaf\xfe\xb3/\x05Gf\
\x7fE\xc6\x08p\xbfz\xe5\xf5\xa9\xf5\xb4\x87\xab\x19,\
\xae\xb4\xc58y%n\x04\xefT\x85\xc7d(\x1e\x99\
\xe6Ov_\xae\xde\x919\xcb\xff\xa5\xaa\xbf\x01e\xd4\
\x84,\x08\x19\xd8\xb0\x00\x00\x00\x00IEND\xaeB\
`\x82\
"

qt_resource_name = b"\
\x00\x12\
\x05DH\xb3\
\x00d\
\x00s\x00v\x00i\x00p\x00e\x00r\x00_\x00c\x00o\x00m\x00p\x00o\x00n\x00e\x00n\x00t\
\x00s\
\x00\x06\
\x07\x03}\xc3\
\x00i\
\x00m\x00a\x00g\x00e\x00s\
\x00\x0c\
\x070<\xa7\
\x00d\
\x00b\x00e\x00_\x00i\x00c\x00o\x00n\x00.\x00p\x00n\x00g\
\x00\x0d\
\x0d0=\x07\
\x00c\
\x00d\x00b\x00e\x00_\x00i\x00c\x00o\x00n\x00.\x00p\x00n\x00g\
\x00\x1b\
\x06V\xe5'\
\x00c\
\x00r\x00e\x00d\x00i\x00t\x00c\x00a\x00r\x00d\x00.\x00a\x00n\x00d\x00.\x001\x002\
\x003\x00-\x00d\x00a\x00r\x00k\x00.\x00p\x00n\x00g\
\x00\x0f\
\x0f\x22D\xc7\
\x00a\
\x00r\x00r\x00o\x00w\x00.\x00r\x00i\x00g\x00h\x00t\x00.\x00p\x00n\x00g\
\x00\x0f\
\x08Y\xf7g\
\x00e\
\x00n\x00u\x00m\x00e\x00r\x00a\x00t\x00i\x00o\x00n\x00.\x00p\x00n\x00g\
\x00\x16\
\x06\xc5\xfe\xa7\
\x00c\
\x00r\x00e\x00d\x00i\x00t\x00c\x00a\x00r\x00d\x00.\x00a\x00n\x00d\x00.\x001\x002\
\x003\x00.\x00p\x00n\x00g\
\x00\x12\
\x06\xa3&\xa7\
\x00e\
\x00y\x00e\x00.\x00s\x00l\x00a\x00s\x00h\x00-\x00d\x00a\x00r\x00k\x00.\x00p\x00n\
\x00g\
\x00&\
\x0c.fg\
\x00a\
\x00r\x00r\x00o\x00w\x00.\x00t\x00r\x00i\x00a\x00n\x00g\x00l\x00e\x00.\x002\x00.\
\x00c\x00i\x00r\x00c\x00l\x00e\x00p\x00a\x00t\x00h\x00.\x00i\x00c\x00l\x00o\x00u\
\x00d\x00.\x00p\x00n\x00g\
\x000\
\x03{\x09\xe7\
\x00a\
\x00r\x00r\x00o\x00w\x00.\x00t\x00r\x00i\x00a\x00n\x00g\x00l\x00e\x00.\x002\x00.\
\x00c\x00i\x00r\x00c\x00l\x00e\x00p\x00a\x00t\x00h\x00.\x00i\x00c\x00l\x00o\x00u\
\x00d\x00.\x00f\x00i\x00l\x00l\x00-\x00d\x00a\x00r\x00k\x00.\x00p\x00n\x00g\
\x00\x1b\
\x07\xad\xd4\x87\
\x00a\
\x00r\x00r\x00o\x00w\x00s\x00h\x00a\x00p\x00e\x00.\x00r\x00i\x00g\x00h\x00t\x00.\
\x00c\x00i\x00r\x00c\x00l\x00e\x00.\x00p\x00n\x00g\
\x00\x0c\
\x05\x15P\x07\
\x00e\
\x00y\x00e\x00-\x00d\x00a\x00r\x00k\x00.\x00p\x00n\x00g\
\x00\x13\
\x04,\xbcg\
\x00a\
\x00r\x00r\x00o\x00w\x00.\x00u\x00p\x00.\x00c\x00i\x00r\x00c\x00l\x00e\x00.\x00p\
\x00n\x00g\
\x00+\
\x0b\x0b\x96'\
\x00a\
\x00r\x00r\x00o\x00w\x00.\x00t\x00r\x00i\x00a\x00n\x00g\x00l\x00e\x00.\x002\x00.\
\x00c\x00i\x00r\x00c\x00l\x00e\x00p\x00a\x00t\x00h\x00.\x00i\x00c\x00l\x00o\x00u\
\x00d\x00-\x00d\x00a\x00r\x00k\x00.\x00p\x00n\x00g\
\x00\x09\
\x08\xa6\x83\x07\
\x00c\
\x00l\x00a\x00s\x00s\x00.\x00p\x00n\x00g\
\x00\x14\
\x01j\x12g\
\x00a\
\x00r\x00r\x00o\x00w\x00.\x00r\x00i\x00g\x00h\x00t\x00-\x00d\x00a\x00r\x00k\x00.\
\x00p\x00n\x00g\
\x00\x11\
\x0bE\x8d\xa7\
\x00p\
\x00e\x00r\x00s\x00o\x00n\x00.\x00i\x00c\x00l\x00o\x00u\x00d\x00.\x00p\x00n\x00g\
\
\x00\x1e\
\x09\xae\x88\xc7\
\x00i\
\x00c\x00l\x00o\x00u\x00d\x00.\x00a\x00n\x00d\x00.\x00a\x00r\x00r\x00o\x00w\x00.\
\x00d\x00o\x00w\x00n\x00-\x00d\x00a\x00r\x00k\x00.\x00p\x00n\x00g\
\x00\x0f\
\x0f\x7f\x17'\
\x00l\
\x00i\x00n\x00k\x00.\x00i\x00c\x00l\x00o\x00u\x00d\x00.\x00p\x00n\x00g\
\x00\x16\
\x07\xe6\xebG\
\x00p\
\x00e\x00r\x00s\x00o\x00n\x00.\x00i\x00c\x00l\x00o\x00u\x00d\x00-\x00d\x00a\x00r\
\x00k\x00.\x00p\x00n\x00g\
\x00+\
\x0f\xaa\x98\xe7\
\x00a\
\x00r\x00r\x00o\x00w\x00.\x00t\x00r\x00i\x00a\x00n\x00g\x00l\x00e\x00.\x002\x00.\
\x00c\x00i\x00r\x00c\x00l\x00e\x00p\x00a\x00t\x00h\x00.\x00i\x00c\x00l\x00o\x00u\
\x00d\x00.\x00f\x00i\x00l\x00l\x00.\x00p\x00n\x00g\
\x00\x14\
\x0fe\xb8\x07\
\x00l\
\x00i\x00n\x00k\x00.\x00i\x00c\x00l\x00o\x00u\x00d\x00-\x00d\x00a\x00r\x00k\x00.\
\x00p\x00n\x00g\
\x00 \
\x04{\xe0g\
\x00a\
\x00r\x00r\x00o\x00w\x00s\x00h\x00a\x00p\x00e\x00.\x00r\x00i\x00g\x00h\x00t\x00.\
\x00c\x00i\x00r\x00c\x00l\x00e\x00-\x00d\x00a\x00r\x00k\x00.\x00p\x00n\x00g\
\x00\x0d\
\x01k\xe2\xa7\
\x00e\
\x00y\x00e\x00.\x00s\x00l\x00a\x00s\x00h\x00.\x00p\x00n\x00g\
\x00\x11\
\x09\x88x'\
\x00p\
\x00.\x00c\x00i\x00r\x00c\x00l\x00e\x00-\x00d\x00a\x00r\x00k\x00.\x00p\x00n\x00g\
\
\x00\x0e\
\x06\xba\x1d'\
\x00e\
\x00y\x00e\x00g\x00l\x00a\x00s\x00s\x00e\x00s\x00.\x00p\x00n\x00g\
\x00\x0c\
\x08Q\x16G\
\x00p\
\x00.\x00c\x00i\x00r\x00c\x00l\x00e\x00.\x00p\x00n\x00g\
\x00\x07\
\x08sW\x87\
\x00a\
\x00p\x00p\x00.\x00p\x00n\x00g\
\x00\x0f\
\x0e/\xc3\xa7\
\x00a\
\x00p\x00p\x00l\x00e\x00s\x00c\x00r\x00i\x00p\x00t\x00.\x00p\x00n\x00g\
\x00\x18\
\x063\x84\xa7\
\x00a\
\x00r\x00r\x00o\x00w\x00.\x00t\x00r\x00i\x00a\x00n\x00g\x00l\x00e\x00.\x00m\x00e\
\x00r\x00g\x00e\x00.\x00p\x00n\x00g\
\x00\x14\
\x07K\xa2\x87\
\x00a\
\x00p\x00p\x00l\x00e\x00s\x00c\x00r\x00i\x00p\x00t\x00-\x00d\x00a\x00r\x00k\x00.\
\x00p\x00n\x00g\
\x00\x07\
\x0c\xf8W\x87\
\x00e\
\x00y\x00e\x00.\x00p\x00n\x00g\
\x00\x1c\
\x04\xc5\xf4\xe7\
\x00i\
\x00c\x00l\x00o\x00u\x00d\x00.\x00a\x00n\x00d\x00.\x00a\x00r\x00r\x00o\x00w\x00.\
\x00u\x00p\x00-\x00d\x00a\x00r\x00k\x00.\x00p\x00n\x00g\
\x00\x0d\
\x0aL\xb1\xa7\
\x00b\
\x00o\x00l\x00t\x00-\x00d\x00a\x00r\x00k\x00.\x00p\x00n\x00g\
\x00\x13\
\x0b\xac{G\
\x00e\
\x00y\x00e\x00.\x00c\x00i\x00r\x00c\x00l\x00e\x00-\x00d\x00a\x00r\x00k\x00.\x00p\
\x00n\x00g\
\x00\x18\
\x0a\x0b\xcdg\
\x00a\
\x00r\x00r\x00o\x00w\x00.\x00u\x00p\x00.\x00c\x00i\x00r\x00c\x00l\x00e\x00-\x00d\
\x00a\x00r\x00k\x00.\x00p\x00n\x00g\
\x00\x08\
\x03\xb5Z\x07\
\x00c\
\x00l\x00u\x00b\x00.\x00p\x00n\x00g\
\x00\x0c\
\x06\x19\xc2\x07\
\x00f\
\x00u\x00n\x00c\x00t\x00i\x00o\x00n\x00.\x00p\x00n\x00g\
\x00\x0d\
\x0d\x81Q\xa7\
\x00d\
\x00i\x00c\x00e\x00-\x00d\x00a\x00r\x00k\x00.\x00p\x00n\x00g\
\x00\x1c\
\x0e\xfc\xedG\
\x00q\
\x00u\x00e\x00s\x00t\x00i\x00o\x00n\x00m\x00a\x00r\x00k\x00.\x00c\x00i\x00r\x00c\
\x00l\x00e\x00-\x00d\x00a\x00r\x00k\x00.\x00p\x00n\x00g\
\x00\x1d\
\x06L*g\
\x00a\
\x00r\x00r\x00o\x00w\x00.\x00t\x00r\x00i\x00a\x00n\x00g\x00l\x00e\x00.\x00m\x00e\
\x00r\x00g\x00e\x00-\x00d\x00a\x00r\x00k\x00.\x00p\x00n\x00g\
\x00\x0b\
\x0c\xa3\x9eg\
\x00c\
\x00o\x00n\x00c\x00e\x00p\x00t\x00.\x00p\x00n\x00g\
\x00\x13\
\x0e]\x19G\
\x00e\
\x00y\x00e\x00g\x00l\x00a\x00s\x00s\x00e\x00s\x00-\x00d\x00a\x00r\x00k\x00.\x00p\
\x00n\x00g\
\x00\x16\
\x03G\xe5\x87\
\x00p\
\x00e\x00r\x00s\x00o\x00n\x00.\x00i\x00c\x00l\x00o\x00u\x00d\x00.\x00f\x00i\x00l\
\x00l\x00.\x00p\x00n\x00g\
\x00\x19\
\x09\x06\x91G\
\x00i\
\x00c\x00l\x00o\x00u\x00d\x00.\x00a\x00n\x00d\x00.\x00a\x00r\x00r\x00o\x00w\x00.\
\x00d\x00o\x00w\x00n\x00.\x00p\x00n\x00g\
\x00\x0e\
\x0f\x18s\x07\
\x00a\
\x00t\x00t\x00a\x00c\x00h\x00m\x00e\x00n\x00t\x00.\x00p\x00n\x00g\
\x00\x08\
\x0f\x98Z\x07\
\x00d\
\x00i\x00c\x00e\x00.\x00p\x00n\x00g\
\x00\x0e\
\x091\x0dg\
\x00e\
\x00y\x00e\x00.\x00c\x00i\x00r\x00c\x00l\x00e\x00.\x00p\x00n\x00g\
\x00\x1b\
\x04\xe6\xa6G\
\x00p\
\x00e\x00r\x00s\x00o\x00n\x00.\x00i\x00c\x00l\x00o\x00u\x00d\x00.\x00f\x00i\x00l\
\x00l\x00-\x00d\x00a\x00r\x00k\x00.\x00p\x00n\x00g\
\x00\x13\
\x0f\x95\x1a\x07\
\x00a\
\x00r\x00r\x00o\x00w\x00.\x00l\x00e\x00f\x00t\x00-\x00d\x00a\x00r\x00k\x00.\x00p\
\x00n\x00g\
\x00\x08\
\x067Zg\
\x00b\
\x00o\x00l\x00t\x00.\x00p\x00n\x00g\
\x00\x17\
\x03\xb5\xbd'\
\x00q\
\x00u\x00e\x00s\x00t\x00i\x00o\x00n\x00m\x00a\x00r\x00k\x00.\x00c\x00i\x00r\x00c\
\x00l\x00e\x00.\x00p\x00n\x00g\
\x00\x0d\
\x09\xf7#\xc7\
\x00s\
\x00t\x00r\x00u\x00c\x00t\x00u\x00r\x00e\x00.\x00p\x00n\x00g\
\x00\x0a\
\x0fY.\x07\
\x00m\
\x00e\x00t\x00h\x00o\x00d\x00.\x00p\x00n\x00g\
\x00\x0e\
\x08\xfa\x07'\
\x00a\
\x00r\x00r\x00o\x00w\x00.\x00l\x00e\x00f\x00t\x00.\x00p\x00n\x00g\
\x00\x17\
\x02}p\x87\
\x00i\
\x00c\x00l\x00o\x00u\x00d\x00.\x00a\x00n\x00d\x00.\x00a\x00r\x00r\x00o\x00w\x00.\
\x00u\x00p\x00.\x00p\x00n\x00g\
"

qt_resource_struct = b"\
\x00\x00\x00\x00\x00\x02\x00\x00\x00\x02\x00\x00\x00\x01\
\x00\x00\x00\x00\x00\x00\x00\x00\
\x00\x00\x00\x00\x00\x02\x00\x00\x00\x01\x00\x00\x00\x05\
\x00\x00\x00\x00\x00\x00\x00\x00\
\x00\x00\x00*\x00\x02\x00\x00\x00\x02\x00\x00\x00\x03\
\x00\x00\x00\x00\x00\x00\x00\x00\
\x00\x00\x00<\x00\x00\x00\x00\x00\x01\x00\x00\x00\x00\
\x00\x00\x01\x9d\xc5{\xf8b\
\x00\x00\x00Z\x00\x00\x00\x00\x00\x01\x00\x00\xf63\
\x00\x00\x01\x9d\xc5{\xf8e\
\x00\x00\x00*\x00\x02\x00\x00\x005\x00\x00\x00\x06\
\x00\x00\x00\x00\x00\x00\x00\x00\
\x00\x00\x03\x0c\x00\x00\x00\x00\x00\x01\x00\x02\x7f\xa8\
\x00\x00\x01\x9d\xc5{\xf7\xdb\
\x00\x00\x04\xca\x00\x00\x00\x00\x00\x01\x00\x02\xcf\xde\
\x00\x00\x01\x9d\xc5{\xf7\xca\
\x00\x00\x09\xae\x00\x00\x00\x00\x00\x01\x00\x04\x04A\
\x00\x00\x01\x9d\xc5{\xf7\xd1\
\x00\x00\x07\xdc\x00\x00\x00\x00\x00\x01\x00\x03\x84\x1c\
\x00\x00\x01\x9d\xc5{\xf7\xd9\
\x00\x00\x01\xac\x00\x00\x00\x00\x00\x01\x00\x027\xe3\
\x00\x00\x01\x9d\xc5{\xf7\xd3\
\x00\x00\x06\xc2\x00\x00\x00\x00\x00\x01\x00\x03(\x05\
\x00\x00\x01\x9d\xc5{\xf7\xd9\
\x00\x00\x09\x1e\x00\x00\x00\x00\x00\x01\x00\x03\xd0\x1c\
\x00\x00\x01\x9d\xc5{\xf7\xcc\
\x00\x00\x02l\x00\x00\x00\x00\x00\x01\x00\x02T\xab\
\x00\x00\x01\x9d\xc5{\xf7\xcd\
\x00\x00\x04\x84\x00\x00\x00\x00\x00\x01\x00\x02\xc5\x85\
\x00\x00\x01\x9d\xc5{\xf7\xda\
\x00\x00\x06\x02\x00\x00\x00\x00\x00\x01\x00\x03\x050\
\x00\x00\x01\x9d\xc5{\xf7\xd9\
\x00\x00\x08\xa0\x00\x00\x00\x00\x00\x01\x00\x03\xbe\xba\
\x00\x00\x01\x9d\xc5{\xf7\xdb\
\x00\x00\x02N\x00\x00\x00\x00\x00\x01\x00\x02L\xce\
\x00\x00\x01\x9d\xc5{\xf7\xcf\
\x00\x00\x06\xd8\x00\x00\x00\x00\x00\x01\x00\x03>#\
\x00\x00\x01\x9d\xc5{\xf7\xca\
\x00\x00\x05\x8a\x00\x00\x00\x00\x00\x01\x00\x02\xf1\xf2\
\x00\x00\x01\x9d\xc5{\xf7\xd2\
\x00\x00\x09\x08\x00\x00\x00\x00\x00\x01\x00\x03\xcb\xc9\
\x00\x00\x01\x9d\xc5{\xf7\xc6\
\x00\x00\x07T\x00\x00\x00\x00\x00\x01\x00\x03bv\
\x00\x00\x01\x9d\xc5{\xf7\xc9\
\x00\x00\x00z\x00\x00\x00\x00\x00\x01\x00\x02\x01\x9d\
\x00\x00\x01\x9d\xc5{\xf7\xd8\
\x00\x00\x010\x00\x00\x00\x00\x00\x01\x00\x02%a\
\x00\x00\x01\x9d\xc5{\xf7\xce\
\x00\x00\x05\x12\x00\x00\x00\x00\x00\x01\x00\x02\xde0\
\x00\x00\x01\x9d\xc5{\xf7\xce\
\x00\x00\x00\xfe\x00\x00\x00\x00\x00\x01\x00\x02\x1f\x08\
\x00\x00\x01\x9d\xc5{\xf7\xd3\
\x00\x00\x05\xc0\x00\x00\x00\x00\x00\x01\x00\x02\xf9[\
\x00\x00\x01\x9d\xc5{\xf7\xcc\
\x00\x00\x02\x12\x00\x00\x00\x00\x00\x01\x00\x02B\xe8\
\x00\x00\x01\x9d\xc5{\xf7\xc9\
\x00\x00\x03\xc8\x00\x00\x00\x00\x00\x01\x00\x02\xa3\x99\
\x00\x00\x01\x9d\xc5{\xf7\xc4\
\x00\x00\x054\x00\x00\x00\x00\x00\x01\x00\x02\xe2\x05\
\x00\x00\x01\x9d\xc5{\xf7\xcd\
\x00\x00\x00\xda\x00\x00\x00\x00\x00\x01\x00\x02\x0aN\
\x00\x00\x01\x9d\xc5{\xf7\xc3\
\x00\x00\x05R\x00\x00\x00\x00\x00\x01\x00\x02\xe8\xc6\
\x00\x00\x01\x9d\xc5{\xf7\xc6\
\x00\x00\x02\xf4\x00\x00\x00\x00\x00\x01\x00\x02jp\
\x00\x00\x01\x9d\xc5{\xf7\xc5\
\x00\x00\x09\x8c\x00\x00\x00\x00\x00\x01\x00\x04\x02\x01\
\x00\x00\x01\x9d\xc5{\xf7\xda\
\x00\x00\x08\x0e\x00\x00\x00\x00\x00\x01\x00\x03\x8eg\
\x00\x00\x01\x9d\xc5{\xf7\xc8\
\x00\x00\x08~\x00\x00\x00\x00\x00\x01\x00\x03\xb6\xfb\
\x00\x00\x01\x9d\xc5{\xf7\xd5\
\x00\x00\x04\xea\x00\x00\x00\x00\x00\x01\x00\x02\xd7'\
\x00\x00\x01\x9d\xc5{\xf7\xc5\
\x00\x00\x03b\x00\x00\x00\x00\x00\x01\x00\x02\x8d\x04\
\x00\x00\x01\x9d\xc5{\xf7\xcf\
\x00\x00\x09R\x00\x00\x00\x00\x00\x01\x00\x03\xd6\xf3\
\x00\x00\x01\x9d\xc5{\xf7\xd0\
\x00\x00\x06\x8c\x00\x00\x00\x00\x00\x01\x00\x03\x1e/\
\x00\x00\x01\x9d\xc5{\xf7\xc2\
\x00\x00\x06@\x00\x00\x00\x00\x00\x01\x00\x03\x118\
\x00\x00\x01\x9d\xc5{\xf7\xc8\
\x00\x00\x02\x98\x00\x00\x00\x00\x00\x01\x00\x02^\x9d\
\x00\x00\x01\x9d\xc5{\xf7\xd7\
\x00\x00\x03:\x00\x00\x00\x00\x00\x01\x00\x02\x82\x03\
\x00\x00\x01\x9d\xc5{\xf7\xc9\
\x00\x00\x06`\x00\x00\x00\x00\x00\x01\x00\x03\x15\xfa\
\x00\x00\x01\x9d\xc5{\xf7\xd0\
\x00\x00\x01Z\x00\x00\x00\x00\x00\x01\x00\x02,\xd2\
\x00\x00\x01\x9d\xc5{\xf7\xdb\
\x00\x00\x07\x94\x00\x00\x00\x00\x00\x01\x00\x03i\xcc\
\x00\x00\x01\x9d\xc5{\xf7\xd4\
\x00\x00\x05\xee\x00\x00\x00\x00\x00\x01\x00\x02\xfd\x9a\
\x00\x00\x01\x9d\xc5{\xf7\xd2\
\x00\x00\x06\xf6\x00\x00\x00\x00\x00\x01\x00\x03R{\
\x00\x00\x01\x9d\xc5{\xf7\xd6\
\x00\x00\x05f\x00\x00\x00\x00\x00\x01\x00\x02\xee\x00\
\x00\x00\x01\x9d\xc5{\xf7\xc7\
\x00\x00\x07\xb0\x00\x00\x00\x00\x00\x01\x00\x03\x7f\xf3\
\x00\x00\x01\x9d\xc5{\xf7\xd6\
\x00\x00\x07\x16\x00\x00\x00\x00\x00\x01\x00\x03[,\
\x00\x00\x01\x9d\xc5{\xf7\xcc\
\x00\x00\x08F\x00\x00\x00\x00\x00\x01\x00\x03\x98\xf4\
\x00\x00\x01\x9d\xc5{\xf7\xd7\
\x00\x00\x00\xb6\x00\x00\x00\x00\x00\x01\x00\x02\x08\x0d\
\x00\x00\x01\x9d\xc5{\xf7\xcd\
\x00\x00\x09r\x00\x00\x00\x00\x00\x01\x00\x03\xedG\
\x00\x00\x01\x9d\xc5{\xf7\xcb\
\x00\x00\x04V\x00\x00\x00\x00\x00\x01\x00\x02\xb9\xe8\
\x00\x00\x01\x9d\xc5{\xf7\xd8\
\x00\x00\x03\xa4\x00\x00\x00\x00\x00\x01\x00\x02\x98\xa2\
\x00\x00\x01\x9d\xc5{\xf7\xc4\
\x00\x00\x08\xdc\x00\x00\x00\x00\x00\x01\x00\x03\xc9_\
\x00\x00\x01\x9d\xc5{\xf7\xd1\
\x00\x00\x08h\x00\x00\x00\x00\x00\x01\x00\x03\xae\x95\
\x00\x00\x01\x9d\xc5{\xf7\xcf\
\x00\x00\x03\xfa\x00\x00\x00\x00\x00\x01\x00\x02\xafC\
\x00\x00\x01\x9d\xc5{\xf7\xc7\
"

def qInitResources():
    QtCore.qRegisterResourceData(0x03, qt_resource_struct, qt_resource_name, qt_resource_data)

def qCleanupResources():
    QtCore.qUnregisterResourceData(0x03, qt_resource_struct, qt_resource_name, qt_resource_data)

qInitResources()
